2026-01-28 11:08:24.191 [JavaFX-Launcher] INFO  o.b.s.HelloApplication - 执行初始化...
2026-01-28 11:08:24.200 [JavaFX Application Thread] INFO  o.b.s.HelloApplication - 工具开始启动并加载...
2026-01-28 11:08:24.332 [JavaFX Application Thread] INFO  o.b.s.Utils.FileUtil - 成功加载文件/org/bxwbb/spigotplugincreatertool/icon/icon.png
2026-01-28 11:08:24.496 [JavaFX Application Thread] INFO  o.b.s.HelloApplication - 执行停止...
2026-01-28 11:11:49.648 [JavaFX-Launcher] INFO  o.b.s.HelloApplication - 执行初始化...
2026-01-28 11:11:49.654 [JavaFX Application Thread] INFO  o.b.s.HelloApplication - 工具开始启动并加载...
2026-01-28 11:11:49.716 [JavaFX Application Thread] INFO  o.b.s.Utils.FileUtil - 成功加载文件/org/bxwbb/spigotplugincreatertool/icon/icon.png
2026-01-28 11:11:49.933 [JavaFX Application Thread] INFO  o.b.s.Utils.FileUtil - 成功加载文件/org/bxwbb/spigotplugincreatertool/icon/Universal/OpenFolder.png
2026-01-28 11:11:49.950 [JavaFX Application Thread] INFO  o.b.s.Utils.FileUtil - 成功加载文件/org/bxwbb/spigotplugincreatertool/icon/Universal/NewProject.png
2026-01-28 11:11:49.966 [JavaFX Application Thread] INFO  o.b.s.Utils.FileUtil - 成功加载文件/org/bxwbb/spigotplugincreatertool/icon/Universal/Setting.png
2026-01-28 11:11:49.969 [JavaFX Application Thread] INFO  o.b.s.Utils.FileUtil - 成功加载文件/org/bxwbb/spigotplugincreatertool/icon/Universal/Learn.png
2026-01-28 11:11:49.978 [JavaFX Application Thread] INFO  o.b.s.Utils.FileUtil - 成功加载文件/org/bxwbb/spigotplugincreatertool/icon/Universal/Quit.png
2026-01-28 11:12:00.043 [JavaFX Application Thread] INFO  o.b.s.HelloApplication - 执行停止...
2026-01-28 11:12:57.896 [JavaFX-Launcher] INFO  o.b.s.HelloApplication - 执行初始化...
2026-01-28 11:12:57.903 [JavaFX Application Thread] INFO  o.b.s.HelloApplication - 工具开始启动并加载...
2026-01-28 11:12:57.946 [JavaFX Application Thread] INFO  o.b.s.Utils.FileUtil - 成功加载文件/org/bxwbb/spigotplugincreatertool/icon/icon.png
2026-01-28 11:13:00.826 [JavaFX Application Thread] INFO  o.b.s.HelloApplication - 执行停止...
2026-01-28 11:13:08.132 [JavaFX-Launcher] INFO  o.b.s.HelloApplication - 执行初始化...
2026-01-28 11:13:08.138 [JavaFX Application Thread] INFO  o.b.s.HelloApplication - 工具开始启动并加载...
2026-01-28 11:13:08.175 [JavaFX Application Thread] INFO  o.b.s.BxWinLab.Base.BaseLabel - 控件库Debug模式已开启
2026-01-28 11:13:08.180 [JavaFX Application Thread] INFO  o.b.s.BxWinLab.Base.BaseLabel - 控件库Debug模式已开启
2026-01-28 11:13:08.184 [JavaFX Application Thread] INFO  o.b.s.BxWinLab.Base.BaseLabel - 控件库Debug模式已开启
2026-01-28 11:13:08.185 [JavaFX Application Thread] INFO  o.b.s.Utils.FileUtil - 成功加载文件/org/bxwbb/spigotplugincreatertool/icon/icon.png
2026-01-28 11:13:08.324 [JavaFX Application Thread] INFO  o.b.s.BxWinLab.Base.BaseLabel - 控件库Debug模式已开启
2026-01-28 11:13:08.325 [JavaFX Application Thread] INFO  o.b.s.BxWinLab.Base.BaseLabel - 控件库Debug模式已开启
2026-01-28 11:13:15.009 [JavaFX Application Thread] INFO  o.b.s.HelloApplication - 执行停止...
2026-01-28 11:13:20.308 [JavaFX-Launcher] INFO  o.b.s.HelloApplication - 执行初始化...
2026-01-28 11:13:20.314 [JavaFX Application Thread] INFO  o.b.s.HelloApplication - 工具开始启动并加载...
2026-01-28 11:13:20.350 [JavaFX Application Thread] INFO  o.b.s.BxWinLab.Base.BaseLabel - 控件库Debug模式已开启
2026-01-28 11:13:20.356 [JavaFX Application Thread] INFO  o.b.s.BxWinLab.Base.BaseLabel - 控件库Debug模式已开启
2026-01-28 11:13:20.359 [JavaFX Application Thread] INFO  o.b.s.BxWinLab.Base.BaseLabel - 控件库Debug模式已开启
2026-01-28 11:13:20.360 [JavaFX Application Thread] INFO  o.b.s.Utils.FileUtil - 成功加载文件/org/bxwbb/spigotplugincreatertool/icon/icon.png
2026-01-28 11:13:20.502 [JavaFX Application Thread] INFO  o.b.s.BxWinLab.Base.BaseLabel - 控件库Debug模式已开启
2026-01-28 11:13:27.472 [JavaFX Application Thread] INFO  o.b.s.HelloApplication - 执行停止...
2026-01-28 11:13:45.012 [JavaFX-Launcher] INFO  o.b.s.HelloApplication - 执行初始化...
2026-01-28 11:13:45.017 [JavaFX Application Thread] INFO  o.b.s.HelloApplication - 工具开始启动并加载...
2026-01-28 11:13:45.053 [JavaFX Application Thread] INFO  o.b.s.BxWinLab.Base.BaseLabel - 控件库Debug模式已开启
2026-01-28 11:13:45.059 [JavaFX Application Thread] INFO  o.b.s.BxWinLab.Base.BaseLabel - 控件库Debug模式已开启
2026-01-28 11:13:45.062 [JavaFX Application Thread] INFO  o.b.s.BxWinLab.Base.BaseLabel - 控件库Debug模式已开启
2026-01-28 11:13:45.063 [JavaFX Application Thread] INFO  o.b.s.Utils.FileUtil - 成功加载文件/org/bxwbb/spigotplugincreatertool/icon/icon.png
2026-01-28 11:13:45.199 [JavaFX Application Thread] INFO  o.b.s.BxWinLab.Base.BaseLabel - 控件库Debug模式已开启
2026-01-28 11:13:47.765 [JavaFX Application Thread] INFO  o.b.s.HelloApplication - 执行停止...
2026-01-28 11:13:53.991 [JavaFX-Launcher] INFO  o.b.s.HelloApplication - 执行初始化...
2026-01-28 11:13:53.998 [JavaFX Application Thread] INFO  o.b.s.HelloApplication - 工具开始启动并加载...
2026-01-28 11:13:54.034 [JavaFX Application Thread] INFO  o.b.s.BxWinLab.Base.BaseLabel - 控件库Debug模式已开启
2026-01-28 11:13:54.040 [JavaFX Application Thread] INFO  o.b.s.BxWinLab.Base.BaseLabel - 控件库Debug模式已开启
2026-01-28 11:13:54.043 [JavaFX Application Thread] INFO  o.b.s.BxWinLab.Base.BaseLabel - 控件库Debug模式已开启
2026-01-28 11:13:54.044 [JavaFX Application Thread] INFO  o.b.s.Utils.FileUtil - 成功加载文件/org/bxwbb/spigotplugincreatertool/icon/icon.png
2026-01-28 11:13:54.181 [JavaFX Application Thread] INFO  o.b.s.BxWinLab.Base.BaseLabel - 控件库Debug模式已开启
2026-01-28 11:14:00.868 [JavaFX Application Thread] INFO  o.b.s.HelloApplication - 执行停止...
2026-01-28 11:14:34.954 [JavaFX-Launcher] INFO  o.b.s.HelloApplication - 执行初始化...
2026-01-28 11:14:34.959 [JavaFX Application Thread] INFO  o.b.s.HelloApplication - 工具开始启动并加载...
2026-01-28 11:14:34.995 [JavaFX Application Thread] INFO  o.b.s.BxWinLab.Base.BaseLabel - 控件库Debug模式已开启
2026-01-28 11:14:35.001 [JavaFX Application Thread] INFO  o.b.s.BxWinLab.Base.BaseLabel - 控件库Debug模式已开启
2026-01-28 11:14:35.004 [JavaFX Application Thread] INFO  o.b.s.BxWinLab.Base.BaseLabel - 控件库Debug模式已开启
2026-01-28 11:14:35.005 [JavaFX Application Thread] INFO  o.b.s.Utils.FileUtil - 成功加载文件/org/bxwbb/spigotplugincreatertool/icon/icon.png
2026-01-28 11:14:35.144 [JavaFX Application Thread] INFO  o.b.s.BxWinLab.Base.BaseLabel - 控件库Debug模式已开启
2026-01-28 11:14:37.358 [JavaFX Application Thread] INFO  o.b.s.HelloApplication - 执行停止...
2026-01-28 11:14:42.232 [JavaFX-Launcher] INFO  o.b.s.HelloApplication - 执行初始化...
2026-01-28 11:14:42.238 [JavaFX Application Thread] INFO  o.b.s.HelloApplication - 工具开始启动并加载...
2026-01-28 11:14:42.274 [JavaFX Application Thread] INFO  o.b.s.BxWinLab.Base.BaseLabel - 控件库Debug模式已开启
2026-01-28 11:14:42.279 [JavaFX Application Thread] INFO  o.b.s.BxWinLab.Base.BaseLabel - 控件库Debug模式已开启
2026-01-28 11:14:42.283 [JavaFX Application Thread] INFO  o.b.s.BxWinLab.Base.BaseLabel - 控件库Debug模式已开启
2026-01-28 11:14:42.284 [JavaFX Application Thread] INFO  o.b.s.Utils.FileUtil - 成功加载文件/org/bxwbb/spigotplugincreatertool/icon/icon.png
2026-01-28 11:14:42.421 [JavaFX Application Thread] INFO  o.b.s.BxWinLab.Base.BaseLabel - 控件库Debug模式已开启
2026-01-28 11:14:44.773 [JavaFX Application Thread] INFO  o.b.s.HelloApplication - 执行停止...
2026-01-28 11:15:43.996 [JavaFX-Launcher] INFO  o.b.s.HelloApplication - 执行初始化...
2026-01-28 11:15:44.002 [JavaFX Application Thread] INFO  o.b.s.HelloApplication - 工具开始启动并加载...
2026-01-28 11:15:44.037 [JavaFX Application Thread] INFO  o.b.s.BxWinLab.Base.BaseLabel - 控件库Debug模式已开启
2026-01-28 11:15:44.043 [JavaFX Application Thread] INFO  o.b.s.BxWinLab.Base.BaseLabel - 控件库Debug模式已开启
2026-01-28 11:15:44.046 [JavaFX Application Thread] INFO  o.b.s.BxWinLab.Base.BaseLabel - 控件库Debug模式已开启
2026-01-28 11:15:44.048 [JavaFX Application Thread] INFO  o.b.s.Utils.FileUtil - 成功加载文件/org/bxwbb/spigotplugincreatertool/icon/icon.png
2026-01-28 11:15:44.195 [JavaFX Application Thread] INFO  o.b.s.BxWinLab.Base.BaseLabel - 控件库Debug模式已开启
2026-01-28 11:15:46.146 [JavaFX Application Thread] INFO  o.b.s.HelloApplication - 执行停止...
2026-01-28 11:16:17.505 [JavaFX-Launcher] INFO  o.b.s.HelloApplication - 执行初始化...
2026-01-28 11:16:17.510 [JavaFX Application Thread] INFO  o.b.s.HelloApplication - 工具开始启动并加载...
2026-01-28 11:16:17.547 [JavaFX Application Thread] INFO  o.b.s.BxWinLab.Base.BaseLabel - 控件库Debug模式已开启
2026-01-28 11:16:17.553 [JavaFX Application Thread] INFO  o.b.s.BxWinLab.Base.BaseLabel - 控件库Debug模式已开启
2026-01-28 11:16:17.556 [JavaFX Application Thread] INFO  o.b.s.BxWinLab.Base.BaseLabel - 控件库Debug模式已开启
2026-01-28 11:16:17.557 [JavaFX Application Thread] INFO  o.b.s.Utils.FileUtil - 成功加载文件/org/bxwbb/spigotplugincreatertool/icon/icon.png
2026-01-28 11:16:17.695 [JavaFX Application Thread] INFO  o.b.s.BxWinLab.Base.BaseLabel - 控件库Debug模式已开启
2026-01-28 11:16:17.696 [JavaFX Application Thread] INFO  o.b.s.BxWinLab.Base.BaseLabel - 控件库Debug模式已开启
2026-01-28 11:16:19.267 [JavaFX Application Thread] INFO  o.b.s.HelloApplication - 执行停止...
2026-01-28 11:16:26.314 [JavaFX-Launcher] INFO  o.b.s.HelloApplication - 执行初始化...
2026-01-28 11:16:26.319 [JavaFX Application Thread] INFO  o.b.s.HelloApplication - 工具开始启动并加载...
2026-01-28 11:16:26.356 [JavaFX Application Thread] INFO  o.b.s.BxWinLab.Base.BaseLabel - 控件库Debug模式已开启
2026-01-28 11:16:26.362 [JavaFX Application Thread] INFO  o.b.s.BxWinLab.Base.BaseLabel - 控件库Debug模式已开启
2026-01-28 11:16:26.365 [JavaFX Application Thread] INFO  o.b.s.BxWinLab.Base.BaseLabel - 控件库Debug模式已开启
2026-01-28 11:16:26.365 [JavaFX Application Thread] INFO  o.b.s.Utils.FileUtil - 成功加载文件/org/bxwbb/spigotplugincreatertool/icon/icon.png
2026-01-28 11:16:26.504 [JavaFX Application Thread] INFO  o.b.s.BxWinLab.Base.BaseLabel - 控件库Debug模式已开启
2026-01-28 11:16:26.505 [JavaFX Application Thread] INFO  o.b.s.BxWinLab.Base.BaseLabel - 控件库Debug模式已开启
2026-01-28 11:16:31.231 [JavaFX Application Thread] INFO  o.b.s.HelloApplication - 执行停止...
2026-01-28 11:16:43.903 [JavaFX-Launcher] INFO  o.b.s.HelloApplication - 执行初始化...
2026-01-28 11:16:43.910 [JavaFX Application Thread] INFO  o.b.s.HelloApplication - 工具开始启动并加载...
2026-01-28 11:16:43.945 [JavaFX Application Thread] INFO  o.b.s.BxWinLab.Base.BaseLabel - 控件库Debug模式已开启
2026-01-28 11:16:43.950 [JavaFX Application Thread] INFO  o.b.s.BxWinLab.Base.BaseLabel - 控件库Debug模式已开启
2026-01-28 11:16:43.953 [JavaFX Application Thread] INFO  o.b.s.BxWinLab.Base.BaseLabel - 控件库Debug模式已开启
2026-01-28 11:16:43.954 [JavaFX Application Thread] INFO  o.b.s.Utils.FileUtil - 成功加载文件/org/bxwbb/spigotplugincreatertool/icon/icon.png
2026-01-28 11:16:44.092 [JavaFX Application Thread] INFO  o.b.s.BxWinLab.Base.BaseLabel - 控件库Debug模式已开启
2026-01-28 11:16:44.093 [JavaFX Application Thread] INFO  o.b.s.BxWinLab.Base.BaseLabel - 控件库Debug模式已开启
2026-01-28 11:16:50.916 [JavaFX Application Thread] INFO  o.b.s.HelloApplication - 执行停止...
2026-01-28 11:17:53.255 [JavaFX-Launcher] INFO  o.b.s.HelloApplication - 执行初始化...
2026-01-28 11:17:53.261 [JavaFX Application Thread] INFO  o.b.s.HelloApplication - 工具开始启动并加载...
2026-01-28 11:17:53.295 [JavaFX Application Thread] INFO  o.b.s.BxWinLab.Base.BaseLabel - 控件库Debug模式已开启
2026-01-28 11:17:53.302 [JavaFX Application Thread] INFO  o.b.s.BxWinLab.Base.BaseLabel - 控件库Debug模式已开启
2026-01-28 11:17:53.305 [JavaFX Application Thread] INFO  o.b.s.BxWinLab.Base.BaseLabel - 控件库Debug模式已开启
2026-01-28 11:17:53.306 [JavaFX Application Thread] INFO  o.b.s.Utils.FileUtil - 成功加载文件/org/bxwbb/spigotplugincreatertool/icon/icon.png
2026-01-28 11:17:53.444 [JavaFX Application Thread] INFO  o.b.s.BxWinLab.Base.BaseLabel - 控件库Debug模式已开启
2026-01-28 11:17:53.445 [JavaFX Application Thread] INFO  o.b.s.BxWinLab.Base.BaseLabel - 控件库Debug模式已开启
2026-01-28 11:17:55.190 [JavaFX Application Thread] INFO  o.b.s.HelloApplication - 执行停止...
2026-01-28 11:18:50.254 [JavaFX-Launcher] INFO  o.b.s.HelloApplication - 执行初始化...
2026-01-28 11:18:50.260 [JavaFX Application Thread] INFO  o.b.s.HelloApplication - 工具开始启动并加载...
2026-01-28 11:18:50.297 [JavaFX Application Thread] INFO  o.b.s.BxWinLab.Base.BaseLabel - 控件库Debug模式已开启
2026-01-28 11:18:50.303 [JavaFX Application Thread] INFO  o.b.s.BxWinLab.Base.BaseLabel - 控件库Debug模式已开启
2026-01-28 11:18:50.306 [JavaFX Application Thread] INFO  o.b.s.BxWinLab.Base.BaseLabel - 控件库Debug模式已开启
2026-01-28 11:18:50.307 [JavaFX Application Thread] INFO  o.b.s.Utils.FileUtil - 成功加载文件/org/bxwbb/spigotplugincreatertool/icon/icon.png
2026-01-28 11:18:50.445 [JavaFX Application Thread] INFO  o.b.s.BxWinLab.Base.BaseLabel - 控件库Debug模式已开启
2026-01-28 11:18:50.447 [JavaFX Application Thread] INFO  o.b.s.BxWinLab.Base.BaseLabel - 控件库Debug模式已开启
2026-01-28 11:18:52.545 [JavaFX Application Thread] INFO  o.b.s.HelloApplication - 执行停止...
2026-01-28 11:19:30.708 [JavaFX-Launcher] INFO  o.b.s.HelloApplication - 执行初始化...
2026-01-28 11:19:30.713 [JavaFX Application Thread] INFO  o.b.s.HelloApplication - 工具开始启动并加载...
2026-01-28 11:19:30.750 [JavaFX Application Thread] INFO  o.b.s.BxWinLab.Base.BaseLabel - 控件库Debug模式已开启
2026-01-28 11:19:30.755 [JavaFX Application Thread] INFO  o.b.s.BxWinLab.Base.BaseLabel - 控件库Debug模式已开启
2026-01-28 11:19:30.759 [JavaFX Application Thread] INFO  o.b.s.BxWinLab.Base.BaseLabel - 控件库Debug模式已开启
2026-01-28 11:19:30.760 [JavaFX Application Thread] INFO  o.b.s.Utils.FileUtil - 成功加载文件/org/bxwbb/spigotplugincreatertool/icon/icon.png
2026-01-28 11:19:30.900 [JavaFX Application Thread] INFO  o.b.s.BxWinLab.Base.BaseLabel - 控件库Debug模式已开启
2026-01-28 11:19:30.901 [JavaFX Application Thread] INFO  o.b.s.BxWinLab.Base.BaseLabel - 控件库Debug模式已开启
2026-01-28 11:19:46.794 [JavaFX-Launcher] INFO  o.b.s.HelloApplication - 执行初始化...
2026-01-28 11:19:46.800 [JavaFX Application Thread] INFO  o.b.s.HelloApplication - 工具开始启动并加载...
2026-01-28 11:19:46.836 [JavaFX Application Thread] INFO  o.b.s.BxWinLab.Base.BaseLabel - 控件库Debug模式已开启
2026-01-28 11:19:46.841 [JavaFX Application Thread] INFO  o.b.s.BxWinLab.Base.BaseLabel - 控件库Debug模式已开启
2026-01-28 11:19:46.844 [JavaFX Application Thread] INFO  o.b.s.BxWinLab.Base.BaseLabel - 控件库Debug模式已开启
2026-01-28 11:19:46.845 [JavaFX Application Thread] INFO  o.b.s.Utils.FileUtil - 成功加载文件/org/bxwbb/spigotplugincreatertool/icon/icon.png
2026-01-28 11:19:46.985 [JavaFX Application Thread] INFO  o.b.s.BxWinLab.Base.BaseLabel - 控件库Debug模式已开启
2026-01-28 11:19:46.985 [JavaFX Application Thread] INFO  o.b.s.BxWinLab.Base.BaseLabel - 控件库Debug模式已开启
2026-01-28 11:19:49.354 [JavaFX Application Thread] INFO  o.b.s.HelloApplication - 执行停止...
2026-01-28 11:20:11.090 [JavaFX-Launcher] INFO  o.b.s.HelloApplication - 执行初始化...
2026-01-28 11:20:11.096 [JavaFX Application Thread] INFO  o.b.s.HelloApplication - 工具开始启动并加载...
2026-01-28 11:20:11.133 [JavaFX Application Thread] INFO  o.b.s.BxWinLab.Base.BaseLabel - 控件库Debug模式已开启
2026-01-28 11:20:11.137 [JavaFX Application Thread] INFO  o.b.s.BxWinLab.Base.BaseLabel - 控件库Debug模式已开启
2026-01-28 11:20:11.141 [JavaFX Application Thread] INFO  o.b.s.BxWinLab.Base.BaseLabel - 控件库Debug模式已开启
2026-01-28 11:20:11.142 [JavaFX Application Thread] INFO  o.b.s.Utils.FileUtil - 成功加载文件/org/bxwbb/spigotplugincreatertool/icon/icon.png
2026-01-28 11:20:11.282 [JavaFX Application Thread] INFO  o.b.s.BxWinLab.Base.BaseLabel - 控件库Debug模式已开启
2026-01-28 11:20:11.283 [JavaFX Application Thread] INFO  o.b.s.BxWinLab.Base.BaseLabel - 控件库Debug模式已开启
2026-01-28 11:20:12.572 [JavaFX Application Thread] INFO  o.b.s.HelloApplication - 执行停止...
2026-01-28 11:20:31.813 [JavaFX-Launcher] INFO  o.b.s.HelloApplication - 执行初始化...
2026-01-28 11:20:31.819 [JavaFX Application Thread] INFO  o.b.s.HelloApplication - 工具开始启动并加载...
2026-01-28 11:20:31.855 [JavaFX Application Thread] INFO  o.b.s.BxWinLab.Base.BaseLabel - 控件库Debug模式已开启
2026-01-28 11:20:31.861 [JavaFX Application Thread] INFO  o.b.s.BxWinLab.Base.BaseLabel - 控件库Debug模式已开启
2026-01-28 11:20:31.864 [JavaFX Application Thread] INFO  o.b.s.BxWinLab.Base.BaseLabel - 控件库Debug模式已开启
2026-01-28 11:20:31.865 [JavaFX Application Thread] INFO  o.b.s.Utils.FileUtil - 成功加载文件/org/bxwbb/spigotplugincreatertool/icon/icon.png
2026-01-28 11:20:32.013 [JavaFX Application Thread] INFO  o.b.s.BxWinLab.Base.BaseLabel - 控件库Debug模式已开启
2026-01-28 11:20:32.014 [JavaFX Application Thread] INFO  o.b.s.BxWinLab.Base.BaseLabel - 控件库Debug模式已开启
2026-01-28 11:20:33.840 [JavaFX Application Thread] INFO  o.b.s.HelloApplication - 执行停止...
2026-01-28 11:21:31.991 [JavaFX-Launcher] INFO  o.b.s.HelloApplication - 执行初始化...
2026-01-28 11:21:31.997 [JavaFX Application Thread] INFO  o.b.s.HelloApplication - 工具开始启动并加载...
2026-01-28 11:21:32.033 [JavaFX Application Thread] INFO  o.b.s.BxWinLab.Base.BaseLabel - 控件库Debug模式已开启
2026-01-28 11:21:32.038 [JavaFX Application Thread] INFO  o.b.s.BxWinLab.Base.BaseLabel - 控件库Debug模式已开启
2026-01-28 11:21:32.041 [JavaFX Application Thread] INFO  o.b.s.BxWinLab.Base.BaseLabel - 控件库Debug模式已开启
2026-01-28 11:21:32.042 [JavaFX Application Thread] INFO  o.b.s.Utils.FileUtil - 成功加载文件/org/bxwbb/spigotplugincreatertool/icon/icon.png
2026-01-28 11:21:32.180 [JavaFX Application Thread] INFO  o.b.s.BxWinLab.Base.BaseLabel - 控件库Debug模式已开启
2026-01-28 11:21:32.182 [JavaFX Application Thread] INFO  o.b.s.BxWinLab.Base.BaseLabel - 控件库Debug模式已开启
2026-01-28 11:21:35.888 [JavaFX Application Thread] INFO  o.b.s.HelloApplication - 执行停止...
2026-01-28 11:21:53.085 [JavaFX-Launcher] INFO  o.b.s.HelloApplication - 执行初始化...
2026-01-28 11:21:53.091 [JavaFX Application Thread] INFO  o.b.s.HelloApplication - 工具开始启动并加载...
2026-01-28 11:21:53.126 [JavaFX Application Thread] INFO  o.b.s.BxWinLab.Base.BaseLabel - 控件库Debug模式已开启
2026-01-28 11:21:53.132 [JavaFX Application Thread] INFO  o.b.s.BxWinLab.Base.BaseLabel - 控件库Debug模式已开启
2026-01-28 11:21:53.134 [JavaFX Application Thread] INFO  o.b.s.BxWinLab.Base.BaseLabel - 控件库Debug模式已开启
2026-01-28 11:21:53.136 [JavaFX Application Thread] INFO  o.b.s.Utils.FileUtil - 成功加载文件/org/bxwbb/spigotplugincreatertool/icon/icon.png
2026-01-28 11:21:53.272 [JavaFX Application Thread] INFO  o.b.s.BxWinLab.Base.BaseLabel - 控件库Debug模式已开启
2026-01-28 11:21:53.273 [JavaFX Application Thread] INFO  o.b.s.BxWinLab.Base.BaseLabel - 控件库Debug模式已开启
2026-01-28 11:21:54.369 [JavaFX Application Thread] INFO  o.b.s.BxWinLab.Base.BaseLabel - 控件焦点改变至 - org.bxwbb.spigotplugincreatertool.Window.StartPage@34fc877f
2026-01-28 11:21:59.878 [JavaFX Application Thread] INFO  o.b.s.BxWinLab.Base.BaseLabel - 控件焦点改变至 - org.bxwbb.spigotplugincreatertool.BxWinLab.ImageBox@554b9056
2026-01-28 11:22:00.918 [JavaFX Application Thread] INFO  o.b.s.BxWinLab.Base.BaseLabel - 控件焦点改变至 - org.bxwbb.spigotplugincreatertool.BxWinLab.Stage@3c41a0e4
2026-01-28 11:22:02.317 [JavaFX Application Thread] INFO  o.b.s.BxWinLab.Base.BaseLabel - 控件焦点改变至 - org.bxwbb.spigotplugincreatertool.Window.StartPage@34fc877f
2026-01-28 11:22:07.411 [JavaFX Application Thread] INFO  o.b.s.HelloApplication - 执行停止...
2026-01-28 11:23:42.190 [JavaFX-Launcher] INFO  o.b.s.HelloApplication - 执行初始化...
2026-01-28 11:23:42.196 [JavaFX Application Thread] INFO  o.b.s.HelloApplication - 工具开始启动并加载...
2026-01-28 11:23:42.231 [JavaFX Application Thread] INFO  o.b.s.BxWinLab.Base.BaseLabel - 控件库Debug模式已开启
2026-01-28 11:23:42.238 [JavaFX Application Thread] INFO  o.b.s.BxWinLab.Base.BaseLabel - 控件库Debug模式已开启
2026-01-28 11:23:42.241 [JavaFX Application Thread] INFO  o.b.s.BxWinLab.Base.BaseLabel - 控件库Debug模式已开启
2026-01-28 11:23:42.242 [JavaFX Application Thread] INFO  o.b.s.Utils.FileUtil - 成功加载文件/org/bxwbb/spigotplugincreatertool/icon/icon.png
2026-01-28 11:23:42.381 [JavaFX Application Thread] INFO  o.b.s.BxWinLab.Base.BaseLabel - 控件库Debug模式已开启
2026-01-28 11:23:42.382 [JavaFX Application Thread] INFO  o.b.s.BxWinLab.Base.BaseLabel - 控件库Debug模式已开启
2026-01-28 11:23:42.382 [JavaFX Application Thread] INFO  o.b.s.BxWinLab.Base.BaseLabel - 控件库Debug模式已开启
2026-01-28 11:23:42.383 [JavaFX Application Thread] INFO  o.b.s.BxWinLab.Base.BaseLabel - 控件库Debug模式已开启
2026-01-28 11:23:42.383 [JavaFX Application Thread] INFO  o.b.s.BxWinLab.Base.BaseLabel - 控件库Debug模式已开启
2026-01-28 11:23:42.404 [JavaFX Application Thread] INFO  o.b.s.BxWinLab.Base.BaseLabel - 控件库Debug模式已开启
2026-01-28 11:23:42.419 [JavaFX Application Thread] INFO  o.b.s.BxWinLab.Base.BaseLabel - 控件库Debug模式已开启
2026-01-28 11:23:42.419 [JavaFX Application Thread] INFO  o.b.s.BxWinLab.Base.BaseLabel - 控件库Debug模式已开启
2026-01-28 11:23:42.419 [JavaFX Application Thread] INFO  o.b.s.BxWinLab.Base.BaseLabel - 控件库Debug模式已开启
2026-01-28 11:23:42.419 [JavaFX Application Thread] INFO  o.b.s.BxWinLab.Base.BaseLabel - 控件库Debug模式已开启
2026-01-28 11:23:42.420 [JavaFX Application Thread] INFO  o.b.s.BxWinLab.Base.BaseLabel - 控件库Debug模式已开启
2026-01-28 11:23:42.421 [JavaFX Application Thread] INFO  o.b.s.BxWinLab.Base.BaseLabel - 控件库Debug模式已开启
2026-01-28 11:23:42.421 [JavaFX Application Thread] INFO  o.b.s.Utils.FileUtil - 成功加载文件/org/bxwbb/spigotplugincreatertool/icon/Universal/OpenFolder.png
2026-01-28 11:23:42.423 [JavaFX Application Thread] INFO  o.b.s.BxWinLab.Base.BaseLabel - 控件库Debug模式已开启
2026-01-28 11:23:42.423 [JavaFX Application Thread] INFO  o.b.s.BxWinLab.Base.BaseLabel - 控件库Debug模式已开启
2026-01-28 11:23:42.424 [JavaFX Application Thread] INFO  o.b.s.BxWinLab.Base.BaseLabel - 控件库Debug模式已开启
2026-01-28 11:23:42.426 [JavaFX Application Thread] INFO  o.b.s.BxWinLab.Base.BaseLabel - 控件库Debug模式已开启
2026-01-28 11:23:42.426 [JavaFX Application Thread] INFO  o.b.s.BxWinLab.Base.BaseLabel - 控件库Debug模式已开启
2026-01-28 11:23:42.426 [JavaFX Application Thread] INFO  o.b.s.BxWinLab.Base.BaseLabel - 控件库Debug模式已开启
2026-01-28 11:23:42.427 [JavaFX Application Thread] INFO  o.b.s.BxWinLab.Base.BaseLabel - 控件库Debug模式已开启
2026-01-28 11:23:42.427 [JavaFX Application Thread] INFO  o.b.s.Utils.FileUtil - 成功加载文件/org/bxwbb/spigotplugincreatertool/icon/Universal/NewProject.png
2026-01-28 11:23:42.429 [JavaFX Application Thread] INFO  o.b.s.BxWinLab.Base.BaseLabel - 控件库Debug模式已开启
2026-01-28 11:23:42.429 [JavaFX Application Thread] INFO  o.b.s.BxWinLab.Base.BaseLabel - 控件库Debug模式已开启
2026-01-28 11:23:42.429 [JavaFX Application Thread] INFO  o.b.s.BxWinLab.Base.BaseLabel - 控件库Debug模式已开启
2026-01-28 11:23:42.430 [JavaFX Application Thread] INFO  o.b.s.BxWinLab.Base.BaseLabel - 控件库Debug模式已开启
2026-01-28 11:23:42.430 [JavaFX Application Thread] INFO  o.b.s.BxWinLab.Base.BaseLabel - 控件库Debug模式已开启
2026-01-28 11:23:42.430 [JavaFX Application Thread] INFO  o.b.s.BxWinLab.Base.BaseLabel - 控件库Debug模式已开启
2026-01-28 11:23:42.430 [JavaFX Application Thread] INFO  o.b.s.BxWinLab.Base.BaseLabel - 控件库Debug模式已开启
2026-01-28 11:23:42.431 [JavaFX Application Thread] INFO  o.b.s.Utils.FileUtil - 成功加载文件/org/bxwbb/spigotplugincreatertool/icon/Universal/Setting.png
2026-01-28 11:23:42.432 [JavaFX Application Thread] INFO  o.b.s.BxWinLab.Base.BaseLabel - 控件库Debug模式已开启
2026-01-28 11:23:42.432 [JavaFX Application Thread] INFO  o.b.s.BxWinLab.Base.BaseLabel - 控件库Debug模式已开启
2026-01-28 11:23:42.432 [JavaFX Application Thread] INFO  o.b.s.BxWinLab.Base.BaseLabel - 控件库Debug模式已开启
2026-01-28 11:23:42.432 [JavaFX Application Thread] INFO  o.b.s.BxWinLab.Base.BaseLabel - 控件库Debug模式已开启
2026-01-28 11:23:42.432 [JavaFX Application Thread] INFO  o.b.s.BxWinLab.Base.BaseLabel - 控件库Debug模式已开启
2026-01-28 11:23:42.433 [JavaFX Application Thread] INFO  o.b.s.BxWinLab.Base.BaseLabel - 控件库Debug模式已开启
2026-01-28 11:23:42.433 [JavaFX Application Thread] INFO  o.b.s.BxWinLab.Base.BaseLabel - 控件库Debug模式已开启
2026-01-28 11:23:42.434 [JavaFX Application Thread] INFO  o.b.s.Utils.FileUtil - 成功加载文件/org/bxwbb/spigotplugincreatertool/icon/Universal/Learn.png
2026-01-28 11:23:42.434 [JavaFX Application Thread] INFO  o.b.s.BxWinLab.Base.BaseLabel - 控件库Debug模式已开启
2026-01-28 11:23:42.434 [JavaFX Application Thread] INFO  o.b.s.BxWinLab.Base.BaseLabel - 控件库Debug模式已开启
2026-01-28 11:23:42.436 [JavaFX Application Thread] INFO  o.b.s.BxWinLab.Base.BaseLabel - 控件库Debug模式已开启
2026-01-28 11:23:42.436 [JavaFX Application Thread] INFO  o.b.s.BxWinLab.Base.BaseLabel - 控件库Debug模式已开启
2026-01-28 11:23:42.436 [JavaFX Application Thread] INFO  o.b.s.BxWinLab.Base.BaseLabel - 控件库Debug模式已开启
2026-01-28 11:23:42.436 [JavaFX Application Thread] INFO  o.b.s.BxWinLab.Base.BaseLabel - 控件库Debug模式已开启
2026-01-28 11:23:42.436 [JavaFX Application Thread] INFO  o.b.s.BxWinLab.Base.BaseLabel - 控件库Debug模式已开启
2026-01-28 11:23:42.437 [JavaFX Application Thread] INFO  o.b.s.Utils.FileUtil - 成功加载文件/org/bxwbb/spigotplugincreatertool/icon/Universal/Quit.png
2026-01-28 11:23:42.437 [JavaFX Application Thread] INFO  o.b.s.BxWinLab.Base.BaseLabel - 控件库Debug模式已开启
2026-01-28 11:23:42.438 [JavaFX Application Thread] INFO  o.b.s.BxWinLab.Base.BaseLabel - 控件库Debug模式已开启
2026-01-28 11:23:42.438 [JavaFX Application Thread] INFO  o.b.s.BxWinLab.Base.BaseLabel - 控件库Debug模式已开启
2026-01-28 11:23:42.438 [JavaFX Application Thread] INFO  o.b.s.BxWinLab.Base.BaseLabel - 控件库Debug模式已开启
2026-01-28 11:23:42.438 [JavaFX Application Thread] INFO  o.b.s.BxWinLab.Base.BaseLabel - 控件库Debug模式已开启
2026-01-28 11:23:42.438 [JavaFX Application Thread] INFO  o.b.s.BxWinLab.Base.BaseLabel - 控件库Debug模式已开启
2026-01-28 11:23:42.439 [JavaFX Application Thread] INFO  o.b.s.BxWinLab.Base.BaseLabel - 控件库Debug模式已开启
2026-01-28 11:23:42.439 [JavaFX Application Thread] INFO  o.b.s.BxWinLab.Base.BaseLabel - 控件库Debug模式已开启
2026-01-28 11:23:42.439 [JavaFX Application Thread] INFO  o.b.s.BxWinLab.Base.BaseLabel - 控件库Debug模式已开启
2026-01-28 11:23:42.440 [JavaFX Application Thread] INFO  o.b.s.BxWinLab.Base.BaseLabel - 控件库Debug模式已开启
2026-01-28 11:23:42.440 [JavaFX Application Thread] INFO  o.b.s.BxWinLab.Base.BaseLabel - 控件库Debug模式已开启
2026-01-28 11:23:42.441 [JavaFX Application Thread] INFO  o.b.s.BxWinLab.Base.BaseLabel - 控件库Debug模式已开启
2026-01-28 11:23:42.444 [JavaFX Application Thread] INFO  o.b.s.BxWinLab.Base.BaseLabel - 控件库Debug模式已开启
2026-01-28 11:23:42.444 [JavaFX Application Thread] INFO  o.b.s.BxWinLab.Base.BaseLabel - 控件库Debug模式已开启
2026-01-28 11:23:45.130 [JavaFX Application Thread] INFO  o.b.s.BxWinLab.Base.BaseLabel - 控件焦点改变至 - org.bxwbb.spigotplugincreatertool.BxWinLab.HideMenu@2a3b3f56
2026-01-28 11:23:47.665 [JavaFX Application Thread] INFO  o.b.s.BxWinLab.Base.BaseLabel - 控件焦点改变至 - org.bxwbb.spigotplugincreatertool.BxWinLab.ImageTextButtonBox@16c659b4
2026-01-28 11:23:48.153 [JavaFX Application Thread] INFO  o.b.s.BxWinLab.Base.BaseLabel - 控件焦点改变至 - org.bxwbb.spigotplugincreatertool.BxWinLab.ImageTextButtonBox@5e491fbc
2026-01-28 11:23:48.570 [JavaFX Application Thread] INFO  o.b.s.BxWinLab.Base.BaseLabel - 控件焦点改变至 - org.bxwbb.spigotplugincreatertool.BxWinLab.ImageTextButtonBox@7d795ccc
2026-01-28 11:23:49.084 [JavaFX Application Thread] INFO  o.b.s.BxWinLab.Base.BaseLabel - 控件焦点改变至 - org.bxwbb.spigotplugincreatertool.Window.StartPage@69861352
2026-01-28 11:23:49.474 [JavaFX Application Thread] INFO  o.b.s.BxWinLab.Base.BaseLabel - 控件焦点改变至 - org.bxwbb.spigotplugincreatertool.BxWinLab.ImageTextButtonBox@4d29ec2f
2026-01-28 11:23:49.829 [JavaFX Application Thread] INFO  o.b.s.BxWinLab.Base.BaseLabel - 控件焦点改变至 - org.bxwbb.spigotplugincreatertool.Window.StartPage@69861352
2026-01-28 11:23:50.078 [JavaFX Application Thread] INFO  o.b.s.BxWinLab.Base.BaseLabel - 控件焦点改变至 - org.bxwbb.spigotplugincreatertool.BxWinLab.ImageTextButtonBox@7d795ccc
2026-01-28 11:23:52.974 [JavaFX Application Thread] INFO  o.b.s.HelloApplication - 执行停止...
2026-01-28 11:23:59.225 [JavaFX-Launcher] INFO  o.b.s.HelloApplication - 执行初始化...
2026-01-28 11:23:59.231 [JavaFX Application Thread] INFO  o.b.s.HelloApplication - 工具开始启动并加载...
2026-01-28 11:23:59.278 [JavaFX Application Thread] INFO  o.b.s.Utils.FileUtil - 成功加载文件/org/bxwbb/spigotplugincreatertool/icon/icon.png
2026-01-28 11:23:59.454 [JavaFX Application Thread] INFO  o.b.s.Utils.FileUtil - 成功加载文件/org/bxwbb/spigotplugincreatertool/icon/Universal/OpenFolder.png
2026-01-28 11:23:59.459 [JavaFX Application Thread] INFO  o.b.s.Utils.FileUtil - 成功加载文件/org/bxwbb/spigotplugincreatertool/icon/Universal/NewProject.png
2026-01-28 11:23:59.462 [JavaFX Application Thread] INFO  o.b.s.Utils.FileUtil - 成功加载文件/org/bxwbb/spigotplugincreatertool/icon/Universal/Setting.png
2026-01-28 11:23:59.464 [JavaFX Application Thread] INFO  o.b.s.Utils.FileUtil - 成功加载文件/org/bxwbb/spigotplugincreatertool/icon/Universal/Learn.png
2026-01-28 11:23:59.466 [JavaFX Application Thread] INFO  o.b.s.Utils.FileUtil - 成功加载文件/org/bxwbb/spigotplugincreatertool/icon/Universal/Quit.png
2026-01-28 11:24:05.443 [JavaFX Application Thread] INFO  o.b.s.BxWinLab.Base.BaseLabel - 控件焦点改变至 - org.bxwbb.spigotplugincreatertool.BxWinLab.ImageTextButtonBox@1831cb9b
2026-01-28 11:24:06.778 [JavaFX Application Thread] INFO  o.b.s.BxWinLab.Base.BaseLabel - 控件焦点改变至 - org.bxwbb.spigotplugincreatertool.BxWinLab.ImageTextButtonBox@3d122efb
2026-01-28 11:24:09.917 [JavaFX Application Thread] INFO  o.b.s.HelloApplication - 执行停止...
2026-01-28 11:28:27.718 [JavaFX-Launcher] INFO  o.b.s.HelloApplication - 执行初始化...
2026-01-28 11:28:27.724 [JavaFX Application Thread] INFO  o.b.s.HelloApplication - 工具开始启动并加载...
2026-01-28 11:28:27.769 [JavaFX Application Thread] INFO  o.b.s.Utils.FileUtil - 成功加载文件/org/bxwbb/spigotplugincreatertool/icon/icon.png
2026-01-28 11:28:27.967 [JavaFX Application Thread] INFO  o.b.s.Utils.FileUtil - 成功加载文件/org/bxwbb/spigotplugincreatertool/icon/Universal/OpenFolder.png
2026-01-28 11:28:27.972 [JavaFX Application Thread] INFO  o.b.s.Utils.FileUtil - 成功加载文件/org/bxwbb/spigotplugincreatertool/icon/Universal/NewProject.png
2026-01-28 11:28:27.974 [JavaFX Application Thread] INFO  o.b.s.Utils.FileUtil - 成功加载文件/org/bxwbb/spigotplugincreatertool/icon/Universal/Setting.png
2026-01-28 11:28:27.978 [JavaFX Application Thread] INFO  o.b.s.Utils.FileUtil - 成功加载文件/org/bxwbb/spigotplugincreatertool/icon/Universal/Learn.png
2026-01-28 11:28:27.980 [JavaFX Application Thread] INFO  o.b.s.Utils.FileUtil - 成功加载文件/org/bxwbb/spigotplugincreatertool/icon/Universal/Quit.png
2026-01-28 11:28:29.661 [JavaFX Application Thread] INFO  o.b.s.BxWinLab.Base.BaseLabel - 控件焦点改变至 - org.bxwbb.spigotplugincreatertool.BxWinLab.ImageTextButtonBox@20addea2
2026-01-28 11:28:30.288 [JavaFX Application Thread] INFO  o.b.s.BxWinLab.Base.BaseLabel - 控件焦点改变至 - org.bxwbb.spigotplugincreatertool.BxWinLab.ImageTextButtonBox@5a7ec9b7
2026-01-28 11:28:30.598 [JavaFX Application Thread] INFO  o.b.s.BxWinLab.Base.BaseLabel - 控件焦点改变至 - org.bxwbb.spigotplugincreatertool.BxWinLab.ImageTextButtonBox@29ddad40
2026-01-28 11:28:30.872 [JavaFX Application Thread] INFO  o.b.s.BxWinLab.Base.BaseLabel - 控件焦点改变至 - org.bxwbb.spigotplugincreatertool.BxWinLab.ImageTextButtonBox@5cc02e25
2026-01-28 11:28:31.208 [JavaFX Application Thread] INFO  o.b.s.BxWinLab.Base.BaseLabel - 控件焦点改变至 - org.bxwbb.spigotplugincreatertool.BxWinLab.ImageTextButtonBox@1d89bb43
2026-01-28 11:28:31.794 [JavaFX Application Thread] INFO  o.b.s.BxWinLab.Base.BaseLabel - 控件焦点改变至 - org.bxwbb.spigotplugincreatertool.BxWinLab.HideMenu@7340bb5c
2026-01-28 11:28:34.741 [JavaFX Application Thread] INFO  o.b.s.HelloApplication - 执行停止...
2026-01-28 12:28:56.450 [JavaFX-Launcher] INFO  o.b.s.HelloApplication - 执行初始化...
2026-01-28 12:28:56.456 [JavaFX Application Thread] INFO  o.b.s.HelloApplication - 工具开始启动并加载...
2026-01-28 12:28:56.510 [JavaFX Application Thread] INFO  o.b.s.Utils.FileUtil - 成功加载文件/org/bxwbb/spigotplugincreatertool/icon/icon.png
2026-01-28 12:28:56.726 [JavaFX Application Thread] INFO  o.b.s.Utils.FileUtil - 成功加载文件/org/bxwbb/spigotplugincreatertool/icon/Universal/OpenFolder.png
2026-01-28 12:28:56.729 [JavaFX Application Thread] INFO  o.b.s.Utils.FileUtil - 成功加载文件/org/bxwbb/spigotplugincreatertool/icon/Universal/NewProject.png
2026-01-28 12:28:56.731 [JavaFX Application Thread] INFO  o.b.s.Utils.FileUtil - 成功加载文件/org/bxwbb/spigotplugincreatertool/icon/Universal/Setting.png
2026-01-28 12:28:56.734 [JavaFX Application Thread] INFO  o.b.s.Utils.FileUtil - 成功加载文件/org/bxwbb/spigotplugincreatertool/icon/Universal/Learn.png
2026-01-28 12:28:56.737 [JavaFX Application Thread] INFO  o.b.s.Utils.FileUtil - 成功加载文件/org/bxwbb/spigotplugincreatertool/icon/Universal/Quit.png
2026-01-28 12:29:02.539 [JavaFX Application Thread] INFO  o.b.s.HelloApplication - 执行停止...
2026-01-28 12:29:10.774 [JavaFX-Launcher] INFO  o.b.s.HelloApplication - 执行初始化...
2026-01-28 12:29:10.780 [JavaFX Application Thread] INFO  o.b.s.HelloApplication - 工具开始启动并加载...
2026-01-28 12:29:10.822 [JavaFX Application Thread] INFO  o.b.s.Utils.FileUtil - 成功加载文件/org/bxwbb/spigotplugincreatertool/icon/icon.png
2026-01-28 12:29:11.014 [JavaFX Application Thread] INFO  o.b.s.Utils.FileUtil - 成功加载文件/org/bxwbb/spigotplugincreatertool/icon/Universal/OpenFolder.png
2026-01-28 12:29:11.018 [JavaFX Application Thread] INFO  o.b.s.Utils.FileUtil - 成功加载文件/org/bxwbb/spigotplugincreatertool/icon/Universal/NewProject.png
2026-01-28 12:29:11.021 [JavaFX Application Thread] INFO  o.b.s.Utils.FileUtil - 成功加载文件/org/bxwbb/spigotplugincreatertool/icon/Universal/Setting.png
2026-01-28 12:29:11.024 [JavaFX Application Thread] INFO  o.b.s.Utils.FileUtil - 成功加载文件/org/bxwbb/spigotplugincreatertool/icon/Universal/Learn.png
2026-01-28 12:29:11.026 [JavaFX Application Thread] INFO  o.b.s.Utils.FileUtil - 成功加载文件/org/bxwbb/spigotplugincreatertool/icon/Universal/Quit.png
2026-01-28 12:29:13.297 [JavaFX Application Thread] INFO  o.b.s.BxWinLab.Base.BaseLabel - 控件焦点改变至 - org.bxwbb.spigotplugincreatertool.BxWinLab.HideMenu@705dd35b
2026-01-28 12:29:19.763 [JavaFX Application Thread] INFO  o.b.s.BxWinLab.Base.BaseLabel - 控件焦点改变至 - org.bxwbb.spigotplugincreatertool.BxWinLab.ImageTextButtonBox@51fdfade
2026-01-28 12:29:21.951 [JavaFX Application Thread] INFO  o.b.s.HelloApplication - 执行停止...
2026-01-28 12:29:31.045 [JavaFX-Launcher] INFO  o.b.s.HelloApplication - 执行初始化...
2026-01-28 12:29:31.051 [JavaFX Application Thread] INFO  o.b.s.HelloApplication - 工具开始启动并加载...
2026-01-28 12:29:31.094 [JavaFX Application Thread] INFO  o.b.s.Utils.FileUtil - 成功加载文件/org/bxwbb/spigotplugincreatertool/icon/icon.png
2026-01-28 12:29:31.277 [JavaFX Application Thread] INFO  o.b.s.Utils.FileUtil - 成功加载文件/org/bxwbb/spigotplugincreatertool/icon/Universal/OpenFolder.png
2026-01-28 12:29:31.281 [JavaFX Application Thread] INFO  o.b.s.Utils.FileUtil - 成功加载文件/org/bxwbb/spigotplugincreatertool/icon/Universal/NewProject.png
2026-01-28 12:29:31.283 [JavaFX Application Thread] INFO  o.b.s.Utils.FileUtil - 成功加载文件/org/bxwbb/spigotplugincreatertool/icon/Universal/Setting.png
2026-01-28 12:29:31.286 [JavaFX Application Thread] INFO  o.b.s.Utils.FileUtil - 成功加载文件/org/bxwbb/spigotplugincreatertool/icon/Universal/Learn.png
2026-01-28 12:29:31.288 [JavaFX Application Thread] INFO  o.b.s.Utils.FileUtil - 成功加载文件/org/bxwbb/spigotplugincreatertool/icon/Universal/Quit.png
2026-01-28 12:29:32.520 [JavaFX Application Thread] INFO  o.b.s.BxWinLab.Base.BaseLabel - 控件焦点改变至 - org.bxwbb.spigotplugincreatertool.BxWinLab.HideMenu@5aee504
2026-01-28 12:29:39.930 [JavaFX Application Thread] INFO  o.b.s.BxWinLab.Base.BaseLabel - 控件焦点改变至 - org.bxwbb.spigotplugincreatertool.Window.StartPage@290547e5
2026-01-28 12:29:42.476 [JavaFX Application Thread] INFO  o.b.s.BxWinLab.Base.BaseLabel - 控件焦点改变至 - org.bxwbb.spigotplugincreatertool.BxWinLab.HideMenu@5aee504
2026-01-28 12:29:47.104 [JavaFX Application Thread] INFO  o.b.s.HelloApplication - 执行停止...
2026-01-28 12:32:08.715 [JavaFX-Launcher] INFO  o.b.s.HelloApplication - 执行初始化...
2026-01-28 12:32:08.720 [JavaFX Application Thread] INFO  o.b.s.HelloApplication - 工具开始启动并加载...
2026-01-28 12:32:08.762 [JavaFX Application Thread] INFO  o.b.s.Utils.FileUtil - 成功加载文件/org/bxwbb/spigotplugincreatertool/icon/icon.png
2026-01-28 12:32:08.943 [JavaFX Application Thread] INFO  o.b.s.Utils.FileUtil - 成功加载文件/org/bxwbb/spigotplugincreatertool/icon/Universal/OpenFolder.png
2026-01-28 12:32:08.948 [JavaFX Application Thread] INFO  o.b.s.Utils.FileUtil - 成功加载文件/org/bxwbb/spigotplugincreatertool/icon/Universal/NewProject.png
2026-01-28 12:32:08.950 [JavaFX Application Thread] INFO  o.b.s.Utils.FileUtil - 成功加载文件/org/bxwbb/spigotplugincreatertool/icon/Universal/Setting.png
2026-01-28 12:32:08.952 [JavaFX Application Thread] INFO  o.b.s.Utils.FileUtil - 成功加载文件/org/bxwbb/spigotplugincreatertool/icon/Universal/Learn.png
2026-01-28 12:32:08.955 [JavaFX Application Thread] INFO  o.b.s.Utils.FileUtil - 成功加载文件/org/bxwbb/spigotplugincreatertool/icon/Universal/Quit.png
2026-01-28 12:32:10.401 [JavaFX Application Thread] INFO  o.b.s.BxWinLab.Base.BaseLabel - 控件焦点改变至 - org.bxwbb.spigotplugincreatertool.BxWinLab.HideMenu@368631b3
2026-01-28 12:32:12.469 [JavaFX Application Thread] INFO  o.b.s.HelloApplication - 执行停止...
2026-01-28 12:56:34.114 [JavaFX-Launcher] INFO  o.b.s.HelloApplication - 执行初始化...
2026-01-28 12:56:34.119 [JavaFX Application Thread] INFO  o.b.s.HelloApplication - 工具开始启动并加载...
2026-01-28 12:56:34.161 [JavaFX Application Thread] INFO  o.b.s.Utils.FileUtil - 成功加载文件/org/bxwbb/spigotplugincreatertool/icon/icon.png
2026-01-28 12:56:34.344 [JavaFX Application Thread] INFO  o.b.s.Utils.FileUtil - 成功加载文件/org/bxwbb/spigotplugincreatertool/icon/Universal/OpenFolder.png
2026-01-28 12:56:34.349 [JavaFX Application Thread] INFO  o.b.s.Utils.FileUtil - 成功加载文件/org/bxwbb/spigotplugincreatertool/icon/Universal/NewProject.png
2026-01-28 12:56:34.352 [JavaFX Application Thread] INFO  o.b.s.Utils.FileUtil - 成功加载文件/org/bxwbb/spigotplugincreatertool/icon/Universal/Setting.png
2026-01-28 12:56:34.354 [JavaFX Application Thread] INFO  o.b.s.Utils.FileUtil - 成功加载文件/org/bxwbb/spigotplugincreatertool/icon/Universal/Learn.png
2026-01-28 12:56:34.356 [JavaFX Application Thread] INFO  o.b.s.Utils.FileUtil - 成功加载文件/org/bxwbb/spigotplugincreatertool/icon/Universal/Quit.png
2026-01-28 12:56:40.225 [JavaFX Application Thread] INFO  o.b.s.HelloApplication - 执行停止...
2026-01-28 12:56:50.898 [JavaFX-Launcher] INFO  o.b.s.HelloApplication - 执行初始化...
2026-01-28 12:56:50.903 [JavaFX Application Thread] INFO  o.b.s.HelloApplication - 工具开始启动并加载...
2026-01-28 12:56:50.945 [JavaFX Application Thread] INFO  o.b.s.Utils.FileUtil - 成功加载文件/org/bxwbb/spigotplugincreatertool/icon/icon.png
2026-01-28 12:56:51.118 [JavaFX Application Thread] INFO  o.b.s.Utils.FileUtil - 成功加载文件/org/bxwbb/spigotplugincreatertool/icon/Universal/OpenFolder.png
2026-01-28 12:56:51.124 [JavaFX Application Thread] INFO  o.b.s.Utils.FileUtil - 成功加载文件/org/bxwbb/spigotplugincreatertool/icon/Universal/NewProject.png
2026-01-28 12:56:51.126 [JavaFX Application Thread] INFO  o.b.s.Utils.FileUtil - 成功加载文件/org/bxwbb/spigotplugincreatertool/icon/Universal/Setting.png
2026-01-28 12:56:51.128 [JavaFX Application Thread] INFO  o.b.s.Utils.FileUtil - 成功加载文件/org/bxwbb/spigotplugincreatertool/icon/Universal/Learn.png
2026-01-28 12:56:51.130 [JavaFX Application Thread] INFO  o.b.s.Utils.FileUtil - 成功加载文件/org/bxwbb/spigotplugincreatertool/icon/Universal/Quit.png
2026-01-28 12:56:52.538 [JavaFX Application Thread] INFO  o.b.s.BxWinLab.Base.BaseLabel - 控件焦点改变至 - org.bxwbb.spigotplugincreatertool.BxWinLab.HideMenu@368631b3
2026-01-28 12:56:55.205 [JavaFX Application Thread] INFO  o.b.s.HelloApplication - 执行停止...
2026-01-28 12:59:05.505 [JavaFX-Launcher] INFO  o.b.s.HelloApplication - 执行初始化...
2026-01-28 12:59:05.510 [JavaFX Application Thread] INFO  o.b.s.HelloApplication - 工具开始启动并加载...
2026-01-28 12:59:05.553 [JavaFX Application Thread] INFO  o.b.s.Utils.FileUtil - 成功加载文件/org/bxwbb/spigotplugincreatertool/icon/icon.png
2026-01-28 12:59:05.730 [JavaFX Application Thread] INFO  o.b.s.Utils.FileUtil - 成功加载文件/org/bxwbb/spigotplugincreatertool/icon/Universal/OpenFolder.png
2026-01-28 12:59:05.735 [JavaFX Application Thread] INFO  o.b.s.Utils.FileUtil - 成功加载文件/org/bxwbb/spigotplugincreatertool/icon/Universal/NewProject.png
2026-01-28 12:59:05.738 [JavaFX Application Thread] INFO  o.b.s.Utils.FileUtil - 成功加载文件/org/bxwbb/spigotplugincreatertool/icon/Universal/Setting.png
2026-01-28 12:59:05.740 [JavaFX Application Thread] INFO  o.b.s.Utils.FileUtil - 成功加载文件/org/bxwbb/spigotplugincreatertool/icon/Universal/Learn.png
2026-01-28 12:59:05.742 [JavaFX Application Thread] INFO  o.b.s.Utils.FileUtil - 成功加载文件/org/bxwbb/spigotplugincreatertool/icon/Universal/Quit.png
2026-01-28 12:59:07.496 [JavaFX Application Thread] INFO  o.b.s.BxWinLab.Base.BaseLabel - 控件焦点改变至 - org.bxwbb.spigotplugincreatertool.BxWinLab.HideMenu@368631b3
2026-01-28 12:59:11.026 [JavaFX Application Thread] INFO  o.b.s.HelloApplication - 执行停止...
2026-01-28 12:59:20.270 [JavaFX-Launcher] INFO  o.b.s.HelloApplication - 执行初始化...
2026-01-28 12:59:20.275 [JavaFX Application Thread] INFO  o.b.s.HelloApplication - 工具开始启动并加载...
2026-01-28 12:59:20.316 [JavaFX Application Thread] INFO  o.b.s.Utils.FileUtil - 成功加载文件/org/bxwbb/spigotplugincreatertool/icon/icon.png
2026-01-28 12:59:20.492 [JavaFX Application Thread] INFO  o.b.s.Utils.FileUtil - 成功加载文件/org/bxwbb/spigotplugincreatertool/icon/Universal/OpenFolder.png
2026-01-28 12:59:20.497 [JavaFX Application Thread] INFO  o.b.s.Utils.FileUtil - 成功加载文件/org/bxwbb/spigotplugincreatertool/icon/Universal/NewProject.png
2026-01-28 12:59:20.500 [JavaFX Application Thread] INFO  o.b.s.Utils.FileUtil - 成功加载文件/org/bxwbb/spigotplugincreatertool/icon/Universal/Setting.png
2026-01-28 12:59:20.502 [JavaFX Application Thread] INFO  o.b.s.Utils.FileUtil - 成功加载文件/org/bxwbb/spigotplugincreatertool/icon/Universal/Learn.png
2026-01-28 12:59:20.505 [JavaFX Application Thread] INFO  o.b.s.Utils.FileUtil - 成功加载文件/org/bxwbb/spigotplugincreatertool/icon/Universal/Quit.png
2026-01-28 12:59:21.931 [JavaFX Application Thread] INFO  o.b.s.BxWinLab.Base.BaseLabel - 控件焦点改变至 - org.bxwbb.spigotplugincreatertool.BxWinLab.HideMenu@368631b3
2026-01-28 12:59:24.156 [JavaFX Application Thread] INFO  o.b.s.HelloApplication - 执行停止...
2026-01-28 12:59:33.180 [JavaFX-Launcher] INFO  o.b.s.HelloApplication - 执行初始化...
2026-01-28 12:59:33.185 [JavaFX Application Thread] INFO  o.b.s.HelloApplication - 工具开始启动并加载...
2026-01-28 12:59:33.226 [JavaFX Application Thread] INFO  o.b.s.Utils.FileUtil - 成功加载文件/org/bxwbb/spigotplugincreatertool/icon/icon.png
2026-01-28 12:59:33.410 [JavaFX Application Thread] INFO  o.b.s.Utils.FileUtil - 成功加载文件/org/bxwbb/spigotplugincreatertool/icon/Universal/OpenFolder.png
2026-01-28 12:59:33.416 [JavaFX Application Thread] INFO  o.b.s.Utils.FileUtil - 成功加载文件/org/bxwbb/spigotplugincreatertool/icon/Universal/NewProject.png
2026-01-28 12:59:33.418 [JavaFX Application Thread] INFO  o.b.s.Utils.FileUtil - 成功加载文件/org/bxwbb/spigotplugincreatertool/icon/Universal/Setting.png
2026-01-28 12:59:33.420 [JavaFX Application Thread] INFO  o.b.s.Utils.FileUtil - 成功加载文件/org/bxwbb/spigotplugincreatertool/icon/Universal/Learn.png
2026-01-28 12:59:33.422 [JavaFX Application Thread] INFO  o.b.s.Utils.FileUtil - 成功加载文件/org/bxwbb/spigotplugincreatertool/icon/Universal/Quit.png
2026-01-28 12:59:38.910 [JavaFX Application Thread] INFO  o.b.s.BxWinLab.Base.BaseLabel - 控件焦点改变至 - org.bxwbb.spigotplugincreatertool.BxWinLab.HideMenu@368631b3
2026-01-28 12:59:42.465 [JavaFX Application Thread] INFO  o.b.s.HelloApplication - 执行停止...
2026-01-28 13:30:10.116 [JavaFX-Launcher] INFO  o.b.s.HelloApplication - 执行初始化...
2026-01-28 13:30:10.121 [JavaFX Application Thread] INFO  o.b.s.HelloApplication - 工具开始启动并加载...
2026-01-28 13:30:10.165 [JavaFX Application Thread] INFO  o.b.s.BxWinLab.Base.BaseLabel - 控件库Debug模式已开启
2026-01-28 13:30:10.170 [JavaFX Application Thread] INFO  o.b.s.BxWinLab.Base.BaseLabel - 控件库Debug模式已开启
2026-01-28 13:30:10.172 [JavaFX Application Thread] INFO  o.b.s.BxWinLab.Base.BaseLabel - 控件库Debug模式已开启
2026-01-28 13:30:10.174 [JavaFX Application Thread] INFO  o.b.s.Utils.FileUtil - 成功加载文件/org/bxwbb/spigotplugincreatertool/icon/icon.png
2026-01-28 13:30:10.333 [JavaFX Application Thread] INFO  o.b.s.BxWinLab.Base.BaseLabel - 控件库Debug模式已开启
2026-01-28 13:30:10.336 [JavaFX Application Thread] INFO  o.b.s.BxWinLab.Base.BaseLabel - 控件库Debug模式已开启
2026-01-28 13:30:10.336 [JavaFX Application Thread] INFO  o.b.s.BxWinLab.Base.BaseLabel - 控件库Debug模式已开启
2026-01-28 13:30:10.336 [JavaFX Application Thread] INFO  o.b.s.BxWinLab.Base.BaseLabel - 控件库Debug模式已开启
2026-01-28 13:30:10.337 [JavaFX Application Thread] INFO  o.b.s.BxWinLab.Base.BaseLabel - 控件库Debug模式已开启
2026-01-28 13:30:10.362 [JavaFX Application Thread] INFO  o.b.s.BxWinLab.Base.BaseLabel - 控件库Debug模式已开启
2026-01-28 13:30:10.376 [JavaFX Application Thread] INFO  o.b.s.BxWinLab.Base.BaseLabel - 控件库Debug模式已开启
2026-01-28 13:30:10.376 [JavaFX Application Thread] INFO  o.b.s.BxWinLab.Base.BaseLabel - 控件库Debug模式已开启
2026-01-28 13:30:10.376 [JavaFX Application Thread] INFO  o.b.s.BxWinLab.Base.BaseLabel - 控件库Debug模式已开启
2026-01-28 13:30:10.377 [JavaFX Application Thread] INFO  o.b.s.BxWinLab.Base.BaseLabel - 控件库Debug模式已开启
2026-01-28 13:30:10.377 [JavaFX Application Thread] INFO  o.b.s.BxWinLab.Base.BaseLabel - 控件库Debug模式已开启
2026-01-28 13:30:10.378 [JavaFX Application Thread] INFO  o.b.s.BxWinLab.Base.BaseLabel - 控件库Debug模式已开启
2026-01-28 13:30:10.378 [JavaFX Application Thread] INFO  o.b.s.Utils.FileUtil - 成功加载文件/org/bxwbb/spigotplugincreatertool/icon/Universal/OpenFolder.png
2026-01-28 13:30:10.380 [JavaFX Application Thread] INFO  o.b.s.BxWinLab.Base.BaseLabel - 控件库Debug模式已开启
2026-01-28 13:30:10.380 [JavaFX Application Thread] INFO  o.b.s.BxWinLab.Base.BaseLabel - 控件库Debug模式已开启
2026-01-28 13:30:10.381 [JavaFX Application Thread] INFO  o.b.s.BxWinLab.Base.BaseLabel - 控件库Debug模式已开启
2026-01-28 13:30:10.382 [JavaFX Application Thread] INFO  o.b.s.BxWinLab.Base.BaseLabel - 控件库Debug模式已开启
2026-01-28 13:30:10.382 [JavaFX Application Thread] INFO  o.b.s.BxWinLab.Base.BaseLabel - 控件库Debug模式已开启
2026-01-28 13:30:10.382 [JavaFX Application Thread] INFO  o.b.s.BxWinLab.Base.BaseLabel - 控件库Debug模式已开启
2026-01-28 13:30:10.383 [JavaFX Application Thread] INFO  o.b.s.BxWinLab.Base.BaseLabel - 控件库Debug模式已开启
2026-01-28 13:30:10.384 [JavaFX Application Thread] INFO  o.b.s.Utils.FileUtil - 成功加载文件/org/bxwbb/spigotplugincreatertool/icon/Universal/NewProject.png
2026-01-28 13:30:10.385 [JavaFX Application Thread] INFO  o.b.s.BxWinLab.Base.BaseLabel - 控件库Debug模式已开启
2026-01-28 13:30:10.385 [JavaFX Application Thread] INFO  o.b.s.BxWinLab.Base.BaseLabel - 控件库Debug模式已开启
2026-01-28 13:30:10.385 [JavaFX Application Thread] INFO  o.b.s.BxWinLab.Base.BaseLabel - 控件库Debug模式已开启
2026-01-28 13:30:10.386 [JavaFX Application Thread] INFO  o.b.s.BxWinLab.Base.BaseLabel - 控件库Debug模式已开启
2026-01-28 13:30:10.386 [JavaFX Application Thread] INFO  o.b.s.BxWinLab.Base.BaseLabel - 控件库Debug模式已开启
2026-01-28 13:30:10.386 [JavaFX Application Thread] INFO  o.b.s.BxWinLab.Base.BaseLabel - 控件库Debug模式已开启
2026-01-28 13:30:10.386 [JavaFX Application Thread] INFO  o.b.s.BxWinLab.Base.BaseLabel - 控件库Debug模式已开启
2026-01-28 13:30:10.387 [JavaFX Application Thread] INFO  o.b.s.Utils.FileUtil - 成功加载文件/org/bxwbb/spigotplugincreatertool/icon/Universal/Setting.png
2026-01-28 13:30:10.388 [JavaFX Application Thread] INFO  o.b.s.BxWinLab.Base.BaseLabel - 控件库Debug模式已开启
2026-01-28 13:30:10.388 [JavaFX Application Thread] INFO  o.b.s.BxWinLab.Base.BaseLabel - 控件库Debug模式已开启
2026-01-28 13:30:10.388 [JavaFX Application Thread] INFO  o.b.s.BxWinLab.Base.BaseLabel - 控件库Debug模式已开启
2026-01-28 13:30:10.389 [JavaFX Application Thread] INFO  o.b.s.BxWinLab.Base.BaseLabel - 控件库Debug模式已开启
2026-01-28 13:30:10.389 [JavaFX Application Thread] INFO  o.b.s.BxWinLab.Base.BaseLabel - 控件库Debug模式已开启
2026-01-28 13:30:10.389 [JavaFX Application Thread] INFO  o.b.s.BxWinLab.Base.BaseLabel - 控件库Debug模式已开启
2026-01-28 13:30:10.389 [JavaFX Application Thread] INFO  o.b.s.BxWinLab.Base.BaseLabel - 控件库Debug模式已开启
2026-01-28 13:30:10.390 [JavaFX Application Thread] INFO  o.b.s.Utils.FileUtil - 成功加载文件/org/bxwbb/spigotplugincreatertool/icon/Universal/Learn.png
2026-01-28 13:30:10.391 [JavaFX Application Thread] INFO  o.b.s.BxWinLab.Base.BaseLabel - 控件库Debug模式已开启
2026-01-28 13:30:10.391 [JavaFX Application Thread] INFO  o.b.s.BxWinLab.Base.BaseLabel - 控件库Debug模式已开启
2026-01-28 13:30:10.391 [JavaFX Application Thread] INFO  o.b.s.BxWinLab.Base.BaseLabel - 控件库Debug模式已开启
2026-01-28 13:30:10.391 [JavaFX Application Thread] INFO  o.b.s.BxWinLab.Base.BaseLabel - 控件库Debug模式已开启
2026-01-28 13:30:10.391 [JavaFX Application Thread] INFO  o.b.s.BxWinLab.Base.BaseLabel - 控件库Debug模式已开启
2026-01-28 13:30:10.391 [JavaFX Application Thread] INFO  o.b.s.BxWinLab.Base.BaseLabel - 控件库Debug模式已开启
2026-01-28 13:30:10.391 [JavaFX Application Thread] INFO  o.b.s.BxWinLab.Base.BaseLabel - 控件库Debug模式已开启
2026-01-28 13:30:10.392 [JavaFX Application Thread] INFO  o.b.s.Utils.FileUtil - 成功加载文件/org/bxwbb/spigotplugincreatertool/icon/Universal/Quit.png
2026-01-28 13:30:10.393 [JavaFX Application Thread] INFO  o.b.s.BxWinLab.Base.BaseLabel - 控件库Debug模式已开启
2026-01-28 13:30:10.393 [JavaFX Application Thread] INFO  o.b.s.BxWinLab.Base.BaseLabel - 控件库Debug模式已开启
2026-01-28 13:30:10.393 [JavaFX Application Thread] INFO  o.b.s.BxWinLab.Base.BaseLabel - 控件库Debug模式已开启
2026-01-28 13:30:10.393 [JavaFX Application Thread] INFO  o.b.s.BxWinLab.Base.BaseLabel - 控件库Debug模式已开启
2026-01-28 13:30:10.393 [JavaFX Application Thread] INFO  o.b.s.BxWinLab.Base.BaseLabel - 控件库Debug模式已开启
2026-01-28 13:30:10.394 [JavaFX Application Thread] INFO  o.b.s.BxWinLab.Base.BaseLabel - 控件库Debug模式已开启
2026-01-28 13:30:10.394 [JavaFX Application Thread] INFO  o.b.s.BxWinLab.Base.BaseLabel - 控件库Debug模式已开启
2026-01-28 13:30:10.394 [JavaFX Application Thread] INFO  o.b.s.BxWinLab.Base.BaseLabel - 控件库Debug模式已开启
2026-01-28 13:30:10.395 [JavaFX Application Thread] INFO  o.b.s.BxWinLab.Base.BaseLabel - 控件库Debug模式已开启
2026-01-28 13:30:10.395 [JavaFX Application Thread] INFO  o.b.s.BxWinLab.Base.BaseLabel - 控件库Debug模式已开启
2026-01-28 13:30:10.396 [JavaFX Application Thread] INFO  o.b.s.BxWinLab.Base.BaseLabel - 控件库Debug模式已开启
2026-01-28 13:30:10.396 [JavaFX Application Thread] INFO  o.b.s.BxWinLab.Base.BaseLabel - 控件库Debug模式已开启
2026-01-28 13:30:10.402 [JavaFX Application Thread] INFO  o.b.s.BxWinLab.Base.BaseLabel - 控件库Debug模式已开启
2026-01-28 13:30:10.402 [JavaFX Application Thread] INFO  o.b.s.BxWinLab.Base.BaseLabel - 控件库Debug模式已开启
2026-01-28 13:30:10.417 [JavaFX Application Thread] INFO  o.b.s.BxWinLab.Base.BaseLabel - 控件库Debug模式已开启
2026-01-28 13:30:10.418 [JavaFX Application Thread] INFO  o.b.s.BxWinLab.Base.BaseLabel - 控件库Debug模式已开启
2026-01-28 13:30:10.418 [JavaFX Application Thread] INFO  o.b.s.BxWinLab.Base.BaseLabel - 控件库Debug模式已开启
2026-01-28 13:30:10.419 [JavaFX Application Thread] INFO  o.b.s.BxWinLab.Base.BaseLabel - 控件库Debug模式已开启
2026-01-28 13:30:10.419 [JavaFX Application Thread] INFO  o.b.s.BxWinLab.Base.BaseLabel - 控件库Debug模式已开启
2026-01-28 13:30:10.419 [JavaFX Application Thread] INFO  o.b.s.BxWinLab.Base.BaseLabel - 控件库Debug模式已开启
2026-01-28 13:30:10.439 [JavaFX Application Thread] INFO  o.b.s.HelloApplication - 执行停止...
2026-01-28 13:31:16.588 [JavaFX-Launcher] INFO  o.b.s.HelloApplication - 执行初始化...
2026-01-28 13:31:16.594 [JavaFX Application Thread] INFO  o.b.s.HelloApplication - 工具开始启动并加载...
2026-01-28 13:31:16.628 [JavaFX Application Thread] INFO  o.b.s.BxWinLab.Base.BaseLabel - 控件库Debug模式已开启
2026-01-28 13:31:16.633 [JavaFX Application Thread] INFO  o.b.s.BxWinLab.Base.BaseLabel - 控件库Debug模式已开启
2026-01-28 13:31:16.635 [JavaFX Application Thread] INFO  o.b.s.BxWinLab.Base.BaseLabel - 控件库Debug模式已开启
2026-01-28 13:31:16.636 [JavaFX Application Thread] INFO  o.b.s.Utils.FileUtil - 成功加载文件/org/bxwbb/spigotplugincreatertool/icon/icon.png
2026-01-28 13:31:16.776 [JavaFX Application Thread] INFO  o.b.s.BxWinLab.Base.BaseLabel - 控件库Debug模式已开启
2026-01-28 13:31:16.779 [JavaFX Application Thread] INFO  o.b.s.BxWinLab.Base.BaseLabel - 控件库Debug模式已开启
2026-01-28 13:31:16.780 [JavaFX Application Thread] INFO  o.b.s.BxWinLab.Base.BaseLabel - 控件库Debug模式已开启
2026-01-28 13:31:16.780 [JavaFX Application Thread] INFO  o.b.s.BxWinLab.Base.BaseLabel - 控件库Debug模式已开启
2026-01-28 13:31:16.780 [JavaFX Application Thread] INFO  o.b.s.BxWinLab.Base.BaseLabel - 控件库Debug模式已开启
2026-01-28 13:31:16.805 [JavaFX Application Thread] INFO  o.b.s.BxWinLab.Base.BaseLabel - 控件库Debug模式已开启
2026-01-28 13:31:16.818 [JavaFX Application Thread] INFO  o.b.s.BxWinLab.Base.BaseLabel - 控件库Debug模式已开启
2026-01-28 13:31:16.819 [JavaFX Application Thread] INFO  o.b.s.BxWinLab.Base.BaseLabel - 控件库Debug模式已开启
2026-01-28 13:31:16.819 [JavaFX Application Thread] INFO  o.b.s.BxWinLab.Base.BaseLabel - 控件库Debug模式已开启
2026-01-28 13:31:16.819 [JavaFX Application Thread] INFO  o.b.s.BxWinLab.Base.BaseLabel - 控件库Debug模式已开启
2026-01-28 13:31:16.821 [JavaFX Application Thread] INFO  o.b.s.BxWinLab.Base.BaseLabel - 控件库Debug模式已开启
2026-01-28 13:31:16.821 [JavaFX Application Thread] INFO  o.b.s.BxWinLab.Base.BaseLabel - 控件库Debug模式已开启
2026-01-28 13:31:16.821 [JavaFX Application Thread] INFO  o.b.s.Utils.FileUtil - 成功加载文件/org/bxwbb/spigotplugincreatertool/icon/Universal/OpenFolder.png
2026-01-28 13:31:16.823 [JavaFX Application Thread] INFO  o.b.s.BxWinLab.Base.BaseLabel - 控件库Debug模式已开启
2026-01-28 13:31:16.823 [JavaFX Application Thread] INFO  o.b.s.BxWinLab.Base.BaseLabel - 控件库Debug模式已开启
2026-01-28 13:31:16.824 [JavaFX Application Thread] INFO  o.b.s.BxWinLab.Base.BaseLabel - 控件库Debug模式已开启
2026-01-28 13:31:16.825 [JavaFX Application Thread] INFO  o.b.s.BxWinLab.Base.BaseLabel - 控件库Debug模式已开启
2026-01-28 13:31:16.825 [JavaFX Application Thread] INFO  o.b.s.BxWinLab.Base.BaseLabel - 控件库Debug模式已开启
2026-01-28 13:31:16.826 [JavaFX Application Thread] INFO  o.b.s.BxWinLab.Base.BaseLabel - 控件库Debug模式已开启
2026-01-28 13:31:16.826 [JavaFX Application Thread] INFO  o.b.s.BxWinLab.Base.BaseLabel - 控件库Debug模式已开启
2026-01-28 13:31:16.827 [JavaFX Application Thread] INFO  o.b.s.Utils.FileUtil - 成功加载文件/org/bxwbb/spigotplugincreatertool/icon/Universal/NewProject.png
2026-01-28 13:31:16.828 [JavaFX Application Thread] INFO  o.b.s.BxWinLab.Base.BaseLabel - 控件库Debug模式已开启
2026-01-28 13:31:16.828 [JavaFX Application Thread] INFO  o.b.s.BxWinLab.Base.BaseLabel - 控件库Debug模式已开启
2026-01-28 13:31:16.828 [JavaFX Application Thread] INFO  o.b.s.BxWinLab.Base.BaseLabel - 控件库Debug模式已开启
2026-01-28 13:31:16.829 [JavaFX Application Thread] INFO  o.b.s.BxWinLab.Base.BaseLabel - 控件库Debug模式已开启
2026-01-28 13:31:16.829 [JavaFX Application Thread] INFO  o.b.s.BxWinLab.Base.BaseLabel - 控件库Debug模式已开启
2026-01-28 13:31:16.829 [JavaFX Application Thread] INFO  o.b.s.BxWinLab.Base.BaseLabel - 控件库Debug模式已开启
2026-01-28 13:31:16.829 [JavaFX Application Thread] INFO  o.b.s.BxWinLab.Base.BaseLabel - 控件库Debug模式已开启
2026-01-28 13:31:16.830 [JavaFX Application Thread] INFO  o.b.s.Utils.FileUtil - 成功加载文件/org/bxwbb/spigotplugincreatertool/icon/Universal/Setting.png
2026-01-28 13:31:16.831 [JavaFX Application Thread] INFO  o.b.s.BxWinLab.Base.BaseLabel - 控件库Debug模式已开启
2026-01-28 13:31:16.831 [JavaFX Application Thread] INFO  o.b.s.BxWinLab.Base.BaseLabel - 控件库Debug模式已开启
2026-01-28 13:31:16.832 [JavaFX Application Thread] INFO  o.b.s.BxWinLab.Base.BaseLabel - 控件库Debug模式已开启
2026-01-28 13:31:16.832 [JavaFX Application Thread] INFO  o.b.s.BxWinLab.Base.BaseLabel - 控件库Debug模式已开启
2026-01-28 13:31:16.832 [JavaFX Application Thread] INFO  o.b.s.BxWinLab.Base.BaseLabel - 控件库Debug模式已开启
2026-01-28 13:31:16.832 [JavaFX Application Thread] INFO  o.b.s.BxWinLab.Base.BaseLabel - 控件库Debug模式已开启
2026-01-28 13:31:16.832 [JavaFX Application Thread] INFO  o.b.s.BxWinLab.Base.BaseLabel - 控件库Debug模式已开启
2026-01-28 13:31:16.833 [JavaFX Application Thread] INFO  o.b.s.Utils.FileUtil - 成功加载文件/org/bxwbb/spigotplugincreatertool/icon/Universal/Learn.png
2026-01-28 13:31:16.834 [JavaFX Application Thread] INFO  o.b.s.BxWinLab.Base.BaseLabel - 控件库Debug模式已开启
2026-01-28 13:31:16.834 [JavaFX Application Thread] INFO  o.b.s.BxWinLab.Base.BaseLabel - 控件库Debug模式已开启
2026-01-28 13:31:16.834 [JavaFX Application Thread] INFO  o.b.s.BxWinLab.Base.BaseLabel - 控件库Debug模式已开启
2026-01-28 13:31:16.834 [JavaFX Application Thread] INFO  o.b.s.BxWinLab.Base.BaseLabel - 控件库Debug模式已开启
2026-01-28 13:31:16.834 [JavaFX Application Thread] INFO  o.b.s.BxWinLab.Base.BaseLabel - 控件库Debug模式已开启
2026-01-28 13:31:16.834 [JavaFX Application Thread] INFO  o.b.s.BxWinLab.Base.BaseLabel - 控件库Debug模式已开启
2026-01-28 13:31:16.835 [JavaFX Application Thread] INFO  o.b.s.BxWinLab.Base.BaseLabel - 控件库Debug模式已开启
2026-01-28 13:31:16.835 [JavaFX Application Thread] INFO  o.b.s.Utils.FileUtil - 成功加载文件/org/bxwbb/spigotplugincreatertool/icon/Universal/Quit.png
2026-01-28 13:31:16.836 [JavaFX Application Thread] INFO  o.b.s.BxWinLab.Base.BaseLabel - 控件库Debug模式已开启
2026-01-28 13:31:16.836 [JavaFX Application Thread] INFO  o.b.s.BxWinLab.Base.BaseLabel - 控件库Debug模式已开启
2026-01-28 13:31:16.836 [JavaFX Application Thread] INFO  o.b.s.BxWinLab.Base.BaseLabel - 控件库Debug模式已开启
2026-01-28 13:31:16.836 [JavaFX Application Thread] INFO  o.b.s.BxWinLab.Base.BaseLabel - 控件库Debug模式已开启
2026-01-28 13:31:16.836 [JavaFX Application Thread] INFO  o.b.s.BxWinLab.Base.BaseLabel - 控件库Debug模式已开启
2026-01-28 13:31:16.837 [JavaFX Application Thread] INFO  o.b.s.BxWinLab.Base.BaseLabel - 控件库Debug模式已开启
2026-01-28 13:31:16.837 [JavaFX Application Thread] INFO  o.b.s.BxWinLab.Base.BaseLabel - 控件库Debug模式已开启
2026-01-28 13:31:16.838 [JavaFX Application Thread] INFO  o.b.s.BxWinLab.Base.BaseLabel - 控件库Debug模式已开启
2026-01-28 13:31:16.838 [JavaFX Application Thread] INFO  o.b.s.BxWinLab.Base.BaseLabel - 控件库Debug模式已开启
2026-01-28 13:31:16.839 [JavaFX Application Thread] INFO  o.b.s.BxWinLab.Base.BaseLabel - 控件库Debug模式已开启
2026-01-28 13:31:16.839 [JavaFX Application Thread] INFO  o.b.s.BxWinLab.Base.BaseLabel - 控件库Debug模式已开启
2026-01-28 13:31:16.839 [JavaFX Application Thread] INFO  o.b.s.BxWinLab.Base.BaseLabel - 控件库Debug模式已开启
2026-01-28 13:31:16.843 [JavaFX Application Thread] INFO  o.b.s.BxWinLab.Base.BaseLabel - 控件库Debug模式已开启
2026-01-28 13:31:16.844 [JavaFX Application Thread] INFO  o.b.s.BxWinLab.Base.BaseLabel - 控件库Debug模式已开启
2026-01-28 13:31:16.862 [JavaFX Application Thread] INFO  o.b.s.BxWinLab.Base.BaseLabel - 控件库Debug模式已开启
2026-01-28 13:31:16.862 [JavaFX Application Thread] INFO  o.b.s.BxWinLab.Base.BaseLabel - 控件库Debug模式已开启
2026-01-28 13:31:16.863 [JavaFX Application Thread] INFO  o.b.s.BxWinLab.Base.BaseLabel - 控件库Debug模式已开启
2026-01-28 13:31:16.863 [JavaFX Application Thread] INFO  o.b.s.BxWinLab.Base.BaseLabel - 控件库Debug模式已开启
2026-01-28 13:31:16.863 [JavaFX Application Thread] INFO  o.b.s.BxWinLab.Base.BaseLabel - 控件库Debug模式已开启
2026-01-28 13:31:16.863 [JavaFX Application Thread] INFO  o.b.s.BxWinLab.Base.BaseLabel - 控件库Debug模式已开启
2026-01-28 13:31:23.507 [JavaFX Application Thread] INFO  o.b.s.BxWinLab.Base.BaseLabel - 控件焦点改变至 - org.bxwbb.spigotplugincreatertool.BxWinLab.HideMenu@73463812
2026-01-28 13:31:33.002 [JavaFX Application Thread] INFO  o.b.s.BxWinLab.Base.BaseLabel - 控件焦点改变至 - org.bxwbb.spigotplugincreatertool.BxWinLab.HideMenu@2529e996
2026-01-28 13:31:54.674 [JavaFX Application Thread] INFO  o.b.s.HelloApplication - 执行停止...
2026-01-28 13:32:09.531 [JavaFX-Launcher] INFO  o.b.s.HelloApplication - 执行初始化...
2026-01-28 13:32:09.536 [JavaFX Application Thread] INFO  o.b.s.HelloApplication - 工具开始启动并加载...
2026-01-28 13:32:09.577 [JavaFX Application Thread] INFO  o.b.s.Utils.FileUtil - 成功加载文件/org/bxwbb/spigotplugincreatertool/icon/icon.png
2026-01-28 13:32:09.752 [JavaFX Application Thread] INFO  o.b.s.Utils.FileUtil - 成功加载文件/org/bxwbb/spigotplugincreatertool/icon/Universal/OpenFolder.png
2026-01-28 13:32:09.758 [JavaFX Application Thread] INFO  o.b.s.Utils.FileUtil - 成功加载文件/org/bxwbb/spigotplugincreatertool/icon/Universal/NewProject.png
2026-01-28 13:32:09.760 [JavaFX Application Thread] INFO  o.b.s.Utils.FileUtil - 成功加载文件/org/bxwbb/spigotplugincreatertool/icon/Universal/Setting.png
2026-01-28 13:32:09.763 [JavaFX Application Thread] INFO  o.b.s.Utils.FileUtil - 成功加载文件/org/bxwbb/spigotplugincreatertool/icon/Universal/Learn.png
2026-01-28 13:32:09.765 [JavaFX Application Thread] INFO  o.b.s.Utils.FileUtil - 成功加载文件/org/bxwbb/spigotplugincreatertool/icon/Universal/Quit.png
2026-01-28 13:32:13.462 [JavaFX Application Thread] INFO  o.b.s.BxWinLab.Base.BaseLabel - 控件焦点改变至 - org.bxwbb.spigotplugincreatertool.BxWinLab.ImageTextButtonBox@5537e284
2026-01-28 13:32:13.901 [JavaFX Application Thread] INFO  o.b.s.BxWinLab.Base.BaseLabel - 控件焦点改变至 - org.bxwbb.spigotplugincreatertool.BxWinLab.ImageTextButtonBox@1f68bba4
2026-01-28 13:32:14.597 [JavaFX Application Thread] INFO  o.b.s.BxWinLab.Base.BaseLabel - 控件焦点改变至 - org.bxwbb.spigotplugincreatertool.BxWinLab.ImageTextButtonBox@714325a6
2026-01-28 13:32:15.318 [JavaFX Application Thread] INFO  o.b.s.BxWinLab.Base.BaseLabel - 控件焦点改变至 - org.bxwbb.spigotplugincreatertool.BxWinLab.HideMenu@405a2a1f
2026-01-28 13:32:27.758 [JavaFX Application Thread] INFO  o.b.s.HelloApplication - 执行停止...
2026-01-28 13:45:00.020 [JavaFX-Launcher] INFO  o.b.s.HelloApplication - 执行初始化...
2026-01-28 13:45:00.026 [JavaFX Application Thread] INFO  o.b.s.HelloApplication - 工具开始启动并加载...
2026-01-28 13:45:00.067 [JavaFX Application Thread] INFO  o.b.s.Utils.FileUtil - 成功加载文件/org/bxwbb/spigotplugincreatertool/icon/icon.png
2026-01-28 13:45:00.243 [JavaFX Application Thread] INFO  o.b.s.Utils.FileUtil - 成功加载文件/org/bxwbb/spigotplugincreatertool/icon/Universal/OpenFolder.png
2026-01-28 13:45:00.249 [JavaFX Application Thread] INFO  o.b.s.Utils.FileUtil - 成功加载文件/org/bxwbb/spigotplugincreatertool/icon/Universal/NewProject.png
2026-01-28 13:45:00.251 [JavaFX Application Thread] INFO  o.b.s.Utils.FileUtil - 成功加载文件/org/bxwbb/spigotplugincreatertool/icon/Universal/Setting.png
2026-01-28 13:45:00.254 [JavaFX Application Thread] INFO  o.b.s.Utils.FileUtil - 成功加载文件/org/bxwbb/spigotplugincreatertool/icon/Universal/Learn.png
2026-01-28 13:45:00.256 [JavaFX Application Thread] INFO  o.b.s.Utils.FileUtil - 成功加载文件/org/bxwbb/spigotplugincreatertool/icon/Universal/Quit.png
2026-01-28 13:45:01.750 [JavaFX Application Thread] INFO  o.b.s.BxWinLab.Base.BaseLabel - 控件焦点改变至 - org.bxwbb.spigotplugincreatertool.Window.StartPage@74b450ac
2026-01-28 13:45:05.441 [JavaFX Application Thread] INFO  o.b.s.BxWinLab.Base.BaseLabel - 控件焦点改变至 - org.bxwbb.spigotplugincreatertool.BxWinLab.ImageTextButtonBox@13b89ded
2026-01-28 13:45:07.060 [JavaFX Application Thread] INFO  o.b.s.HelloApplication - 执行停止...
2026-01-28 13:45:26.674 [JavaFX-Launcher] INFO  o.b.s.HelloApplication - 执行初始化...
2026-01-28 13:45:26.680 [JavaFX Application Thread] INFO  o.b.s.HelloApplication - 工具开始启动并加载...
2026-01-28 13:45:26.714 [JavaFX Application Thread] INFO  o.b.s.BxWinLab.Base.BaseLabel - 控件库Debug模式已开启
2026-01-28 13:45:26.720 [JavaFX Application Thread] INFO  o.b.s.BxWinLab.Base.BaseLabel - 控件库Debug模式已开启
2026-01-28 13:45:26.722 [JavaFX Application Thread] INFO  o.b.s.BxWinLab.Base.BaseLabel - 控件库Debug模式已开启
2026-01-28 13:45:26.723 [JavaFX Application Thread] INFO  o.b.s.Utils.FileUtil - 成功加载文件/org/bxwbb/spigotplugincreatertool/icon/icon.png
2026-01-28 13:45:26.864 [JavaFX Application Thread] INFO  o.b.s.BxWinLab.Base.BaseLabel - 控件库Debug模式已开启
2026-01-28 13:45:26.866 [JavaFX Application Thread] INFO  o.b.s.BxWinLab.Base.BaseLabel - 控件库Debug模式已开启
2026-01-28 13:45:26.866 [JavaFX Application Thread] INFO  o.b.s.BxWinLab.Base.BaseLabel - 控件库Debug模式已开启
2026-01-28 13:45:26.866 [JavaFX Application Thread] INFO  o.b.s.BxWinLab.Base.BaseLabel - 控件库Debug模式已开启
2026-01-28 13:45:26.866 [JavaFX Application Thread] INFO  o.b.s.BxWinLab.Base.BaseLabel - 控件库Debug模式已开启
2026-01-28 13:45:26.888 [JavaFX Application Thread] INFO  o.b.s.BxWinLab.Base.BaseLabel - 控件库Debug模式已开启
2026-01-28 13:45:26.902 [JavaFX Application Thread] INFO  o.b.s.BxWinLab.Base.BaseLabel - 控件库Debug模式已开启
2026-01-28 13:45:26.902 [JavaFX Application Thread] INFO  o.b.s.BxWinLab.Base.BaseLabel - 控件库Debug模式已开启
2026-01-28 13:45:26.902 [JavaFX Application Thread] INFO  o.b.s.BxWinLab.Base.BaseLabel - 控件库Debug模式已开启
2026-01-28 13:45:26.903 [JavaFX Application Thread] INFO  o.b.s.BxWinLab.Base.BaseLabel - 控件库Debug模式已开启
2026-01-28 13:45:26.903 [JavaFX Application Thread] INFO  o.b.s.BxWinLab.Base.BaseLabel - 控件库Debug模式已开启
2026-01-28 13:45:26.904 [JavaFX Application Thread] INFO  o.b.s.BxWinLab.Base.BaseLabel - 控件库Debug模式已开启
2026-01-28 13:45:26.904 [JavaFX Application Thread] INFO  o.b.s.Utils.FileUtil - 成功加载文件/org/bxwbb/spigotplugincreatertool/icon/Universal/OpenFolder.png
2026-01-28 13:45:26.906 [JavaFX Application Thread] INFO  o.b.s.BxWinLab.Base.BaseLabel - 控件库Debug模式已开启
2026-01-28 13:45:26.906 [JavaFX Application Thread] INFO  o.b.s.BxWinLab.Base.BaseLabel - 控件库Debug模式已开启
2026-01-28 13:45:26.907 [JavaFX Application Thread] INFO  o.b.s.BxWinLab.Base.BaseLabel - 控件库Debug模式已开启
2026-01-28 13:45:26.908 [JavaFX Application Thread] INFO  o.b.s.BxWinLab.Base.BaseLabel - 控件库Debug模式已开启
2026-01-28 13:45:26.908 [JavaFX Application Thread] INFO  o.b.s.BxWinLab.Base.BaseLabel - 控件库Debug模式已开启
2026-01-28 13:45:26.908 [JavaFX Application Thread] INFO  o.b.s.BxWinLab.Base.BaseLabel - 控件库Debug模式已开启
2026-01-28 13:45:26.908 [JavaFX Application Thread] INFO  o.b.s.BxWinLab.Base.BaseLabel - 控件库Debug模式已开启
2026-01-28 13:45:26.909 [JavaFX Application Thread] INFO  o.b.s.Utils.FileUtil - 成功加载文件/org/bxwbb/spigotplugincreatertool/icon/Universal/NewProject.png
2026-01-28 13:45:26.910 [JavaFX Application Thread] INFO  o.b.s.BxWinLab.Base.BaseLabel - 控件库Debug模式已开启
2026-01-28 13:45:26.910 [JavaFX Application Thread] INFO  o.b.s.BxWinLab.Base.BaseLabel - 控件库Debug模式已开启
2026-01-28 13:45:26.911 [JavaFX Application Thread] INFO  o.b.s.BxWinLab.Base.BaseLabel - 控件库Debug模式已开启
2026-01-28 13:45:26.911 [JavaFX Application Thread] INFO  o.b.s.BxWinLab.Base.BaseLabel - 控件库Debug模式已开启
2026-01-28 13:45:26.911 [JavaFX Application Thread] INFO  o.b.s.BxWinLab.Base.BaseLabel - 控件库Debug模式已开启
2026-01-28 13:45:26.911 [JavaFX Application Thread] INFO  o.b.s.BxWinLab.Base.BaseLabel - 控件库Debug模式已开启
2026-01-28 13:45:26.911 [JavaFX Application Thread] INFO  o.b.s.BxWinLab.Base.BaseLabel - 控件库Debug模式已开启
2026-01-28 13:45:26.912 [JavaFX Application Thread] INFO  o.b.s.Utils.FileUtil - 成功加载文件/org/bxwbb/spigotplugincreatertool/icon/Universal/Setting.png
2026-01-28 13:45:26.913 [JavaFX Application Thread] INFO  o.b.s.BxWinLab.Base.BaseLabel - 控件库Debug模式已开启
2026-01-28 13:45:26.913 [JavaFX Application Thread] INFO  o.b.s.BxWinLab.Base.BaseLabel - 控件库Debug模式已开启
2026-01-28 13:45:26.914 [JavaFX Application Thread] INFO  o.b.s.BxWinLab.Base.BaseLabel - 控件库Debug模式已开启
2026-01-28 13:45:26.914 [JavaFX Application Thread] INFO  o.b.s.BxWinLab.Base.BaseLabel - 控件库Debug模式已开启
2026-01-28 13:45:26.914 [JavaFX Application Thread] INFO  o.b.s.BxWinLab.Base.BaseLabel - 控件库Debug模式已开启
2026-01-28 13:45:26.914 [JavaFX Application Thread] INFO  o.b.s.BxWinLab.Base.BaseLabel - 控件库Debug模式已开启
2026-01-28 13:45:26.914 [JavaFX Application Thread] INFO  o.b.s.BxWinLab.Base.BaseLabel - 控件库Debug模式已开启
2026-01-28 13:45:26.915 [JavaFX Application Thread] INFO  o.b.s.Utils.FileUtil - 成功加载文件/org/bxwbb/spigotplugincreatertool/icon/Universal/Learn.png
2026-01-28 13:45:26.916 [JavaFX Application Thread] INFO  o.b.s.BxWinLab.Base.BaseLabel - 控件库Debug模式已开启
2026-01-28 13:45:26.916 [JavaFX Application Thread] INFO  o.b.s.BxWinLab.Base.BaseLabel - 控件库Debug模式已开启
2026-01-28 13:45:26.916 [JavaFX Application Thread] INFO  o.b.s.BxWinLab.Base.BaseLabel - 控件库Debug模式已开启
2026-01-28 13:45:26.917 [JavaFX Application Thread] INFO  o.b.s.BxWinLab.Base.BaseLabel - 控件库Debug模式已开启
2026-01-28 13:45:26.917 [JavaFX Application Thread] INFO  o.b.s.BxWinLab.Base.BaseLabel - 控件库Debug模式已开启
2026-01-28 13:45:26.917 [JavaFX Application Thread] INFO  o.b.s.BxWinLab.Base.BaseLabel - 控件库Debug模式已开启
2026-01-28 13:45:26.917 [JavaFX Application Thread] INFO  o.b.s.BxWinLab.Base.BaseLabel - 控件库Debug模式已开启
2026-01-28 13:45:26.918 [JavaFX Application Thread] INFO  o.b.s.Utils.FileUtil - 成功加载文件/org/bxwbb/spigotplugincreatertool/icon/Universal/Quit.png
2026-01-28 13:45:26.919 [JavaFX Application Thread] INFO  o.b.s.BxWinLab.Base.BaseLabel - 控件库Debug模式已开启
2026-01-28 13:45:26.919 [JavaFX Application Thread] INFO  o.b.s.BxWinLab.Base.BaseLabel - 控件库Debug模式已开启
2026-01-28 13:45:26.919 [JavaFX Application Thread] INFO  o.b.s.BxWinLab.Base.BaseLabel - 控件库Debug模式已开启
2026-01-28 13:45:26.920 [JavaFX Application Thread] INFO  o.b.s.BxWinLab.Base.BaseLabel - 控件库Debug模式已开启
2026-01-28 13:45:26.920 [JavaFX Application Thread] INFO  o.b.s.BxWinLab.Base.BaseLabel - 控件库Debug模式已开启
2026-01-28 13:45:26.920 [JavaFX Application Thread] INFO  o.b.s.BxWinLab.Base.BaseLabel - 控件库Debug模式已开启
2026-01-28 13:45:26.920 [JavaFX Application Thread] INFO  o.b.s.BxWinLab.Base.BaseLabel - 控件库Debug模式已开启
2026-01-28 13:45:26.921 [JavaFX Application Thread] INFO  o.b.s.BxWinLab.Base.BaseLabel - 控件库Debug模式已开启
2026-01-28 13:45:26.921 [JavaFX Application Thread] INFO  o.b.s.BxWinLab.Base.BaseLabel - 控件库Debug模式已开启
2026-01-28 13:45:26.922 [JavaFX Application Thread] INFO  o.b.s.BxWinLab.Base.BaseLabel - 控件库Debug模式已开启
2026-01-28 13:45:26.922 [JavaFX Application Thread] INFO  o.b.s.BxWinLab.Base.BaseLabel - 控件库Debug模式已开启
2026-01-28 13:45:26.923 [JavaFX Application Thread] INFO  o.b.s.BxWinLab.Base.BaseLabel - 控件库Debug模式已开启
2026-01-28 13:45:26.923 [JavaFX Application Thread] INFO  o.b.s.BxWinLab.Base.BaseLabel - 控件库Debug模式已开启
2026-01-28 13:45:26.923 [JavaFX Application Thread] INFO  o.b.s.BxWinLab.Base.BaseLabel - 控件库Debug模式已开启
2026-01-28 13:45:26.928 [JavaFX Application Thread] INFO  o.b.s.BxWinLab.Base.BaseLabel - 控件库Debug模式已开启
2026-01-28 13:45:26.928 [JavaFX Application Thread] INFO  o.b.s.BxWinLab.Base.BaseLabel - 控件库Debug模式已开启
2026-01-28 13:45:26.944 [JavaFX Application Thread] INFO  o.b.s.BxWinLab.Base.BaseLabel - 控件库Debug模式已开启
2026-01-28 13:45:26.944 [JavaFX Application Thread] INFO  o.b.s.BxWinLab.Base.BaseLabel - 控件库Debug模式已开启
2026-01-28 13:45:26.945 [JavaFX Application Thread] INFO  o.b.s.BxWinLab.Base.BaseLabel - 控件库Debug模式已开启
2026-01-28 13:45:26.945 [JavaFX Application Thread] INFO  o.b.s.BxWinLab.Base.BaseLabel - 控件库Debug模式已开启
2026-01-28 13:45:26.945 [JavaFX Application Thread] INFO  o.b.s.BxWinLab.Base.BaseLabel - 控件库Debug模式已开启
2026-01-28 13:45:26.945 [JavaFX Application Thread] INFO  o.b.s.BxWinLab.Base.BaseLabel - 控件库Debug模式已开启
2026-01-28 13:45:26.945 [JavaFX Application Thread] INFO  o.b.s.BxWinLab.Base.BaseLabel - 控件库Debug模式已开启
2026-01-28 13:45:26.945 [JavaFX Application Thread] INFO  o.b.s.BxWinLab.Base.BaseLabel - 控件库Debug模式已开启
2026-01-28 13:45:29.226 [JavaFX Application Thread] INFO  o.b.s.BxWinLab.Base.BaseLabel - 控件焦点改变至 - org.bxwbb.spigotplugincreatertool.Window.StartPage@387a4d7c
2026-01-28 13:45:37.570 [JavaFX Application Thread] INFO  o.b.s.HelloApplication - 执行停止...
2026-01-28 14:36:29.283 [JavaFX-Launcher] INFO  o.b.s.HelloApplication - 执行初始化...
2026-01-28 14:36:29.288 [JavaFX Application Thread] INFO  o.b.s.HelloApplication - 工具开始启动并加载...
2026-01-28 14:36:29.328 [JavaFX Application Thread] INFO  o.b.s.BxWinLab.Base.BaseLabel - 控件库Debug模式已开启
2026-01-28 14:36:29.335 [JavaFX Application Thread] INFO  o.b.s.BxWinLab.Base.BaseLabel - 控件库Debug模式已开启
2026-01-28 14:36:29.337 [JavaFX Application Thread] INFO  o.b.s.BxWinLab.Base.BaseLabel - 控件库Debug模式已开启
2026-01-28 14:36:29.338 [JavaFX Application Thread] INFO  o.b.s.Utils.FileUtil - 成功加载文件/org/bxwbb/spigotplugincreatertool/icon/icon.png
2026-01-28 14:36:29.503 [JavaFX Application Thread] INFO  o.b.s.BxWinLab.Base.BaseLabel - 控件库Debug模式已开启
2026-01-28 14:36:29.505 [JavaFX Application Thread] INFO  o.b.s.BxWinLab.Base.BaseLabel - 控件库Debug模式已开启
2026-01-28 14:36:29.506 [JavaFX Application Thread] INFO  o.b.s.BxWinLab.Base.BaseLabel - 控件库Debug模式已开启
2026-01-28 14:36:29.506 [JavaFX Application Thread] INFO  o.b.s.BxWinLab.Base.BaseLabel - 控件库Debug模式已开启
2026-01-28 14:36:29.506 [JavaFX Application Thread] INFO  o.b.s.BxWinLab.Base.BaseLabel - 控件库Debug模式已开启
2026-01-28 14:36:29.530 [JavaFX Application Thread] INFO  o.b.s.BxWinLab.Base.BaseLabel - 控件库Debug模式已开启
2026-01-28 14:36:29.544 [JavaFX Application Thread] INFO  o.b.s.BxWinLab.Base.BaseLabel - 控件库Debug模式已开启
2026-01-28 14:36:29.544 [JavaFX Application Thread] INFO  o.b.s.BxWinLab.Base.BaseLabel - 控件库Debug模式已开启
2026-01-28 14:36:29.544 [JavaFX Application Thread] INFO  o.b.s.BxWinLab.Base.BaseLabel - 控件库Debug模式已开启
2026-01-28 14:36:29.544 [JavaFX Application Thread] INFO  o.b.s.BxWinLab.Base.BaseLabel - 控件库Debug模式已开启
2026-01-28 14:36:29.545 [JavaFX Application Thread] INFO  o.b.s.BxWinLab.Base.BaseLabel - 控件库Debug模式已开启
2026-01-28 14:36:29.546 [JavaFX Application Thread] INFO  o.b.s.BxWinLab.Base.BaseLabel - 控件库Debug模式已开启
2026-01-28 14:36:29.546 [JavaFX Application Thread] INFO  o.b.s.Utils.FileUtil - 成功加载文件/org/bxwbb/spigotplugincreatertool/icon/Universal/OpenFolder.png
2026-01-28 14:36:29.547 [JavaFX Application Thread] INFO  o.b.s.BxWinLab.Base.BaseLabel - 控件库Debug模式已开启
2026-01-28 14:36:29.547 [JavaFX Application Thread] INFO  o.b.s.BxWinLab.Base.BaseLabel - 控件库Debug模式已开启
2026-01-28 14:36:29.547 [JavaFX Application Thread] INFO  o.b.s.BxWinLab.Base.BaseLabel - 控件库Debug模式已开启
2026-01-28 14:36:29.549 [JavaFX Application Thread] INFO  o.b.s.BxWinLab.Base.BaseLabel - 控件库Debug模式已开启
2026-01-28 14:36:29.549 [JavaFX Application Thread] INFO  o.b.s.BxWinLab.Base.BaseLabel - 控件库Debug模式已开启
2026-01-28 14:36:29.549 [JavaFX Application Thread] INFO  o.b.s.BxWinLab.Base.BaseLabel - 控件库Debug模式已开启
2026-01-28 14:36:29.550 [JavaFX Application Thread] INFO  o.b.s.BxWinLab.Base.BaseLabel - 控件库Debug模式已开启
2026-01-28 14:36:29.551 [JavaFX Application Thread] INFO  o.b.s.Utils.FileUtil - 成功加载文件/org/bxwbb/spigotplugincreatertool/icon/Universal/NewProject.png
2026-01-28 14:36:29.551 [JavaFX Application Thread] INFO  o.b.s.BxWinLab.Base.BaseLabel - 控件库Debug模式已开启
2026-01-28 14:36:29.551 [JavaFX Application Thread] INFO  o.b.s.BxWinLab.Base.BaseLabel - 控件库Debug模式已开启
2026-01-28 14:36:29.553 [JavaFX Application Thread] INFO  o.b.s.BxWinLab.Base.BaseLabel - 控件库Debug模式已开启
2026-01-28 14:36:29.553 [JavaFX Application Thread] INFO  o.b.s.BxWinLab.Base.BaseLabel - 控件库Debug模式已开启
2026-01-28 14:36:29.553 [JavaFX Application Thread] INFO  o.b.s.BxWinLab.Base.BaseLabel - 控件库Debug模式已开启
2026-01-28 14:36:29.553 [JavaFX Application Thread] INFO  o.b.s.BxWinLab.Base.BaseLabel - 控件库Debug模式已开启
2026-01-28 14:36:29.554 [JavaFX Application Thread] INFO  o.b.s.BxWinLab.Base.BaseLabel - 控件库Debug模式已开启
2026-01-28 14:36:29.555 [JavaFX Application Thread] INFO  o.b.s.Utils.FileUtil - 成功加载文件/org/bxwbb/spigotplugincreatertool/icon/Universal/Setting.png
2026-01-28 14:36:29.555 [JavaFX Application Thread] INFO  o.b.s.BxWinLab.Base.BaseLabel - 控件库Debug模式已开启
2026-01-28 14:36:29.556 [JavaFX Application Thread] INFO  o.b.s.BxWinLab.Base.BaseLabel - 控件库Debug模式已开启
2026-01-28 14:36:29.556 [JavaFX Application Thread] INFO  o.b.s.BxWinLab.Base.BaseLabel - 控件库Debug模式已开启
2026-01-28 14:36:29.556 [JavaFX Application Thread] INFO  o.b.s.BxWinLab.Base.BaseLabel - 控件库Debug模式已开启
2026-01-28 14:36:29.556 [JavaFX Application Thread] INFO  o.b.s.BxWinLab.Base.BaseLabel - 控件库Debug模式已开启
2026-01-28 14:36:29.557 [JavaFX Application Thread] INFO  o.b.s.BxWinLab.Base.BaseLabel - 控件库Debug模式已开启
2026-01-28 14:36:29.557 [JavaFX Application Thread] INFO  o.b.s.BxWinLab.Base.BaseLabel - 控件库Debug模式已开启
2026-01-28 14:36:29.558 [JavaFX Application Thread] INFO  o.b.s.Utils.FileUtil - 成功加载文件/org/bxwbb/spigotplugincreatertool/icon/Universal/Learn.png
2026-01-28 14:36:29.558 [JavaFX Application Thread] INFO  o.b.s.BxWinLab.Base.BaseLabel - 控件库Debug模式已开启
2026-01-28 14:36:29.558 [JavaFX Application Thread] INFO  o.b.s.BxWinLab.Base.BaseLabel - 控件库Debug模式已开启
2026-01-28 14:36:29.559 [JavaFX Application Thread] INFO  o.b.s.BxWinLab.Base.BaseLabel - 控件库Debug模式已开启
2026-01-28 14:36:29.559 [JavaFX Application Thread] INFO  o.b.s.BxWinLab.Base.BaseLabel - 控件库Debug模式已开启
2026-01-28 14:36:29.559 [JavaFX Application Thread] INFO  o.b.s.BxWinLab.Base.BaseLabel - 控件库Debug模式已开启
2026-01-28 14:36:29.559 [JavaFX Application Thread] INFO  o.b.s.BxWinLab.Base.BaseLabel - 控件库Debug模式已开启
2026-01-28 14:36:29.559 [JavaFX Application Thread] INFO  o.b.s.BxWinLab.Base.BaseLabel - 控件库Debug模式已开启
2026-01-28 14:36:29.560 [JavaFX Application Thread] INFO  o.b.s.Utils.FileUtil - 成功加载文件/org/bxwbb/spigotplugincreatertool/icon/Universal/Quit.png
2026-01-28 14:36:29.561 [JavaFX Application Thread] INFO  o.b.s.BxWinLab.Base.BaseLabel - 控件库Debug模式已开启
2026-01-28 14:36:29.561 [JavaFX Application Thread] INFO  o.b.s.BxWinLab.Base.BaseLabel - 控件库Debug模式已开启
2026-01-28 14:36:29.561 [JavaFX Application Thread] INFO  o.b.s.BxWinLab.Base.BaseLabel - 控件库Debug模式已开启
2026-01-28 14:36:29.562 [JavaFX Application Thread] INFO  o.b.s.BxWinLab.Base.BaseLabel - 控件库Debug模式已开启
2026-01-28 14:36:29.562 [JavaFX Application Thread] INFO  o.b.s.BxWinLab.Base.BaseLabel - 控件库Debug模式已开启
2026-01-28 14:36:29.562 [JavaFX Application Thread] INFO  o.b.s.BxWinLab.Base.BaseLabel - 控件库Debug模式已开启
2026-01-28 14:36:29.562 [JavaFX Application Thread] INFO  o.b.s.BxWinLab.Base.BaseLabel - 控件库Debug模式已开启
2026-01-28 14:36:29.563 [JavaFX Application Thread] INFO  o.b.s.BxWinLab.Base.BaseLabel - 控件库Debug模式已开启
2026-01-28 14:36:29.564 [JavaFX Application Thread] INFO  o.b.s.BxWinLab.Base.BaseLabel - 控件库Debug模式已开启
2026-01-28 14:36:29.565 [JavaFX Application Thread] INFO  o.b.s.BxWinLab.Base.BaseLabel - 控件库Debug模式已开启
2026-01-28 14:36:29.565 [JavaFX Application Thread] INFO  o.b.s.BxWinLab.Base.BaseLabel - 控件库Debug模式已开启
2026-01-28 14:36:29.565 [JavaFX Application Thread] INFO  o.b.s.BxWinLab.Base.BaseLabel - 控件库Debug模式已开启
2026-01-28 14:36:29.565 [JavaFX Application Thread] INFO  o.b.s.BxWinLab.Base.BaseLabel - 控件库Debug模式已开启
2026-01-28 14:36:29.566 [JavaFX Application Thread] INFO  o.b.s.BxWinLab.Base.BaseLabel - 控件库Debug模式已开启
2026-01-28 14:36:29.571 [JavaFX Application Thread] INFO  o.b.s.BxWinLab.Base.BaseLabel - 控件库Debug模式已开启
2026-01-28 14:36:29.571 [JavaFX Application Thread] INFO  o.b.s.BxWinLab.Base.BaseLabel - 控件库Debug模式已开启
2026-01-28 14:36:29.591 [JavaFX Application Thread] INFO  o.b.s.BxWinLab.Base.BaseLabel - 控件库Debug模式已开启
2026-01-28 14:36:29.593 [JavaFX Application Thread] INFO  o.b.s.BxWinLab.Base.BaseLabel - 控件库Debug模式已开启
2026-01-28 14:36:29.593 [JavaFX Application Thread] INFO  o.b.s.BxWinLab.Base.BaseLabel - 控件库Debug模式已开启
2026-01-28 14:36:29.593 [JavaFX Application Thread] INFO  o.b.s.BxWinLab.Base.BaseLabel - 控件库Debug模式已开启
2026-01-28 14:36:29.593 [JavaFX Application Thread] INFO  o.b.s.BxWinLab.Base.BaseLabel - 控件库Debug模式已开启
2026-01-28 14:36:29.593 [JavaFX Application Thread] INFO  o.b.s.BxWinLab.Base.BaseLabel - 控件库Debug模式已开启
2026-01-28 14:36:29.593 [JavaFX Application Thread] INFO  o.b.s.BxWinLab.Base.BaseLabel - 控件库Debug模式已开启
2026-01-28 14:36:29.593 [JavaFX Application Thread] INFO  o.b.s.BxWinLab.Base.BaseLabel - 控件库Debug模式已开启
2026-01-28 14:36:33.631 [JavaFX Application Thread] INFO  o.b.s.BxWinLab.Base.BaseLabel - 控件焦点改变至 - org.bxwbb.spigotplugincreatertool.Window.StartPage@387a4d7c
2026-01-28 14:36:35.480 [JavaFX Application Thread] INFO  o.b.s.HelloApplication - 执行停止...
2026-01-28 15:05:35.201 [JavaFX-Launcher] INFO  o.b.s.HelloApplication - 执行初始化...
2026-01-28 15:05:35.206 [JavaFX Application Thread] INFO  o.b.s.HelloApplication - 工具开始启动并加载...
2026-01-28 15:05:35.242 [JavaFX Application Thread] INFO  o.b.s.BxWinLab.Base.BaseLabel - 控件库Debug模式已开启
2026-01-28 15:05:35.248 [JavaFX Application Thread] INFO  o.b.s.BxWinLab.Base.BaseLabel - 控件库Debug模式已开启
2026-01-28 15:05:35.250 [JavaFX Application Thread] INFO  o.b.s.BxWinLab.Base.BaseLabel - 控件库Debug模式已开启
2026-01-28 15:05:35.251 [JavaFX Application Thread] INFO  o.b.s.Utils.FileUtil - 成功加载文件/org/bxwbb/spigotplugincreatertool/icon/icon.png
2026-01-28 15:05:35.390 [JavaFX Application Thread] INFO  o.b.s.BxWinLab.Base.BaseLabel - 控件库Debug模式已开启
2026-01-28 15:05:35.393 [JavaFX Application Thread] INFO  o.b.s.BxWinLab.Base.BaseLabel - 控件库Debug模式已开启
2026-01-28 15:05:35.393 [JavaFX Application Thread] INFO  o.b.s.BxWinLab.Base.BaseLabel - 控件库Debug模式已开启
2026-01-28 15:05:35.393 [JavaFX Application Thread] INFO  o.b.s.BxWinLab.Base.BaseLabel - 控件库Debug模式已开启
2026-01-28 15:05:35.393 [JavaFX Application Thread] INFO  o.b.s.BxWinLab.Base.BaseLabel - 控件库Debug模式已开启
2026-01-28 15:05:35.417 [JavaFX Application Thread] INFO  o.b.s.BxWinLab.Base.BaseLabel - 控件库Debug模式已开启
2026-01-28 15:05:35.432 [JavaFX Application Thread] INFO  o.b.s.BxWinLab.Base.BaseLabel - 控件库Debug模式已开启
2026-01-28 15:05:35.432 [JavaFX Application Thread] INFO  o.b.s.BxWinLab.Base.BaseLabel - 控件库Debug模式已开启
2026-01-28 15:05:35.432 [JavaFX Application Thread] INFO  o.b.s.BxWinLab.Base.BaseLabel - 控件库Debug模式已开启
2026-01-28 15:05:35.432 [JavaFX Application Thread] INFO  o.b.s.BxWinLab.Base.BaseLabel - 控件库Debug模式已开启
2026-01-28 15:05:35.433 [JavaFX Application Thread] INFO  o.b.s.BxWinLab.Base.BaseLabel - 控件库Debug模式已开启
2026-01-28 15:05:35.434 [JavaFX Application Thread] INFO  o.b.s.BxWinLab.Base.BaseLabel - 控件库Debug模式已开启
2026-01-28 15:05:35.434 [JavaFX Application Thread] INFO  o.b.s.Utils.FileUtil - 成功加载文件/org/bxwbb/spigotplugincreatertool/icon/Universal/OpenFolder.png
2026-01-28 15:05:35.436 [JavaFX Application Thread] INFO  o.b.s.BxWinLab.Base.BaseLabel - 控件库Debug模式已开启
2026-01-28 15:05:35.436 [JavaFX Application Thread] INFO  o.b.s.BxWinLab.Base.BaseLabel - 控件库Debug模式已开启
2026-01-28 15:05:35.437 [JavaFX Application Thread] INFO  o.b.s.BxWinLab.Base.BaseLabel - 控件库Debug模式已开启
2026-01-28 15:05:35.438 [JavaFX Application Thread] INFO  o.b.s.BxWinLab.Base.BaseLabel - 控件库Debug模式已开启
2026-01-28 15:05:35.438 [JavaFX Application Thread] INFO  o.b.s.BxWinLab.Base.BaseLabel - 控件库Debug模式已开启
2026-01-28 15:05:35.439 [JavaFX Application Thread] INFO  o.b.s.BxWinLab.Base.BaseLabel - 控件库Debug模式已开启
2026-01-28 15:05:35.439 [JavaFX Application Thread] INFO  o.b.s.BxWinLab.Base.BaseLabel - 控件库Debug模式已开启
2026-01-28 15:05:35.440 [JavaFX Application Thread] INFO  o.b.s.Utils.FileUtil - 成功加载文件/org/bxwbb/spigotplugincreatertool/icon/Universal/NewProject.png
2026-01-28 15:05:35.440 [JavaFX Application Thread] INFO  o.b.s.BxWinLab.Base.BaseLabel - 控件库Debug模式已开启
2026-01-28 15:05:35.441 [JavaFX Application Thread] INFO  o.b.s.BxWinLab.Base.BaseLabel - 控件库Debug模式已开启
2026-01-28 15:05:35.441 [JavaFX Application Thread] INFO  o.b.s.BxWinLab.Base.BaseLabel - 控件库Debug模式已开启
2026-01-28 15:05:35.441 [JavaFX Application Thread] INFO  o.b.s.BxWinLab.Base.BaseLabel - 控件库Debug模式已开启
2026-01-28 15:05:35.441 [JavaFX Application Thread] INFO  o.b.s.BxWinLab.Base.BaseLabel - 控件库Debug模式已开启
2026-01-28 15:05:35.441 [JavaFX Application Thread] INFO  o.b.s.BxWinLab.Base.BaseLabel - 控件库Debug模式已开启
2026-01-28 15:05:35.442 [JavaFX Application Thread] INFO  o.b.s.BxWinLab.Base.BaseLabel - 控件库Debug模式已开启
2026-01-28 15:05:35.443 [JavaFX Application Thread] INFO  o.b.s.Utils.FileUtil - 成功加载文件/org/bxwbb/spigotplugincreatertool/icon/Universal/Setting.png
2026-01-28 15:05:35.443 [JavaFX Application Thread] INFO  o.b.s.BxWinLab.Base.BaseLabel - 控件库Debug模式已开启
2026-01-28 15:05:35.444 [JavaFX Application Thread] INFO  o.b.s.BxWinLab.Base.BaseLabel - 控件库Debug模式已开启
2026-01-28 15:05:35.444 [JavaFX Application Thread] INFO  o.b.s.BxWinLab.Base.BaseLabel - 控件库Debug模式已开启
2026-01-28 15:05:35.444 [JavaFX Application Thread] INFO  o.b.s.BxWinLab.Base.BaseLabel - 控件库Debug模式已开启
2026-01-28 15:05:35.444 [JavaFX Application Thread] INFO  o.b.s.BxWinLab.Base.BaseLabel - 控件库Debug模式已开启
2026-01-28 15:05:35.444 [JavaFX Application Thread] INFO  o.b.s.BxWinLab.Base.BaseLabel - 控件库Debug模式已开启
2026-01-28 15:05:35.444 [JavaFX Application Thread] INFO  o.b.s.BxWinLab.Base.BaseLabel - 控件库Debug模式已开启
2026-01-28 15:05:35.445 [JavaFX Application Thread] INFO  o.b.s.Utils.FileUtil - 成功加载文件/org/bxwbb/spigotplugincreatertool/icon/Universal/Learn.png
2026-01-28 15:05:35.446 [JavaFX Application Thread] INFO  o.b.s.BxWinLab.Base.BaseLabel - 控件库Debug模式已开启
2026-01-28 15:05:35.446 [JavaFX Application Thread] INFO  o.b.s.BxWinLab.Base.BaseLabel - 控件库Debug模式已开启
2026-01-28 15:05:35.446 [JavaFX Application Thread] INFO  o.b.s.BxWinLab.Base.BaseLabel - 控件库Debug模式已开启
2026-01-28 15:05:35.446 [JavaFX Application Thread] INFO  o.b.s.BxWinLab.Base.BaseLabel - 控件库Debug模式已开启
2026-01-28 15:05:35.446 [JavaFX Application Thread] INFO  o.b.s.BxWinLab.Base.BaseLabel - 控件库Debug模式已开启
2026-01-28 15:05:35.446 [JavaFX Application Thread] INFO  o.b.s.BxWinLab.Base.BaseLabel - 控件库Debug模式已开启
2026-01-28 15:05:35.447 [JavaFX Application Thread] INFO  o.b.s.BxWinLab.Base.BaseLabel - 控件库Debug模式已开启
2026-01-28 15:05:35.447 [JavaFX Application Thread] INFO  o.b.s.Utils.FileUtil - 成功加载文件/org/bxwbb/spigotplugincreatertool/icon/Universal/Quit.png
2026-01-28 15:05:35.448 [JavaFX Application Thread] INFO  o.b.s.BxWinLab.Base.BaseLabel - 控件库Debug模式已开启
2026-01-28 15:05:35.448 [JavaFX Application Thread] INFO  o.b.s.BxWinLab.Base.BaseLabel - 控件库Debug模式已开启
2026-01-28 15:05:35.448 [JavaFX Application Thread] INFO  o.b.s.BxWinLab.Base.BaseLabel - 控件库Debug模式已开启
2026-01-28 15:05:35.448 [JavaFX Application Thread] INFO  o.b.s.BxWinLab.Base.BaseLabel - 控件库Debug模式已开启
2026-01-28 15:05:35.448 [JavaFX Application Thread] INFO  o.b.s.BxWinLab.Base.BaseLabel - 控件库Debug模式已开启
2026-01-28 15:05:35.449 [JavaFX Application Thread] INFO  o.b.s.BxWinLab.Base.BaseLabel - 控件库Debug模式已开启
2026-01-28 15:05:35.449 [JavaFX Application Thread] INFO  o.b.s.BxWinLab.Base.BaseLabel - 控件库Debug模式已开启
2026-01-28 15:05:35.450 [JavaFX Application Thread] INFO  o.b.s.BxWinLab.Base.BaseLabel - 控件库Debug模式已开启
2026-01-28 15:05:35.451 [JavaFX Application Thread] INFO  o.b.s.BxWinLab.Base.BaseLabel - 控件库Debug模式已开启
2026-01-28 15:05:35.452 [JavaFX Application Thread] INFO  o.b.s.BxWinLab.Base.BaseLabel - 控件库Debug模式已开启
2026-01-28 15:05:35.452 [JavaFX Application Thread] INFO  o.b.s.BxWinLab.Base.BaseLabel - 控件库Debug模式已开启
2026-01-28 15:05:35.452 [JavaFX Application Thread] INFO  o.b.s.BxWinLab.Base.BaseLabel - 控件库Debug模式已开启
2026-01-28 15:05:35.456 [JavaFX Application Thread] INFO  o.b.s.BxWinLab.Base.BaseLabel - 控件库Debug模式已开启
2026-01-28 15:05:35.456 [JavaFX Application Thread] INFO  o.b.s.BxWinLab.Base.BaseLabel - 控件库Debug模式已开启
2026-01-28 15:05:35.472 [JavaFX Application Thread] INFO  o.b.s.BxWinLab.Base.BaseLabel - 控件库Debug模式已开启
2026-01-28 15:05:35.472 [JavaFX Application Thread] INFO  o.b.s.BxWinLab.Base.BaseLabel - 控件库Debug模式已开启
2026-01-28 15:05:35.473 [JavaFX Application Thread] INFO  o.b.s.BxWinLab.Base.BaseLabel - 控件库Debug模式已开启
2026-01-28 15:05:35.473 [JavaFX Application Thread] INFO  o.b.s.BxWinLab.Base.BaseLabel - 控件库Debug模式已开启
2026-01-28 15:05:35.473 [JavaFX Application Thread] INFO  o.b.s.BxWinLab.Base.BaseLabel - 控件库Debug模式已开启
2026-01-28 15:05:39.440 [JavaFX Application Thread] INFO  o.b.s.BxWinLab.Base.BaseLabel - 控件焦点改变至 - org.bxwbb.spigotplugincreatertool.BxWinLab.SwitchBox@753634d5
2026-01-28 15:05:42.443 [JavaFX Application Thread] INFO  o.b.s.BxWinLab.Base.BaseLabel - 控件焦点改变至 - org.bxwbb.spigotplugincreatertool.BxWinLab.SwitchBox@46c237b
2026-01-28 15:05:44.620 [JavaFX Application Thread] INFO  o.b.s.BxWinLab.Base.BaseLabel - 控件焦点改变至 - org.bxwbb.spigotplugincreatertool.BxWinLab.SwitchBox@753634d5
2026-01-28 15:05:49.366 [JavaFX Application Thread] INFO  o.b.s.BxWinLab.Base.BaseLabel - 控件焦点改变至 - org.bxwbb.spigotplugincreatertool.BxWinLab.Stage@7a5c3ac
2026-01-28 15:05:49.793 [JavaFX Application Thread] INFO  o.b.s.HelloApplication - 执行停止...
2026-01-28 15:11:10.740 [JavaFX-Launcher] INFO  o.b.s.HelloApplication - 执行初始化...
2026-01-28 15:11:10.746 [JavaFX Application Thread] INFO  o.b.s.HelloApplication - 工具开始启动并加载...
2026-01-28 15:11:10.780 [JavaFX Application Thread] INFO  o.b.s.BxWinLab.Base.BaseLabel - 控件库Debug模式已开启
2026-01-28 15:11:10.785 [JavaFX Application Thread] INFO  o.b.s.BxWinLab.Base.BaseLabel - 控件库Debug模式已开启
2026-01-28 15:11:10.788 [JavaFX Application Thread] INFO  o.b.s.BxWinLab.Base.BaseLabel - 控件库Debug模式已开启
2026-01-28 15:11:10.789 [JavaFX Application Thread] INFO  o.b.s.Utils.FileUtil - 成功加载文件/org/bxwbb/spigotplugincreatertool/icon/icon.png
2026-01-28 15:11:10.936 [JavaFX Application Thread] INFO  o.b.s.BxWinLab.Base.BaseLabel - 控件库Debug模式已开启
2026-01-28 15:11:10.938 [JavaFX Application Thread] INFO  o.b.s.BxWinLab.Base.BaseLabel - 控件库Debug模式已开启
2026-01-28 15:11:10.938 [JavaFX Application Thread] INFO  o.b.s.BxWinLab.Base.BaseLabel - 控件库Debug模式已开启
2026-01-28 15:11:10.939 [JavaFX Application Thread] INFO  o.b.s.BxWinLab.Base.BaseLabel - 控件库Debug模式已开启
2026-01-28 15:11:10.939 [JavaFX Application Thread] INFO  o.b.s.BxWinLab.Base.BaseLabel - 控件库Debug模式已开启
2026-01-28 15:11:10.961 [JavaFX Application Thread] INFO  o.b.s.BxWinLab.Base.BaseLabel - 控件库Debug模式已开启
2026-01-28 15:11:10.975 [JavaFX Application Thread] INFO  o.b.s.BxWinLab.Base.BaseLabel - 控件库Debug模式已开启
2026-01-28 15:11:10.975 [JavaFX Application Thread] INFO  o.b.s.BxWinLab.Base.BaseLabel - 控件库Debug模式已开启
2026-01-28 15:11:10.975 [JavaFX Application Thread] INFO  o.b.s.BxWinLab.Base.BaseLabel - 控件库Debug模式已开启
2026-01-28 15:11:10.976 [JavaFX Application Thread] INFO  o.b.s.BxWinLab.Base.BaseLabel - 控件库Debug模式已开启
2026-01-28 15:11:10.977 [JavaFX Application Thread] INFO  o.b.s.BxWinLab.Base.BaseLabel - 控件库Debug模式已开启
2026-01-28 15:11:10.977 [JavaFX Application Thread] INFO  o.b.s.BxWinLab.Base.BaseLabel - 控件库Debug模式已开启
2026-01-28 15:11:10.977 [JavaFX Application Thread] INFO  o.b.s.Utils.FileUtil - 成功加载文件/org/bxwbb/spigotplugincreatertool/icon/Universal/OpenFolder.png
2026-01-28 15:11:10.980 [JavaFX Application Thread] INFO  o.b.s.BxWinLab.Base.BaseLabel - 控件库Debug模式已开启
2026-01-28 15:11:10.980 [JavaFX Application Thread] INFO  o.b.s.BxWinLab.Base.BaseLabel - 控件库Debug模式已开启
2026-01-28 15:11:10.981 [JavaFX Application Thread] INFO  o.b.s.BxWinLab.Base.BaseLabel - 控件库Debug模式已开启
2026-01-28 15:11:10.982 [JavaFX Application Thread] INFO  o.b.s.BxWinLab.Base.BaseLabel - 控件库Debug模式已开启
2026-01-28 15:11:10.982 [JavaFX Application Thread] INFO  o.b.s.BxWinLab.Base.BaseLabel - 控件库Debug模式已开启
2026-01-28 15:11:10.982 [JavaFX Application Thread] INFO  o.b.s.BxWinLab.Base.BaseLabel - 控件库Debug模式已开启
2026-01-28 15:11:10.983 [JavaFX Application Thread] INFO  o.b.s.BxWinLab.Base.BaseLabel - 控件库Debug模式已开启
2026-01-28 15:11:10.984 [JavaFX Application Thread] INFO  o.b.s.Utils.FileUtil - 成功加载文件/org/bxwbb/spigotplugincreatertool/icon/Universal/NewProject.png
2026-01-28 15:11:10.985 [JavaFX Application Thread] INFO  o.b.s.BxWinLab.Base.BaseLabel - 控件库Debug模式已开启
2026-01-28 15:11:10.985 [JavaFX Application Thread] INFO  o.b.s.BxWinLab.Base.BaseLabel - 控件库Debug模式已开启
2026-01-28 15:11:10.985 [JavaFX Application Thread] INFO  o.b.s.BxWinLab.Base.BaseLabel - 控件库Debug模式已开启
2026-01-28 15:11:10.986 [JavaFX Application Thread] INFO  o.b.s.BxWinLab.Base.BaseLabel - 控件库Debug模式已开启
2026-01-28 15:11:10.986 [JavaFX Application Thread] INFO  o.b.s.BxWinLab.Base.BaseLabel - 控件库Debug模式已开启
2026-01-28 15:11:10.986 [JavaFX Application Thread] INFO  o.b.s.BxWinLab.Base.BaseLabel - 控件库Debug模式已开启
2026-01-28 15:11:10.986 [JavaFX Application Thread] INFO  o.b.s.BxWinLab.Base.BaseLabel - 控件库Debug模式已开启
2026-01-28 15:11:10.987 [JavaFX Application Thread] INFO  o.b.s.Utils.FileUtil - 成功加载文件/org/bxwbb/spigotplugincreatertool/icon/Universal/Setting.png
2026-01-28 15:11:10.987 [JavaFX Application Thread] INFO  o.b.s.BxWinLab.Base.BaseLabel - 控件库Debug模式已开启
2026-01-28 15:11:10.988 [JavaFX Application Thread] INFO  o.b.s.BxWinLab.Base.BaseLabel - 控件库Debug模式已开启
2026-01-28 15:11:10.988 [JavaFX Application Thread] INFO  o.b.s.BxWinLab.Base.BaseLabel - 控件库Debug模式已开启
2026-01-28 15:11:10.988 [JavaFX Application Thread] INFO  o.b.s.BxWinLab.Base.BaseLabel - 控件库Debug模式已开启
2026-01-28 15:11:10.988 [JavaFX Application Thread] INFO  o.b.s.BxWinLab.Base.BaseLabel - 控件库Debug模式已开启
2026-01-28 15:11:10.988 [JavaFX Application Thread] INFO  o.b.s.BxWinLab.Base.BaseLabel - 控件库Debug模式已开启
2026-01-28 15:11:10.989 [JavaFX Application Thread] INFO  o.b.s.BxWinLab.Base.BaseLabel - 控件库Debug模式已开启
2026-01-28 15:11:10.989 [JavaFX Application Thread] INFO  o.b.s.Utils.FileUtil - 成功加载文件/org/bxwbb/spigotplugincreatertool/icon/Universal/Learn.png
2026-01-28 15:11:10.991 [JavaFX Application Thread] INFO  o.b.s.BxWinLab.Base.BaseLabel - 控件库Debug模式已开启
2026-01-28 15:11:10.991 [JavaFX Application Thread] INFO  o.b.s.BxWinLab.Base.BaseLabel - 控件库Debug模式已开启
2026-01-28 15:11:10.992 [JavaFX Application Thread] INFO  o.b.s.BxWinLab.Base.BaseLabel - 控件库Debug模式已开启
2026-01-28 15:11:10.992 [JavaFX Application Thread] INFO  o.b.s.BxWinLab.Base.BaseLabel - 控件库Debug模式已开启
2026-01-28 15:11:10.992 [JavaFX Application Thread] INFO  o.b.s.BxWinLab.Base.BaseLabel - 控件库Debug模式已开启
2026-01-28 15:11:10.992 [JavaFX Application Thread] INFO  o.b.s.BxWinLab.Base.BaseLabel - 控件库Debug模式已开启
2026-01-28 15:11:10.992 [JavaFX Application Thread] INFO  o.b.s.BxWinLab.Base.BaseLabel - 控件库Debug模式已开启
2026-01-28 15:11:10.992 [JavaFX Application Thread] INFO  o.b.s.Utils.FileUtil - 成功加载文件/org/bxwbb/spigotplugincreatertool/icon/Universal/Quit.png
2026-01-28 15:11:10.993 [JavaFX Application Thread] INFO  o.b.s.BxWinLab.Base.BaseLabel - 控件库Debug模式已开启
2026-01-28 15:11:10.993 [JavaFX Application Thread] INFO  o.b.s.BxWinLab.Base.BaseLabel - 控件库Debug模式已开启
2026-01-28 15:11:10.993 [JavaFX Application Thread] INFO  o.b.s.BxWinLab.Base.BaseLabel - 控件库Debug模式已开启
2026-01-28 15:11:10.993 [JavaFX Application Thread] INFO  o.b.s.BxWinLab.Base.BaseLabel - 控件库Debug模式已开启
2026-01-28 15:11:10.993 [JavaFX Application Thread] INFO  o.b.s.BxWinLab.Base.BaseLabel - 控件库Debug模式已开启
2026-01-28 15:11:10.993 [JavaFX Application Thread] INFO  o.b.s.BxWinLab.Base.BaseLabel - 控件库Debug模式已开启
2026-01-28 15:11:10.993 [JavaFX Application Thread] INFO  o.b.s.BxWinLab.Base.BaseLabel - 控件库Debug模式已开启
2026-01-28 15:11:10.994 [JavaFX Application Thread] INFO  o.b.s.BxWinLab.Base.BaseLabel - 控件库Debug模式已开启
2026-01-28 15:11:10.995 [JavaFX Application Thread] INFO  o.b.s.BxWinLab.Base.BaseLabel - 控件库Debug模式已开启
2026-01-28 15:11:10.996 [JavaFX Application Thread] INFO  o.b.s.BxWinLab.Base.BaseLabel - 控件库Debug模式已开启
2026-01-28 15:11:10.996 [JavaFX Application Thread] INFO  o.b.s.BxWinLab.Base.BaseLabel - 控件库Debug模式已开启
2026-01-28 15:11:10.996 [JavaFX Application Thread] INFO  o.b.s.BxWinLab.Base.BaseLabel - 控件库Debug模式已开启
2026-01-28 15:11:11.001 [JavaFX Application Thread] INFO  o.b.s.BxWinLab.Base.BaseLabel - 控件库Debug模式已开启
2026-01-28 15:11:11.001 [JavaFX Application Thread] INFO  o.b.s.BxWinLab.Base.BaseLabel - 控件库Debug模式已开启
2026-01-28 15:11:11.017 [JavaFX Application Thread] INFO  o.b.s.BxWinLab.Base.BaseLabel - 控件库Debug模式已开启
2026-01-28 15:11:11.018 [JavaFX Application Thread] INFO  o.b.s.BxWinLab.Base.BaseLabel - 控件库Debug模式已开启
2026-01-28 15:11:11.018 [JavaFX Application Thread] INFO  o.b.s.BxWinLab.Base.BaseLabel - 控件库Debug模式已开启
2026-01-28 15:11:11.018 [JavaFX Application Thread] INFO  o.b.s.BxWinLab.Base.BaseLabel - 控件库Debug模式已开启
2026-01-28 15:11:11.018 [JavaFX Application Thread] INFO  o.b.s.BxWinLab.Base.BaseLabel - 控件库Debug模式已开启
2026-01-28 15:11:12.385 [JavaFX Application Thread] INFO  o.b.s.BxWinLab.Base.BaseLabel - 控件焦点改变至 - org.bxwbb.spigotplugincreatertool.BxWinLab.SwitchBox@753634d5
2026-01-28 15:12:44.209 [JavaFX-Launcher] INFO  o.b.s.HelloApplication - 执行初始化...
2026-01-28 15:12:44.215 [JavaFX Application Thread] INFO  o.b.s.HelloApplication - 工具开始启动并加载...
2026-01-28 15:12:44.257 [JavaFX Application Thread] INFO  o.b.s.Utils.FileUtil - 成功加载文件/org/bxwbb/spigotplugincreatertool/icon/icon.png
2026-01-28 15:12:44.437 [JavaFX Application Thread] INFO  o.b.s.Utils.FileUtil - 成功加载文件/org/bxwbb/spigotplugincreatertool/icon/Universal/OpenFolder.png
2026-01-28 15:12:44.442 [JavaFX Application Thread] INFO  o.b.s.Utils.FileUtil - 成功加载文件/org/bxwbb/spigotplugincreatertool/icon/Universal/NewProject.png
2026-01-28 15:12:44.444 [JavaFX Application Thread] INFO  o.b.s.Utils.FileUtil - 成功加载文件/org/bxwbb/spigotplugincreatertool/icon/Universal/Setting.png
2026-01-28 15:12:44.447 [JavaFX Application Thread] INFO  o.b.s.Utils.FileUtil - 成功加载文件/org/bxwbb/spigotplugincreatertool/icon/Universal/Learn.png
2026-01-28 15:12:44.449 [JavaFX Application Thread] INFO  o.b.s.Utils.FileUtil - 成功加载文件/org/bxwbb/spigotplugincreatertool/icon/Universal/Quit.png
2026-01-28 15:12:48.887 [JavaFX Application Thread] INFO  o.b.s.BxWinLab.Base.BaseLabel - 控件焦点改变至 - org.bxwbb.spigotplugincreatertool.BxWinLab.SwitchBox@739215e9
2026-01-28 15:12:51.349 [JavaFX Application Thread] INFO  o.b.s.BxWinLab.Base.BaseLabel - 控件焦点改变至 - org.bxwbb.spigotplugincreatertool.BxWinLab.SwitchBox@6a878fcc
2026-01-28 15:12:53.516 [JavaFX Application Thread] INFO  o.b.s.BxWinLab.Base.BaseLabel - 控件焦点改变至 - org.bxwbb.spigotplugincreatertool.BxWinLab.SwitchBox@739215e9
2026-01-28 15:12:55.010 [JavaFX Application Thread] INFO  o.b.s.BxWinLab.Base.BaseLabel - 控件焦点改变至 - org.bxwbb.spigotplugincreatertool.Window.StartPage@20647794
2026-01-28 15:12:55.329 [JavaFX Application Thread] INFO  o.b.s.BxWinLab.Base.BaseLabel - 控件焦点改变至 - org.bxwbb.spigotplugincreatertool.BxWinLab.SwitchBox@6a878fcc
2026-01-28 15:13:55.814 [JavaFX Application Thread] INFO  o.b.s.HelloApplication - 执行停止...
2026-01-28 15:15:17.090 [JavaFX-Launcher] INFO  o.b.s.HelloApplication - 执行初始化...
2026-01-28 15:15:17.096 [JavaFX Application Thread] INFO  o.b.s.HelloApplication - 工具开始启动并加载...
2026-01-28 15:15:17.136 [JavaFX Application Thread] INFO  o.b.s.Utils.FileUtil - 成功加载文件/org/bxwbb/spigotplugincreatertool/icon/icon.png
2026-01-28 15:15:17.317 [JavaFX Application Thread] INFO  o.b.s.Utils.FileUtil - 成功加载文件/org/bxwbb/spigotplugincreatertool/icon/Universal/OpenFolder.png
2026-01-28 15:15:17.322 [JavaFX Application Thread] INFO  o.b.s.Utils.FileUtil - 成功加载文件/org/bxwbb/spigotplugincreatertool/icon/Universal/NewProject.png
2026-01-28 15:15:17.324 [JavaFX Application Thread] INFO  o.b.s.Utils.FileUtil - 成功加载文件/org/bxwbb/spigotplugincreatertool/icon/Universal/Setting.png
2026-01-28 15:15:17.327 [JavaFX Application Thread] INFO  o.b.s.Utils.FileUtil - 成功加载文件/org/bxwbb/spigotplugincreatertool/icon/Universal/Learn.png
2026-01-28 15:15:17.330 [JavaFX Application Thread] INFO  o.b.s.Utils.FileUtil - 成功加载文件/org/bxwbb/spigotplugincreatertool/icon/Universal/Quit.png
2026-01-28 15:15:21.041 [JavaFX Application Thread] INFO  o.b.s.BxWinLab.Base.BaseLabel - 控件焦点改变至 - org.bxwbb.spigotplugincreatertool.BxWinLab.SwitchBox@739215e9
2026-01-28 15:15:22.602 [JavaFX Application Thread] INFO  o.b.s.BxWinLab.Base.BaseLabel - 控件焦点改变至 - org.bxwbb.spigotplugincreatertool.Window.StartPage@6a878fcc
2026-01-28 15:15:25.506 [JavaFX Application Thread] INFO  o.b.s.BxWinLab.Base.BaseLabel - 控件焦点改变至 - org.bxwbb.spigotplugincreatertool.BxWinLab.SwitchBox@739215e9
2026-01-28 15:15:28.674 [JavaFX Application Thread] INFO  o.b.s.HelloApplication - 执行停止...
2026-01-28 15:15:42.397 [JavaFX-Launcher] INFO  o.b.s.HelloApplication - 执行初始化...
2026-01-28 15:15:42.402 [JavaFX Application Thread] INFO  o.b.s.HelloApplication - 工具开始启动并加载...
2026-01-28 15:15:42.437 [JavaFX Application Thread] INFO  o.b.s.BxWinLab.Base.BaseLabel - 控件库Debug模式已开启
2026-01-28 15:15:42.443 [JavaFX Application Thread] INFO  o.b.s.BxWinLab.Base.BaseLabel - 控件库Debug模式已开启
2026-01-28 15:15:42.445 [JavaFX Application Thread] INFO  o.b.s.BxWinLab.Base.BaseLabel - 控件库Debug模式已开启
2026-01-28 15:15:42.446 [JavaFX Application Thread] INFO  o.b.s.Utils.FileUtil - 成功加载文件/org/bxwbb/spigotplugincreatertool/icon/icon.png
2026-01-28 15:15:42.593 [JavaFX Application Thread] INFO  o.b.s.BxWinLab.Base.BaseLabel - 控件库Debug模式已开启
2026-01-28 15:15:42.595 [JavaFX Application Thread] INFO  o.b.s.BxWinLab.Base.BaseLabel - 控件库Debug模式已开启
2026-01-28 15:15:42.596 [JavaFX Application Thread] INFO  o.b.s.BxWinLab.Base.BaseLabel - 控件库Debug模式已开启
2026-01-28 15:15:42.596 [JavaFX Application Thread] INFO  o.b.s.BxWinLab.Base.BaseLabel - 控件库Debug模式已开启
2026-01-28 15:15:42.596 [JavaFX Application Thread] INFO  o.b.s.BxWinLab.Base.BaseLabel - 控件库Debug模式已开启
2026-01-28 15:15:42.615 [JavaFX Application Thread] INFO  o.b.s.BxWinLab.Base.BaseLabel - 控件库Debug模式已开启
2026-01-28 15:15:42.629 [JavaFX Application Thread] INFO  o.b.s.BxWinLab.Base.BaseLabel - 控件库Debug模式已开启
2026-01-28 15:15:42.629 [JavaFX Application Thread] INFO  o.b.s.BxWinLab.Base.BaseLabel - 控件库Debug模式已开启
2026-01-28 15:15:42.629 [JavaFX Application Thread] INFO  o.b.s.BxWinLab.Base.BaseLabel - 控件库Debug模式已开启
2026-01-28 15:15:42.630 [JavaFX Application Thread] INFO  o.b.s.BxWinLab.Base.BaseLabel - 控件库Debug模式已开启
2026-01-28 15:15:42.631 [JavaFX Application Thread] INFO  o.b.s.BxWinLab.Base.BaseLabel - 控件库Debug模式已开启
2026-01-28 15:15:42.631 [JavaFX Application Thread] INFO  o.b.s.BxWinLab.Base.BaseLabel - 控件库Debug模式已开启
2026-01-28 15:15:42.632 [JavaFX Application Thread] INFO  o.b.s.Utils.FileUtil - 成功加载文件/org/bxwbb/spigotplugincreatertool/icon/Universal/OpenFolder.png
2026-01-28 15:15:42.636 [JavaFX Application Thread] INFO  o.b.s.BxWinLab.Base.BaseLabel - 控件库Debug模式已开启
2026-01-28 15:15:42.637 [JavaFX Application Thread] INFO  o.b.s.BxWinLab.Base.BaseLabel - 控件库Debug模式已开启
2026-01-28 15:15:42.637 [JavaFX Application Thread] INFO  o.b.s.BxWinLab.Base.BaseLabel - 控件库Debug模式已开启
2026-01-28 15:15:42.639 [JavaFX Application Thread] INFO  o.b.s.BxWinLab.Base.BaseLabel - 控件库Debug模式已开启
2026-01-28 15:15:42.639 [JavaFX Application Thread] INFO  o.b.s.BxWinLab.Base.BaseLabel - 控件库Debug模式已开启
2026-01-28 15:15:42.639 [JavaFX Application Thread] INFO  o.b.s.BxWinLab.Base.BaseLabel - 控件库Debug模式已开启
2026-01-28 15:15:42.639 [JavaFX Application Thread] INFO  o.b.s.BxWinLab.Base.BaseLabel - 控件库Debug模式已开启
2026-01-28 15:15:42.641 [JavaFX Application Thread] INFO  o.b.s.Utils.FileUtil - 成功加载文件/org/bxwbb/spigotplugincreatertool/icon/Universal/NewProject.png
2026-01-28 15:15:42.642 [JavaFX Application Thread] INFO  o.b.s.BxWinLab.Base.BaseLabel - 控件库Debug模式已开启
2026-01-28 15:15:42.642 [JavaFX Application Thread] INFO  o.b.s.BxWinLab.Base.BaseLabel - 控件库Debug模式已开启
2026-01-28 15:15:42.643 [JavaFX Application Thread] INFO  o.b.s.BxWinLab.Base.BaseLabel - 控件库Debug模式已开启
2026-01-28 15:15:42.643 [JavaFX Application Thread] INFO  o.b.s.BxWinLab.Base.BaseLabel - 控件库Debug模式已开启
2026-01-28 15:15:42.643 [JavaFX Application Thread] INFO  o.b.s.BxWinLab.Base.BaseLabel - 控件库Debug模式已开启
2026-01-28 15:15:42.643 [JavaFX Application Thread] INFO  o.b.s.BxWinLab.Base.BaseLabel - 控件库Debug模式已开启
2026-01-28 15:15:42.643 [JavaFX Application Thread] INFO  o.b.s.BxWinLab.Base.BaseLabel - 控件库Debug模式已开启
2026-01-28 15:15:42.644 [JavaFX Application Thread] INFO  o.b.s.Utils.FileUtil - 成功加载文件/org/bxwbb/spigotplugincreatertool/icon/Universal/Setting.png
2026-01-28 15:15:42.645 [JavaFX Application Thread] INFO  o.b.s.BxWinLab.Base.BaseLabel - 控件库Debug模式已开启
2026-01-28 15:15:42.645 [JavaFX Application Thread] INFO  o.b.s.BxWinLab.Base.BaseLabel - 控件库Debug模式已开启
2026-01-28 15:15:42.646 [JavaFX Application Thread] INFO  o.b.s.BxWinLab.Base.BaseLabel - 控件库Debug模式已开启
2026-01-28 15:15:42.646 [JavaFX Application Thread] INFO  o.b.s.BxWinLab.Base.BaseLabel - 控件库Debug模式已开启
2026-01-28 15:15:42.646 [JavaFX Application Thread] INFO  o.b.s.BxWinLab.Base.BaseLabel - 控件库Debug模式已开启
2026-01-28 15:15:42.646 [JavaFX Application Thread] INFO  o.b.s.BxWinLab.Base.BaseLabel - 控件库Debug模式已开启
2026-01-28 15:15:42.646 [JavaFX Application Thread] INFO  o.b.s.BxWinLab.Base.BaseLabel - 控件库Debug模式已开启
2026-01-28 15:15:42.647 [JavaFX Application Thread] INFO  o.b.s.Utils.FileUtil - 成功加载文件/org/bxwbb/spigotplugincreatertool/icon/Universal/Learn.png
2026-01-28 15:15:42.647 [JavaFX Application Thread] INFO  o.b.s.BxWinLab.Base.BaseLabel - 控件库Debug模式已开启
2026-01-28 15:15:42.648 [JavaFX Application Thread] INFO  o.b.s.BxWinLab.Base.BaseLabel - 控件库Debug模式已开启
2026-01-28 15:15:42.648 [JavaFX Application Thread] INFO  o.b.s.BxWinLab.Base.BaseLabel - 控件库Debug模式已开启
2026-01-28 15:15:42.648 [JavaFX Application Thread] INFO  o.b.s.BxWinLab.Base.BaseLabel - 控件库Debug模式已开启
2026-01-28 15:15:42.648 [JavaFX Application Thread] INFO  o.b.s.BxWinLab.Base.BaseLabel - 控件库Debug模式已开启
2026-01-28 15:15:42.648 [JavaFX Application Thread] INFO  o.b.s.BxWinLab.Base.BaseLabel - 控件库Debug模式已开启
2026-01-28 15:15:42.648 [JavaFX Application Thread] INFO  o.b.s.BxWinLab.Base.BaseLabel - 控件库Debug模式已开启
2026-01-28 15:15:42.649 [JavaFX Application Thread] INFO  o.b.s.Utils.FileUtil - 成功加载文件/org/bxwbb/spigotplugincreatertool/icon/Universal/Quit.png
2026-01-28 15:15:42.650 [JavaFX Application Thread] INFO  o.b.s.BxWinLab.Base.BaseLabel - 控件库Debug模式已开启
2026-01-28 15:15:42.650 [JavaFX Application Thread] INFO  o.b.s.BxWinLab.Base.BaseLabel - 控件库Debug模式已开启
2026-01-28 15:15:42.650 [JavaFX Application Thread] INFO  o.b.s.BxWinLab.Base.BaseLabel - 控件库Debug模式已开启
2026-01-28 15:15:42.650 [JavaFX Application Thread] INFO  o.b.s.BxWinLab.Base.BaseLabel - 控件库Debug模式已开启
2026-01-28 15:15:42.650 [JavaFX Application Thread] INFO  o.b.s.BxWinLab.Base.BaseLabel - 控件库Debug模式已开启
2026-01-28 15:15:42.650 [JavaFX Application Thread] INFO  o.b.s.BxWinLab.Base.BaseLabel - 控件库Debug模式已开启
2026-01-28 15:15:42.650 [JavaFX Application Thread] INFO  o.b.s.BxWinLab.Base.BaseLabel - 控件库Debug模式已开启
2026-01-28 15:15:42.651 [JavaFX Application Thread] INFO  o.b.s.BxWinLab.Base.BaseLabel - 控件库Debug模式已开启
2026-01-28 15:15:42.652 [JavaFX Application Thread] INFO  o.b.s.BxWinLab.Base.BaseLabel - 控件库Debug模式已开启
2026-01-28 15:15:42.653 [JavaFX Application Thread] INFO  o.b.s.BxWinLab.Base.BaseLabel - 控件库Debug模式已开启
2026-01-28 15:15:42.653 [JavaFX Application Thread] INFO  o.b.s.BxWinLab.Base.BaseLabel - 控件库Debug模式已开启
2026-01-28 15:15:42.653 [JavaFX Application Thread] INFO  o.b.s.BxWinLab.Base.BaseLabel - 控件库Debug模式已开启
2026-01-28 15:15:42.658 [JavaFX Application Thread] INFO  o.b.s.BxWinLab.Base.BaseLabel - 控件库Debug模式已开启
2026-01-28 15:15:42.659 [JavaFX Application Thread] INFO  o.b.s.BxWinLab.Base.BaseLabel - 控件库Debug模式已开启
2026-01-28 15:15:42.676 [JavaFX Application Thread] INFO  o.b.s.BxWinLab.Base.BaseLabel - 控件库Debug模式已开启
2026-01-28 15:15:42.676 [JavaFX Application Thread] INFO  o.b.s.BxWinLab.Base.BaseLabel - 控件库Debug模式已开启
2026-01-28 15:15:42.676 [JavaFX Application Thread] INFO  o.b.s.BxWinLab.Base.BaseLabel - 控件库Debug模式已开启
2026-01-28 15:15:42.676 [JavaFX Application Thread] INFO  o.b.s.BxWinLab.Base.BaseLabel - 控件库Debug模式已开启
2026-01-28 15:15:42.677 [JavaFX Application Thread] INFO  o.b.s.BxWinLab.Base.BaseLabel - 控件库Debug模式已开启
2026-01-28 15:15:46.876 [JavaFX Application Thread] INFO  o.b.s.BxWinLab.Base.BaseLabel - 控件焦点改变至 - org.bxwbb.spigotplugincreatertool.Window.StartPage@1a98ec74
2026-01-28 15:15:48.249 [JavaFX Application Thread] INFO  o.b.s.BxWinLab.Base.BaseLabel - 控件焦点改变至 - org.bxwbb.spigotplugincreatertool.BxWinLab.SwitchBox@2529e996
2026-01-28 15:27:14.985 [JavaFX Application Thread] INFO  o.b.s.BxWinLab.Base.BaseLabel - 控件焦点改变至 - org.bxwbb.spigotplugincreatertool.Window.StartPage@1a98ec74
2026-01-28 15:27:16.881 [JavaFX Application Thread] INFO  o.b.s.BxWinLab.Base.BaseLabel - 控件焦点改变至 - org.bxwbb.spigotplugincreatertool.BxWinLab.ImageTextButtonBox@88b9b7e
2026-01-28 15:27:17.449 [JavaFX Application Thread] INFO  o.b.s.BxWinLab.Base.BaseLabel - 控件焦点改变至 - org.bxwbb.spigotplugincreatertool.BxWinLab.ImageTextButtonBox@46c237b
2026-01-28 15:27:17.833 [JavaFX Application Thread] INFO  o.b.s.BxWinLab.Base.BaseLabel - 控件焦点改变至 - org.bxwbb.spigotplugincreatertool.Window.StartPage@1a98ec74
2026-01-28 15:27:21.854 [JavaFX Application Thread] INFO  o.b.s.HelloApplication - 执行停止...
2026-01-28 15:29:15.134 [JavaFX-Launcher] INFO  o.b.s.HelloApplication - 执行初始化...
2026-01-28 15:29:15.139 [JavaFX Application Thread] INFO  o.b.s.HelloApplication - 工具开始启动并加载...
2026-01-28 15:29:15.174 [JavaFX Application Thread] INFO  o.b.s.BxWinLab.Base.BaseLabel - 控件库Debug模式已开启
2026-01-28 15:29:15.179 [JavaFX Application Thread] INFO  o.b.s.BxWinLab.Base.BaseLabel - 控件库Debug模式已开启
2026-01-28 15:29:15.181 [JavaFX Application Thread] INFO  o.b.s.BxWinLab.Base.BaseLabel - 控件库Debug模式已开启
2026-01-28 15:29:15.183 [JavaFX Application Thread] INFO  o.b.s.Utils.FileUtil - 成功加载文件/org/bxwbb/spigotplugincreatertool/icon/icon.png
2026-01-28 15:29:15.325 [JavaFX Application Thread] INFO  o.b.s.BxWinLab.Base.BaseLabel - 控件库Debug模式已开启
2026-01-28 15:29:15.328 [JavaFX Application Thread] INFO  o.b.s.BxWinLab.Base.BaseLabel - 控件库Debug模式已开启
2026-01-28 15:29:15.328 [JavaFX Application Thread] INFO  o.b.s.BxWinLab.Base.BaseLabel - 控件库Debug模式已开启
2026-01-28 15:29:15.329 [JavaFX Application Thread] INFO  o.b.s.BxWinLab.Base.BaseLabel - 控件库Debug模式已开启
2026-01-28 15:29:15.329 [JavaFX Application Thread] INFO  o.b.s.BxWinLab.Base.BaseLabel - 控件库Debug模式已开启
2026-01-28 15:29:15.351 [JavaFX Application Thread] INFO  o.b.s.BxWinLab.Base.BaseLabel - 控件库Debug模式已开启
2026-01-28 15:29:15.365 [JavaFX Application Thread] INFO  o.b.s.BxWinLab.Base.BaseLabel - 控件库Debug模式已开启
2026-01-28 15:29:15.365 [JavaFX Application Thread] INFO  o.b.s.BxWinLab.Base.BaseLabel - 控件库Debug模式已开启
2026-01-28 15:29:15.365 [JavaFX Application Thread] INFO  o.b.s.BxWinLab.Base.BaseLabel - 控件库Debug模式已开启
2026-01-28 15:29:15.365 [JavaFX Application Thread] INFO  o.b.s.BxWinLab.Base.BaseLabel - 控件库Debug模式已开启
2026-01-28 15:29:15.366 [JavaFX Application Thread] INFO  o.b.s.BxWinLab.Base.BaseLabel - 控件库Debug模式已开启
2026-01-28 15:29:15.367 [JavaFX Application Thread] INFO  o.b.s.BxWinLab.Base.BaseLabel - 控件库Debug模式已开启
2026-01-28 15:29:15.367 [JavaFX Application Thread] INFO  o.b.s.Utils.FileUtil - 成功加载文件/org/bxwbb/spigotplugincreatertool/icon/Universal/OpenFolder.png
2026-01-28 15:29:15.369 [JavaFX Application Thread] INFO  o.b.s.BxWinLab.Base.BaseLabel - 控件库Debug模式已开启
2026-01-28 15:29:15.370 [JavaFX Application Thread] INFO  o.b.s.BxWinLab.Base.BaseLabel - 控件库Debug模式已开启
2026-01-28 15:29:15.370 [JavaFX Application Thread] INFO  o.b.s.BxWinLab.Base.BaseLabel - 控件库Debug模式已开启
2026-01-28 15:29:15.372 [JavaFX Application Thread] INFO  o.b.s.BxWinLab.Base.BaseLabel - 控件库Debug模式已开启
2026-01-28 15:29:15.372 [JavaFX Application Thread] INFO  o.b.s.BxWinLab.Base.BaseLabel - 控件库Debug模式已开启
2026-01-28 15:29:15.372 [JavaFX Application Thread] INFO  o.b.s.BxWinLab.Base.BaseLabel - 控件库Debug模式已开启
2026-01-28 15:29:15.372 [JavaFX Application Thread] INFO  o.b.s.BxWinLab.Base.BaseLabel - 控件库Debug模式已开启
2026-01-28 15:29:15.373 [JavaFX Application Thread] INFO  o.b.s.Utils.FileUtil - 成功加载文件/org/bxwbb/spigotplugincreatertool/icon/Universal/NewProject.png
2026-01-28 15:29:15.374 [JavaFX Application Thread] INFO  o.b.s.BxWinLab.Base.BaseLabel - 控件库Debug模式已开启
2026-01-28 15:29:15.374 [JavaFX Application Thread] INFO  o.b.s.BxWinLab.Base.BaseLabel - 控件库Debug模式已开启
2026-01-28 15:29:15.375 [JavaFX Application Thread] INFO  o.b.s.BxWinLab.Base.BaseLabel - 控件库Debug模式已开启
2026-01-28 15:29:15.375 [JavaFX Application Thread] INFO  o.b.s.BxWinLab.Base.BaseLabel - 控件库Debug模式已开启
2026-01-28 15:29:15.375 [JavaFX Application Thread] INFO  o.b.s.BxWinLab.Base.BaseLabel - 控件库Debug模式已开启
2026-01-28 15:29:15.375 [JavaFX Application Thread] INFO  o.b.s.BxWinLab.Base.BaseLabel - 控件库Debug模式已开启
2026-01-28 15:29:15.375 [JavaFX Application Thread] INFO  o.b.s.BxWinLab.Base.BaseLabel - 控件库Debug模式已开启
2026-01-28 15:29:15.376 [JavaFX Application Thread] INFO  o.b.s.Utils.FileUtil - 成功加载文件/org/bxwbb/spigotplugincreatertool/icon/Universal/Setting.png
2026-01-28 15:29:15.377 [JavaFX Application Thread] INFO  o.b.s.BxWinLab.Base.BaseLabel - 控件库Debug模式已开启
2026-01-28 15:29:15.377 [JavaFX Application Thread] INFO  o.b.s.BxWinLab.Base.BaseLabel - 控件库Debug模式已开启
2026-01-28 15:29:15.377 [JavaFX Application Thread] INFO  o.b.s.BxWinLab.Base.BaseLabel - 控件库Debug模式已开启
2026-01-28 15:29:15.378 [JavaFX Application Thread] INFO  o.b.s.BxWinLab.Base.BaseLabel - 控件库Debug模式已开启
2026-01-28 15:29:15.378 [JavaFX Application Thread] INFO  o.b.s.BxWinLab.Base.BaseLabel - 控件库Debug模式已开启
2026-01-28 15:29:15.378 [JavaFX Application Thread] INFO  o.b.s.BxWinLab.Base.BaseLabel - 控件库Debug模式已开启
2026-01-28 15:29:15.378 [JavaFX Application Thread] INFO  o.b.s.BxWinLab.Base.BaseLabel - 控件库Debug模式已开启
2026-01-28 15:29:15.379 [JavaFX Application Thread] INFO  o.b.s.Utils.FileUtil - 成功加载文件/org/bxwbb/spigotplugincreatertool/icon/Universal/Learn.png
2026-01-28 15:29:15.380 [JavaFX Application Thread] INFO  o.b.s.BxWinLab.Base.BaseLabel - 控件库Debug模式已开启
2026-01-28 15:29:15.380 [JavaFX Application Thread] INFO  o.b.s.BxWinLab.Base.BaseLabel - 控件库Debug模式已开启
2026-01-28 15:29:15.380 [JavaFX Application Thread] INFO  o.b.s.BxWinLab.Base.BaseLabel - 控件库Debug模式已开启
2026-01-28 15:29:15.380 [JavaFX Application Thread] INFO  o.b.s.BxWinLab.Base.BaseLabel - 控件库Debug模式已开启
2026-01-28 15:29:15.380 [JavaFX Application Thread] INFO  o.b.s.BxWinLab.Base.BaseLabel - 控件库Debug模式已开启
2026-01-28 15:29:15.381 [JavaFX Application Thread] INFO  o.b.s.BxWinLab.Base.BaseLabel - 控件库Debug模式已开启
2026-01-28 15:29:15.381 [JavaFX Application Thread] INFO  o.b.s.BxWinLab.Base.BaseLabel - 控件库Debug模式已开启
2026-01-28 15:29:15.382 [JavaFX Application Thread] INFO  o.b.s.Utils.FileUtil - 成功加载文件/org/bxwbb/spigotplugincreatertool/icon/Universal/Quit.png
2026-01-28 15:29:15.383 [JavaFX Application Thread] INFO  o.b.s.BxWinLab.Base.BaseLabel - 控件库Debug模式已开启
2026-01-28 15:29:15.383 [JavaFX Application Thread] INFO  o.b.s.BxWinLab.Base.BaseLabel - 控件库Debug模式已开启
2026-01-28 15:29:15.383 [JavaFX Application Thread] INFO  o.b.s.BxWinLab.Base.BaseLabel - 控件库Debug模式已开启
2026-01-28 15:29:15.383 [JavaFX Application Thread] INFO  o.b.s.BxWinLab.Base.BaseLabel - 控件库Debug模式已开启
2026-01-28 15:29:15.383 [JavaFX Application Thread] INFO  o.b.s.BxWinLab.Base.BaseLabel - 控件库Debug模式已开启
2026-01-28 15:29:15.384 [JavaFX Application Thread] INFO  o.b.s.BxWinLab.Base.BaseLabel - 控件库Debug模式已开启
2026-01-28 15:29:15.384 [JavaFX Application Thread] INFO  o.b.s.BxWinLab.Base.BaseLabel - 控件库Debug模式已开启
2026-01-28 15:29:15.384 [JavaFX Application Thread] INFO  o.b.s.BxWinLab.Base.BaseLabel - 控件库Debug模式已开启
2026-01-28 15:29:15.385 [JavaFX Application Thread] INFO  o.b.s.BxWinLab.Base.BaseLabel - 控件库Debug模式已开启
2026-01-28 15:29:15.385 [JavaFX Application Thread] INFO  o.b.s.BxWinLab.Base.BaseLabel - 控件库Debug模式已开启
2026-01-28 15:29:15.385 [JavaFX Application Thread] INFO  o.b.s.BxWinLab.Base.BaseLabel - 控件库Debug模式已开启
2026-01-28 15:29:15.385 [JavaFX Application Thread] INFO  o.b.s.BxWinLab.Base.BaseLabel - 控件库Debug模式已开启
2026-01-28 15:29:15.390 [JavaFX Application Thread] INFO  o.b.s.BxWinLab.Base.BaseLabel - 控件库Debug模式已开启
2026-01-28 15:29:15.390 [JavaFX Application Thread] INFO  o.b.s.BxWinLab.Base.BaseLabel - 控件库Debug模式已开启
2026-01-28 15:29:15.405 [JavaFX Application Thread] INFO  o.b.s.BxWinLab.Base.BaseLabel - 控件库Debug模式已开启
2026-01-28 15:29:15.406 [JavaFX Application Thread] INFO  o.b.s.BxWinLab.Base.BaseLabel - 控件库Debug模式已开启
2026-01-28 15:29:15.406 [JavaFX Application Thread] INFO  o.b.s.BxWinLab.Base.BaseLabel - 控件库Debug模式已开启
2026-01-28 15:29:15.406 [JavaFX Application Thread] INFO  o.b.s.BxWinLab.Base.BaseLabel - 控件库Debug模式已开启
2026-01-28 15:29:15.406 [JavaFX Application Thread] INFO  o.b.s.BxWinLab.Base.BaseLabel - 控件库Debug模式已开启
2026-01-28 15:29:18.553 [JavaFX Application Thread] INFO  o.b.s.BxWinLab.Base.BaseLabel - 控件焦点改变至 - org.bxwbb.spigotplugincreatertool.BxWinLab.SwitchBox@753634d5
2026-01-28 15:29:20.744 [JavaFX Application Thread] INFO  o.b.s.BxWinLab.Base.BaseLabel - 控件焦点改变至 - org.bxwbb.spigotplugincreatertool.BxWinLab.SwitchBox@1d6fc279
2026-01-28 15:29:26.759 [JavaFX Application Thread] INFO  o.b.s.HelloApplication - 执行停止...
2026-01-28 15:29:33.638 [JavaFX-Launcher] INFO  o.b.s.HelloApplication - 执行初始化...
2026-01-28 15:29:33.643 [JavaFX Application Thread] INFO  o.b.s.HelloApplication - 工具开始启动并加载...
2026-01-28 15:29:33.678 [JavaFX Application Thread] INFO  o.b.s.BxWinLab.Base.BaseLabel - 控件库Debug模式已开启
2026-01-28 15:29:33.683 [JavaFX Application Thread] INFO  o.b.s.BxWinLab.Base.BaseLabel - 控件库Debug模式已开启
2026-01-28 15:29:33.685 [JavaFX Application Thread] INFO  o.b.s.BxWinLab.Base.BaseLabel - 控件库Debug模式已开启
2026-01-28 15:29:33.685 [JavaFX Application Thread] INFO  o.b.s.Utils.FileUtil - 成功加载文件/org/bxwbb/spigotplugincreatertool/icon/icon.png
2026-01-28 15:29:33.829 [JavaFX Application Thread] INFO  o.b.s.BxWinLab.Base.BaseLabel - 控件库Debug模式已开启
2026-01-28 15:29:33.831 [JavaFX Application Thread] INFO  o.b.s.BxWinLab.Base.BaseLabel - 控件库Debug模式已开启
2026-01-28 15:29:33.831 [JavaFX Application Thread] INFO  o.b.s.BxWinLab.Base.BaseLabel - 控件库Debug模式已开启
2026-01-28 15:29:33.832 [JavaFX Application Thread] INFO  o.b.s.BxWinLab.Base.BaseLabel - 控件库Debug模式已开启
2026-01-28 15:29:33.832 [JavaFX Application Thread] INFO  o.b.s.BxWinLab.Base.BaseLabel - 控件库Debug模式已开启
2026-01-28 15:29:33.853 [JavaFX Application Thread] INFO  o.b.s.BxWinLab.Base.BaseLabel - 控件库Debug模式已开启
2026-01-28 15:29:33.866 [JavaFX Application Thread] INFO  o.b.s.BxWinLab.Base.BaseLabel - 控件库Debug模式已开启
2026-01-28 15:29:33.866 [JavaFX Application Thread] INFO  o.b.s.BxWinLab.Base.BaseLabel - 控件库Debug模式已开启
2026-01-28 15:29:33.866 [JavaFX Application Thread] INFO  o.b.s.BxWinLab.Base.BaseLabel - 控件库Debug模式已开启
2026-01-28 15:29:33.866 [JavaFX Application Thread] INFO  o.b.s.BxWinLab.Base.BaseLabel - 控件库Debug模式已开启
2026-01-28 15:29:33.867 [JavaFX Application Thread] INFO  o.b.s.BxWinLab.Base.BaseLabel - 控件库Debug模式已开启
2026-01-28 15:29:33.869 [JavaFX Application Thread] INFO  o.b.s.BxWinLab.Base.BaseLabel - 控件库Debug模式已开启
2026-01-28 15:29:33.869 [JavaFX Application Thread] INFO  o.b.s.Utils.FileUtil - 成功加载文件/org/bxwbb/spigotplugincreatertool/icon/Universal/OpenFolder.png
2026-01-28 15:29:33.870 [JavaFX Application Thread] INFO  o.b.s.BxWinLab.Base.BaseLabel - 控件库Debug模式已开启
2026-01-28 15:29:33.870 [JavaFX Application Thread] INFO  o.b.s.BxWinLab.Base.BaseLabel - 控件库Debug模式已开启
2026-01-28 15:29:33.870 [JavaFX Application Thread] INFO  o.b.s.BxWinLab.Base.BaseLabel - 控件库Debug模式已开启
2026-01-28 15:29:33.872 [JavaFX Application Thread] INFO  o.b.s.BxWinLab.Base.BaseLabel - 控件库Debug模式已开启
2026-01-28 15:29:33.872 [JavaFX Application Thread] INFO  o.b.s.BxWinLab.Base.BaseLabel - 控件库Debug模式已开启
2026-01-28 15:29:33.872 [JavaFX Application Thread] INFO  o.b.s.BxWinLab.Base.BaseLabel - 控件库Debug模式已开启
2026-01-28 15:29:33.872 [JavaFX Application Thread] INFO  o.b.s.BxWinLab.Base.BaseLabel - 控件库Debug模式已开启
2026-01-28 15:29:33.873 [JavaFX Application Thread] INFO  o.b.s.Utils.FileUtil - 成功加载文件/org/bxwbb/spigotplugincreatertool/icon/Universal/NewProject.png
2026-01-28 15:29:33.874 [JavaFX Application Thread] INFO  o.b.s.BxWinLab.Base.BaseLabel - 控件库Debug模式已开启
2026-01-28 15:29:33.874 [JavaFX Application Thread] INFO  o.b.s.BxWinLab.Base.BaseLabel - 控件库Debug模式已开启
2026-01-28 15:29:33.875 [JavaFX Application Thread] INFO  o.b.s.BxWinLab.Base.BaseLabel - 控件库Debug模式已开启
2026-01-28 15:29:33.875 [JavaFX Application Thread] INFO  o.b.s.BxWinLab.Base.BaseLabel - 控件库Debug模式已开启
2026-01-28 15:29:33.875 [JavaFX Application Thread] INFO  o.b.s.BxWinLab.Base.BaseLabel - 控件库Debug模式已开启
2026-01-28 15:29:33.875 [JavaFX Application Thread] INFO  o.b.s.BxWinLab.Base.BaseLabel - 控件库Debug模式已开启
2026-01-28 15:29:33.875 [JavaFX Application Thread] INFO  o.b.s.BxWinLab.Base.BaseLabel - 控件库Debug模式已开启
2026-01-28 15:29:33.876 [JavaFX Application Thread] INFO  o.b.s.Utils.FileUtil - 成功加载文件/org/bxwbb/spigotplugincreatertool/icon/Universal/Setting.png
2026-01-28 15:29:33.877 [JavaFX Application Thread] INFO  o.b.s.BxWinLab.Base.BaseLabel - 控件库Debug模式已开启
2026-01-28 15:29:33.877 [JavaFX Application Thread] INFO  o.b.s.BxWinLab.Base.BaseLabel - 控件库Debug模式已开启
2026-01-28 15:29:33.877 [JavaFX Application Thread] INFO  o.b.s.BxWinLab.Base.BaseLabel - 控件库Debug模式已开启
2026-01-28 15:29:33.878 [JavaFX Application Thread] INFO  o.b.s.BxWinLab.Base.BaseLabel - 控件库Debug模式已开启
2026-01-28 15:29:33.878 [JavaFX Application Thread] INFO  o.b.s.BxWinLab.Base.BaseLabel - 控件库Debug模式已开启
2026-01-28 15:29:33.878 [JavaFX Application Thread] INFO  o.b.s.BxWinLab.Base.BaseLabel - 控件库Debug模式已开启
2026-01-28 15:29:33.878 [JavaFX Application Thread] INFO  o.b.s.BxWinLab.Base.BaseLabel - 控件库Debug模式已开启
2026-01-28 15:29:33.879 [JavaFX Application Thread] INFO  o.b.s.Utils.FileUtil - 成功加载文件/org/bxwbb/spigotplugincreatertool/icon/Universal/Learn.png
2026-01-28 15:29:33.880 [JavaFX Application Thread] INFO  o.b.s.BxWinLab.Base.BaseLabel - 控件库Debug模式已开启
2026-01-28 15:29:33.880 [JavaFX Application Thread] INFO  o.b.s.BxWinLab.Base.BaseLabel - 控件库Debug模式已开启
2026-01-28 15:29:33.880 [JavaFX Application Thread] INFO  o.b.s.BxWinLab.Base.BaseLabel - 控件库Debug模式已开启
2026-01-28 15:29:33.880 [JavaFX Application Thread] INFO  o.b.s.BxWinLab.Base.BaseLabel - 控件库Debug模式已开启
2026-01-28 15:29:33.880 [JavaFX Application Thread] INFO  o.b.s.BxWinLab.Base.BaseLabel - 控件库Debug模式已开启
2026-01-28 15:29:33.880 [JavaFX Application Thread] INFO  o.b.s.BxWinLab.Base.BaseLabel - 控件库Debug模式已开启
2026-01-28 15:29:33.881 [JavaFX Application Thread] INFO  o.b.s.BxWinLab.Base.BaseLabel - 控件库Debug模式已开启
2026-01-28 15:29:33.881 [JavaFX Application Thread] INFO  o.b.s.Utils.FileUtil - 成功加载文件/org/bxwbb/spigotplugincreatertool/icon/Universal/Quit.png
2026-01-28 15:29:33.882 [JavaFX Application Thread] INFO  o.b.s.BxWinLab.Base.BaseLabel - 控件库Debug模式已开启
2026-01-28 15:29:33.882 [JavaFX Application Thread] INFO  o.b.s.BxWinLab.Base.BaseLabel - 控件库Debug模式已开启
2026-01-28 15:29:33.882 [JavaFX Application Thread] INFO  o.b.s.BxWinLab.Base.BaseLabel - 控件库Debug模式已开启
2026-01-28 15:29:33.882 [JavaFX Application Thread] INFO  o.b.s.BxWinLab.Base.BaseLabel - 控件库Debug模式已开启
2026-01-28 15:29:33.882 [JavaFX Application Thread] INFO  o.b.s.BxWinLab.Base.BaseLabel - 控件库Debug模式已开启
2026-01-28 15:29:33.882 [JavaFX Application Thread] INFO  o.b.s.BxWinLab.Base.BaseLabel - 控件库Debug模式已开启
2026-01-28 15:29:33.883 [JavaFX Application Thread] INFO  o.b.s.BxWinLab.Base.BaseLabel - 控件库Debug模式已开启
2026-01-28 15:29:33.883 [JavaFX Application Thread] INFO  o.b.s.BxWinLab.Base.BaseLabel - 控件库Debug模式已开启
2026-01-28 15:29:33.884 [JavaFX Application Thread] INFO  o.b.s.BxWinLab.Base.BaseLabel - 控件库Debug模式已开启
2026-01-28 15:29:33.885 [JavaFX Application Thread] INFO  o.b.s.BxWinLab.Base.BaseLabel - 控件库Debug模式已开启
2026-01-28 15:29:33.885 [JavaFX Application Thread] INFO  o.b.s.BxWinLab.Base.BaseLabel - 控件库Debug模式已开启
2026-01-28 15:29:33.885 [JavaFX Application Thread] INFO  o.b.s.BxWinLab.Base.BaseLabel - 控件库Debug模式已开启
2026-01-28 15:29:33.890 [JavaFX Application Thread] INFO  o.b.s.BxWinLab.Base.BaseLabel - 控件库Debug模式已开启
2026-01-28 15:29:33.890 [JavaFX Application Thread] INFO  o.b.s.BxWinLab.Base.BaseLabel - 控件库Debug模式已开启
2026-01-28 15:29:33.905 [JavaFX Application Thread] INFO  o.b.s.BxWinLab.Base.BaseLabel - 控件库Debug模式已开启
2026-01-28 15:29:33.905 [JavaFX Application Thread] INFO  o.b.s.BxWinLab.Base.BaseLabel - 控件库Debug模式已开启
2026-01-28 15:29:33.907 [JavaFX Application Thread] INFO  o.b.s.BxWinLab.Base.BaseLabel - 控件库Debug模式已开启
2026-01-28 15:29:33.907 [JavaFX Application Thread] INFO  o.b.s.BxWinLab.Base.BaseLabel - 控件库Debug模式已开启
2026-01-28 15:29:33.907 [JavaFX Application Thread] INFO  o.b.s.BxWinLab.Base.BaseLabel - 控件库Debug模式已开启
2026-01-28 15:29:35.430 [JavaFX Application Thread] INFO  o.b.s.BxWinLab.Base.BaseLabel - 控件焦点改变至 - org.bxwbb.spigotplugincreatertool.BxWinLab.SwitchBox@753634d5
2026-01-28 15:29:37.035 [JavaFX Application Thread] INFO  o.b.s.BxWinLab.Base.BaseLabel - 控件焦点改变至 - org.bxwbb.spigotplugincreatertool.BxWinLab.SwitchBox@1d6fc279
2026-01-28 15:29:39.049 [JavaFX Application Thread] INFO  o.b.s.HelloApplication - 执行停止...
2026-01-28 15:29:43.793 [JavaFX-Launcher] INFO  o.b.s.HelloApplication - 执行初始化...
2026-01-28 15:29:43.798 [JavaFX Application Thread] INFO  o.b.s.HelloApplication - 工具开始启动并加载...
2026-01-28 15:29:43.833 [JavaFX Application Thread] INFO  o.b.s.BxWinLab.Base.BaseLabel - 控件库Debug模式已开启
2026-01-28 15:29:43.838 [JavaFX Application Thread] INFO  o.b.s.BxWinLab.Base.BaseLabel - 控件库Debug模式已开启
2026-01-28 15:29:43.841 [JavaFX Application Thread] INFO  o.b.s.BxWinLab.Base.BaseLabel - 控件库Debug模式已开启
2026-01-28 15:29:43.841 [JavaFX Application Thread] INFO  o.b.s.Utils.FileUtil - 成功加载文件/org/bxwbb/spigotplugincreatertool/icon/icon.png
2026-01-28 15:29:43.978 [JavaFX Application Thread] INFO  o.b.s.BxWinLab.Base.BaseLabel - 控件库Debug模式已开启
2026-01-28 15:29:43.981 [JavaFX Application Thread] INFO  o.b.s.BxWinLab.Base.BaseLabel - 控件库Debug模式已开启
2026-01-28 15:29:43.981 [JavaFX Application Thread] INFO  o.b.s.BxWinLab.Base.BaseLabel - 控件库Debug模式已开启
2026-01-28 15:29:43.981 [JavaFX Application Thread] INFO  o.b.s.BxWinLab.Base.BaseLabel - 控件库Debug模式已开启
2026-01-28 15:29:43.981 [JavaFX Application Thread] INFO  o.b.s.BxWinLab.Base.BaseLabel - 控件库Debug模式已开启
2026-01-28 15:29:44.002 [JavaFX Application Thread] INFO  o.b.s.BxWinLab.Base.BaseLabel - 控件库Debug模式已开启
2026-01-28 15:29:44.015 [JavaFX Application Thread] INFO  o.b.s.BxWinLab.Base.BaseLabel - 控件库Debug模式已开启
2026-01-28 15:29:44.016 [JavaFX Application Thread] INFO  o.b.s.BxWinLab.Base.BaseLabel - 控件库Debug模式已开启
2026-01-28 15:29:44.016 [JavaFX Application Thread] INFO  o.b.s.BxWinLab.Base.BaseLabel - 控件库Debug模式已开启
2026-01-28 15:29:44.016 [JavaFX Application Thread] INFO  o.b.s.BxWinLab.Base.BaseLabel - 控件库Debug模式已开启
2026-01-28 15:29:44.017 [JavaFX Application Thread] INFO  o.b.s.BxWinLab.Base.BaseLabel - 控件库Debug模式已开启
2026-01-28 15:29:44.017 [JavaFX Application Thread] INFO  o.b.s.BxWinLab.Base.BaseLabel - 控件库Debug模式已开启
2026-01-28 15:29:44.017 [JavaFX Application Thread] INFO  o.b.s.Utils.FileUtil - 成功加载文件/org/bxwbb/spigotplugincreatertool/icon/Universal/OpenFolder.png
2026-01-28 15:29:44.019 [JavaFX Application Thread] INFO  o.b.s.BxWinLab.Base.BaseLabel - 控件库Debug模式已开启
2026-01-28 15:29:44.019 [JavaFX Application Thread] INFO  o.b.s.BxWinLab.Base.BaseLabel - 控件库Debug模式已开启
2026-01-28 15:29:44.020 [JavaFX Application Thread] INFO  o.b.s.BxWinLab.Base.BaseLabel - 控件库Debug模式已开启
2026-01-28 15:29:44.021 [JavaFX Application Thread] INFO  o.b.s.BxWinLab.Base.BaseLabel - 控件库Debug模式已开启
2026-01-28 15:29:44.021 [JavaFX Application Thread] INFO  o.b.s.BxWinLab.Base.BaseLabel - 控件库Debug模式已开启
2026-01-28 15:29:44.022 [JavaFX Application Thread] INFO  o.b.s.BxWinLab.Base.BaseLabel - 控件库Debug模式已开启
2026-01-28 15:29:44.022 [JavaFX Application Thread] INFO  o.b.s.BxWinLab.Base.BaseLabel - 控件库Debug模式已开启
2026-01-28 15:29:44.023 [JavaFX Application Thread] INFO  o.b.s.Utils.FileUtil - 成功加载文件/org/bxwbb/spigotplugincreatertool/icon/Universal/NewProject.png
2026-01-28 15:29:44.024 [JavaFX Application Thread] INFO  o.b.s.BxWinLab.Base.BaseLabel - 控件库Debug模式已开启
2026-01-28 15:29:44.024 [JavaFX Application Thread] INFO  o.b.s.BxWinLab.Base.BaseLabel - 控件库Debug模式已开启
2026-01-28 15:29:44.024 [JavaFX Application Thread] INFO  o.b.s.BxWinLab.Base.BaseLabel - 控件库Debug模式已开启
2026-01-28 15:29:44.024 [JavaFX Application Thread] INFO  o.b.s.BxWinLab.Base.BaseLabel - 控件库Debug模式已开启
2026-01-28 15:29:44.025 [JavaFX Application Thread] INFO  o.b.s.BxWinLab.Base.BaseLabel - 控件库Debug模式已开启
2026-01-28 15:29:44.025 [JavaFX Application Thread] INFO  o.b.s.BxWinLab.Base.BaseLabel - 控件库Debug模式已开启
2026-01-28 15:29:44.025 [JavaFX Application Thread] INFO  o.b.s.BxWinLab.Base.BaseLabel - 控件库Debug模式已开启
2026-01-28 15:29:44.027 [JavaFX Application Thread] INFO  o.b.s.Utils.FileUtil - 成功加载文件/org/bxwbb/spigotplugincreatertool/icon/Universal/Setting.png
2026-01-28 15:29:44.027 [JavaFX Application Thread] INFO  o.b.s.BxWinLab.Base.BaseLabel - 控件库Debug模式已开启
2026-01-28 15:29:44.028 [JavaFX Application Thread] INFO  o.b.s.BxWinLab.Base.BaseLabel - 控件库Debug模式已开启
2026-01-28 15:29:44.028 [JavaFX Application Thread] INFO  o.b.s.BxWinLab.Base.BaseLabel - 控件库Debug模式已开启
2026-01-28 15:29:44.028 [JavaFX Application Thread] INFO  o.b.s.BxWinLab.Base.BaseLabel - 控件库Debug模式已开启
2026-01-28 15:29:44.028 [JavaFX Application Thread] INFO  o.b.s.BxWinLab.Base.BaseLabel - 控件库Debug模式已开启
2026-01-28 15:29:44.028 [JavaFX Application Thread] INFO  o.b.s.BxWinLab.Base.BaseLabel - 控件库Debug模式已开启
2026-01-28 15:29:44.028 [JavaFX Application Thread] INFO  o.b.s.BxWinLab.Base.BaseLabel - 控件库Debug模式已开启
2026-01-28 15:29:44.030 [JavaFX Application Thread] INFO  o.b.s.Utils.FileUtil - 成功加载文件/org/bxwbb/spigotplugincreatertool/icon/Universal/Learn.png
2026-01-28 15:29:44.030 [JavaFX Application Thread] INFO  o.b.s.BxWinLab.Base.BaseLabel - 控件库Debug模式已开启
2026-01-28 15:29:44.030 [JavaFX Application Thread] INFO  o.b.s.BxWinLab.Base.BaseLabel - 控件库Debug模式已开启
2026-01-28 15:29:44.031 [JavaFX Application Thread] INFO  o.b.s.BxWinLab.Base.BaseLabel - 控件库Debug模式已开启
2026-01-28 15:29:44.031 [JavaFX Application Thread] INFO  o.b.s.BxWinLab.Base.BaseLabel - 控件库Debug模式已开启
2026-01-28 15:29:44.031 [JavaFX Application Thread] INFO  o.b.s.BxWinLab.Base.BaseLabel - 控件库Debug模式已开启
2026-01-28 15:29:44.031 [JavaFX Application Thread] INFO  o.b.s.BxWinLab.Base.BaseLabel - 控件库Debug模式已开启
2026-01-28 15:29:44.031 [JavaFX Application Thread] INFO  o.b.s.BxWinLab.Base.BaseLabel - 控件库Debug模式已开启
2026-01-28 15:29:44.032 [JavaFX Application Thread] INFO  o.b.s.Utils.FileUtil - 成功加载文件/org/bxwbb/spigotplugincreatertool/icon/Universal/Quit.png
2026-01-28 15:29:44.032 [JavaFX Application Thread] INFO  o.b.s.BxWinLab.Base.BaseLabel - 控件库Debug模式已开启
2026-01-28 15:29:44.033 [JavaFX Application Thread] INFO  o.b.s.BxWinLab.Base.BaseLabel - 控件库Debug模式已开启
2026-01-28 15:29:44.033 [JavaFX Application Thread] INFO  o.b.s.BxWinLab.Base.BaseLabel - 控件库Debug模式已开启
2026-01-28 15:29:44.033 [JavaFX Application Thread] INFO  o.b.s.BxWinLab.Base.BaseLabel - 控件库Debug模式已开启
2026-01-28 15:29:44.033 [JavaFX Application Thread] INFO  o.b.s.BxWinLab.Base.BaseLabel - 控件库Debug模式已开启
2026-01-28 15:29:44.033 [JavaFX Application Thread] INFO  o.b.s.BxWinLab.Base.BaseLabel - 控件库Debug模式已开启
2026-01-28 15:29:44.033 [JavaFX Application Thread] INFO  o.b.s.BxWinLab.Base.BaseLabel - 控件库Debug模式已开启
2026-01-28 15:29:44.034 [JavaFX Application Thread] INFO  o.b.s.BxWinLab.Base.BaseLabel - 控件库Debug模式已开启
2026-01-28 15:29:44.035 [JavaFX Application Thread] INFO  o.b.s.BxWinLab.Base.BaseLabel - 控件库Debug模式已开启
2026-01-28 15:29:44.036 [JavaFX Application Thread] INFO  o.b.s.BxWinLab.Base.BaseLabel - 控件库Debug模式已开启
2026-01-28 15:29:44.036 [JavaFX Application Thread] INFO  o.b.s.BxWinLab.Base.BaseLabel - 控件库Debug模式已开启
2026-01-28 15:29:44.036 [JavaFX Application Thread] INFO  o.b.s.BxWinLab.Base.BaseLabel - 控件库Debug模式已开启
2026-01-28 15:29:44.041 [JavaFX Application Thread] INFO  o.b.s.BxWinLab.Base.BaseLabel - 控件库Debug模式已开启
2026-01-28 15:29:44.041 [JavaFX Application Thread] INFO  o.b.s.BxWinLab.Base.BaseLabel - 控件库Debug模式已开启
2026-01-28 15:29:44.057 [JavaFX Application Thread] INFO  o.b.s.BxWinLab.Base.BaseLabel - 控件库Debug模式已开启
2026-01-28 15:29:44.058 [JavaFX Application Thread] INFO  o.b.s.BxWinLab.Base.BaseLabel - 控件库Debug模式已开启
2026-01-28 15:29:44.058 [JavaFX Application Thread] INFO  o.b.s.BxWinLab.Base.BaseLabel - 控件库Debug模式已开启
2026-01-28 15:29:44.058 [JavaFX Application Thread] INFO  o.b.s.BxWinLab.Base.BaseLabel - 控件库Debug模式已开启
2026-01-28 15:29:44.058 [JavaFX Application Thread] INFO  o.b.s.BxWinLab.Base.BaseLabel - 控件库Debug模式已开启
2026-01-28 15:29:45.567 [JavaFX Application Thread] INFO  o.b.s.BxWinLab.Base.BaseLabel - 控件焦点改变至 - org.bxwbb.spigotplugincreatertool.BxWinLab.SwitchBox@753634d5
2026-01-28 15:29:47.492 [JavaFX Application Thread] INFO  o.b.s.BxWinLab.Base.BaseLabel - 控件焦点改变至 - org.bxwbb.spigotplugincreatertool.BxWinLab.SwitchBox@5488aca7
2026-01-28 15:31:54.183 [JavaFX Application Thread] INFO  o.b.s.HelloApplication - 执行停止...
2026-01-28 15:37:55.829 [JavaFX-Launcher] INFO  o.b.s.HelloApplication - 执行初始化...
2026-01-28 15:37:55.834 [JavaFX Application Thread] INFO  o.b.s.HelloApplication - 工具开始启动并加载...
2026-01-28 15:37:55.871 [JavaFX Application Thread] INFO  o.b.s.BxWinLab.Base.BaseLabel - 控件库Debug模式已开启
2026-01-28 15:37:55.876 [JavaFX Application Thread] INFO  o.b.s.BxWinLab.Base.BaseLabel - 控件库Debug模式已开启
2026-01-28 15:37:55.878 [JavaFX Application Thread] INFO  o.b.s.BxWinLab.Base.BaseLabel - 控件库Debug模式已开启
2026-01-28 15:37:55.879 [JavaFX Application Thread] INFO  o.b.s.Utils.FileUtil - 成功加载文件/org/bxwbb/spigotplugincreatertool/icon/icon.png
2026-01-28 15:37:56.020 [JavaFX Application Thread] INFO  o.b.s.BxWinLab.Base.BaseLabel - 控件库Debug模式已开启
2026-01-28 15:37:56.022 [JavaFX Application Thread] INFO  o.b.s.BxWinLab.Base.BaseLabel - 控件库Debug模式已开启
2026-01-28 15:37:56.023 [JavaFX Application Thread] INFO  o.b.s.BxWinLab.Base.BaseLabel - 控件库Debug模式已开启
2026-01-28 15:37:56.023 [JavaFX Application Thread] INFO  o.b.s.BxWinLab.Base.BaseLabel - 控件库Debug模式已开启
2026-01-28 15:37:56.023 [JavaFX Application Thread] INFO  o.b.s.BxWinLab.Base.BaseLabel - 控件库Debug模式已开启
2026-01-28 15:37:56.046 [JavaFX Application Thread] INFO  o.b.s.BxWinLab.Base.BaseLabel - 控件库Debug模式已开启
2026-01-28 15:37:56.060 [JavaFX Application Thread] INFO  o.b.s.BxWinLab.Base.BaseLabel - 控件库Debug模式已开启
2026-01-28 15:37:56.060 [JavaFX Application Thread] INFO  o.b.s.BxWinLab.Base.BaseLabel - 控件库Debug模式已开启
2026-01-28 15:37:56.060 [JavaFX Application Thread] INFO  o.b.s.BxWinLab.Base.BaseLabel - 控件库Debug模式已开启
2026-01-28 15:37:56.060 [JavaFX Application Thread] INFO  o.b.s.BxWinLab.Base.BaseLabel - 控件库Debug模式已开启
2026-01-28 15:37:56.061 [JavaFX Application Thread] INFO  o.b.s.BxWinLab.Base.BaseLabel - 控件库Debug模式已开启
2026-01-28 15:37:56.062 [JavaFX Application Thread] INFO  o.b.s.BxWinLab.Base.BaseLabel - 控件库Debug模式已开启
2026-01-28 15:37:56.062 [JavaFX Application Thread] INFO  o.b.s.Utils.FileUtil - 成功加载文件/org/bxwbb/spigotplugincreatertool/icon/Universal/OpenFolder.png
2026-01-28 15:37:56.064 [JavaFX Application Thread] INFO  o.b.s.BxWinLab.Base.BaseLabel - 控件库Debug模式已开启
2026-01-28 15:37:56.064 [JavaFX Application Thread] INFO  o.b.s.BxWinLab.Base.BaseLabel - 控件库Debug模式已开启
2026-01-28 15:37:56.064 [JavaFX Application Thread] INFO  o.b.s.BxWinLab.Base.BaseLabel - 控件库Debug模式已开启
2026-01-28 15:37:56.066 [JavaFX Application Thread] INFO  o.b.s.BxWinLab.Base.BaseLabel - 控件库Debug模式已开启
2026-01-28 15:37:56.066 [JavaFX Application Thread] INFO  o.b.s.BxWinLab.Base.BaseLabel - 控件库Debug模式已开启
2026-01-28 15:37:56.066 [JavaFX Application Thread] INFO  o.b.s.BxWinLab.Base.BaseLabel - 控件库Debug模式已开启
2026-01-28 15:37:56.066 [JavaFX Application Thread] INFO  o.b.s.BxWinLab.Base.BaseLabel - 控件库Debug模式已开启
2026-01-28 15:37:56.068 [JavaFX Application Thread] INFO  o.b.s.Utils.FileUtil - 成功加载文件/org/bxwbb/spigotplugincreatertool/icon/Universal/NewProject.png
2026-01-28 15:37:56.069 [JavaFX Application Thread] INFO  o.b.s.BxWinLab.Base.BaseLabel - 控件库Debug模式已开启
2026-01-28 15:37:56.069 [JavaFX Application Thread] INFO  o.b.s.BxWinLab.Base.BaseLabel - 控件库Debug模式已开启
2026-01-28 15:37:56.070 [JavaFX Application Thread] INFO  o.b.s.BxWinLab.Base.BaseLabel - 控件库Debug模式已开启
2026-01-28 15:37:56.070 [JavaFX Application Thread] INFO  o.b.s.BxWinLab.Base.BaseLabel - 控件库Debug模式已开启
2026-01-28 15:37:56.070 [JavaFX Application Thread] INFO  o.b.s.BxWinLab.Base.BaseLabel - 控件库Debug模式已开启
2026-01-28 15:37:56.070 [JavaFX Application Thread] INFO  o.b.s.BxWinLab.Base.BaseLabel - 控件库Debug模式已开启
2026-01-28 15:37:56.070 [JavaFX Application Thread] INFO  o.b.s.BxWinLab.Base.BaseLabel - 控件库Debug模式已开启
2026-01-28 15:37:56.071 [JavaFX Application Thread] INFO  o.b.s.Utils.FileUtil - 成功加载文件/org/bxwbb/spigotplugincreatertool/icon/Universal/Setting.png
2026-01-28 15:37:56.072 [JavaFX Application Thread] INFO  o.b.s.BxWinLab.Base.BaseLabel - 控件库Debug模式已开启
2026-01-28 15:37:56.072 [JavaFX Application Thread] INFO  o.b.s.BxWinLab.Base.BaseLabel - 控件库Debug模式已开启
2026-01-28 15:37:56.072 [JavaFX Application Thread] INFO  o.b.s.BxWinLab.Base.BaseLabel - 控件库Debug模式已开启
2026-01-28 15:37:56.073 [JavaFX Application Thread] INFO  o.b.s.BxWinLab.Base.BaseLabel - 控件库Debug模式已开启
2026-01-28 15:37:56.073 [JavaFX Application Thread] INFO  o.b.s.BxWinLab.Base.BaseLabel - 控件库Debug模式已开启
2026-01-28 15:37:56.073 [JavaFX Application Thread] INFO  o.b.s.BxWinLab.Base.BaseLabel - 控件库Debug模式已开启
2026-01-28 15:37:56.073 [JavaFX Application Thread] INFO  o.b.s.BxWinLab.Base.BaseLabel - 控件库Debug模式已开启
2026-01-28 15:37:56.074 [JavaFX Application Thread] INFO  o.b.s.Utils.FileUtil - 成功加载文件/org/bxwbb/spigotplugincreatertool/icon/Universal/Learn.png
2026-01-28 15:37:56.075 [JavaFX Application Thread] INFO  o.b.s.BxWinLab.Base.BaseLabel - 控件库Debug模式已开启
2026-01-28 15:37:56.075 [JavaFX Application Thread] INFO  o.b.s.BxWinLab.Base.BaseLabel - 控件库Debug模式已开启
2026-01-28 15:37:56.075 [JavaFX Application Thread] INFO  o.b.s.BxWinLab.Base.BaseLabel - 控件库Debug模式已开启
2026-01-28 15:37:56.075 [JavaFX Application Thread] INFO  o.b.s.BxWinLab.Base.BaseLabel - 控件库Debug模式已开启
2026-01-28 15:37:56.076 [JavaFX Application Thread] INFO  o.b.s.BxWinLab.Base.BaseLabel - 控件库Debug模式已开启
2026-01-28 15:37:56.076 [JavaFX Application Thread] INFO  o.b.s.BxWinLab.Base.BaseLabel - 控件库Debug模式已开启
2026-01-28 15:37:56.076 [JavaFX Application Thread] INFO  o.b.s.BxWinLab.Base.BaseLabel - 控件库Debug模式已开启
2026-01-28 15:37:56.076 [JavaFX Application Thread] INFO  o.b.s.Utils.FileUtil - 成功加载文件/org/bxwbb/spigotplugincreatertool/icon/Universal/Quit.png
2026-01-28 15:37:56.078 [JavaFX Application Thread] INFO  o.b.s.BxWinLab.Base.BaseLabel - 控件库Debug模式已开启
2026-01-28 15:37:56.078 [JavaFX Application Thread] INFO  o.b.s.BxWinLab.Base.BaseLabel - 控件库Debug模式已开启
2026-01-28 15:37:56.078 [JavaFX Application Thread] INFO  o.b.s.BxWinLab.Base.BaseLabel - 控件库Debug模式已开启
2026-01-28 15:37:56.078 [JavaFX Application Thread] INFO  o.b.s.BxWinLab.Base.BaseLabel - 控件库Debug模式已开启
2026-01-28 15:37:56.078 [JavaFX Application Thread] INFO  o.b.s.BxWinLab.Base.BaseLabel - 控件库Debug模式已开启
2026-01-28 15:37:56.079 [JavaFX Application Thread] INFO  o.b.s.BxWinLab.Base.BaseLabel - 控件库Debug模式已开启
2026-01-28 15:37:56.079 [JavaFX Application Thread] INFO  o.b.s.BxWinLab.Base.BaseLabel - 控件库Debug模式已开启
2026-01-28 15:37:56.079 [JavaFX Application Thread] INFO  o.b.s.BxWinLab.Base.BaseLabel - 控件库Debug模式已开启
2026-01-28 15:37:56.080 [JavaFX Application Thread] INFO  o.b.s.BxWinLab.Base.BaseLabel - 控件库Debug模式已开启
2026-01-28 15:37:56.081 [JavaFX Application Thread] INFO  o.b.s.BxWinLab.Base.BaseLabel - 控件库Debug模式已开启
2026-01-28 15:37:56.081 [JavaFX Application Thread] INFO  o.b.s.BxWinLab.Base.BaseLabel - 控件库Debug模式已开启
2026-01-28 15:37:56.081 [JavaFX Application Thread] INFO  o.b.s.BxWinLab.Base.BaseLabel - 控件库Debug模式已开启
2026-01-28 15:37:56.086 [JavaFX Application Thread] INFO  o.b.s.BxWinLab.Base.BaseLabel - 控件库Debug模式已开启
2026-01-28 15:37:56.086 [JavaFX Application Thread] INFO  o.b.s.BxWinLab.Base.BaseLabel - 控件库Debug模式已开启
2026-01-28 15:37:56.103 [JavaFX Application Thread] INFO  o.b.s.BxWinLab.Base.BaseLabel - 控件库Debug模式已开启
2026-01-28 15:37:56.103 [JavaFX Application Thread] INFO  o.b.s.BxWinLab.Base.BaseLabel - 控件库Debug模式已开启
2026-01-28 15:37:56.103 [JavaFX Application Thread] INFO  o.b.s.BxWinLab.Base.BaseLabel - 控件库Debug模式已开启
2026-01-28 15:37:56.103 [JavaFX Application Thread] INFO  o.b.s.BxWinLab.Base.BaseLabel - 控件库Debug模式已开启
2026-01-28 15:37:56.104 [JavaFX Application Thread] INFO  o.b.s.BxWinLab.Base.BaseLabel - 控件库Debug模式已开启
2026-01-28 15:37:59.738 [JavaFX Application Thread] INFO  o.b.s.BxWinLab.Base.BaseLabel - 控件焦点改变至 - org.bxwbb.spigotplugincreatertool.BxWinLab.SwitchBox@753634d5
2026-01-28 15:38:03.009 [JavaFX Application Thread] INFO  o.b.s.BxWinLab.Base.BaseLabel - 控件焦点改变至 - org.bxwbb.spigotplugincreatertool.BxWinLab.SwitchBox@1d6fc279
2026-01-28 15:38:51.024 [JavaFX-Launcher] INFO  o.b.s.HelloApplication - 执行初始化...
2026-01-28 15:38:51.030 [JavaFX Application Thread] INFO  o.b.s.HelloApplication - 工具开始启动并加载...
2026-01-28 15:38:51.066 [JavaFX Application Thread] INFO  o.b.s.BxWinLab.Base.BaseLabel - 控件库Debug模式已开启
2026-01-28 15:38:51.072 [JavaFX Application Thread] INFO  o.b.s.BxWinLab.Base.BaseLabel - 控件库Debug模式已开启
2026-01-28 15:38:51.074 [JavaFX Application Thread] INFO  o.b.s.BxWinLab.Base.BaseLabel - 控件库Debug模式已开启
2026-01-28 15:38:51.076 [JavaFX Application Thread] INFO  o.b.s.Utils.FileUtil - 成功加载文件/org/bxwbb/spigotplugincreatertool/icon/icon.png
2026-01-28 15:38:51.216 [JavaFX Application Thread] INFO  o.b.s.BxWinLab.Base.BaseLabel - 控件库Debug模式已开启
2026-01-28 15:38:51.218 [JavaFX Application Thread] INFO  o.b.s.BxWinLab.Base.BaseLabel - 控件库Debug模式已开启
2026-01-28 15:38:51.218 [JavaFX Application Thread] INFO  o.b.s.BxWinLab.Base.BaseLabel - 控件库Debug模式已开启
2026-01-28 15:38:51.219 [JavaFX Application Thread] INFO  o.b.s.BxWinLab.Base.BaseLabel - 控件库Debug模式已开启
2026-01-28 15:38:51.219 [JavaFX Application Thread] INFO  o.b.s.BxWinLab.Base.BaseLabel - 控件库Debug模式已开启
2026-01-28 15:38:51.240 [JavaFX Application Thread] INFO  o.b.s.BxWinLab.Base.BaseLabel - 控件库Debug模式已开启
2026-01-28 15:38:51.254 [JavaFX Application Thread] INFO  o.b.s.BxWinLab.Base.BaseLabel - 控件库Debug模式已开启
2026-01-28 15:38:51.254 [JavaFX Application Thread] INFO  o.b.s.BxWinLab.Base.BaseLabel - 控件库Debug模式已开启
2026-01-28 15:38:51.254 [JavaFX Application Thread] INFO  o.b.s.BxWinLab.Base.BaseLabel - 控件库Debug模式已开启
2026-01-28 15:38:51.254 [JavaFX Application Thread] INFO  o.b.s.BxWinLab.Base.BaseLabel - 控件库Debug模式已开启
2026-01-28 15:38:51.255 [JavaFX Application Thread] INFO  o.b.s.BxWinLab.Base.BaseLabel - 控件库Debug模式已开启
2026-01-28 15:38:51.256 [JavaFX Application Thread] INFO  o.b.s.BxWinLab.Base.BaseLabel - 控件库Debug模式已开启
2026-01-28 15:38:51.256 [JavaFX Application Thread] INFO  o.b.s.Utils.FileUtil - 成功加载文件/org/bxwbb/spigotplugincreatertool/icon/Universal/OpenFolder.png
2026-01-28 15:38:51.259 [JavaFX Application Thread] INFO  o.b.s.BxWinLab.Base.BaseLabel - 控件库Debug模式已开启
2026-01-28 15:38:51.259 [JavaFX Application Thread] INFO  o.b.s.BxWinLab.Base.BaseLabel - 控件库Debug模式已开启
2026-01-28 15:38:51.260 [JavaFX Application Thread] INFO  o.b.s.BxWinLab.Base.BaseLabel - 控件库Debug模式已开启
2026-01-28 15:38:51.261 [JavaFX Application Thread] INFO  o.b.s.BxWinLab.Base.BaseLabel - 控件库Debug模式已开启
2026-01-28 15:38:51.261 [JavaFX Application Thread] INFO  o.b.s.BxWinLab.Base.BaseLabel - 控件库Debug模式已开启
2026-01-28 15:38:51.261 [JavaFX Application Thread] INFO  o.b.s.BxWinLab.Base.BaseLabel - 控件库Debug模式已开启
2026-01-28 15:38:51.261 [JavaFX Application Thread] INFO  o.b.s.BxWinLab.Base.BaseLabel - 控件库Debug模式已开启
2026-01-28 15:38:51.263 [JavaFX Application Thread] INFO  o.b.s.Utils.FileUtil - 成功加载文件/org/bxwbb/spigotplugincreatertool/icon/Universal/NewProject.png
2026-01-28 15:38:51.263 [JavaFX Application Thread] INFO  o.b.s.BxWinLab.Base.BaseLabel - 控件库Debug模式已开启
2026-01-28 15:38:51.264 [JavaFX Application Thread] INFO  o.b.s.BxWinLab.Base.BaseLabel - 控件库Debug模式已开启
2026-01-28 15:38:51.264 [JavaFX Application Thread] INFO  o.b.s.BxWinLab.Base.BaseLabel - 控件库Debug模式已开启
2026-01-28 15:38:51.264 [JavaFX Application Thread] INFO  o.b.s.BxWinLab.Base.BaseLabel - 控件库Debug模式已开启
2026-01-28 15:38:51.264 [JavaFX Application Thread] INFO  o.b.s.BxWinLab.Base.BaseLabel - 控件库Debug模式已开启
2026-01-28 15:38:51.264 [JavaFX Application Thread] INFO  o.b.s.BxWinLab.Base.BaseLabel - 控件库Debug模式已开启
2026-01-28 15:38:51.264 [JavaFX Application Thread] INFO  o.b.s.BxWinLab.Base.BaseLabel - 控件库Debug模式已开启
2026-01-28 15:38:51.265 [JavaFX Application Thread] INFO  o.b.s.Utils.FileUtil - 成功加载文件/org/bxwbb/spigotplugincreatertool/icon/Universal/Setting.png
2026-01-28 15:38:51.266 [JavaFX Application Thread] INFO  o.b.s.BxWinLab.Base.BaseLabel - 控件库Debug模式已开启
2026-01-28 15:38:51.266 [JavaFX Application Thread] INFO  o.b.s.BxWinLab.Base.BaseLabel - 控件库Debug模式已开启
2026-01-28 15:38:51.267 [JavaFX Application Thread] INFO  o.b.s.BxWinLab.Base.BaseLabel - 控件库Debug模式已开启
2026-01-28 15:38:51.267 [JavaFX Application Thread] INFO  o.b.s.BxWinLab.Base.BaseLabel - 控件库Debug模式已开启
2026-01-28 15:38:51.267 [JavaFX Application Thread] INFO  o.b.s.BxWinLab.Base.BaseLabel - 控件库Debug模式已开启
2026-01-28 15:38:51.267 [JavaFX Application Thread] INFO  o.b.s.BxWinLab.Base.BaseLabel - 控件库Debug模式已开启
2026-01-28 15:38:51.267 [JavaFX Application Thread] INFO  o.b.s.BxWinLab.Base.BaseLabel - 控件库Debug模式已开启
2026-01-28 15:38:51.269 [JavaFX Application Thread] INFO  o.b.s.Utils.FileUtil - 成功加载文件/org/bxwbb/spigotplugincreatertool/icon/Universal/Learn.png
2026-01-28 15:38:51.269 [JavaFX Application Thread] INFO  o.b.s.BxWinLab.Base.BaseLabel - 控件库Debug模式已开启
2026-01-28 15:38:51.269 [JavaFX Application Thread] INFO  o.b.s.BxWinLab.Base.BaseLabel - 控件库Debug模式已开启
2026-01-28 15:38:51.270 [JavaFX Application Thread] INFO  o.b.s.BxWinLab.Base.BaseLabel - 控件库Debug模式已开启
2026-01-28 15:38:51.270 [JavaFX Application Thread] INFO  o.b.s.BxWinLab.Base.BaseLabel - 控件库Debug模式已开启
2026-01-28 15:38:51.270 [JavaFX Application Thread] INFO  o.b.s.BxWinLab.Base.BaseLabel - 控件库Debug模式已开启
2026-01-28 15:38:51.270 [JavaFX Application Thread] INFO  o.b.s.BxWinLab.Base.BaseLabel - 控件库Debug模式已开启
2026-01-28 15:38:51.270 [JavaFX Application Thread] INFO  o.b.s.BxWinLab.Base.BaseLabel - 控件库Debug模式已开启
2026-01-28 15:38:51.271 [JavaFX Application Thread] INFO  o.b.s.Utils.FileUtil - 成功加载文件/org/bxwbb/spigotplugincreatertool/icon/Universal/Quit.png
2026-01-28 15:38:51.271 [JavaFX Application Thread] INFO  o.b.s.BxWinLab.Base.BaseLabel - 控件库Debug模式已开启
2026-01-28 15:38:51.271 [JavaFX Application Thread] INFO  o.b.s.BxWinLab.Base.BaseLabel - 控件库Debug模式已开启
2026-01-28 15:38:51.272 [JavaFX Application Thread] INFO  o.b.s.BxWinLab.Base.BaseLabel - 控件库Debug模式已开启
2026-01-28 15:38:51.272 [JavaFX Application Thread] INFO  o.b.s.BxWinLab.Base.BaseLabel - 控件库Debug模式已开启
2026-01-28 15:38:51.272 [JavaFX Application Thread] INFO  o.b.s.BxWinLab.Base.BaseLabel - 控件库Debug模式已开启
2026-01-28 15:38:51.272 [JavaFX Application Thread] INFO  o.b.s.BxWinLab.Base.BaseLabel - 控件库Debug模式已开启
2026-01-28 15:38:51.272 [JavaFX Application Thread] INFO  o.b.s.BxWinLab.Base.BaseLabel - 控件库Debug模式已开启
2026-01-28 15:38:51.273 [JavaFX Application Thread] INFO  o.b.s.BxWinLab.Base.BaseLabel - 控件库Debug模式已开启
2026-01-28 15:38:51.274 [JavaFX Application Thread] INFO  o.b.s.BxWinLab.Base.BaseLabel - 控件库Debug模式已开启
2026-01-28 15:38:51.275 [JavaFX Application Thread] INFO  o.b.s.BxWinLab.Base.BaseLabel - 控件库Debug模式已开启
2026-01-28 15:38:51.276 [JavaFX Application Thread] INFO  o.b.s.BxWinLab.Base.BaseLabel - 控件库Debug模式已开启
2026-01-28 15:38:51.276 [JavaFX Application Thread] INFO  o.b.s.BxWinLab.Base.BaseLabel - 控件库Debug模式已开启
2026-01-28 15:38:51.280 [JavaFX Application Thread] INFO  o.b.s.BxWinLab.Base.BaseLabel - 控件库Debug模式已开启
2026-01-28 15:38:51.281 [JavaFX Application Thread] INFO  o.b.s.BxWinLab.Base.BaseLabel - 控件库Debug模式已开启
2026-01-28 15:38:51.297 [JavaFX Application Thread] INFO  o.b.s.BxWinLab.Base.BaseLabel - 控件库Debug模式已开启
2026-01-28 15:38:51.297 [JavaFX Application Thread] INFO  o.b.s.BxWinLab.Base.BaseLabel - 控件库Debug模式已开启
2026-01-28 15:38:51.297 [JavaFX Application Thread] INFO  o.b.s.BxWinLab.Base.BaseLabel - 控件库Debug模式已开启
2026-01-28 15:38:51.297 [JavaFX Application Thread] INFO  o.b.s.BxWinLab.Base.BaseLabel - 控件库Debug模式已开启
2026-01-28 15:38:51.298 [JavaFX Application Thread] INFO  o.b.s.BxWinLab.Base.BaseLabel - 控件库Debug模式已开启
2026-01-28 15:38:54.292 [JavaFX Application Thread] INFO  o.b.s.BxWinLab.Base.BaseLabel - 控件焦点改变至 - org.bxwbb.spigotplugincreatertool.BxWinLab.SwitchBox@3412064c
2026-01-28 15:38:59.926 [JavaFX Application Thread] INFO  o.b.s.BxWinLab.Base.BaseLabel - 控件焦点改变至 - org.bxwbb.spigotplugincreatertool.BxWinLab.SwitchBox@49943263
2026-01-28 15:39:05.844 [JavaFX Application Thread] INFO  o.b.s.HelloApplication - 执行停止...
2026-01-28 18:18:20.680 [JavaFX-Launcher] INFO  o.b.s.HelloApplication - 执行初始化...
2026-01-28 18:18:20.685 [JavaFX Application Thread] INFO  o.b.s.HelloApplication - 工具开始启动并加载...
2026-01-28 18:18:20.721 [JavaFX Application Thread] INFO  o.b.s.BxWinLab.Base.BaseLabel - 控件库Debug模式已开启
2026-01-28 18:18:20.726 [JavaFX Application Thread] INFO  o.b.s.BxWinLab.Base.BaseLabel - 控件库Debug模式已开启
2026-01-28 18:18:20.728 [JavaFX Application Thread] INFO  o.b.s.BxWinLab.Base.BaseLabel - 控件库Debug模式已开启
2026-01-28 18:18:20.729 [JavaFX Application Thread] INFO  o.b.s.Utils.FileUtil - 成功加载文件/org/bxwbb/spigotplugincreatertool/icon/icon.png
2026-01-28 18:18:20.880 [JavaFX Application Thread] INFO  o.b.s.BxWinLab.Base.BaseLabel - 控件库Debug模式已开启
2026-01-28 18:18:20.883 [JavaFX Application Thread] INFO  o.b.s.BxWinLab.Base.BaseLabel - 控件库Debug模式已开启
2026-01-28 18:18:20.883 [JavaFX Application Thread] INFO  o.b.s.BxWinLab.Base.BaseLabel - 控件库Debug模式已开启
2026-01-28 18:18:20.883 [JavaFX Application Thread] INFO  o.b.s.BxWinLab.Base.BaseLabel - 控件库Debug模式已开启
2026-01-28 18:18:20.884 [JavaFX Application Thread] INFO  o.b.s.BxWinLab.Base.BaseLabel - 控件库Debug模式已开启
2026-01-28 18:18:20.909 [JavaFX Application Thread] INFO  o.b.s.BxWinLab.Base.BaseLabel - 控件库Debug模式已开启
2026-01-28 18:18:20.923 [JavaFX Application Thread] INFO  o.b.s.BxWinLab.Base.BaseLabel - 控件库Debug模式已开启
2026-01-28 18:18:20.923 [JavaFX Application Thread] INFO  o.b.s.BxWinLab.Base.BaseLabel - 控件库Debug模式已开启
2026-01-28 18:18:20.924 [JavaFX Application Thread] INFO  o.b.s.BxWinLab.Base.BaseLabel - 控件库Debug模式已开启
2026-01-28 18:18:20.924 [JavaFX Application Thread] INFO  o.b.s.BxWinLab.Base.BaseLabel - 控件库Debug模式已开启
2026-01-28 18:18:20.925 [JavaFX Application Thread] INFO  o.b.s.BxWinLab.Base.BaseLabel - 控件库Debug模式已开启
2026-01-28 18:18:20.925 [JavaFX Application Thread] INFO  o.b.s.BxWinLab.Base.BaseLabel - 控件库Debug模式已开启
2026-01-28 18:18:20.925 [JavaFX Application Thread] INFO  o.b.s.Utils.FileUtil - 成功加载文件/org/bxwbb/spigotplugincreatertool/icon/Universal/OpenFolder.png
2026-01-28 18:18:20.927 [JavaFX Application Thread] INFO  o.b.s.BxWinLab.Base.BaseLabel - 控件库Debug模式已开启
2026-01-28 18:18:20.927 [JavaFX Application Thread] INFO  o.b.s.BxWinLab.Base.BaseLabel - 控件库Debug模式已开启
2026-01-28 18:18:20.927 [JavaFX Application Thread] INFO  o.b.s.BxWinLab.Base.BaseLabel - 控件库Debug模式已开启
2026-01-28 18:18:20.929 [JavaFX Application Thread] INFO  o.b.s.BxWinLab.Base.BaseLabel - 控件库Debug模式已开启
2026-01-28 18:18:20.929 [JavaFX Application Thread] INFO  o.b.s.BxWinLab.Base.BaseLabel - 控件库Debug模式已开启
2026-01-28 18:18:20.929 [JavaFX Application Thread] INFO  o.b.s.BxWinLab.Base.BaseLabel - 控件库Debug模式已开启
2026-01-28 18:18:20.929 [JavaFX Application Thread] INFO  o.b.s.BxWinLab.Base.BaseLabel - 控件库Debug模式已开启
2026-01-28 18:18:20.931 [JavaFX Application Thread] INFO  o.b.s.Utils.FileUtil - 成功加载文件/org/bxwbb/spigotplugincreatertool/icon/Universal/NewProject.png
2026-01-28 18:18:20.931 [JavaFX Application Thread] INFO  o.b.s.BxWinLab.Base.BaseLabel - 控件库Debug模式已开启
2026-01-28 18:18:20.932 [JavaFX Application Thread] INFO  o.b.s.BxWinLab.Base.BaseLabel - 控件库Debug模式已开启
2026-01-28 18:18:20.932 [JavaFX Application Thread] INFO  o.b.s.BxWinLab.Base.BaseLabel - 控件库Debug模式已开启
2026-01-28 18:18:20.932 [JavaFX Application Thread] INFO  o.b.s.BxWinLab.Base.BaseLabel - 控件库Debug模式已开启
2026-01-28 18:18:20.932 [JavaFX Application Thread] INFO  o.b.s.BxWinLab.Base.BaseLabel - 控件库Debug模式已开启
2026-01-28 18:18:20.932 [JavaFX Application Thread] INFO  o.b.s.BxWinLab.Base.BaseLabel - 控件库Debug模式已开启
2026-01-28 18:18:20.933 [JavaFX Application Thread] INFO  o.b.s.BxWinLab.Base.BaseLabel - 控件库Debug模式已开启
2026-01-28 18:18:20.934 [JavaFX Application Thread] INFO  o.b.s.Utils.FileUtil - 成功加载文件/org/bxwbb/spigotplugincreatertool/icon/Universal/Setting.png
2026-01-28 18:18:20.935 [JavaFX Application Thread] INFO  o.b.s.BxWinLab.Base.BaseLabel - 控件库Debug模式已开启
2026-01-28 18:18:20.935 [JavaFX Application Thread] INFO  o.b.s.BxWinLab.Base.BaseLabel - 控件库Debug模式已开启
2026-01-28 18:18:20.935 [JavaFX Application Thread] INFO  o.b.s.BxWinLab.Base.BaseLabel - 控件库Debug模式已开启
2026-01-28 18:18:20.935 [JavaFX Application Thread] INFO  o.b.s.BxWinLab.Base.BaseLabel - 控件库Debug模式已开启
2026-01-28 18:18:20.935 [JavaFX Application Thread] INFO  o.b.s.BxWinLab.Base.BaseLabel - 控件库Debug模式已开启
2026-01-28 18:18:20.936 [JavaFX Application Thread] INFO  o.b.s.BxWinLab.Base.BaseLabel - 控件库Debug模式已开启
2026-01-28 18:18:20.936 [JavaFX Application Thread] INFO  o.b.s.BxWinLab.Base.BaseLabel - 控件库Debug模式已开启
2026-01-28 18:18:20.937 [JavaFX Application Thread] INFO  o.b.s.Utils.FileUtil - 成功加载文件/org/bxwbb/spigotplugincreatertool/icon/Universal/Learn.png
2026-01-28 18:18:20.938 [JavaFX Application Thread] INFO  o.b.s.BxWinLab.Base.BaseLabel - 控件库Debug模式已开启
2026-01-28 18:18:20.938 [JavaFX Application Thread] INFO  o.b.s.BxWinLab.Base.BaseLabel - 控件库Debug模式已开启
2026-01-28 18:18:20.938 [JavaFX Application Thread] INFO  o.b.s.BxWinLab.Base.BaseLabel - 控件库Debug模式已开启
2026-01-28 18:18:20.938 [JavaFX Application Thread] INFO  o.b.s.BxWinLab.Base.BaseLabel - 控件库Debug模式已开启
2026-01-28 18:18:20.938 [JavaFX Application Thread] INFO  o.b.s.BxWinLab.Base.BaseLabel - 控件库Debug模式已开启
2026-01-28 18:18:20.939 [JavaFX Application Thread] INFO  o.b.s.BxWinLab.Base.BaseLabel - 控件库Debug模式已开启
2026-01-28 18:18:20.939 [JavaFX Application Thread] INFO  o.b.s.BxWinLab.Base.BaseLabel - 控件库Debug模式已开启
2026-01-28 18:18:20.939 [JavaFX Application Thread] INFO  o.b.s.Utils.FileUtil - 成功加载文件/org/bxwbb/spigotplugincreatertool/icon/Universal/Quit.png
2026-01-28 18:18:20.940 [JavaFX Application Thread] INFO  o.b.s.BxWinLab.Base.BaseLabel - 控件库Debug模式已开启
2026-01-28 18:18:20.940 [JavaFX Application Thread] INFO  o.b.s.BxWinLab.Base.BaseLabel - 控件库Debug模式已开启
2026-01-28 18:18:20.940 [JavaFX Application Thread] INFO  o.b.s.BxWinLab.Base.BaseLabel - 控件库Debug模式已开启
2026-01-28 18:18:20.941 [JavaFX Application Thread] INFO  o.b.s.BxWinLab.Base.BaseLabel - 控件库Debug模式已开启
2026-01-28 18:18:20.941 [JavaFX Application Thread] INFO  o.b.s.BxWinLab.Base.BaseLabel - 控件库Debug模式已开启
2026-01-28 18:18:20.941 [JavaFX Application Thread] INFO  o.b.s.BxWinLab.Base.BaseLabel - 控件库Debug模式已开启
2026-01-28 18:18:20.941 [JavaFX Application Thread] INFO  o.b.s.BxWinLab.Base.BaseLabel - 控件库Debug模式已开启
2026-01-28 18:18:20.942 [JavaFX Application Thread] INFO  o.b.s.BxWinLab.Base.BaseLabel - 控件库Debug模式已开启
2026-01-28 18:18:20.943 [JavaFX Application Thread] INFO  o.b.s.BxWinLab.Base.BaseLabel - 控件库Debug模式已开启
2026-01-28 18:18:20.945 [JavaFX Application Thread] INFO  o.b.s.BxWinLab.Base.BaseLabel - 控件库Debug模式已开启
2026-01-28 18:18:20.945 [JavaFX Application Thread] INFO  o.b.s.BxWinLab.Base.BaseLabel - 控件库Debug模式已开启
2026-01-28 18:18:20.945 [JavaFX Application Thread] INFO  o.b.s.BxWinLab.Base.BaseLabel - 控件库Debug模式已开启
2026-01-28 18:18:20.949 [JavaFX Application Thread] INFO  o.b.s.BxWinLab.Base.BaseLabel - 控件库Debug模式已开启
2026-01-28 18:18:20.949 [JavaFX Application Thread] INFO  o.b.s.BxWinLab.Base.BaseLabel - 控件库Debug模式已开启
2026-01-28 18:18:20.971 [JavaFX Application Thread] INFO  o.b.s.BxWinLab.Base.BaseLabel - 控件库Debug模式已开启
2026-01-28 18:18:20.972 [JavaFX Application Thread] INFO  o.b.s.BxWinLab.Base.BaseLabel - 控件库Debug模式已开启
2026-01-28 18:18:20.972 [JavaFX Application Thread] INFO  o.b.s.BxWinLab.Base.BaseLabel - 控件库Debug模式已开启
2026-01-28 18:18:20.972 [JavaFX Application Thread] INFO  o.b.s.BxWinLab.Base.BaseLabel - 控件库Debug模式已开启
2026-01-28 18:18:20.972 [JavaFX Application Thread] INFO  o.b.s.BxWinLab.Base.BaseLabel - 控件库Debug模式已开启
2026-01-28 18:18:37.413 [JavaFX Application Thread] INFO  o.b.s.HelloApplication - 执行停止...
2026-01-28 18:18:54.301 [JavaFX-Launcher] INFO  o.b.s.HelloApplication - 执行初始化...
2026-01-28 18:18:54.306 [JavaFX Application Thread] INFO  o.b.s.HelloApplication - 工具开始启动并加载...
2026-01-28 18:18:54.340 [JavaFX Application Thread] INFO  o.b.s.BxWinLab.Base.BaseLabel - 控件库Debug模式已开启
2026-01-28 18:18:54.344 [JavaFX Application Thread] INFO  o.b.s.BxWinLab.Base.BaseLabel - 控件库Debug模式已开启
2026-01-28 18:18:54.346 [JavaFX Application Thread] INFO  o.b.s.BxWinLab.Base.BaseLabel - 控件库Debug模式已开启
2026-01-28 18:18:54.348 [JavaFX Application Thread] INFO  o.b.s.Utils.FileUtil - 成功加载文件/org/bxwbb/spigotplugincreatertool/icon/icon.png
2026-01-28 18:18:54.494 [JavaFX Application Thread] INFO  o.b.s.BxWinLab.Base.BaseLabel - 控件库Debug模式已开启
2026-01-28 18:18:54.495 [JavaFX Application Thread] INFO  o.b.s.BxWinLab.Base.BaseLabel - 控件库Debug模式已开启
2026-01-28 18:18:54.496 [JavaFX Application Thread] INFO  o.b.s.BxWinLab.Base.BaseLabel - 控件库Debug模式已开启
2026-01-28 18:18:54.496 [JavaFX Application Thread] INFO  o.b.s.BxWinLab.Base.BaseLabel - 控件库Debug模式已开启
2026-01-28 18:18:54.496 [JavaFX Application Thread] INFO  o.b.s.BxWinLab.Base.BaseLabel - 控件库Debug模式已开启
2026-01-28 18:18:54.519 [JavaFX Application Thread] INFO  o.b.s.BxWinLab.Base.BaseLabel - 控件库Debug模式已开启
2026-01-28 18:18:54.533 [JavaFX Application Thread] INFO  o.b.s.BxWinLab.Base.BaseLabel - 控件库Debug模式已开启
2026-01-28 18:18:54.533 [JavaFX Application Thread] INFO  o.b.s.BxWinLab.Base.BaseLabel - 控件库Debug模式已开启
2026-01-28 18:18:54.533 [JavaFX Application Thread] INFO  o.b.s.BxWinLab.Base.BaseLabel - 控件库Debug模式已开启
2026-01-28 18:18:54.533 [JavaFX Application Thread] INFO  o.b.s.BxWinLab.Base.BaseLabel - 控件库Debug模式已开启
2026-01-28 18:18:54.534 [JavaFX Application Thread] INFO  o.b.s.BxWinLab.Base.BaseLabel - 控件库Debug模式已开启
2026-01-28 18:18:54.535 [JavaFX Application Thread] INFO  o.b.s.BxWinLab.Base.BaseLabel - 控件库Debug模式已开启
2026-01-28 18:18:54.535 [JavaFX Application Thread] INFO  o.b.s.Utils.FileUtil - 成功加载文件/org/bxwbb/spigotplugincreatertool/icon/Universal/OpenFolder.png
2026-01-28 18:18:54.537 [JavaFX Application Thread] INFO  o.b.s.BxWinLab.Base.BaseLabel - 控件库Debug模式已开启
2026-01-28 18:18:54.537 [JavaFX Application Thread] INFO  o.b.s.BxWinLab.Base.BaseLabel - 控件库Debug模式已开启
2026-01-28 18:18:54.537 [JavaFX Application Thread] INFO  o.b.s.BxWinLab.Base.BaseLabel - 控件库Debug模式已开启
2026-01-28 18:18:54.538 [JavaFX Application Thread] INFO  o.b.s.BxWinLab.Base.BaseLabel - 控件库Debug模式已开启
2026-01-28 18:18:54.539 [JavaFX Application Thread] INFO  o.b.s.BxWinLab.Base.BaseLabel - 控件库Debug模式已开启
2026-01-28 18:18:54.539 [JavaFX Application Thread] INFO  o.b.s.BxWinLab.Base.BaseLabel - 控件库Debug模式已开启
2026-01-28 18:18:54.539 [JavaFX Application Thread] INFO  o.b.s.BxWinLab.Base.BaseLabel - 控件库Debug模式已开启
2026-01-28 18:18:54.540 [JavaFX Application Thread] INFO  o.b.s.Utils.FileUtil - 成功加载文件/org/bxwbb/spigotplugincreatertool/icon/Universal/NewProject.png
2026-01-28 18:18:54.541 [JavaFX Application Thread] INFO  o.b.s.BxWinLab.Base.BaseLabel - 控件库Debug模式已开启
2026-01-28 18:18:54.541 [JavaFX Application Thread] INFO  o.b.s.BxWinLab.Base.BaseLabel - 控件库Debug模式已开启
2026-01-28 18:18:54.542 [JavaFX Application Thread] INFO  o.b.s.BxWinLab.Base.BaseLabel - 控件库Debug模式已开启
2026-01-28 18:18:54.542 [JavaFX Application Thread] INFO  o.b.s.BxWinLab.Base.BaseLabel - 控件库Debug模式已开启
2026-01-28 18:18:54.542 [JavaFX Application Thread] INFO  o.b.s.BxWinLab.Base.BaseLabel - 控件库Debug模式已开启
2026-01-28 18:18:54.542 [JavaFX Application Thread] INFO  o.b.s.BxWinLab.Base.BaseLabel - 控件库Debug模式已开启
2026-01-28 18:18:54.542 [JavaFX Application Thread] INFO  o.b.s.BxWinLab.Base.BaseLabel - 控件库Debug模式已开启
2026-01-28 18:18:54.544 [JavaFX Application Thread] INFO  o.b.s.Utils.FileUtil - 成功加载文件/org/bxwbb/spigotplugincreatertool/icon/Universal/Setting.png
2026-01-28 18:18:54.544 [JavaFX Application Thread] INFO  o.b.s.BxWinLab.Base.BaseLabel - 控件库Debug模式已开启
2026-01-28 18:18:54.545 [JavaFX Application Thread] INFO  o.b.s.BxWinLab.Base.BaseLabel - 控件库Debug模式已开启
2026-01-28 18:18:54.545 [JavaFX Application Thread] INFO  o.b.s.BxWinLab.Base.BaseLabel - 控件库Debug模式已开启
2026-01-28 18:18:54.545 [JavaFX Application Thread] INFO  o.b.s.BxWinLab.Base.BaseLabel - 控件库Debug模式已开启
2026-01-28 18:18:54.545 [JavaFX Application Thread] INFO  o.b.s.BxWinLab.Base.BaseLabel - 控件库Debug模式已开启
2026-01-28 18:18:54.546 [JavaFX Application Thread] INFO  o.b.s.BxWinLab.Base.BaseLabel - 控件库Debug模式已开启
2026-01-28 18:18:54.546 [JavaFX Application Thread] INFO  o.b.s.BxWinLab.Base.BaseLabel - 控件库Debug模式已开启
2026-01-28 18:18:54.547 [JavaFX Application Thread] INFO  o.b.s.Utils.FileUtil - 成功加载文件/org/bxwbb/spigotplugincreatertool/icon/Universal/Learn.png
2026-01-28 18:18:54.547 [JavaFX Application Thread] INFO  o.b.s.BxWinLab.Base.BaseLabel - 控件库Debug模式已开启
2026-01-28 18:18:54.547 [JavaFX Application Thread] INFO  o.b.s.BxWinLab.Base.BaseLabel - 控件库Debug模式已开启
2026-01-28 18:18:54.548 [JavaFX Application Thread] INFO  o.b.s.BxWinLab.Base.BaseLabel - 控件库Debug模式已开启
2026-01-28 18:18:54.548 [JavaFX Application Thread] INFO  o.b.s.BxWinLab.Base.BaseLabel - 控件库Debug模式已开启
2026-01-28 18:18:54.548 [JavaFX Application Thread] INFO  o.b.s.BxWinLab.Base.BaseLabel - 控件库Debug模式已开启
2026-01-28 18:18:54.548 [JavaFX Application Thread] INFO  o.b.s.BxWinLab.Base.BaseLabel - 控件库Debug模式已开启
2026-01-28 18:18:54.548 [JavaFX Application Thread] INFO  o.b.s.BxWinLab.Base.BaseLabel - 控件库Debug模式已开启
2026-01-28 18:18:54.549 [JavaFX Application Thread] INFO  o.b.s.Utils.FileUtil - 成功加载文件/org/bxwbb/spigotplugincreatertool/icon/Universal/Quit.png
2026-01-28 18:18:54.550 [JavaFX Application Thread] INFO  o.b.s.BxWinLab.Base.BaseLabel - 控件库Debug模式已开启
2026-01-28 18:18:54.550 [JavaFX Application Thread] INFO  o.b.s.BxWinLab.Base.BaseLabel - 控件库Debug模式已开启
2026-01-28 18:18:54.550 [JavaFX Application Thread] INFO  o.b.s.BxWinLab.Base.BaseLabel - 控件库Debug模式已开启
2026-01-28 18:18:54.550 [JavaFX Application Thread] INFO  o.b.s.BxWinLab.Base.BaseLabel - 控件库Debug模式已开启
2026-01-28 18:18:54.550 [JavaFX Application Thread] INFO  o.b.s.BxWinLab.Base.BaseLabel - 控件库Debug模式已开启
2026-01-28 18:18:54.550 [JavaFX Application Thread] INFO  o.b.s.BxWinLab.Base.BaseLabel - 控件库Debug模式已开启
2026-01-28 18:18:54.550 [JavaFX Application Thread] INFO  o.b.s.BxWinLab.Base.BaseLabel - 控件库Debug模式已开启
2026-01-28 18:18:54.551 [JavaFX Application Thread] INFO  o.b.s.BxWinLab.Base.BaseLabel - 控件库Debug模式已开启
2026-01-28 18:18:54.552 [JavaFX Application Thread] INFO  o.b.s.BxWinLab.Base.BaseLabel - 控件库Debug模式已开启
2026-01-28 18:18:54.553 [JavaFX Application Thread] INFO  o.b.s.BxWinLab.Base.BaseLabel - 控件库Debug模式已开启
2026-01-28 18:18:54.553 [JavaFX Application Thread] INFO  o.b.s.BxWinLab.Base.BaseLabel - 控件库Debug模式已开启
2026-01-28 18:18:54.553 [JavaFX Application Thread] INFO  o.b.s.BxWinLab.Base.BaseLabel - 控件库Debug模式已开启
2026-01-28 18:18:54.558 [JavaFX Application Thread] INFO  o.b.s.BxWinLab.Base.BaseLabel - 控件库Debug模式已开启
2026-01-28 18:18:54.558 [JavaFX Application Thread] INFO  o.b.s.BxWinLab.Base.BaseLabel - 控件库Debug模式已开启
2026-01-28 18:18:54.576 [JavaFX Application Thread] INFO  o.b.s.BxWinLab.Base.BaseLabel - 控件库Debug模式已开启
2026-01-28 18:18:54.576 [JavaFX Application Thread] INFO  o.b.s.BxWinLab.Base.BaseLabel - 控件库Debug模式已开启
2026-01-28 18:18:54.577 [JavaFX Application Thread] INFO  o.b.s.BxWinLab.Base.BaseLabel - 控件库Debug模式已开启
2026-01-28 18:18:54.577 [JavaFX Application Thread] INFO  o.b.s.BxWinLab.Base.BaseLabel - 控件库Debug模式已开启
2026-01-28 18:18:54.577 [JavaFX Application Thread] INFO  o.b.s.BxWinLab.Base.BaseLabel - 控件库Debug模式已开启
2026-01-28 18:19:06.940 [JavaFX Application Thread] INFO  o.b.s.HelloApplication - 执行停止...
2026-01-28 18:25:49.378 [JavaFX-Launcher] INFO  o.b.s.HelloApplication - 执行初始化...
2026-01-28 18:25:49.383 [JavaFX Application Thread] INFO  o.b.s.HelloApplication - 工具开始启动并加载...
2026-01-28 18:25:49.422 [JavaFX Application Thread] INFO  o.b.s.BxWinLab.Base.BaseLabel - 控件库Debug模式已开启
2026-01-28 18:25:49.428 [JavaFX Application Thread] INFO  o.b.s.BxWinLab.Base.BaseLabel - 控件库Debug模式已开启
2026-01-28 18:25:49.430 [JavaFX Application Thread] INFO  o.b.s.BxWinLab.Base.BaseLabel - 控件库Debug模式已开启
2026-01-28 18:25:49.431 [JavaFX Application Thread] INFO  o.b.s.Utils.FileUtil - 成功加载文件/org/bxwbb/spigotplugincreatertool/icon/icon.png
2026-01-28 18:25:49.589 [JavaFX Application Thread] INFO  o.b.s.BxWinLab.Base.BaseLabel - 控件库Debug模式已开启
2026-01-28 18:25:49.591 [JavaFX Application Thread] INFO  o.b.s.BxWinLab.Base.BaseLabel - 控件库Debug模式已开启
2026-01-28 18:25:49.591 [JavaFX Application Thread] INFO  o.b.s.BxWinLab.Base.BaseLabel - 控件库Debug模式已开启
2026-01-28 18:25:49.592 [JavaFX Application Thread] INFO  o.b.s.BxWinLab.Base.BaseLabel - 控件库Debug模式已开启
2026-01-28 18:25:49.592 [JavaFX Application Thread] INFO  o.b.s.BxWinLab.Base.BaseLabel - 控件库Debug模式已开启
2026-01-28 18:25:49.612 [JavaFX Application Thread] INFO  o.b.s.BxWinLab.Base.BaseLabel - 控件库Debug模式已开启
2026-01-28 18:25:49.627 [JavaFX Application Thread] INFO  o.b.s.BxWinLab.Base.BaseLabel - 控件库Debug模式已开启
2026-01-28 18:25:49.627 [JavaFX Application Thread] INFO  o.b.s.BxWinLab.Base.BaseLabel - 控件库Debug模式已开启
2026-01-28 18:25:49.630 [JavaFX Application Thread] INFO  o.b.s.BxWinLab.Base.BaseLabel - 控件库Debug模式已开启
2026-01-28 18:25:49.630 [JavaFX Application Thread] INFO  o.b.s.BxWinLab.Base.BaseLabel - 控件库Debug模式已开启
2026-01-28 18:25:49.631 [JavaFX Application Thread] INFO  o.b.s.BxWinLab.Base.BaseLabel - 控件库Debug模式已开启
2026-01-28 18:25:49.632 [JavaFX Application Thread] INFO  o.b.s.BxWinLab.Base.BaseLabel - 控件库Debug模式已开启
2026-01-28 18:25:49.632 [JavaFX Application Thread] INFO  o.b.s.Utils.FileUtil - 成功加载文件/org/bxwbb/spigotplugincreatertool/icon/Universal/OpenFolder.png
2026-01-28 18:25:49.633 [JavaFX Application Thread] INFO  o.b.s.BxWinLab.Base.BaseLabel - 控件库Debug模式已开启
2026-01-28 18:25:49.633 [JavaFX Application Thread] INFO  o.b.s.BxWinLab.Base.BaseLabel - 控件库Debug模式已开启
2026-01-28 18:25:49.634 [JavaFX Application Thread] INFO  o.b.s.BxWinLab.Base.BaseLabel - 控件库Debug模式已开启
2026-01-28 18:25:49.636 [JavaFX Application Thread] INFO  o.b.s.BxWinLab.Base.BaseLabel - 控件库Debug模式已开启
2026-01-28 18:25:49.636 [JavaFX Application Thread] INFO  o.b.s.BxWinLab.Base.BaseLabel - 控件库Debug模式已开启
2026-01-28 18:25:49.636 [JavaFX Application Thread] INFO  o.b.s.BxWinLab.Base.BaseLabel - 控件库Debug模式已开启
2026-01-28 18:25:49.636 [JavaFX Application Thread] INFO  o.b.s.BxWinLab.Base.BaseLabel - 控件库Debug模式已开启
2026-01-28 18:25:49.637 [JavaFX Application Thread] INFO  o.b.s.Utils.FileUtil - 成功加载文件/org/bxwbb/spigotplugincreatertool/icon/Universal/NewProject.png
2026-01-28 18:25:49.638 [JavaFX Application Thread] INFO  o.b.s.BxWinLab.Base.BaseLabel - 控件库Debug模式已开启
2026-01-28 18:25:49.638 [JavaFX Application Thread] INFO  o.b.s.BxWinLab.Base.BaseLabel - 控件库Debug模式已开启
2026-01-28 18:25:49.638 [JavaFX Application Thread] INFO  o.b.s.BxWinLab.Base.BaseLabel - 控件库Debug模式已开启
2026-01-28 18:25:49.639 [JavaFX Application Thread] INFO  o.b.s.BxWinLab.Base.BaseLabel - 控件库Debug模式已开启
2026-01-28 18:25:49.639 [JavaFX Application Thread] INFO  o.b.s.BxWinLab.Base.BaseLabel - 控件库Debug模式已开启
2026-01-28 18:25:49.639 [JavaFX Application Thread] INFO  o.b.s.BxWinLab.Base.BaseLabel - 控件库Debug模式已开启
2026-01-28 18:25:49.639 [JavaFX Application Thread] INFO  o.b.s.BxWinLab.Base.BaseLabel - 控件库Debug模式已开启
2026-01-28 18:25:49.640 [JavaFX Application Thread] INFO  o.b.s.Utils.FileUtil - 成功加载文件/org/bxwbb/spigotplugincreatertool/icon/Universal/Setting.png
2026-01-28 18:25:49.641 [JavaFX Application Thread] INFO  o.b.s.BxWinLab.Base.BaseLabel - 控件库Debug模式已开启
2026-01-28 18:25:49.641 [JavaFX Application Thread] INFO  o.b.s.BxWinLab.Base.BaseLabel - 控件库Debug模式已开启
2026-01-28 18:25:49.641 [JavaFX Application Thread] INFO  o.b.s.BxWinLab.Base.BaseLabel - 控件库Debug模式已开启
2026-01-28 18:25:49.642 [JavaFX Application Thread] INFO  o.b.s.BxWinLab.Base.BaseLabel - 控件库Debug模式已开启
2026-01-28 18:25:49.642 [JavaFX Application Thread] INFO  o.b.s.BxWinLab.Base.BaseLabel - 控件库Debug模式已开启
2026-01-28 18:25:49.642 [JavaFX Application Thread] INFO  o.b.s.BxWinLab.Base.BaseLabel - 控件库Debug模式已开启
2026-01-28 18:25:49.642 [JavaFX Application Thread] INFO  o.b.s.BxWinLab.Base.BaseLabel - 控件库Debug模式已开启
2026-01-28 18:25:49.643 [JavaFX Application Thread] INFO  o.b.s.Utils.FileUtil - 成功加载文件/org/bxwbb/spigotplugincreatertool/icon/Universal/Learn.png
2026-01-28 18:25:49.644 [JavaFX Application Thread] INFO  o.b.s.BxWinLab.Base.BaseLabel - 控件库Debug模式已开启
2026-01-28 18:25:49.644 [JavaFX Application Thread] INFO  o.b.s.BxWinLab.Base.BaseLabel - 控件库Debug模式已开启
2026-01-28 18:25:49.644 [JavaFX Application Thread] INFO  o.b.s.BxWinLab.Base.BaseLabel - 控件库Debug模式已开启
2026-01-28 18:25:49.644 [JavaFX Application Thread] INFO  o.b.s.BxWinLab.Base.BaseLabel - 控件库Debug模式已开启
2026-01-28 18:25:49.644 [JavaFX Application Thread] INFO  o.b.s.BxWinLab.Base.BaseLabel - 控件库Debug模式已开启
2026-01-28 18:25:49.644 [JavaFX Application Thread] INFO  o.b.s.BxWinLab.Base.BaseLabel - 控件库Debug模式已开启
2026-01-28 18:25:49.644 [JavaFX Application Thread] INFO  o.b.s.BxWinLab.Base.BaseLabel - 控件库Debug模式已开启
2026-01-28 18:25:49.646 [JavaFX Application Thread] INFO  o.b.s.Utils.FileUtil - 成功加载文件/org/bxwbb/spigotplugincreatertool/icon/Universal/Quit.png
2026-01-28 18:25:49.647 [JavaFX Application Thread] INFO  o.b.s.BxWinLab.Base.BaseLabel - 控件库Debug模式已开启
2026-01-28 18:25:49.647 [JavaFX Application Thread] INFO  o.b.s.BxWinLab.Base.BaseLabel - 控件库Debug模式已开启
2026-01-28 18:25:49.647 [JavaFX Application Thread] INFO  o.b.s.BxWinLab.Base.BaseLabel - 控件库Debug模式已开启
2026-01-28 18:25:49.647 [JavaFX Application Thread] INFO  o.b.s.BxWinLab.Base.BaseLabel - 控件库Debug模式已开启
2026-01-28 18:25:49.647 [JavaFX Application Thread] INFO  o.b.s.BxWinLab.Base.BaseLabel - 控件库Debug模式已开启
2026-01-28 18:25:49.647 [JavaFX Application Thread] INFO  o.b.s.BxWinLab.Base.BaseLabel - 控件库Debug模式已开启
2026-01-28 18:25:49.647 [JavaFX Application Thread] INFO  o.b.s.BxWinLab.Base.BaseLabel - 控件库Debug模式已开启
2026-01-28 18:25:49.648 [JavaFX Application Thread] INFO  o.b.s.BxWinLab.Base.BaseLabel - 控件库Debug模式已开启
2026-01-28 18:25:49.649 [JavaFX Application Thread] INFO  o.b.s.BxWinLab.Base.BaseLabel - 控件库Debug模式已开启
2026-01-28 18:25:49.650 [JavaFX Application Thread] INFO  o.b.s.BxWinLab.Base.BaseLabel - 控件库Debug模式已开启
2026-01-28 18:25:49.650 [JavaFX Application Thread] INFO  o.b.s.BxWinLab.Base.BaseLabel - 控件库Debug模式已开启
2026-01-28 18:25:49.651 [JavaFX Application Thread] INFO  o.b.s.BxWinLab.Base.BaseLabel - 控件库Debug模式已开启
2026-01-28 18:25:49.656 [JavaFX Application Thread] INFO  o.b.s.BxWinLab.Base.BaseLabel - 控件库Debug模式已开启
2026-01-28 18:25:49.656 [JavaFX Application Thread] INFO  o.b.s.BxWinLab.Base.BaseLabel - 控件库Debug模式已开启
2026-01-28 18:25:49.675 [JavaFX Application Thread] INFO  o.b.s.BxWinLab.Base.BaseLabel - 控件库Debug模式已开启
2026-01-28 18:25:49.675 [JavaFX Application Thread] INFO  o.b.s.BxWinLab.Base.BaseLabel - 控件库Debug模式已开启
2026-01-28 18:25:49.675 [JavaFX Application Thread] INFO  o.b.s.BxWinLab.Base.BaseLabel - 控件库Debug模式已开启
2026-01-28 18:25:49.676 [JavaFX Application Thread] INFO  o.b.s.BxWinLab.Base.BaseLabel - 控件库Debug模式已开启
2026-01-28 18:25:49.676 [JavaFX Application Thread] INFO  o.b.s.BxWinLab.Base.BaseLabel - 控件库Debug模式已开启
2026-01-28 18:26:13.422 [JavaFX Application Thread] INFO  o.b.s.BxWinLab.Base.BaseLabel - 控件焦点改变至 - org.bxwbb.spigotplugincreatertool.BxWinLab.SwitchBox@1a98ec74
2026-01-28 18:26:14.918 [JavaFX Application Thread] INFO  o.b.s.BxWinLab.Base.BaseLabel - 控件焦点改变至 - org.bxwbb.spigotplugincreatertool.BxWinLab.SwitchBox@1ade26c6
2026-01-28 18:26:16.819 [JavaFX Application Thread] INFO  o.b.s.HelloApplication - 执行停止...
2026-01-28 18:26:38.837 [JavaFX-Launcher] INFO  o.b.s.HelloApplication - 执行初始化...
2026-01-28 18:26:38.844 [JavaFX Application Thread] INFO  o.b.s.HelloApplication - 工具开始启动并加载...
2026-01-28 18:26:38.881 [JavaFX Application Thread] INFO  o.b.s.BxWinLab.Base.BaseLabel - 控件库Debug模式已开启
2026-01-28 18:26:38.888 [JavaFX Application Thread] INFO  o.b.s.BxWinLab.Base.BaseLabel - 控件库Debug模式已开启
2026-01-28 18:26:38.890 [JavaFX Application Thread] INFO  o.b.s.BxWinLab.Base.BaseLabel - 控件库Debug模式已开启
2026-01-28 18:26:38.891 [JavaFX Application Thread] INFO  o.b.s.Utils.FileUtil - 成功加载文件/org/bxwbb/spigotplugincreatertool/icon/icon.png
2026-01-28 18:26:39.037 [JavaFX Application Thread] INFO  o.b.s.BxWinLab.Base.BaseLabel - 控件库Debug模式已开启
2026-01-28 18:26:39.039 [JavaFX Application Thread] INFO  o.b.s.BxWinLab.Base.BaseLabel - 控件库Debug模式已开启
2026-01-28 18:26:39.040 [JavaFX Application Thread] INFO  o.b.s.BxWinLab.Base.BaseLabel - 控件库Debug模式已开启
2026-01-28 18:26:39.040 [JavaFX Application Thread] INFO  o.b.s.BxWinLab.Base.BaseLabel - 控件库Debug模式已开启
2026-01-28 18:26:39.040 [JavaFX Application Thread] INFO  o.b.s.BxWinLab.Base.BaseLabel - 控件库Debug模式已开启
2026-01-28 18:26:39.059 [JavaFX Application Thread] INFO  o.b.s.BxWinLab.Base.BaseLabel - 控件库Debug模式已开启
2026-01-28 18:26:39.078 [JavaFX Application Thread] INFO  o.b.s.BxWinLab.Base.BaseLabel - 控件库Debug模式已开启
2026-01-28 18:26:39.078 [JavaFX Application Thread] INFO  o.b.s.BxWinLab.Base.BaseLabel - 控件库Debug模式已开启
2026-01-28 18:26:39.078 [JavaFX Application Thread] INFO  o.b.s.BxWinLab.Base.BaseLabel - 控件库Debug模式已开启
2026-01-28 18:26:39.079 [JavaFX Application Thread] INFO  o.b.s.BxWinLab.Base.BaseLabel - 控件库Debug模式已开启
2026-01-28 18:26:39.080 [JavaFX Application Thread] INFO  o.b.s.BxWinLab.Base.BaseLabel - 控件库Debug模式已开启
2026-01-28 18:26:39.081 [JavaFX Application Thread] INFO  o.b.s.BxWinLab.Base.BaseLabel - 控件库Debug模式已开启
2026-01-28 18:26:39.081 [JavaFX Application Thread] INFO  o.b.s.Utils.FileUtil - 成功加载文件/org/bxwbb/spigotplugincreatertool/icon/Universal/OpenFolder.png
2026-01-28 18:26:39.083 [JavaFX Application Thread] INFO  o.b.s.BxWinLab.Base.BaseLabel - 控件库Debug模式已开启
2026-01-28 18:26:39.084 [JavaFX Application Thread] INFO  o.b.s.BxWinLab.Base.BaseLabel - 控件库Debug模式已开启
2026-01-28 18:26:39.084 [JavaFX Application Thread] INFO  o.b.s.BxWinLab.Base.BaseLabel - 控件库Debug模式已开启
2026-01-28 18:26:39.086 [JavaFX Application Thread] INFO  o.b.s.BxWinLab.Base.BaseLabel - 控件库Debug模式已开启
2026-01-28 18:26:39.086 [JavaFX Application Thread] INFO  o.b.s.BxWinLab.Base.BaseLabel - 控件库Debug模式已开启
2026-01-28 18:26:39.086 [JavaFX Application Thread] INFO  o.b.s.BxWinLab.Base.BaseLabel - 控件库Debug模式已开启
2026-01-28 18:26:39.086 [JavaFX Application Thread] INFO  o.b.s.BxWinLab.Base.BaseLabel - 控件库Debug模式已开启
2026-01-28 18:26:39.089 [JavaFX Application Thread] INFO  o.b.s.Utils.FileUtil - 成功加载文件/org/bxwbb/spigotplugincreatertool/icon/Universal/NewProject.png
2026-01-28 18:26:39.089 [JavaFX Application Thread] INFO  o.b.s.BxWinLab.Base.BaseLabel - 控件库Debug模式已开启
2026-01-28 18:26:39.090 [JavaFX Application Thread] INFO  o.b.s.BxWinLab.Base.BaseLabel - 控件库Debug模式已开启
2026-01-28 18:26:39.090 [JavaFX Application Thread] INFO  o.b.s.BxWinLab.Base.BaseLabel - 控件库Debug模式已开启
2026-01-28 18:26:39.090 [JavaFX Application Thread] INFO  o.b.s.BxWinLab.Base.BaseLabel - 控件库Debug模式已开启
2026-01-28 18:26:39.090 [JavaFX Application Thread] INFO  o.b.s.BxWinLab.Base.BaseLabel - 控件库Debug模式已开启
2026-01-28 18:26:39.091 [JavaFX Application Thread] INFO  o.b.s.BxWinLab.Base.BaseLabel - 控件库Debug模式已开启
2026-01-28 18:26:39.091 [JavaFX Application Thread] INFO  o.b.s.BxWinLab.Base.BaseLabel - 控件库Debug模式已开启
2026-01-28 18:26:39.092 [JavaFX Application Thread] INFO  o.b.s.Utils.FileUtil - 成功加载文件/org/bxwbb/spigotplugincreatertool/icon/Universal/Setting.png
2026-01-28 18:26:39.093 [JavaFX Application Thread] INFO  o.b.s.BxWinLab.Base.BaseLabel - 控件库Debug模式已开启
2026-01-28 18:26:39.093 [JavaFX Application Thread] INFO  o.b.s.BxWinLab.Base.BaseLabel - 控件库Debug模式已开启
2026-01-28 18:26:39.093 [JavaFX Application Thread] INFO  o.b.s.BxWinLab.Base.BaseLabel - 控件库Debug模式已开启
2026-01-28 18:26:39.094 [JavaFX Application Thread] INFO  o.b.s.BxWinLab.Base.BaseLabel - 控件库Debug模式已开启
2026-01-28 18:26:39.094 [JavaFX Application Thread] INFO  o.b.s.BxWinLab.Base.BaseLabel - 控件库Debug模式已开启
2026-01-28 18:26:39.094 [JavaFX Application Thread] INFO  o.b.s.BxWinLab.Base.BaseLabel - 控件库Debug模式已开启
2026-01-28 18:26:39.094 [JavaFX Application Thread] INFO  o.b.s.BxWinLab.Base.BaseLabel - 控件库Debug模式已开启
2026-01-28 18:26:39.095 [JavaFX Application Thread] INFO  o.b.s.Utils.FileUtil - 成功加载文件/org/bxwbb/spigotplugincreatertool/icon/Universal/Learn.png
2026-01-28 18:26:39.095 [JavaFX Application Thread] INFO  o.b.s.BxWinLab.Base.BaseLabel - 控件库Debug模式已开启
2026-01-28 18:26:39.096 [JavaFX Application Thread] INFO  o.b.s.BxWinLab.Base.BaseLabel - 控件库Debug模式已开启
2026-01-28 18:26:39.096 [JavaFX Application Thread] INFO  o.b.s.BxWinLab.Base.BaseLabel - 控件库Debug模式已开启
2026-01-28 18:26:39.096 [JavaFX Application Thread] INFO  o.b.s.BxWinLab.Base.BaseLabel - 控件库Debug模式已开启
2026-01-28 18:26:39.096 [JavaFX Application Thread] INFO  o.b.s.BxWinLab.Base.BaseLabel - 控件库Debug模式已开启
2026-01-28 18:26:39.096 [JavaFX Application Thread] INFO  o.b.s.BxWinLab.Base.BaseLabel - 控件库Debug模式已开启
2026-01-28 18:26:39.096 [JavaFX Application Thread] INFO  o.b.s.BxWinLab.Base.BaseLabel - 控件库Debug模式已开启
2026-01-28 18:26:39.097 [JavaFX Application Thread] INFO  o.b.s.Utils.FileUtil - 成功加载文件/org/bxwbb/spigotplugincreatertool/icon/Universal/Quit.png
2026-01-28 18:26:39.098 [JavaFX Application Thread] INFO  o.b.s.BxWinLab.Base.BaseLabel - 控件库Debug模式已开启
2026-01-28 18:26:39.098 [JavaFX Application Thread] INFO  o.b.s.BxWinLab.Base.BaseLabel - 控件库Debug模式已开启
2026-01-28 18:26:39.098 [JavaFX Application Thread] INFO  o.b.s.BxWinLab.Base.BaseLabel - 控件库Debug模式已开启
2026-01-28 18:26:39.098 [JavaFX Application Thread] INFO  o.b.s.BxWinLab.Base.BaseLabel - 控件库Debug模式已开启
2026-01-28 18:26:39.098 [JavaFX Application Thread] INFO  o.b.s.BxWinLab.Base.BaseLabel - 控件库Debug模式已开启
2026-01-28 18:26:39.099 [JavaFX Application Thread] INFO  o.b.s.BxWinLab.Base.BaseLabel - 控件库Debug模式已开启
2026-01-28 18:26:39.099 [JavaFX Application Thread] INFO  o.b.s.BxWinLab.Base.BaseLabel - 控件库Debug模式已开启
2026-01-28 18:26:39.100 [JavaFX Application Thread] INFO  o.b.s.BxWinLab.Base.BaseLabel - 控件库Debug模式已开启
2026-01-28 18:26:39.100 [JavaFX Application Thread] INFO  o.b.s.BxWinLab.Base.BaseLabel - 控件库Debug模式已开启
2026-01-28 18:26:39.102 [JavaFX Application Thread] INFO  o.b.s.BxWinLab.Base.BaseLabel - 控件库Debug模式已开启
2026-01-28 18:26:39.102 [JavaFX Application Thread] INFO  o.b.s.BxWinLab.Base.BaseLabel - 控件库Debug模式已开启
2026-01-28 18:26:39.102 [JavaFX Application Thread] INFO  o.b.s.BxWinLab.Base.BaseLabel - 控件库Debug模式已开启
2026-01-28 18:26:39.107 [JavaFX Application Thread] INFO  o.b.s.BxWinLab.Base.BaseLabel - 控件库Debug模式已开启
2026-01-28 18:26:39.107 [JavaFX Application Thread] INFO  o.b.s.BxWinLab.Base.BaseLabel - 控件库Debug模式已开启
2026-01-28 18:26:39.124 [JavaFX Application Thread] INFO  o.b.s.BxWinLab.Base.BaseLabel - 控件库Debug模式已开启
2026-01-28 18:26:39.124 [JavaFX Application Thread] INFO  o.b.s.BxWinLab.Base.BaseLabel - 控件库Debug模式已开启
2026-01-28 18:26:39.126 [JavaFX Application Thread] INFO  o.b.s.BxWinLab.Base.BaseLabel - 控件库Debug模式已开启
2026-01-28 18:26:39.126 [JavaFX Application Thread] INFO  o.b.s.BxWinLab.Base.BaseLabel - 控件库Debug模式已开启
2026-01-28 18:26:39.126 [JavaFX Application Thread] INFO  o.b.s.BxWinLab.Base.BaseLabel - 控件库Debug模式已开启
2026-01-28 18:26:41.723 [JavaFX Application Thread] INFO  o.b.s.BxWinLab.Base.BaseLabel - 控件焦点改变至 - org.bxwbb.spigotplugincreatertool.BxWinLab.SwitchBox@1a98ec74
2026-01-28 18:26:43.504 [JavaFX Application Thread] INFO  o.b.s.BxWinLab.Base.BaseLabel - 控件焦点改变至 - org.bxwbb.spigotplugincreatertool.BxWinLab.SwitchBox@1ade26c6
2026-01-28 18:26:47.325 [JavaFX Application Thread] INFO  o.b.s.HelloApplication - 执行停止...
2026-01-28 18:57:37.018 [JavaFX-Launcher] INFO  o.b.s.HelloApplication - 执行初始化...
2026-01-28 18:57:37.025 [JavaFX Application Thread] INFO  o.b.s.HelloApplication - 工具开始启动并加载...
2026-01-28 18:57:37.078 [JavaFX Application Thread] INFO  o.b.s.BxWinLab.Base.BaseLabel - 控件库Debug模式已开启
2026-01-28 18:57:37.088 [JavaFX Application Thread] INFO  o.b.s.BxWinLab.Base.BaseLabel - 控件库Debug模式已开启
2026-01-28 18:57:37.090 [JavaFX Application Thread] INFO  o.b.s.BxWinLab.Base.BaseLabel - 控件库Debug模式已开启
2026-01-28 18:57:37.093 [JavaFX Application Thread] INFO  o.b.s.Utils.FileUtil - 成功加载文件/org/bxwbb/spigotplugincreatertool/icon/icon.png
2026-01-28 18:57:37.285 [JavaFX Application Thread] INFO  o.b.s.BxWinLab.Base.BaseLabel - 控件库Debug模式已开启
2026-01-28 18:57:37.288 [JavaFX Application Thread] INFO  o.b.s.BxWinLab.Base.BaseLabel - 控件库Debug模式已开启
2026-01-28 18:57:37.289 [JavaFX Application Thread] INFO  o.b.s.BxWinLab.Base.BaseLabel - 控件库Debug模式已开启
2026-01-28 18:57:37.289 [JavaFX Application Thread] INFO  o.b.s.BxWinLab.Base.BaseLabel - 控件库Debug模式已开启
2026-01-28 18:57:37.289 [JavaFX Application Thread] INFO  o.b.s.BxWinLab.Base.BaseLabel - 控件库Debug模式已开启
2026-01-28 18:57:37.320 [JavaFX Application Thread] INFO  o.b.s.BxWinLab.Base.BaseLabel - 控件库Debug模式已开启
2026-01-28 18:57:37.338 [JavaFX Application Thread] INFO  o.b.s.BxWinLab.Base.BaseLabel - 控件库Debug模式已开启
2026-01-28 18:57:37.338 [JavaFX Application Thread] INFO  o.b.s.BxWinLab.Base.BaseLabel - 控件库Debug模式已开启
2026-01-28 18:57:37.339 [JavaFX Application Thread] INFO  o.b.s.BxWinLab.Base.BaseLabel - 控件库Debug模式已开启
2026-01-28 18:57:37.339 [JavaFX Application Thread] INFO  o.b.s.BxWinLab.Base.BaseLabel - 控件库Debug模式已开启
2026-01-28 18:57:37.340 [JavaFX Application Thread] INFO  o.b.s.BxWinLab.Base.BaseLabel - 控件库Debug模式已开启
2026-01-28 18:57:37.342 [JavaFX Application Thread] INFO  o.b.s.BxWinLab.Base.BaseLabel - 控件库Debug模式已开启
2026-01-28 18:57:37.342 [JavaFX Application Thread] INFO  o.b.s.Utils.FileUtil - 成功加载文件/org/bxwbb/spigotplugincreatertool/icon/Universal/OpenFolder.png
2026-01-28 18:57:37.343 [JavaFX Application Thread] INFO  o.b.s.BxWinLab.Base.BaseLabel - 控件库Debug模式已开启
2026-01-28 18:57:37.343 [JavaFX Application Thread] INFO  o.b.s.BxWinLab.Base.BaseLabel - 控件库Debug模式已开启
2026-01-28 18:57:37.343 [JavaFX Application Thread] INFO  o.b.s.BxWinLab.Base.BaseLabel - 控件库Debug模式已开启
2026-01-28 18:57:37.345 [JavaFX Application Thread] INFO  o.b.s.BxWinLab.Base.BaseLabel - 控件库Debug模式已开启
2026-01-28 18:57:37.345 [JavaFX Application Thread] INFO  o.b.s.BxWinLab.Base.BaseLabel - 控件库Debug模式已开启
2026-01-28 18:57:37.345 [JavaFX Application Thread] INFO  o.b.s.BxWinLab.Base.BaseLabel - 控件库Debug模式已开启
2026-01-28 18:57:37.346 [JavaFX Application Thread] INFO  o.b.s.BxWinLab.Base.BaseLabel - 控件库Debug模式已开启
2026-01-28 18:57:37.347 [JavaFX Application Thread] INFO  o.b.s.Utils.FileUtil - 成功加载文件/org/bxwbb/spigotplugincreatertool/icon/Universal/NewProject.png
2026-01-28 18:57:37.348 [JavaFX Application Thread] INFO  o.b.s.BxWinLab.Base.BaseLabel - 控件库Debug模式已开启
2026-01-28 18:57:37.348 [JavaFX Application Thread] INFO  o.b.s.BxWinLab.Base.BaseLabel - 控件库Debug模式已开启
2026-01-28 18:57:37.348 [JavaFX Application Thread] INFO  o.b.s.BxWinLab.Base.BaseLabel - 控件库Debug模式已开启
2026-01-28 18:57:37.350 [JavaFX Application Thread] INFO  o.b.s.BxWinLab.Base.BaseLabel - 控件库Debug模式已开启
2026-01-28 18:57:37.350 [JavaFX Application Thread] INFO  o.b.s.BxWinLab.Base.BaseLabel - 控件库Debug模式已开启
2026-01-28 18:57:37.350 [JavaFX Application Thread] INFO  o.b.s.BxWinLab.Base.BaseLabel - 控件库Debug模式已开启
2026-01-28 18:57:37.351 [JavaFX Application Thread] INFO  o.b.s.BxWinLab.Base.BaseLabel - 控件库Debug模式已开启
2026-01-28 18:57:37.352 [JavaFX Application Thread] INFO  o.b.s.Utils.FileUtil - 成功加载文件/org/bxwbb/spigotplugincreatertool/icon/Universal/Setting.png
2026-01-28 18:57:37.353 [JavaFX Application Thread] INFO  o.b.s.BxWinLab.Base.BaseLabel - 控件库Debug模式已开启
2026-01-28 18:57:37.353 [JavaFX Application Thread] INFO  o.b.s.BxWinLab.Base.BaseLabel - 控件库Debug模式已开启
2026-01-28 18:57:37.354 [JavaFX Application Thread] INFO  o.b.s.BxWinLab.Base.BaseLabel - 控件库Debug模式已开启
2026-01-28 18:57:37.354 [JavaFX Application Thread] INFO  o.b.s.BxWinLab.Base.BaseLabel - 控件库Debug模式已开启
2026-01-28 18:57:37.354 [JavaFX Application Thread] INFO  o.b.s.BxWinLab.Base.BaseLabel - 控件库Debug模式已开启
2026-01-28 18:57:37.354 [JavaFX Application Thread] INFO  o.b.s.BxWinLab.Base.BaseLabel - 控件库Debug模式已开启
2026-01-28 18:57:37.354 [JavaFX Application Thread] INFO  o.b.s.BxWinLab.Base.BaseLabel - 控件库Debug模式已开启
2026-01-28 18:57:37.355 [JavaFX Application Thread] INFO  o.b.s.Utils.FileUtil - 成功加载文件/org/bxwbb/spigotplugincreatertool/icon/Universal/Learn.png
2026-01-28 18:57:37.356 [JavaFX Application Thread] INFO  o.b.s.BxWinLab.Base.BaseLabel - 控件库Debug模式已开启
2026-01-28 18:57:37.357 [JavaFX Application Thread] INFO  o.b.s.BxWinLab.Base.BaseLabel - 控件库Debug模式已开启
2026-01-28 18:57:37.357 [JavaFX Application Thread] INFO  o.b.s.BxWinLab.Base.BaseLabel - 控件库Debug模式已开启
2026-01-28 18:57:37.357 [JavaFX Application Thread] INFO  o.b.s.BxWinLab.Base.BaseLabel - 控件库Debug模式已开启
2026-01-28 18:57:37.357 [JavaFX Application Thread] INFO  o.b.s.BxWinLab.Base.BaseLabel - 控件库Debug模式已开启
2026-01-28 18:57:37.357 [JavaFX Application Thread] INFO  o.b.s.BxWinLab.Base.BaseLabel - 控件库Debug模式已开启
2026-01-28 18:57:37.358 [JavaFX Application Thread] INFO  o.b.s.BxWinLab.Base.BaseLabel - 控件库Debug模式已开启
2026-01-28 18:57:37.359 [JavaFX Application Thread] INFO  o.b.s.Utils.FileUtil - 成功加载文件/org/bxwbb/spigotplugincreatertool/icon/Universal/Quit.png
2026-01-28 18:57:37.361 [JavaFX Application Thread] INFO  o.b.s.BxWinLab.Base.BaseLabel - 控件库Debug模式已开启
2026-01-28 18:57:37.361 [JavaFX Application Thread] INFO  o.b.s.BxWinLab.Base.BaseLabel - 控件库Debug模式已开启
2026-01-28 18:57:37.361 [JavaFX Application Thread] INFO  o.b.s.BxWinLab.Base.BaseLabel - 控件库Debug模式已开启
2026-01-28 18:57:37.362 [JavaFX Application Thread] INFO  o.b.s.BxWinLab.Base.BaseLabel - 控件库Debug模式已开启
2026-01-28 18:57:37.362 [JavaFX Application Thread] INFO  o.b.s.BxWinLab.Base.BaseLabel - 控件库Debug模式已开启
2026-01-28 18:57:37.362 [JavaFX Application Thread] INFO  o.b.s.BxWinLab.Base.BaseLabel - 控件库Debug模式已开启
2026-01-28 18:57:37.362 [JavaFX Application Thread] INFO  o.b.s.BxWinLab.Base.BaseLabel - 控件库Debug模式已开启
2026-01-28 18:57:37.363 [JavaFX Application Thread] INFO  o.b.s.BxWinLab.Base.BaseLabel - 控件库Debug模式已开启
2026-01-28 18:57:37.365 [JavaFX Application Thread] INFO  o.b.s.BxWinLab.Base.BaseLabel - 控件库Debug模式已开启
2026-01-28 18:57:37.366 [JavaFX Application Thread] INFO  o.b.s.BxWinLab.Base.BaseLabel - 控件库Debug模式已开启
2026-01-28 18:57:37.367 [JavaFX Application Thread] INFO  o.b.s.BxWinLab.Base.BaseLabel - 控件库Debug模式已开启
2026-01-28 18:57:37.367 [JavaFX Application Thread] INFO  o.b.s.BxWinLab.Base.BaseLabel - 控件库Debug模式已开启
2026-01-28 18:57:37.374 [JavaFX Application Thread] INFO  o.b.s.BxWinLab.Base.BaseLabel - 控件库Debug模式已开启
2026-01-28 18:57:37.374 [JavaFX Application Thread] INFO  o.b.s.BxWinLab.Base.BaseLabel - 控件库Debug模式已开启
2026-01-28 18:57:37.395 [JavaFX Application Thread] INFO  o.b.s.BxWinLab.Base.BaseLabel - 控件库Debug模式已开启
2026-01-28 18:57:37.396 [JavaFX Application Thread] INFO  o.b.s.BxWinLab.Base.BaseLabel - 控件库Debug模式已开启
2026-01-28 18:57:37.397 [JavaFX Application Thread] INFO  o.b.s.BxWinLab.Base.BaseLabel - 控件库Debug模式已开启
2026-01-28 18:57:37.397 [JavaFX Application Thread] INFO  o.b.s.BxWinLab.Base.BaseLabel - 控件库Debug模式已开启
2026-01-28 18:57:37.397 [JavaFX Application Thread] INFO  o.b.s.BxWinLab.Base.BaseLabel - 控件库Debug模式已开启
2026-01-28 18:57:45.522 [JavaFX Application Thread] INFO  o.b.s.HelloApplication - 执行停止...
2026-01-28 21:35:18.151 [JavaFX-Launcher] INFO  o.b.s.HelloApplication - 执行初始化...
2026-01-28 21:35:18.157 [JavaFX Application Thread] INFO  o.b.s.HelloApplication - 工具开始启动并加载...
2026-01-28 21:35:18.196 [JavaFX Application Thread] INFO  o.b.s.BxWinLab.Base.BaseLabel - 控件库Debug模式已开启
2026-01-28 21:35:18.202 [JavaFX Application Thread] INFO  o.b.s.BxWinLab.Base.BaseLabel - 控件库Debug模式已开启
2026-01-28 21:35:18.205 [JavaFX Application Thread] INFO  o.b.s.BxWinLab.Base.BaseLabel - 控件库Debug模式已开启
2026-01-28 21:35:18.206 [JavaFX Application Thread] INFO  o.b.s.Utils.FileUtil - 成功加载文件/org/bxwbb/spigotplugincreatertool/icon/icon.png
2026-01-28 21:35:18.356 [JavaFX Application Thread] INFO  o.b.s.BxWinLab.Base.BaseLabel - 控件库Debug模式已开启
2026-01-28 21:35:18.359 [JavaFX Application Thread] INFO  o.b.s.BxWinLab.Base.BaseLabel - 控件库Debug模式已开启
2026-01-28 21:35:18.359 [JavaFX Application Thread] INFO  o.b.s.BxWinLab.Base.BaseLabel - 控件库Debug模式已开启
2026-01-28 21:35:18.359 [JavaFX Application Thread] INFO  o.b.s.BxWinLab.Base.BaseLabel - 控件库Debug模式已开启
2026-01-28 21:35:18.360 [JavaFX Application Thread] INFO  o.b.s.BxWinLab.Base.BaseLabel - 控件库Debug模式已开启
2026-01-28 21:35:18.479 [JavaFX Application Thread] INFO  o.b.s.BxWinLab.Base.BaseLabel - 控件库Debug模式已开启
2026-01-28 21:35:18.493 [JavaFX Application Thread] INFO  o.b.s.BxWinLab.Base.BaseLabel - 控件库Debug模式已开启
2026-01-28 21:35:18.494 [JavaFX Application Thread] INFO  o.b.s.BxWinLab.Base.BaseLabel - 控件库Debug模式已开启
2026-01-28 21:35:18.494 [JavaFX Application Thread] INFO  o.b.s.BxWinLab.Base.BaseLabel - 控件库Debug模式已开启
2026-01-28 21:35:18.494 [JavaFX Application Thread] INFO  o.b.s.BxWinLab.Base.BaseLabel - 控件库Debug模式已开启
2026-01-28 21:35:18.495 [JavaFX Application Thread] INFO  o.b.s.BxWinLab.Base.BaseLabel - 控件库Debug模式已开启
2026-01-28 21:35:18.496 [JavaFX Application Thread] INFO  o.b.s.BxWinLab.Base.BaseLabel - 控件库Debug模式已开启
2026-01-28 21:35:18.496 [JavaFX Application Thread] INFO  o.b.s.Utils.FileUtil - 成功加载文件/org/bxwbb/spigotplugincreatertool/icon/Universal/OpenFolder.png
2026-01-28 21:35:18.497 [JavaFX Application Thread] INFO  o.b.s.BxWinLab.Base.BaseLabel - 控件库Debug模式已开启
2026-01-28 21:35:18.497 [JavaFX Application Thread] INFO  o.b.s.BxWinLab.Base.BaseLabel - 控件库Debug模式已开启
2026-01-28 21:35:18.497 [JavaFX Application Thread] INFO  o.b.s.BxWinLab.Base.BaseLabel - 控件库Debug模式已开启
2026-01-28 21:35:18.500 [JavaFX Application Thread] INFO  o.b.s.BxWinLab.Base.BaseLabel - 控件库Debug模式已开启
2026-01-28 21:35:18.500 [JavaFX Application Thread] INFO  o.b.s.BxWinLab.Base.BaseLabel - 控件库Debug模式已开启
2026-01-28 21:35:18.500 [JavaFX Application Thread] INFO  o.b.s.BxWinLab.Base.BaseLabel - 控件库Debug模式已开启
2026-01-28 21:35:18.500 [JavaFX Application Thread] INFO  o.b.s.BxWinLab.Base.BaseLabel - 控件库Debug模式已开启
2026-01-28 21:35:18.502 [JavaFX Application Thread] INFO  o.b.s.Utils.FileUtil - 成功加载文件/org/bxwbb/spigotplugincreatertool/icon/Universal/NewProject.png
2026-01-28 21:35:18.502 [JavaFX Application Thread] INFO  o.b.s.BxWinLab.Base.BaseLabel - 控件库Debug模式已开启
2026-01-28 21:35:18.503 [JavaFX Application Thread] INFO  o.b.s.BxWinLab.Base.BaseLabel - 控件库Debug模式已开启
2026-01-28 21:35:18.503 [JavaFX Application Thread] INFO  o.b.s.BxWinLab.Base.BaseLabel - 控件库Debug模式已开启
2026-01-28 21:35:18.503 [JavaFX Application Thread] INFO  o.b.s.BxWinLab.Base.BaseLabel - 控件库Debug模式已开启
2026-01-28 21:35:18.503 [JavaFX Application Thread] INFO  o.b.s.BxWinLab.Base.BaseLabel - 控件库Debug模式已开启
2026-01-28 21:35:18.504 [JavaFX Application Thread] INFO  o.b.s.BxWinLab.Base.BaseLabel - 控件库Debug模式已开启
2026-01-28 21:35:18.504 [JavaFX Application Thread] INFO  o.b.s.BxWinLab.Base.BaseLabel - 控件库Debug模式已开启
2026-01-28 21:35:18.506 [JavaFX Application Thread] INFO  o.b.s.Utils.FileUtil - 成功加载文件/org/bxwbb/spigotplugincreatertool/icon/Universal/Setting.png
2026-01-28 21:35:18.507 [JavaFX Application Thread] INFO  o.b.s.BxWinLab.Base.BaseLabel - 控件库Debug模式已开启
2026-01-28 21:35:18.507 [JavaFX Application Thread] INFO  o.b.s.BxWinLab.Base.BaseLabel - 控件库Debug模式已开启
2026-01-28 21:35:18.507 [JavaFX Application Thread] INFO  o.b.s.BxWinLab.Base.BaseLabel - 控件库Debug模式已开启
2026-01-28 21:35:18.507 [JavaFX Application Thread] INFO  o.b.s.BxWinLab.Base.BaseLabel - 控件库Debug模式已开启
2026-01-28 21:35:18.507 [JavaFX Application Thread] INFO  o.b.s.BxWinLab.Base.BaseLabel - 控件库Debug模式已开启
2026-01-28 21:35:18.507 [JavaFX Application Thread] INFO  o.b.s.BxWinLab.Base.BaseLabel - 控件库Debug模式已开启
2026-01-28 21:35:18.508 [JavaFX Application Thread] INFO  o.b.s.BxWinLab.Base.BaseLabel - 控件库Debug模式已开启
2026-01-28 21:35:18.509 [JavaFX Application Thread] INFO  o.b.s.Utils.FileUtil - 成功加载文件/org/bxwbb/spigotplugincreatertool/icon/Universal/Learn.png
2026-01-28 21:35:18.510 [JavaFX Application Thread] INFO  o.b.s.BxWinLab.Base.BaseLabel - 控件库Debug模式已开启
2026-01-28 21:35:18.510 [JavaFX Application Thread] INFO  o.b.s.BxWinLab.Base.BaseLabel - 控件库Debug模式已开启
2026-01-28 21:35:18.510 [JavaFX Application Thread] INFO  o.b.s.BxWinLab.Base.BaseLabel - 控件库Debug模式已开启
2026-01-28 21:35:18.510 [JavaFX Application Thread] INFO  o.b.s.BxWinLab.Base.BaseLabel - 控件库Debug模式已开启
2026-01-28 21:35:18.510 [JavaFX Application Thread] INFO  o.b.s.BxWinLab.Base.BaseLabel - 控件库Debug模式已开启
2026-01-28 21:35:18.510 [JavaFX Application Thread] INFO  o.b.s.BxWinLab.Base.BaseLabel - 控件库Debug模式已开启
2026-01-28 21:35:18.511 [JavaFX Application Thread] INFO  o.b.s.BxWinLab.Base.BaseLabel - 控件库Debug模式已开启
2026-01-28 21:35:18.512 [JavaFX Application Thread] INFO  o.b.s.Utils.FileUtil - 成功加载文件/org/bxwbb/spigotplugincreatertool/icon/Universal/Quit.png
2026-01-28 21:35:18.512 [JavaFX Application Thread] INFO  o.b.s.BxWinLab.Base.BaseLabel - 控件库Debug模式已开启
2026-01-28 21:35:18.513 [JavaFX Application Thread] INFO  o.b.s.BxWinLab.Base.BaseLabel - 控件库Debug模式已开启
2026-01-28 21:35:18.513 [JavaFX Application Thread] INFO  o.b.s.BxWinLab.Base.BaseLabel - 控件库Debug模式已开启
2026-01-28 21:35:18.513 [JavaFX Application Thread] INFO  o.b.s.BxWinLab.Base.BaseLabel - 控件库Debug模式已开启
2026-01-28 21:35:18.514 [JavaFX Application Thread] INFO  o.b.s.BxWinLab.Base.BaseLabel - 控件库Debug模式已开启
2026-01-28 21:35:18.514 [JavaFX Application Thread] INFO  o.b.s.BxWinLab.Base.BaseLabel - 控件库Debug模式已开启
2026-01-28 21:35:18.514 [JavaFX Application Thread] INFO  o.b.s.BxWinLab.Base.BaseLabel - 控件库Debug模式已开启
2026-01-28 21:35:18.514 [JavaFX Application Thread] INFO  o.b.s.BxWinLab.Base.BaseLabel - 控件库Debug模式已开启
2026-01-28 21:35:18.516 [JavaFX Application Thread] INFO  o.b.s.BxWinLab.Base.BaseLabel - 控件库Debug模式已开启
2026-01-28 21:35:18.517 [JavaFX Application Thread] INFO  o.b.s.BxWinLab.Base.BaseLabel - 控件库Debug模式已开启
2026-01-28 21:35:18.517 [JavaFX Application Thread] INFO  o.b.s.BxWinLab.Base.BaseLabel - 控件库Debug模式已开启
2026-01-28 21:35:18.517 [JavaFX Application Thread] INFO  o.b.s.BxWinLab.Base.BaseLabel - 控件库Debug模式已开启
2026-01-28 21:35:18.522 [JavaFX Application Thread] INFO  o.b.s.BxWinLab.Base.BaseLabel - 控件库Debug模式已开启
2026-01-28 21:35:18.522 [JavaFX Application Thread] INFO  o.b.s.BxWinLab.Base.BaseLabel - 控件库Debug模式已开启
2026-01-28 21:35:18.539 [JavaFX Application Thread] INFO  o.b.s.BxWinLab.Base.BaseLabel - 控件库Debug模式已开启
2026-01-28 21:35:18.540 [JavaFX Application Thread] INFO  o.b.s.BxWinLab.Base.BaseLabel - 控件库Debug模式已开启
2026-01-28 21:35:18.540 [JavaFX Application Thread] INFO  o.b.s.BxWinLab.Base.BaseLabel - 控件库Debug模式已开启
2026-01-28 21:35:18.540 [JavaFX Application Thread] INFO  o.b.s.BxWinLab.Base.BaseLabel - 控件库Debug模式已开启
2026-01-28 21:35:18.540 [JavaFX Application Thread] INFO  o.b.s.BxWinLab.Base.BaseLabel - 控件库Debug模式已开启
2026-01-28 21:35:22.647 [JavaFX Application Thread] INFO  o.b.s.HelloApplication - 执行停止...
