2026-01-30 00:00:47.363 [JavaFX Application Thread] INFO  o.b.s.BxWinLab.Base.BaseLabel - 控件焦点改变至 - org.bxwbb.spigotplugincreatertool.BxWinLab.SwitchBox@15afbf6e
2026-01-30 00:01:14.867 [JavaFX Application Thread] INFO  o.b.s.HelloApplication - 执行停止...
2026-01-30 00:01:35.563 [JavaFX-Launcher] INFO  o.b.s.HelloApplication - 执行初始化...
2026-01-30 00:01:35.569 [JavaFX Application Thread] INFO  o.b.s.HelloApplication - 工具开始启动并加载...
2026-01-30 00:01:35.610 [JavaFX Application Thread] INFO  o.b.s.Utils.FileUtil - 成功加载文件/org/bxwbb/spigotplugincreatertool/icon/icon.png
2026-01-30 00:01:35.792 [JavaFX Application Thread] INFO  o.b.s.Utils.FileUtil - 成功加载文件/org/bxwbb/spigotplugincreatertool/icon/Universal/OpenFolder.png
2026-01-30 00:01:35.796 [JavaFX Application Thread] INFO  o.b.s.Utils.FileUtil - 成功加载文件/org/bxwbb/spigotplugincreatertool/icon/Universal/NewProject.png
2026-01-30 00:01:35.798 [JavaFX Application Thread] INFO  o.b.s.Utils.FileUtil - 成功加载文件/org/bxwbb/spigotplugincreatertool/icon/Universal/Setting.png
2026-01-30 00:01:35.800 [JavaFX Application Thread] INFO  o.b.s.Utils.FileUtil - 成功加载文件/org/bxwbb/spigotplugincreatertool/icon/Universal/Learn.png
2026-01-30 00:01:35.803 [JavaFX Application Thread] INFO  o.b.s.Utils.FileUtil - 成功加载文件/org/bxwbb/spigotplugincreatertool/icon/Universal/Quit.png
2026-01-30 00:01:35.822 [JavaFX Application Thread] INFO  o.b.s.Utils.FileUtil - 成功加载文件/org/bxwbb/spigotplugincreatertool/icon/Universal/NewProject.png
2026-01-30 00:01:35.831 [JavaFX Application Thread] INFO  o.b.s.Utils.FileUtil - 成功加载文件/org/bxwbb/spigotplugincreatertool/icon/Universal/NewProject.png
2026-01-30 00:01:36.678 [JavaFX Application Thread] INFO  o.b.s.BxWinLab.Base.BaseLabel - 控件焦点改变至 - org.bxwbb.spigotplugincreatertool.BxWinLab.SwitchBox@8457562
2026-01-30 00:01:54.768 [JavaFX Application Thread] INFO  o.b.s.HelloApplication - 执行停止...
2026-01-30 00:04:02.077 [JavaFX-Launcher] INFO  o.b.s.HelloApplication - 执行初始化...
2026-01-30 00:04:02.083 [JavaFX Application Thread] INFO  o.b.s.HelloApplication - 工具开始启动并加载...
2026-01-30 00:04:02.124 [JavaFX Application Thread] INFO  o.b.s.Utils.FileUtil - 成功加载文件/org/bxwbb/spigotplugincreatertool/icon/icon.png
2026-01-30 00:04:02.299 [JavaFX Application Thread] INFO  o.b.s.Utils.FileUtil - 成功加载文件/org/bxwbb/spigotplugincreatertool/icon/Universal/OpenFolder.png
2026-01-30 00:04:02.309 [JavaFX Application Thread] INFO  o.b.s.Utils.FileUtil - 成功加载文件/org/bxwbb/spigotplugincreatertool/icon/Universal/NewProject.png
2026-01-30 00:04:02.314 [JavaFX Application Thread] INFO  o.b.s.Utils.FileUtil - 成功加载文件/org/bxwbb/spigotplugincreatertool/icon/Universal/Setting.png
2026-01-30 00:04:02.318 [JavaFX Application Thread] INFO  o.b.s.Utils.FileUtil - 成功加载文件/org/bxwbb/spigotplugincreatertool/icon/Universal/Learn.png
2026-01-30 00:04:02.321 [JavaFX Application Thread] INFO  o.b.s.Utils.FileUtil - 成功加载文件/org/bxwbb/spigotplugincreatertool/icon/Universal/Quit.png
2026-01-30 00:04:02.385 [JavaFX Application Thread] INFO  o.b.s.Utils.FileUtil - 成功加载文件/org/bxwbb/spigotplugincreatertool/icon/Universal/NewProject.png
2026-01-30 00:04:02.394 [JavaFX Application Thread] INFO  o.b.s.Utils.FileUtil - 成功加载文件/org/bxwbb/spigotplugincreatertool/icon/Universal/NewProject.png
2026-01-30 00:04:18.340 [JavaFX Application Thread] INFO  o.b.s.HelloApplication - 执行停止...
2026-01-30 00:06:28.995 [JavaFX-Launcher] INFO  o.b.s.HelloApplication - 执行初始化...
2026-01-30 00:06:29.001 [JavaFX Application Thread] INFO  o.b.s.HelloApplication - 工具开始启动并加载...
2026-01-30 00:06:29.041 [JavaFX Application Thread] INFO  o.b.s.Utils.FileUtil - 成功加载文件/org/bxwbb/spigotplugincreatertool/icon/icon.png
2026-01-30 00:06:29.217 [JavaFX Application Thread] INFO  o.b.s.Utils.FileUtil - 成功加载文件/org/bxwbb/spigotplugincreatertool/icon/Universal/OpenFolder.png
2026-01-30 00:06:29.231 [JavaFX Application Thread] INFO  o.b.s.Utils.FileUtil - 成功加载文件/org/bxwbb/spigotplugincreatertool/icon/Universal/NewProject.png
2026-01-30 00:06:29.235 [JavaFX Application Thread] INFO  o.b.s.Utils.FileUtil - 成功加载文件/org/bxwbb/spigotplugincreatertool/icon/Universal/Setting.png
2026-01-30 00:06:29.238 [JavaFX Application Thread] INFO  o.b.s.Utils.FileUtil - 成功加载文件/org/bxwbb/spigotplugincreatertool/icon/Universal/Learn.png
2026-01-30 00:06:29.241 [JavaFX Application Thread] INFO  o.b.s.Utils.FileUtil - 成功加载文件/org/bxwbb/spigotplugincreatertool/icon/Universal/Quit.png
2026-01-30 00:06:29.285 [JavaFX Application Thread] INFO  o.b.s.Utils.FileUtil - 成功加载文件/org/bxwbb/spigotplugincreatertool/icon/Universal/NewProject.png
2026-01-30 00:06:29.293 [JavaFX Application Thread] INFO  o.b.s.Utils.FileUtil - 成功加载文件/org/bxwbb/spigotplugincreatertool/icon/Universal/NewProject.png
2026-01-30 00:06:37.962 [JavaFX Application Thread] INFO  o.b.s.HelloApplication - 执行停止...
2026-01-30 00:06:57.161 [JavaFX-Launcher] INFO  o.b.s.HelloApplication - 执行初始化...
2026-01-30 00:06:57.166 [JavaFX Application Thread] INFO  o.b.s.HelloApplication - 工具开始启动并加载...
2026-01-30 00:06:57.207 [JavaFX Application Thread] INFO  o.b.s.Utils.FileUtil - 成功加载文件/org/bxwbb/spigotplugincreatertool/icon/icon.png
2026-01-30 00:06:57.378 [JavaFX Application Thread] INFO  o.b.s.Utils.FileUtil - 成功加载文件/org/bxwbb/spigotplugincreatertool/icon/Universal/OpenFolder.png
2026-01-30 00:06:57.386 [JavaFX Application Thread] INFO  o.b.s.Utils.FileUtil - 成功加载文件/org/bxwbb/spigotplugincreatertool/icon/Universal/NewProject.png
2026-01-30 00:06:57.389 [JavaFX Application Thread] INFO  o.b.s.Utils.FileUtil - 成功加载文件/org/bxwbb/spigotplugincreatertool/icon/Universal/Setting.png
2026-01-30 00:06:57.391 [JavaFX Application Thread] INFO  o.b.s.Utils.FileUtil - 成功加载文件/org/bxwbb/spigotplugincreatertool/icon/Universal/Learn.png
2026-01-30 00:06:57.393 [JavaFX Application Thread] INFO  o.b.s.Utils.FileUtil - 成功加载文件/org/bxwbb/spigotplugincreatertool/icon/Universal/Quit.png
2026-01-30 00:06:57.412 [JavaFX Application Thread] INFO  o.b.s.Utils.FileUtil - 成功加载文件/org/bxwbb/spigotplugincreatertool/icon/Universal/NewProject.png
2026-01-30 00:06:57.422 [JavaFX Application Thread] INFO  o.b.s.Utils.FileUtil - 成功加载文件/org/bxwbb/spigotplugincreatertool/icon/Universal/NewProject.png
2026-01-30 00:07:01.357 [JavaFX Application Thread] INFO  o.b.s.HelloApplication - 执行停止...
2026-01-30 00:07:43.750 [JavaFX-Launcher] INFO  o.b.s.HelloApplication - 执行初始化...
2026-01-30 00:07:43.755 [JavaFX Application Thread] INFO  o.b.s.HelloApplication - 工具开始启动并加载...
2026-01-30 00:07:43.796 [JavaFX Application Thread] INFO  o.b.s.Utils.FileUtil - 成功加载文件/org/bxwbb/spigotplugincreatertool/icon/icon.png
2026-01-30 00:07:43.975 [JavaFX Application Thread] INFO  o.b.s.Utils.FileUtil - 成功加载文件/org/bxwbb/spigotplugincreatertool/icon/Universal/OpenFolder.png
2026-01-30 00:07:43.982 [JavaFX Application Thread] INFO  o.b.s.Utils.FileUtil - 成功加载文件/org/bxwbb/spigotplugincreatertool/icon/Universal/NewProject.png
2026-01-30 00:07:43.986 [JavaFX Application Thread] INFO  o.b.s.Utils.FileUtil - 成功加载文件/org/bxwbb/spigotplugincreatertool/icon/Universal/Setting.png
2026-01-30 00:07:43.989 [JavaFX Application Thread] INFO  o.b.s.Utils.FileUtil - 成功加载文件/org/bxwbb/spigotplugincreatertool/icon/Universal/Learn.png
2026-01-30 00:07:43.992 [JavaFX Application Thread] INFO  o.b.s.Utils.FileUtil - 成功加载文件/org/bxwbb/spigotplugincreatertool/icon/Universal/Quit.png
2026-01-30 00:07:44.042 [JavaFX Application Thread] INFO  o.b.s.Utils.FileUtil - 成功加载文件/org/bxwbb/spigotplugincreatertool/icon/Universal/NewProject.png
2026-01-30 00:07:44.050 [JavaFX Application Thread] INFO  o.b.s.Utils.FileUtil - 成功加载文件/org/bxwbb/spigotplugincreatertool/icon/Universal/NewProject.png
2026-01-30 00:07:48.190 [JavaFX Application Thread] INFO  o.b.s.HelloApplication - 执行停止...
2026-01-30 00:08:54.261 [JavaFX-Launcher] INFO  o.b.s.HelloApplication - 执行初始化...
2026-01-30 00:08:54.266 [JavaFX Application Thread] INFO  o.b.s.HelloApplication - 工具开始启动并加载...
2026-01-30 00:08:54.300 [JavaFX Application Thread] INFO  o.b.s.BxWinLab.Base.BaseLabel - 控件库Debug模式已开启
2026-01-30 00:08:54.305 [JavaFX Application Thread] INFO  o.b.s.BxWinLab.Base.BaseLabel - 控件库Debug模式已开启
2026-01-30 00:08:54.307 [JavaFX Application Thread] INFO  o.b.s.BxWinLab.Base.BaseLabel - 控件库Debug模式已开启
2026-01-30 00:08:54.308 [JavaFX Application Thread] INFO  o.b.s.Utils.FileUtil - 成功加载文件/org/bxwbb/spigotplugincreatertool/icon/icon.png
2026-01-30 00:08:54.443 [JavaFX Application Thread] INFO  o.b.s.BxWinLab.Base.BaseLabel - 控件库Debug模式已开启
2026-01-30 00:08:54.445 [JavaFX Application Thread] INFO  o.b.s.BxWinLab.Base.BaseLabel - 控件库Debug模式已开启
2026-01-30 00:08:54.446 [JavaFX Application Thread] INFO  o.b.s.BxWinLab.Base.BaseLabel - 控件库Debug模式已开启
2026-01-30 00:08:54.446 [JavaFX Application Thread] INFO  o.b.s.BxWinLab.Base.BaseLabel - 控件库Debug模式已开启
2026-01-30 00:08:54.446 [JavaFX Application Thread] INFO  o.b.s.BxWinLab.Base.BaseLabel - 控件库Debug模式已开启
2026-01-30 00:08:54.467 [JavaFX Application Thread] INFO  o.b.s.BxWinLab.Base.BaseLabel - 控件库Debug模式已开启
2026-01-30 00:08:54.480 [JavaFX Application Thread] INFO  o.b.s.BxWinLab.Base.BaseLabel - 控件库Debug模式已开启
2026-01-30 00:08:54.480 [JavaFX Application Thread] INFO  o.b.s.BxWinLab.Base.BaseLabel - 控件库Debug模式已开启
2026-01-30 00:08:54.480 [JavaFX Application Thread] INFO  o.b.s.BxWinLab.Base.BaseLabel - 控件库Debug模式已开启
2026-01-30 00:08:54.480 [JavaFX Application Thread] INFO  o.b.s.BxWinLab.Base.BaseLabel - 控件库Debug模式已开启
2026-01-30 00:08:54.482 [JavaFX Application Thread] INFO  o.b.s.BxWinLab.Base.BaseLabel - 控件库Debug模式已开启
2026-01-30 00:08:54.482 [JavaFX Application Thread] INFO  o.b.s.BxWinLab.Base.BaseLabel - 控件库Debug模式已开启
2026-01-30 00:08:54.482 [JavaFX Application Thread] INFO  o.b.s.Utils.FileUtil - 成功加载文件/org/bxwbb/spigotplugincreatertool/icon/Universal/OpenFolder.png
2026-01-30 00:08:54.484 [JavaFX Application Thread] INFO  o.b.s.BxWinLab.Base.BaseLabel - 控件库Debug模式已开启
2026-01-30 00:08:54.485 [JavaFX Application Thread] INFO  o.b.s.BxWinLab.Base.BaseLabel - 控件库Debug模式已开启
2026-01-30 00:08:54.485 [JavaFX Application Thread] INFO  o.b.s.BxWinLab.Base.BaseLabel - 控件库Debug模式已开启
2026-01-30 00:08:54.486 [JavaFX Application Thread] INFO  o.b.s.BxWinLab.Base.BaseLabel - 控件库Debug模式已开启
2026-01-30 00:08:54.487 [JavaFX Application Thread] INFO  o.b.s.BxWinLab.Base.BaseLabel - 控件库Debug模式已开启
2026-01-30 00:08:54.487 [JavaFX Application Thread] INFO  o.b.s.BxWinLab.Base.BaseLabel - 控件库Debug模式已开启
2026-01-30 00:08:54.487 [JavaFX Application Thread] INFO  o.b.s.BxWinLab.Base.BaseLabel - 控件库Debug模式已开启
2026-01-30 00:08:54.487 [JavaFX Application Thread] INFO  o.b.s.BxWinLab.Base.BaseLabel - 控件库Debug模式已开启
2026-01-30 00:08:54.488 [JavaFX Application Thread] INFO  o.b.s.BxWinLab.Base.BaseLabel - 控件库Debug模式已开启
2026-01-30 00:08:54.488 [JavaFX Application Thread] INFO  o.b.s.BxWinLab.Base.BaseLabel - 控件库Debug模式已开启
2026-01-30 00:08:54.488 [JavaFX Application Thread] INFO  o.b.s.BxWinLab.Base.BaseLabel - 控件库Debug模式已开启
2026-01-30 00:08:54.488 [JavaFX Application Thread] INFO  o.b.s.BxWinLab.Base.BaseLabel - 控件库Debug模式已开启
2026-01-30 00:08:54.488 [JavaFX Application Thread] INFO  o.b.s.BxWinLab.Base.BaseLabel - 控件库Debug模式已开启
2026-01-30 00:08:54.489 [JavaFX Application Thread] INFO  o.b.s.BxWinLab.Base.BaseLabel - 控件库Debug模式已开启
2026-01-30 00:08:54.489 [JavaFX Application Thread] INFO  o.b.s.BxWinLab.Base.BaseLabel - 控件库Debug模式已开启
2026-01-30 00:08:54.490 [JavaFX Application Thread] INFO  o.b.s.BxWinLab.Base.BaseLabel - 控件库Debug模式已开启
2026-01-30 00:08:54.490 [JavaFX Application Thread] INFO  o.b.s.BxWinLab.Base.BaseLabel - 控件库Debug模式已开启
2026-01-30 00:08:54.492 [JavaFX Application Thread] INFO  o.b.s.Utils.FileUtil - 成功加载文件/org/bxwbb/spigotplugincreatertool/icon/Universal/NewProject.png
2026-01-30 00:08:54.493 [JavaFX Application Thread] INFO  o.b.s.BxWinLab.Base.BaseLabel - 控件库Debug模式已开启
2026-01-30 00:08:54.493 [JavaFX Application Thread] INFO  o.b.s.BxWinLab.Base.BaseLabel - 控件库Debug模式已开启
2026-01-30 00:08:54.493 [JavaFX Application Thread] INFO  o.b.s.BxWinLab.Base.BaseLabel - 控件库Debug模式已开启
2026-01-30 00:08:54.493 [JavaFX Application Thread] INFO  o.b.s.BxWinLab.Base.BaseLabel - 控件库Debug模式已开启
2026-01-30 00:08:54.494 [JavaFX Application Thread] INFO  o.b.s.BxWinLab.Base.BaseLabel - 控件库Debug模式已开启
2026-01-30 00:08:54.494 [JavaFX Application Thread] INFO  o.b.s.BxWinLab.Base.BaseLabel - 控件库Debug模式已开启
2026-01-30 00:08:54.494 [JavaFX Application Thread] INFO  o.b.s.BxWinLab.Base.BaseLabel - 控件库Debug模式已开启
2026-01-30 00:08:54.494 [JavaFX Application Thread] INFO  o.b.s.BxWinLab.Base.BaseLabel - 控件库Debug模式已开启
2026-01-30 00:08:54.495 [JavaFX Application Thread] INFO  o.b.s.BxWinLab.Base.BaseLabel - 控件库Debug模式已开启
2026-01-30 00:08:54.495 [JavaFX Application Thread] INFO  o.b.s.BxWinLab.Base.BaseLabel - 控件库Debug模式已开启
2026-01-30 00:08:54.495 [JavaFX Application Thread] INFO  o.b.s.BxWinLab.Base.BaseLabel - 控件库Debug模式已开启
2026-01-30 00:08:54.495 [JavaFX Application Thread] INFO  o.b.s.BxWinLab.Base.BaseLabel - 控件库Debug模式已开启
2026-01-30 00:08:54.495 [JavaFX Application Thread] INFO  o.b.s.BxWinLab.Base.BaseLabel - 控件库Debug模式已开启
2026-01-30 00:08:54.495 [JavaFX Application Thread] INFO  o.b.s.BxWinLab.Base.BaseLabel - 控件库Debug模式已开启
2026-01-30 00:08:54.495 [JavaFX Application Thread] INFO  o.b.s.BxWinLab.Base.BaseLabel - 控件库Debug模式已开启
2026-01-30 00:08:54.496 [JavaFX Application Thread] INFO  o.b.s.BxWinLab.Base.BaseLabel - 控件库Debug模式已开启
2026-01-30 00:08:54.496 [JavaFX Application Thread] INFO  o.b.s.BxWinLab.Base.BaseLabel - 控件库Debug模式已开启
2026-01-30 00:08:54.497 [JavaFX Application Thread] INFO  o.b.s.Utils.FileUtil - 成功加载文件/org/bxwbb/spigotplugincreatertool/icon/Universal/Setting.png
2026-01-30 00:08:54.498 [JavaFX Application Thread] INFO  o.b.s.BxWinLab.Base.BaseLabel - 控件库Debug模式已开启
2026-01-30 00:08:54.498 [JavaFX Application Thread] INFO  o.b.s.BxWinLab.Base.BaseLabel - 控件库Debug模式已开启
2026-01-30 00:08:54.499 [JavaFX Application Thread] INFO  o.b.s.BxWinLab.Base.BaseLabel - 控件库Debug模式已开启
2026-01-30 00:08:54.499 [JavaFX Application Thread] INFO  o.b.s.BxWinLab.Base.BaseLabel - 控件库Debug模式已开启
2026-01-30 00:08:54.499 [JavaFX Application Thread] INFO  o.b.s.BxWinLab.Base.BaseLabel - 控件库Debug模式已开启
2026-01-30 00:08:54.499 [JavaFX Application Thread] INFO  o.b.s.BxWinLab.Base.BaseLabel - 控件库Debug模式已开启
2026-01-30 00:08:54.499 [JavaFX Application Thread] INFO  o.b.s.BxWinLab.Base.BaseLabel - 控件库Debug模式已开启
2026-01-30 00:08:54.499 [JavaFX Application Thread] INFO  o.b.s.BxWinLab.Base.BaseLabel - 控件库Debug模式已开启
2026-01-30 00:08:54.499 [JavaFX Application Thread] INFO  o.b.s.BxWinLab.Base.BaseLabel - 控件库Debug模式已开启
2026-01-30 00:08:54.500 [JavaFX Application Thread] INFO  o.b.s.BxWinLab.Base.BaseLabel - 控件库Debug模式已开启
2026-01-30 00:08:54.500 [JavaFX Application Thread] INFO  o.b.s.BxWinLab.Base.BaseLabel - 控件库Debug模式已开启
2026-01-30 00:08:54.500 [JavaFX Application Thread] INFO  o.b.s.BxWinLab.Base.BaseLabel - 控件库Debug模式已开启
2026-01-30 00:08:54.500 [JavaFX Application Thread] INFO  o.b.s.BxWinLab.Base.BaseLabel - 控件库Debug模式已开启
2026-01-30 00:08:54.500 [JavaFX Application Thread] INFO  o.b.s.BxWinLab.Base.BaseLabel - 控件库Debug模式已开启
2026-01-30 00:08:54.500 [JavaFX Application Thread] INFO  o.b.s.BxWinLab.Base.BaseLabel - 控件库Debug模式已开启
2026-01-30 00:08:54.500 [JavaFX Application Thread] INFO  o.b.s.BxWinLab.Base.BaseLabel - 控件库Debug模式已开启
2026-01-30 00:08:54.500 [JavaFX Application Thread] INFO  o.b.s.BxWinLab.Base.BaseLabel - 控件库Debug模式已开启
2026-01-30 00:08:54.502 [JavaFX Application Thread] INFO  o.b.s.Utils.FileUtil - 成功加载文件/org/bxwbb/spigotplugincreatertool/icon/Universal/Learn.png
2026-01-30 00:08:54.502 [JavaFX Application Thread] INFO  o.b.s.BxWinLab.Base.BaseLabel - 控件库Debug模式已开启
2026-01-30 00:08:54.503 [JavaFX Application Thread] INFO  o.b.s.BxWinLab.Base.BaseLabel - 控件库Debug模式已开启
2026-01-30 00:08:54.503 [JavaFX Application Thread] INFO  o.b.s.BxWinLab.Base.BaseLabel - 控件库Debug模式已开启
2026-01-30 00:08:54.503 [JavaFX Application Thread] INFO  o.b.s.BxWinLab.Base.BaseLabel - 控件库Debug模式已开启
2026-01-30 00:08:54.503 [JavaFX Application Thread] INFO  o.b.s.BxWinLab.Base.BaseLabel - 控件库Debug模式已开启
2026-01-30 00:08:54.503 [JavaFX Application Thread] INFO  o.b.s.BxWinLab.Base.BaseLabel - 控件库Debug模式已开启
2026-01-30 00:08:54.503 [JavaFX Application Thread] INFO  o.b.s.BxWinLab.Base.BaseLabel - 控件库Debug模式已开启
2026-01-30 00:08:54.503 [JavaFX Application Thread] INFO  o.b.s.BxWinLab.Base.BaseLabel - 控件库Debug模式已开启
2026-01-30 00:08:54.503 [JavaFX Application Thread] INFO  o.b.s.BxWinLab.Base.BaseLabel - 控件库Debug模式已开启
2026-01-30 00:08:54.503 [JavaFX Application Thread] INFO  o.b.s.BxWinLab.Base.BaseLabel - 控件库Debug模式已开启
2026-01-30 00:08:54.503 [JavaFX Application Thread] INFO  o.b.s.BxWinLab.Base.BaseLabel - 控件库Debug模式已开启
2026-01-30 00:08:54.503 [JavaFX Application Thread] INFO  o.b.s.BxWinLab.Base.BaseLabel - 控件库Debug模式已开启
2026-01-30 00:08:54.504 [JavaFX Application Thread] INFO  o.b.s.BxWinLab.Base.BaseLabel - 控件库Debug模式已开启
2026-01-30 00:08:54.504 [JavaFX Application Thread] INFO  o.b.s.BxWinLab.Base.BaseLabel - 控件库Debug模式已开启
2026-01-30 00:08:54.504 [JavaFX Application Thread] INFO  o.b.s.BxWinLab.Base.BaseLabel - 控件库Debug模式已开启
2026-01-30 00:08:54.504 [JavaFX Application Thread] INFO  o.b.s.BxWinLab.Base.BaseLabel - 控件库Debug模式已开启
2026-01-30 00:08:54.504 [JavaFX Application Thread] INFO  o.b.s.BxWinLab.Base.BaseLabel - 控件库Debug模式已开启
2026-01-30 00:08:54.505 [JavaFX Application Thread] INFO  o.b.s.Utils.FileUtil - 成功加载文件/org/bxwbb/spigotplugincreatertool/icon/Universal/Quit.png
2026-01-30 00:08:54.506 [JavaFX Application Thread] INFO  o.b.s.BxWinLab.Base.BaseLabel - 控件库Debug模式已开启
2026-01-30 00:08:54.506 [JavaFX Application Thread] INFO  o.b.s.BxWinLab.Base.BaseLabel - 控件库Debug模式已开启
2026-01-30 00:08:54.506 [JavaFX Application Thread] INFO  o.b.s.BxWinLab.Base.BaseLabel - 控件库Debug模式已开启
2026-01-30 00:08:54.507 [JavaFX Application Thread] INFO  o.b.s.BxWinLab.Base.BaseLabel - 控件库Debug模式已开启
2026-01-30 00:08:54.507 [JavaFX Application Thread] INFO  o.b.s.BxWinLab.Base.BaseLabel - 控件库Debug模式已开启
2026-01-30 00:08:54.507 [JavaFX Application Thread] INFO  o.b.s.BxWinLab.Base.BaseLabel - 控件库Debug模式已开启
2026-01-30 00:08:54.507 [JavaFX Application Thread] INFO  o.b.s.BxWinLab.Base.BaseLabel - 控件库Debug模式已开启
2026-01-30 00:08:54.507 [JavaFX Application Thread] INFO  o.b.s.BxWinLab.Base.BaseLabel - 控件库Debug模式已开启
2026-01-30 00:08:54.507 [JavaFX Application Thread] INFO  o.b.s.BxWinLab.Base.BaseLabel - 控件库Debug模式已开启
2026-01-30 00:08:54.507 [JavaFX Application Thread] INFO  o.b.s.BxWinLab.Base.BaseLabel - 控件库Debug模式已开启
2026-01-30 00:08:54.507 [JavaFX Application Thread] INFO  o.b.s.BxWinLab.Base.BaseLabel - 控件库Debug模式已开启
2026-01-30 00:08:54.507 [JavaFX Application Thread] INFO  o.b.s.BxWinLab.Base.BaseLabel - 控件库Debug模式已开启
2026-01-30 00:08:54.507 [JavaFX Application Thread] INFO  o.b.s.BxWinLab.Base.BaseLabel - 控件库Debug模式已开启
2026-01-30 00:08:54.507 [JavaFX Application Thread] INFO  o.b.s.BxWinLab.Base.BaseLabel - 控件库Debug模式已开启
2026-01-30 00:08:54.507 [JavaFX Application Thread] INFO  o.b.s.BxWinLab.Base.BaseLabel - 控件库Debug模式已开启
2026-01-30 00:08:54.507 [JavaFX Application Thread] INFO  o.b.s.BxWinLab.Base.BaseLabel - 控件库Debug模式已开启
2026-01-30 00:08:54.507 [JavaFX Application Thread] INFO  o.b.s.BxWinLab.Base.BaseLabel - 控件库Debug模式已开启
2026-01-30 00:08:54.521 [JavaFX Application Thread] INFO  o.b.s.BxWinLab.Base.BaseLabel - 控件库Debug模式已开启
2026-01-30 00:08:54.521 [JavaFX Application Thread] INFO  o.b.s.BxWinLab.Base.BaseLabel - 控件库Debug模式已开启
2026-01-30 00:08:54.551 [JavaFX Application Thread] INFO  o.b.s.BxWinLab.Base.BaseLabel - 控件库Debug模式已开启
2026-01-30 00:08:54.551 [JavaFX Application Thread] INFO  o.b.s.Utils.FileUtil - 成功加载文件/org/bxwbb/spigotplugincreatertool/icon/Universal/NewProject.png
2026-01-30 00:08:54.553 [JavaFX Application Thread] INFO  o.b.s.BxWinLab.Base.BaseLabel - 控件库Debug模式已开启
2026-01-30 00:08:54.553 [JavaFX Application Thread] INFO  o.b.s.BxWinLab.Base.BaseLabel - 控件库Debug模式已开启
2026-01-30 00:08:54.553 [JavaFX Application Thread] INFO  o.b.s.BxWinLab.Base.BaseLabel - 控件库Debug模式已开启
2026-01-30 00:08:54.553 [JavaFX Application Thread] INFO  o.b.s.BxWinLab.Base.BaseLabel - 控件库Debug模式已开启
2026-01-30 00:08:54.554 [JavaFX Application Thread] INFO  o.b.s.BxWinLab.Base.BaseLabel - 控件库Debug模式已开启
2026-01-30 00:08:54.554 [JavaFX Application Thread] INFO  o.b.s.BxWinLab.Base.BaseLabel - 控件库Debug模式已开启
2026-01-30 00:08:54.554 [JavaFX Application Thread] INFO  o.b.s.BxWinLab.Base.BaseLabel - 控件库Debug模式已开启
2026-01-30 00:08:54.554 [JavaFX Application Thread] INFO  o.b.s.BxWinLab.Base.BaseLabel - 控件库Debug模式已开启
2026-01-30 00:08:54.554 [JavaFX Application Thread] INFO  o.b.s.BxWinLab.Base.BaseLabel - 控件库Debug模式已开启
2026-01-30 00:08:54.554 [JavaFX Application Thread] INFO  o.b.s.BxWinLab.Base.BaseLabel - 控件库Debug模式已开启
2026-01-30 00:08:54.554 [JavaFX Application Thread] INFO  o.b.s.BxWinLab.Base.BaseLabel - 控件库Debug模式已开启
2026-01-30 00:08:54.554 [JavaFX Application Thread] INFO  o.b.s.BxWinLab.Base.BaseLabel - 控件库Debug模式已开启
2026-01-30 00:08:54.555 [JavaFX Application Thread] INFO  o.b.s.BxWinLab.Base.BaseLabel - 控件库Debug模式已开启
2026-01-30 00:08:54.555 [JavaFX Application Thread] INFO  o.b.s.BxWinLab.Base.BaseLabel - 控件库Debug模式已开启
2026-01-30 00:08:54.556 [JavaFX Application Thread] INFO  o.b.s.BxWinLab.Base.BaseLabel - 控件库Debug模式已开启
2026-01-30 00:08:54.557 [JavaFX Application Thread] INFO  o.b.s.BxWinLab.Base.BaseLabel - 控件库Debug模式已开启
2026-01-30 00:08:54.558 [JavaFX Application Thread] INFO  o.b.s.BxWinLab.Base.BaseLabel - 控件库Debug模式已开启
2026-01-30 00:08:54.558 [JavaFX Application Thread] INFO  o.b.s.BxWinLab.Base.BaseLabel - 控件库Debug模式已开启
2026-01-30 00:08:54.558 [JavaFX Application Thread] INFO  o.b.s.BxWinLab.Base.BaseLabel - 控件库Debug模式已开启
2026-01-30 00:08:54.558 [JavaFX Application Thread] INFO  o.b.s.BxWinLab.Base.BaseLabel - 控件库Debug模式已开启
2026-01-30 00:08:54.558 [JavaFX Application Thread] INFO  o.b.s.BxWinLab.Base.BaseLabel - 控件库Debug模式已开启
2026-01-30 00:08:54.558 [JavaFX Application Thread] INFO  o.b.s.BxWinLab.Base.BaseLabel - 控件库Debug模式已开启
2026-01-30 00:08:54.558 [JavaFX Application Thread] INFO  o.b.s.BxWinLab.Base.BaseLabel - 控件库Debug模式已开启
2026-01-30 00:08:54.558 [JavaFX Application Thread] INFO  o.b.s.BxWinLab.Base.BaseLabel - 控件库Debug模式已开启
2026-01-30 00:08:54.558 [JavaFX Application Thread] INFO  o.b.s.BxWinLab.Base.BaseLabel - 控件库Debug模式已开启
2026-01-30 00:08:54.558 [JavaFX Application Thread] INFO  o.b.s.BxWinLab.Base.BaseLabel - 控件库Debug模式已开启
2026-01-30 00:08:54.558 [JavaFX Application Thread] INFO  o.b.s.BxWinLab.Base.BaseLabel - 控件库Debug模式已开启
2026-01-30 00:08:54.558 [JavaFX Application Thread] INFO  o.b.s.BxWinLab.Base.BaseLabel - 控件库Debug模式已开启
2026-01-30 00:08:54.559 [JavaFX Application Thread] INFO  o.b.s.BxWinLab.Base.BaseLabel - 控件库Debug模式已开启
2026-01-30 00:08:54.559 [JavaFX Application Thread] INFO  o.b.s.Utils.FileUtil - 成功加载文件/org/bxwbb/spigotplugincreatertool/icon/Universal/NewProject.png
2026-01-30 00:08:54.561 [JavaFX Application Thread] INFO  o.b.s.BxWinLab.Base.BaseLabel - 控件库Debug模式已开启
2026-01-30 00:08:54.561 [JavaFX Application Thread] INFO  o.b.s.BxWinLab.Base.BaseLabel - 控件库Debug模式已开启
2026-01-30 00:08:54.561 [JavaFX Application Thread] INFO  o.b.s.BxWinLab.Base.BaseLabel - 控件库Debug模式已开启
2026-01-30 00:08:54.561 [JavaFX Application Thread] INFO  o.b.s.BxWinLab.Base.BaseLabel - 控件库Debug模式已开启
2026-01-30 00:08:54.562 [JavaFX Application Thread] INFO  o.b.s.BxWinLab.Base.BaseLabel - 控件库Debug模式已开启
2026-01-30 00:08:54.562 [JavaFX Application Thread] INFO  o.b.s.BxWinLab.Base.BaseLabel - 控件库Debug模式已开启
2026-01-30 00:08:54.562 [JavaFX Application Thread] INFO  o.b.s.BxWinLab.Base.BaseLabel - 控件库Debug模式已开启
2026-01-30 00:08:54.562 [JavaFX Application Thread] INFO  o.b.s.BxWinLab.Base.BaseLabel - 控件库Debug模式已开启
2026-01-30 00:08:54.562 [JavaFX Application Thread] INFO  o.b.s.BxWinLab.Base.BaseLabel - 控件库Debug模式已开启
2026-01-30 00:08:54.562 [JavaFX Application Thread] INFO  o.b.s.BxWinLab.Base.BaseLabel - 控件库Debug模式已开启
2026-01-30 00:08:54.562 [JavaFX Application Thread] INFO  o.b.s.BxWinLab.Base.BaseLabel - 控件库Debug模式已开启
2026-01-30 00:08:54.562 [JavaFX Application Thread] INFO  o.b.s.BxWinLab.Base.BaseLabel - 控件库Debug模式已开启
2026-01-30 00:08:54.562 [JavaFX Application Thread] INFO  o.b.s.BxWinLab.Base.BaseLabel - 控件库Debug模式已开启
2026-01-30 00:08:54.562 [JavaFX Application Thread] INFO  o.b.s.BxWinLab.Base.BaseLabel - 控件库Debug模式已开启
2026-01-30 00:08:54.563 [JavaFX Application Thread] INFO  o.b.s.BxWinLab.Base.BaseLabel - 控件库Debug模式已开启
2026-01-30 00:08:54.563 [JavaFX Application Thread] INFO  o.b.s.BxWinLab.Base.BaseLabel - 控件库Debug模式已开启
2026-01-30 00:09:21.051 [JavaFX Application Thread] INFO  o.b.s.HelloApplication - 执行停止...
2026-01-30 00:10:08.751 [JavaFX-Launcher] INFO  o.b.s.HelloApplication - 执行初始化...
2026-01-30 00:10:08.757 [JavaFX Application Thread] INFO  o.b.s.HelloApplication - 工具开始启动并加载...
2026-01-30 00:10:08.789 [JavaFX Application Thread] INFO  o.b.s.BxWinLab.Base.BaseLabel - 控件库Debug模式已开启
2026-01-30 00:10:08.794 [JavaFX Application Thread] INFO  o.b.s.BxWinLab.Base.BaseLabel - 控件库Debug模式已开启
2026-01-30 00:10:08.796 [JavaFX Application Thread] INFO  o.b.s.BxWinLab.Base.BaseLabel - 控件库Debug模式已开启
2026-01-30 00:10:08.797 [JavaFX Application Thread] INFO  o.b.s.Utils.FileUtil - 成功加载文件/org/bxwbb/spigotplugincreatertool/icon/icon.png
2026-01-30 00:10:08.942 [JavaFX Application Thread] INFO  o.b.s.BxWinLab.Base.BaseLabel - 控件库Debug模式已开启
2026-01-30 00:10:08.944 [JavaFX Application Thread] INFO  o.b.s.BxWinLab.Base.BaseLabel - 控件库Debug模式已开启
2026-01-30 00:10:08.945 [JavaFX Application Thread] INFO  o.b.s.BxWinLab.Base.BaseLabel - 控件库Debug模式已开启
2026-01-30 00:10:08.945 [JavaFX Application Thread] INFO  o.b.s.BxWinLab.Base.BaseLabel - 控件库Debug模式已开启
2026-01-30 00:10:08.945 [JavaFX Application Thread] INFO  o.b.s.BxWinLab.Base.BaseLabel - 控件库Debug模式已开启
2026-01-30 00:10:08.968 [JavaFX Application Thread] INFO  o.b.s.BxWinLab.Base.BaseLabel - 控件库Debug模式已开启
2026-01-30 00:10:08.981 [JavaFX Application Thread] INFO  o.b.s.BxWinLab.Base.BaseLabel - 控件库Debug模式已开启
2026-01-30 00:10:08.981 [JavaFX Application Thread] INFO  o.b.s.BxWinLab.Base.BaseLabel - 控件库Debug模式已开启
2026-01-30 00:10:08.981 [JavaFX Application Thread] INFO  o.b.s.BxWinLab.Base.BaseLabel - 控件库Debug模式已开启
2026-01-30 00:10:08.981 [JavaFX Application Thread] INFO  o.b.s.BxWinLab.Base.BaseLabel - 控件库Debug模式已开启
2026-01-30 00:10:08.982 [JavaFX Application Thread] INFO  o.b.s.BxWinLab.Base.BaseLabel - 控件库Debug模式已开启
2026-01-30 00:10:08.983 [JavaFX Application Thread] INFO  o.b.s.BxWinLab.Base.BaseLabel - 控件库Debug模式已开启
2026-01-30 00:10:08.983 [JavaFX Application Thread] INFO  o.b.s.Utils.FileUtil - 成功加载文件/org/bxwbb/spigotplugincreatertool/icon/Universal/OpenFolder.png
2026-01-30 00:10:08.985 [JavaFX Application Thread] INFO  o.b.s.BxWinLab.Base.BaseLabel - 控件库Debug模式已开启
2026-01-30 00:10:08.985 [JavaFX Application Thread] INFO  o.b.s.BxWinLab.Base.BaseLabel - 控件库Debug模式已开启
2026-01-30 00:10:08.985 [JavaFX Application Thread] INFO  o.b.s.BxWinLab.Base.BaseLabel - 控件库Debug模式已开启
2026-01-30 00:10:08.987 [JavaFX Application Thread] INFO  o.b.s.BxWinLab.Base.BaseLabel - 控件库Debug模式已开启
2026-01-30 00:10:08.987 [JavaFX Application Thread] INFO  o.b.s.BxWinLab.Base.BaseLabel - 控件库Debug模式已开启
2026-01-30 00:10:08.987 [JavaFX Application Thread] INFO  o.b.s.BxWinLab.Base.BaseLabel - 控件库Debug模式已开启
2026-01-30 00:10:08.987 [JavaFX Application Thread] INFO  o.b.s.BxWinLab.Base.BaseLabel - 控件库Debug模式已开启
2026-01-30 00:10:08.988 [JavaFX Application Thread] INFO  o.b.s.BxWinLab.Base.BaseLabel - 控件库Debug模式已开启
2026-01-30 00:10:08.988 [JavaFX Application Thread] INFO  o.b.s.BxWinLab.Base.BaseLabel - 控件库Debug模式已开启
2026-01-30 00:10:08.988 [JavaFX Application Thread] INFO  o.b.s.BxWinLab.Base.BaseLabel - 控件库Debug模式已开启
2026-01-30 00:10:08.989 [JavaFX Application Thread] INFO  o.b.s.BxWinLab.Base.BaseLabel - 控件库Debug模式已开启
2026-01-30 00:10:08.989 [JavaFX Application Thread] INFO  o.b.s.BxWinLab.Base.BaseLabel - 控件库Debug模式已开启
2026-01-30 00:10:08.989 [JavaFX Application Thread] INFO  o.b.s.BxWinLab.Base.BaseLabel - 控件库Debug模式已开启
2026-01-30 00:10:08.989 [JavaFX Application Thread] INFO  o.b.s.BxWinLab.Base.BaseLabel - 控件库Debug模式已开启
2026-01-30 00:10:08.989 [JavaFX Application Thread] INFO  o.b.s.BxWinLab.Base.BaseLabel - 控件库Debug模式已开启
2026-01-30 00:10:08.990 [JavaFX Application Thread] INFO  o.b.s.BxWinLab.Base.BaseLabel - 控件库Debug模式已开启
2026-01-30 00:10:08.990 [JavaFX Application Thread] INFO  o.b.s.BxWinLab.Base.BaseLabel - 控件库Debug模式已开启
2026-01-30 00:10:08.994 [JavaFX Application Thread] INFO  o.b.s.Utils.FileUtil - 成功加载文件/org/bxwbb/spigotplugincreatertool/icon/Universal/NewProject.png
2026-01-30 00:10:08.994 [JavaFX Application Thread] INFO  o.b.s.BxWinLab.Base.BaseLabel - 控件库Debug模式已开启
2026-01-30 00:10:08.995 [JavaFX Application Thread] INFO  o.b.s.BxWinLab.Base.BaseLabel - 控件库Debug模式已开启
2026-01-30 00:10:08.995 [JavaFX Application Thread] INFO  o.b.s.BxWinLab.Base.BaseLabel - 控件库Debug模式已开启
2026-01-30 00:10:08.995 [JavaFX Application Thread] INFO  o.b.s.BxWinLab.Base.BaseLabel - 控件库Debug模式已开启
2026-01-30 00:10:08.995 [JavaFX Application Thread] INFO  o.b.s.BxWinLab.Base.BaseLabel - 控件库Debug模式已开启
2026-01-30 00:10:08.995 [JavaFX Application Thread] INFO  o.b.s.BxWinLab.Base.BaseLabel - 控件库Debug模式已开启
2026-01-30 00:10:08.995 [JavaFX Application Thread] INFO  o.b.s.BxWinLab.Base.BaseLabel - 控件库Debug模式已开启
2026-01-30 00:10:08.996 [JavaFX Application Thread] INFO  o.b.s.BxWinLab.Base.BaseLabel - 控件库Debug模式已开启
2026-01-30 00:10:08.996 [JavaFX Application Thread] INFO  o.b.s.BxWinLab.Base.BaseLabel - 控件库Debug模式已开启
2026-01-30 00:10:08.996 [JavaFX Application Thread] INFO  o.b.s.BxWinLab.Base.BaseLabel - 控件库Debug模式已开启
2026-01-30 00:10:08.996 [JavaFX Application Thread] INFO  o.b.s.BxWinLab.Base.BaseLabel - 控件库Debug模式已开启
2026-01-30 00:10:08.997 [JavaFX Application Thread] INFO  o.b.s.BxWinLab.Base.BaseLabel - 控件库Debug模式已开启
2026-01-30 00:10:08.997 [JavaFX Application Thread] INFO  o.b.s.BxWinLab.Base.BaseLabel - 控件库Debug模式已开启
2026-01-30 00:10:08.997 [JavaFX Application Thread] INFO  o.b.s.BxWinLab.Base.BaseLabel - 控件库Debug模式已开启
2026-01-30 00:10:08.997 [JavaFX Application Thread] INFO  o.b.s.BxWinLab.Base.BaseLabel - 控件库Debug模式已开启
2026-01-30 00:10:08.998 [JavaFX Application Thread] INFO  o.b.s.BxWinLab.Base.BaseLabel - 控件库Debug模式已开启
2026-01-30 00:10:08.998 [JavaFX Application Thread] INFO  o.b.s.BxWinLab.Base.BaseLabel - 控件库Debug模式已开启
2026-01-30 00:10:09.000 [JavaFX Application Thread] INFO  o.b.s.Utils.FileUtil - 成功加载文件/org/bxwbb/spigotplugincreatertool/icon/Universal/Setting.png
2026-01-30 00:10:09.001 [JavaFX Application Thread] INFO  o.b.s.BxWinLab.Base.BaseLabel - 控件库Debug模式已开启
2026-01-30 00:10:09.001 [JavaFX Application Thread] INFO  o.b.s.BxWinLab.Base.BaseLabel - 控件库Debug模式已开启
2026-01-30 00:10:09.001 [JavaFX Application Thread] INFO  o.b.s.BxWinLab.Base.BaseLabel - 控件库Debug模式已开启
2026-01-30 00:10:09.002 [JavaFX Application Thread] INFO  o.b.s.BxWinLab.Base.BaseLabel - 控件库Debug模式已开启
2026-01-30 00:10:09.002 [JavaFX Application Thread] INFO  o.b.s.BxWinLab.Base.BaseLabel - 控件库Debug模式已开启
2026-01-30 00:10:09.002 [JavaFX Application Thread] INFO  o.b.s.BxWinLab.Base.BaseLabel - 控件库Debug模式已开启
2026-01-30 00:10:09.002 [JavaFX Application Thread] INFO  o.b.s.BxWinLab.Base.BaseLabel - 控件库Debug模式已开启
2026-01-30 00:10:09.002 [JavaFX Application Thread] INFO  o.b.s.BxWinLab.Base.BaseLabel - 控件库Debug模式已开启
2026-01-30 00:10:09.002 [JavaFX Application Thread] INFO  o.b.s.BxWinLab.Base.BaseLabel - 控件库Debug模式已开启
2026-01-30 00:10:09.002 [JavaFX Application Thread] INFO  o.b.s.BxWinLab.Base.BaseLabel - 控件库Debug模式已开启
2026-01-30 00:10:09.002 [JavaFX Application Thread] INFO  o.b.s.BxWinLab.Base.BaseLabel - 控件库Debug模式已开启
2026-01-30 00:10:09.002 [JavaFX Application Thread] INFO  o.b.s.BxWinLab.Base.BaseLabel - 控件库Debug模式已开启
2026-01-30 00:10:09.003 [JavaFX Application Thread] INFO  o.b.s.BxWinLab.Base.BaseLabel - 控件库Debug模式已开启
2026-01-30 00:10:09.003 [JavaFX Application Thread] INFO  o.b.s.BxWinLab.Base.BaseLabel - 控件库Debug模式已开启
2026-01-30 00:10:09.003 [JavaFX Application Thread] INFO  o.b.s.BxWinLab.Base.BaseLabel - 控件库Debug模式已开启
2026-01-30 00:10:09.003 [JavaFX Application Thread] INFO  o.b.s.BxWinLab.Base.BaseLabel - 控件库Debug模式已开启
2026-01-30 00:10:09.003 [JavaFX Application Thread] INFO  o.b.s.BxWinLab.Base.BaseLabel - 控件库Debug模式已开启
2026-01-30 00:10:09.005 [JavaFX Application Thread] INFO  o.b.s.Utils.FileUtil - 成功加载文件/org/bxwbb/spigotplugincreatertool/icon/Universal/Learn.png
2026-01-30 00:10:09.006 [JavaFX Application Thread] INFO  o.b.s.BxWinLab.Base.BaseLabel - 控件库Debug模式已开启
2026-01-30 00:10:09.006 [JavaFX Application Thread] INFO  o.b.s.BxWinLab.Base.BaseLabel - 控件库Debug模式已开启
2026-01-30 00:10:09.007 [JavaFX Application Thread] INFO  o.b.s.BxWinLab.Base.BaseLabel - 控件库Debug模式已开启
2026-01-30 00:10:09.007 [JavaFX Application Thread] INFO  o.b.s.BxWinLab.Base.BaseLabel - 控件库Debug模式已开启
2026-01-30 00:10:09.007 [JavaFX Application Thread] INFO  o.b.s.BxWinLab.Base.BaseLabel - 控件库Debug模式已开启
2026-01-30 00:10:09.007 [JavaFX Application Thread] INFO  o.b.s.BxWinLab.Base.BaseLabel - 控件库Debug模式已开启
2026-01-30 00:10:09.007 [JavaFX Application Thread] INFO  o.b.s.BxWinLab.Base.BaseLabel - 控件库Debug模式已开启
2026-01-30 00:10:09.007 [JavaFX Application Thread] INFO  o.b.s.BxWinLab.Base.BaseLabel - 控件库Debug模式已开启
2026-01-30 00:10:09.007 [JavaFX Application Thread] INFO  o.b.s.BxWinLab.Base.BaseLabel - 控件库Debug模式已开启
2026-01-30 00:10:09.007 [JavaFX Application Thread] INFO  o.b.s.BxWinLab.Base.BaseLabel - 控件库Debug模式已开启
2026-01-30 00:10:09.007 [JavaFX Application Thread] INFO  o.b.s.BxWinLab.Base.BaseLabel - 控件库Debug模式已开启
2026-01-30 00:10:09.007 [JavaFX Application Thread] INFO  o.b.s.BxWinLab.Base.BaseLabel - 控件库Debug模式已开启
2026-01-30 00:10:09.008 [JavaFX Application Thread] INFO  o.b.s.BxWinLab.Base.BaseLabel - 控件库Debug模式已开启
2026-01-30 00:10:09.008 [JavaFX Application Thread] INFO  o.b.s.BxWinLab.Base.BaseLabel - 控件库Debug模式已开启
2026-01-30 00:10:09.008 [JavaFX Application Thread] INFO  o.b.s.BxWinLab.Base.BaseLabel - 控件库Debug模式已开启
2026-01-30 00:10:09.008 [JavaFX Application Thread] INFO  o.b.s.BxWinLab.Base.BaseLabel - 控件库Debug模式已开启
2026-01-30 00:10:09.008 [JavaFX Application Thread] INFO  o.b.s.BxWinLab.Base.BaseLabel - 控件库Debug模式已开启
2026-01-30 00:10:09.010 [JavaFX Application Thread] INFO  o.b.s.Utils.FileUtil - 成功加载文件/org/bxwbb/spigotplugincreatertool/icon/Universal/Quit.png
2026-01-30 00:10:09.011 [JavaFX Application Thread] INFO  o.b.s.BxWinLab.Base.BaseLabel - 控件库Debug模式已开启
2026-01-30 00:10:09.011 [JavaFX Application Thread] INFO  o.b.s.BxWinLab.Base.BaseLabel - 控件库Debug模式已开启
2026-01-30 00:10:09.011 [JavaFX Application Thread] INFO  o.b.s.BxWinLab.Base.BaseLabel - 控件库Debug模式已开启
2026-01-30 00:10:09.011 [JavaFX Application Thread] INFO  o.b.s.BxWinLab.Base.BaseLabel - 控件库Debug模式已开启
2026-01-30 00:10:09.011 [JavaFX Application Thread] INFO  o.b.s.BxWinLab.Base.BaseLabel - 控件库Debug模式已开启
2026-01-30 00:10:09.011 [JavaFX Application Thread] INFO  o.b.s.BxWinLab.Base.BaseLabel - 控件库Debug模式已开启
2026-01-30 00:10:09.011 [JavaFX Application Thread] INFO  o.b.s.BxWinLab.Base.BaseLabel - 控件库Debug模式已开启
2026-01-30 00:10:09.011 [JavaFX Application Thread] INFO  o.b.s.BxWinLab.Base.BaseLabel - 控件库Debug模式已开启
2026-01-30 00:10:09.011 [JavaFX Application Thread] INFO  o.b.s.BxWinLab.Base.BaseLabel - 控件库Debug模式已开启
2026-01-30 00:10:09.011 [JavaFX Application Thread] INFO  o.b.s.BxWinLab.Base.BaseLabel - 控件库Debug模式已开启
2026-01-30 00:10:09.012 [JavaFX Application Thread] INFO  o.b.s.BxWinLab.Base.BaseLabel - 控件库Debug模式已开启
2026-01-30 00:10:09.012 [JavaFX Application Thread] INFO  o.b.s.BxWinLab.Base.BaseLabel - 控件库Debug模式已开启
2026-01-30 00:10:09.012 [JavaFX Application Thread] INFO  o.b.s.BxWinLab.Base.BaseLabel - 控件库Debug模式已开启
2026-01-30 00:10:09.012 [JavaFX Application Thread] INFO  o.b.s.BxWinLab.Base.BaseLabel - 控件库Debug模式已开启
2026-01-30 00:10:09.012 [JavaFX Application Thread] INFO  o.b.s.BxWinLab.Base.BaseLabel - 控件库Debug模式已开启
2026-01-30 00:10:09.012 [JavaFX Application Thread] INFO  o.b.s.BxWinLab.Base.BaseLabel - 控件库Debug模式已开启
2026-01-30 00:10:09.012 [JavaFX Application Thread] INFO  o.b.s.BxWinLab.Base.BaseLabel - 控件库Debug模式已开启
2026-01-30 00:10:09.040 [JavaFX Application Thread] INFO  o.b.s.BxWinLab.Base.BaseLabel - 控件库Debug模式已开启
2026-01-30 00:10:09.040 [JavaFX Application Thread] INFO  o.b.s.BxWinLab.Base.BaseLabel - 控件库Debug模式已开启
2026-01-30 00:10:09.122 [JavaFX Application Thread] INFO  o.b.s.BxWinLab.Base.BaseLabel - 控件库Debug模式已开启
2026-01-30 00:10:09.123 [JavaFX Application Thread] INFO  o.b.s.Utils.FileUtil - 成功加载文件/org/bxwbb/spigotplugincreatertool/icon/Universal/NewProject.png
2026-01-30 00:10:09.125 [JavaFX Application Thread] INFO  o.b.s.BxWinLab.Base.BaseLabel - 控件库Debug模式已开启
2026-01-30 00:10:09.125 [JavaFX Application Thread] INFO  o.b.s.BxWinLab.Base.BaseLabel - 控件库Debug模式已开启
2026-01-30 00:10:09.125 [JavaFX Application Thread] INFO  o.b.s.BxWinLab.Base.BaseLabel - 控件库Debug模式已开启
2026-01-30 00:10:09.125 [JavaFX Application Thread] INFO  o.b.s.BxWinLab.Base.BaseLabel - 控件库Debug模式已开启
2026-01-30 00:10:09.126 [JavaFX Application Thread] INFO  o.b.s.BxWinLab.Base.BaseLabel - 控件库Debug模式已开启
2026-01-30 00:10:09.126 [JavaFX Application Thread] INFO  o.b.s.BxWinLab.Base.BaseLabel - 控件库Debug模式已开启
2026-01-30 00:10:09.126 [JavaFX Application Thread] INFO  o.b.s.BxWinLab.Base.BaseLabel - 控件库Debug模式已开启
2026-01-30 00:10:09.126 [JavaFX Application Thread] INFO  o.b.s.BxWinLab.Base.BaseLabel - 控件库Debug模式已开启
2026-01-30 00:10:09.126 [JavaFX Application Thread] INFO  o.b.s.BxWinLab.Base.BaseLabel - 控件库Debug模式已开启
2026-01-30 00:10:09.126 [JavaFX Application Thread] INFO  o.b.s.BxWinLab.Base.BaseLabel - 控件库Debug模式已开启
2026-01-30 00:10:09.126 [JavaFX Application Thread] INFO  o.b.s.BxWinLab.Base.BaseLabel - 控件库Debug模式已开启
2026-01-30 00:10:09.126 [JavaFX Application Thread] INFO  o.b.s.BxWinLab.Base.BaseLabel - 控件库Debug模式已开启
2026-01-30 00:10:09.127 [JavaFX Application Thread] INFO  o.b.s.BxWinLab.Base.BaseLabel - 控件库Debug模式已开启
2026-01-30 00:10:09.127 [JavaFX Application Thread] INFO  o.b.s.BxWinLab.Base.BaseLabel - 控件库Debug模式已开启
2026-01-30 00:10:09.128 [JavaFX Application Thread] INFO  o.b.s.BxWinLab.Base.BaseLabel - 控件库Debug模式已开启
2026-01-30 00:10:09.129 [JavaFX Application Thread] INFO  o.b.s.BxWinLab.Base.BaseLabel - 控件库Debug模式已开启
2026-01-30 00:10:09.130 [JavaFX Application Thread] INFO  o.b.s.BxWinLab.Base.BaseLabel - 控件库Debug模式已开启
2026-01-30 00:10:09.130 [JavaFX Application Thread] INFO  o.b.s.BxWinLab.Base.BaseLabel - 控件库Debug模式已开启
2026-01-30 00:10:09.130 [JavaFX Application Thread] INFO  o.b.s.BxWinLab.Base.BaseLabel - 控件库Debug模式已开启
2026-01-30 00:10:09.130 [JavaFX Application Thread] INFO  o.b.s.BxWinLab.Base.BaseLabel - 控件库Debug模式已开启
2026-01-30 00:10:09.130 [JavaFX Application Thread] INFO  o.b.s.BxWinLab.Base.BaseLabel - 控件库Debug模式已开启
2026-01-30 00:10:09.130 [JavaFX Application Thread] INFO  o.b.s.BxWinLab.Base.BaseLabel - 控件库Debug模式已开启
2026-01-30 00:10:09.130 [JavaFX Application Thread] INFO  o.b.s.BxWinLab.Base.BaseLabel - 控件库Debug模式已开启
2026-01-30 00:10:09.130 [JavaFX Application Thread] INFO  o.b.s.BxWinLab.Base.BaseLabel - 控件库Debug模式已开启
2026-01-30 00:10:09.130 [JavaFX Application Thread] INFO  o.b.s.BxWinLab.Base.BaseLabel - 控件库Debug模式已开启
2026-01-30 00:10:09.130 [JavaFX Application Thread] INFO  o.b.s.BxWinLab.Base.BaseLabel - 控件库Debug模式已开启
2026-01-30 00:10:09.130 [JavaFX Application Thread] INFO  o.b.s.BxWinLab.Base.BaseLabel - 控件库Debug模式已开启
2026-01-30 00:10:09.130 [JavaFX Application Thread] INFO  o.b.s.BxWinLab.Base.BaseLabel - 控件库Debug模式已开启
2026-01-30 00:10:09.150 [JavaFX Application Thread] INFO  o.b.s.HelloApplication - 执行停止...
2026-01-30 00:11:32.179 [JavaFX-Launcher] INFO  o.b.s.HelloApplication - 执行初始化...
2026-01-30 00:11:32.185 [JavaFX Application Thread] INFO  o.b.s.HelloApplication - 工具开始启动并加载...
2026-01-30 00:11:32.217 [JavaFX Application Thread] INFO  o.b.s.BxWinLab.Base.BaseLabel - 控件库Debug模式已开启
2026-01-30 00:11:32.222 [JavaFX Application Thread] INFO  o.b.s.BxWinLab.Base.BaseLabel - 控件库Debug模式已开启
2026-01-30 00:11:32.224 [JavaFX Application Thread] INFO  o.b.s.BxWinLab.Base.BaseLabel - 控件库Debug模式已开启
2026-01-30 00:11:32.225 [JavaFX Application Thread] INFO  o.b.s.Utils.FileUtil - 成功加载文件/org/bxwbb/spigotplugincreatertool/icon/icon.png
2026-01-30 00:11:32.366 [JavaFX Application Thread] INFO  o.b.s.BxWinLab.Base.BaseLabel - 控件库Debug模式已开启
2026-01-30 00:11:32.368 [JavaFX Application Thread] INFO  o.b.s.BxWinLab.Base.BaseLabel - 控件库Debug模式已开启
2026-01-30 00:11:32.369 [JavaFX Application Thread] INFO  o.b.s.BxWinLab.Base.BaseLabel - 控件库Debug模式已开启
2026-01-30 00:11:32.369 [JavaFX Application Thread] INFO  o.b.s.BxWinLab.Base.BaseLabel - 控件库Debug模式已开启
2026-01-30 00:11:32.369 [JavaFX Application Thread] INFO  o.b.s.BxWinLab.Base.BaseLabel - 控件库Debug模式已开启
2026-01-30 00:11:32.387 [JavaFX Application Thread] INFO  o.b.s.BxWinLab.Base.BaseLabel - 控件库Debug模式已开启
2026-01-30 00:11:32.403 [JavaFX Application Thread] INFO  o.b.s.BxWinLab.Base.BaseLabel - 控件库Debug模式已开启
2026-01-30 00:11:32.404 [JavaFX Application Thread] INFO  o.b.s.BxWinLab.Base.BaseLabel - 控件库Debug模式已开启
2026-01-30 00:11:32.404 [JavaFX Application Thread] INFO  o.b.s.BxWinLab.Base.BaseLabel - 控件库Debug模式已开启
2026-01-30 00:11:32.404 [JavaFX Application Thread] INFO  o.b.s.BxWinLab.Base.BaseLabel - 控件库Debug模式已开启
2026-01-30 00:11:32.405 [JavaFX Application Thread] INFO  o.b.s.BxWinLab.Base.BaseLabel - 控件库Debug模式已开启
2026-01-30 00:11:32.406 [JavaFX Application Thread] INFO  o.b.s.BxWinLab.Base.BaseLabel - 控件库Debug模式已开启
2026-01-30 00:11:32.406 [JavaFX Application Thread] INFO  o.b.s.Utils.FileUtil - 成功加载文件/org/bxwbb/spigotplugincreatertool/icon/Universal/OpenFolder.png
2026-01-30 00:11:32.407 [JavaFX Application Thread] INFO  o.b.s.BxWinLab.Base.BaseLabel - 控件库Debug模式已开启
2026-01-30 00:11:32.407 [JavaFX Application Thread] INFO  o.b.s.BxWinLab.Base.BaseLabel - 控件库Debug模式已开启
2026-01-30 00:11:32.407 [JavaFX Application Thread] INFO  o.b.s.BxWinLab.Base.BaseLabel - 控件库Debug模式已开启
2026-01-30 00:11:32.409 [JavaFX Application Thread] INFO  o.b.s.BxWinLab.Base.BaseLabel - 控件库Debug模式已开启
2026-01-30 00:11:32.409 [JavaFX Application Thread] INFO  o.b.s.BxWinLab.Base.BaseLabel - 控件库Debug模式已开启
2026-01-30 00:11:32.409 [JavaFX Application Thread] INFO  o.b.s.BxWinLab.Base.BaseLabel - 控件库Debug模式已开启
2026-01-30 00:11:32.409 [JavaFX Application Thread] INFO  o.b.s.BxWinLab.Base.BaseLabel - 控件库Debug模式已开启
2026-01-30 00:11:32.410 [JavaFX Application Thread] INFO  o.b.s.BxWinLab.Base.BaseLabel - 控件库Debug模式已开启
2026-01-30 00:11:32.410 [JavaFX Application Thread] INFO  o.b.s.BxWinLab.Base.BaseLabel - 控件库Debug模式已开启
2026-01-30 00:11:32.410 [JavaFX Application Thread] INFO  o.b.s.BxWinLab.Base.BaseLabel - 控件库Debug模式已开启
2026-01-30 00:11:32.410 [JavaFX Application Thread] INFO  o.b.s.BxWinLab.Base.BaseLabel - 控件库Debug模式已开启
2026-01-30 00:11:32.410 [JavaFX Application Thread] INFO  o.b.s.BxWinLab.Base.BaseLabel - 控件库Debug模式已开启
2026-01-30 00:11:32.410 [JavaFX Application Thread] INFO  o.b.s.BxWinLab.Base.BaseLabel - 控件库Debug模式已开启
2026-01-30 00:11:32.411 [JavaFX Application Thread] INFO  o.b.s.BxWinLab.Base.BaseLabel - 控件库Debug模式已开启
2026-01-30 00:11:32.411 [JavaFX Application Thread] INFO  o.b.s.BxWinLab.Base.BaseLabel - 控件库Debug模式已开启
2026-01-30 00:11:32.412 [JavaFX Application Thread] INFO  o.b.s.BxWinLab.Base.BaseLabel - 控件库Debug模式已开启
2026-01-30 00:11:32.412 [JavaFX Application Thread] INFO  o.b.s.BxWinLab.Base.BaseLabel - 控件库Debug模式已开启
2026-01-30 00:11:32.415 [JavaFX Application Thread] INFO  o.b.s.Utils.FileUtil - 成功加载文件/org/bxwbb/spigotplugincreatertool/icon/Universal/NewProject.png
2026-01-30 00:11:32.416 [JavaFX Application Thread] INFO  o.b.s.BxWinLab.Base.BaseLabel - 控件库Debug模式已开启
2026-01-30 00:11:32.416 [JavaFX Application Thread] INFO  o.b.s.BxWinLab.Base.BaseLabel - 控件库Debug模式已开启
2026-01-30 00:11:32.416 [JavaFX Application Thread] INFO  o.b.s.BxWinLab.Base.BaseLabel - 控件库Debug模式已开启
2026-01-30 00:11:32.416 [JavaFX Application Thread] INFO  o.b.s.BxWinLab.Base.BaseLabel - 控件库Debug模式已开启
2026-01-30 00:11:32.416 [JavaFX Application Thread] INFO  o.b.s.BxWinLab.Base.BaseLabel - 控件库Debug模式已开启
2026-01-30 00:11:32.417 [JavaFX Application Thread] INFO  o.b.s.BxWinLab.Base.BaseLabel - 控件库Debug模式已开启
2026-01-30 00:11:32.417 [JavaFX Application Thread] INFO  o.b.s.BxWinLab.Base.BaseLabel - 控件库Debug模式已开启
2026-01-30 00:11:32.417 [JavaFX Application Thread] INFO  o.b.s.BxWinLab.Base.BaseLabel - 控件库Debug模式已开启
2026-01-30 00:11:32.417 [JavaFX Application Thread] INFO  o.b.s.BxWinLab.Base.BaseLabel - 控件库Debug模式已开启
2026-01-30 00:11:32.417 [JavaFX Application Thread] INFO  o.b.s.BxWinLab.Base.BaseLabel - 控件库Debug模式已开启
2026-01-30 00:11:32.417 [JavaFX Application Thread] INFO  o.b.s.BxWinLab.Base.BaseLabel - 控件库Debug模式已开启
2026-01-30 00:11:32.417 [JavaFX Application Thread] INFO  o.b.s.BxWinLab.Base.BaseLabel - 控件库Debug模式已开启
2026-01-30 00:11:32.417 [JavaFX Application Thread] INFO  o.b.s.BxWinLab.Base.BaseLabel - 控件库Debug模式已开启
2026-01-30 00:11:32.418 [JavaFX Application Thread] INFO  o.b.s.BxWinLab.Base.BaseLabel - 控件库Debug模式已开启
2026-01-30 00:11:32.418 [JavaFX Application Thread] INFO  o.b.s.BxWinLab.Base.BaseLabel - 控件库Debug模式已开启
2026-01-30 00:11:32.418 [JavaFX Application Thread] INFO  o.b.s.BxWinLab.Base.BaseLabel - 控件库Debug模式已开启
2026-01-30 00:11:32.418 [JavaFX Application Thread] INFO  o.b.s.BxWinLab.Base.BaseLabel - 控件库Debug模式已开启
2026-01-30 00:11:32.420 [JavaFX Application Thread] INFO  o.b.s.Utils.FileUtil - 成功加载文件/org/bxwbb/spigotplugincreatertool/icon/Universal/Setting.png
2026-01-30 00:11:32.421 [JavaFX Application Thread] INFO  o.b.s.BxWinLab.Base.BaseLabel - 控件库Debug模式已开启
2026-01-30 00:11:32.422 [JavaFX Application Thread] INFO  o.b.s.BxWinLab.Base.BaseLabel - 控件库Debug模式已开启
2026-01-30 00:11:32.422 [JavaFX Application Thread] INFO  o.b.s.BxWinLab.Base.BaseLabel - 控件库Debug模式已开启
2026-01-30 00:11:32.422 [JavaFX Application Thread] INFO  o.b.s.BxWinLab.Base.BaseLabel - 控件库Debug模式已开启
2026-01-30 00:11:32.422 [JavaFX Application Thread] INFO  o.b.s.BxWinLab.Base.BaseLabel - 控件库Debug模式已开启
2026-01-30 00:11:32.422 [JavaFX Application Thread] INFO  o.b.s.BxWinLab.Base.BaseLabel - 控件库Debug模式已开启
2026-01-30 00:11:32.422 [JavaFX Application Thread] INFO  o.b.s.BxWinLab.Base.BaseLabel - 控件库Debug模式已开启
2026-01-30 00:11:32.422 [JavaFX Application Thread] INFO  o.b.s.BxWinLab.Base.BaseLabel - 控件库Debug模式已开启
2026-01-30 00:11:32.422 [JavaFX Application Thread] INFO  o.b.s.BxWinLab.Base.BaseLabel - 控件库Debug模式已开启
2026-01-30 00:11:32.422 [JavaFX Application Thread] INFO  o.b.s.BxWinLab.Base.BaseLabel - 控件库Debug模式已开启
2026-01-30 00:11:32.423 [JavaFX Application Thread] INFO  o.b.s.BxWinLab.Base.BaseLabel - 控件库Debug模式已开启
2026-01-30 00:11:32.423 [JavaFX Application Thread] INFO  o.b.s.BxWinLab.Base.BaseLabel - 控件库Debug模式已开启
2026-01-30 00:11:32.423 [JavaFX Application Thread] INFO  o.b.s.BxWinLab.Base.BaseLabel - 控件库Debug模式已开启
2026-01-30 00:11:32.423 [JavaFX Application Thread] INFO  o.b.s.BxWinLab.Base.BaseLabel - 控件库Debug模式已开启
2026-01-30 00:11:32.423 [JavaFX Application Thread] INFO  o.b.s.BxWinLab.Base.BaseLabel - 控件库Debug模式已开启
2026-01-30 00:11:32.423 [JavaFX Application Thread] INFO  o.b.s.BxWinLab.Base.BaseLabel - 控件库Debug模式已开启
2026-01-30 00:11:32.423 [JavaFX Application Thread] INFO  o.b.s.BxWinLab.Base.BaseLabel - 控件库Debug模式已开启
2026-01-30 00:11:32.425 [JavaFX Application Thread] INFO  o.b.s.Utils.FileUtil - 成功加载文件/org/bxwbb/spigotplugincreatertool/icon/Universal/Learn.png
2026-01-30 00:11:32.426 [JavaFX Application Thread] INFO  o.b.s.BxWinLab.Base.BaseLabel - 控件库Debug模式已开启
2026-01-30 00:11:32.426 [JavaFX Application Thread] INFO  o.b.s.BxWinLab.Base.BaseLabel - 控件库Debug模式已开启
2026-01-30 00:11:32.427 [JavaFX Application Thread] INFO  o.b.s.BxWinLab.Base.BaseLabel - 控件库Debug模式已开启
2026-01-30 00:11:32.427 [JavaFX Application Thread] INFO  o.b.s.BxWinLab.Base.BaseLabel - 控件库Debug模式已开启
2026-01-30 00:11:32.427 [JavaFX Application Thread] INFO  o.b.s.BxWinLab.Base.BaseLabel - 控件库Debug模式已开启
2026-01-30 00:11:32.427 [JavaFX Application Thread] INFO  o.b.s.BxWinLab.Base.BaseLabel - 控件库Debug模式已开启
2026-01-30 00:11:32.427 [JavaFX Application Thread] INFO  o.b.s.BxWinLab.Base.BaseLabel - 控件库Debug模式已开启
2026-01-30 00:11:32.427 [JavaFX Application Thread] INFO  o.b.s.BxWinLab.Base.BaseLabel - 控件库Debug模式已开启
2026-01-30 00:11:32.427 [JavaFX Application Thread] INFO  o.b.s.BxWinLab.Base.BaseLabel - 控件库Debug模式已开启
2026-01-30 00:11:32.427 [JavaFX Application Thread] INFO  o.b.s.BxWinLab.Base.BaseLabel - 控件库Debug模式已开启
2026-01-30 00:11:32.427 [JavaFX Application Thread] INFO  o.b.s.BxWinLab.Base.BaseLabel - 控件库Debug模式已开启
2026-01-30 00:11:32.427 [JavaFX Application Thread] INFO  o.b.s.BxWinLab.Base.BaseLabel - 控件库Debug模式已开启
2026-01-30 00:11:32.427 [JavaFX Application Thread] INFO  o.b.s.BxWinLab.Base.BaseLabel - 控件库Debug模式已开启
2026-01-30 00:11:32.428 [JavaFX Application Thread] INFO  o.b.s.BxWinLab.Base.BaseLabel - 控件库Debug模式已开启
2026-01-30 00:11:32.428 [JavaFX Application Thread] INFO  o.b.s.BxWinLab.Base.BaseLabel - 控件库Debug模式已开启
2026-01-30 00:11:32.428 [JavaFX Application Thread] INFO  o.b.s.BxWinLab.Base.BaseLabel - 控件库Debug模式已开启
2026-01-30 00:11:32.428 [JavaFX Application Thread] INFO  o.b.s.BxWinLab.Base.BaseLabel - 控件库Debug模式已开启
2026-01-30 00:11:32.429 [JavaFX Application Thread] INFO  o.b.s.Utils.FileUtil - 成功加载文件/org/bxwbb/spigotplugincreatertool/icon/Universal/Quit.png
2026-01-30 00:11:32.430 [JavaFX Application Thread] INFO  o.b.s.BxWinLab.Base.BaseLabel - 控件库Debug模式已开启
2026-01-30 00:11:32.430 [JavaFX Application Thread] INFO  o.b.s.BxWinLab.Base.BaseLabel - 控件库Debug模式已开启
2026-01-30 00:11:32.431 [JavaFX Application Thread] INFO  o.b.s.BxWinLab.Base.BaseLabel - 控件库Debug模式已开启
2026-01-30 00:11:32.431 [JavaFX Application Thread] INFO  o.b.s.BxWinLab.Base.BaseLabel - 控件库Debug模式已开启
2026-01-30 00:11:32.431 [JavaFX Application Thread] INFO  o.b.s.BxWinLab.Base.BaseLabel - 控件库Debug模式已开启
2026-01-30 00:11:32.431 [JavaFX Application Thread] INFO  o.b.s.BxWinLab.Base.BaseLabel - 控件库Debug模式已开启
2026-01-30 00:11:32.431 [JavaFX Application Thread] INFO  o.b.s.BxWinLab.Base.BaseLabel - 控件库Debug模式已开启
2026-01-30 00:11:32.431 [JavaFX Application Thread] INFO  o.b.s.BxWinLab.Base.BaseLabel - 控件库Debug模式已开启
2026-01-30 00:11:32.431 [JavaFX Application Thread] INFO  o.b.s.BxWinLab.Base.BaseLabel - 控件库Debug模式已开启
2026-01-30 00:11:32.431 [JavaFX Application Thread] INFO  o.b.s.BxWinLab.Base.BaseLabel - 控件库Debug模式已开启
2026-01-30 00:11:32.431 [JavaFX Application Thread] INFO  o.b.s.BxWinLab.Base.BaseLabel - 控件库Debug模式已开启
2026-01-30 00:11:32.431 [JavaFX Application Thread] INFO  o.b.s.BxWinLab.Base.BaseLabel - 控件库Debug模式已开启
2026-01-30 00:11:32.431 [JavaFX Application Thread] INFO  o.b.s.BxWinLab.Base.BaseLabel - 控件库Debug模式已开启
2026-01-30 00:11:32.431 [JavaFX Application Thread] INFO  o.b.s.BxWinLab.Base.BaseLabel - 控件库Debug模式已开启
2026-01-30 00:11:32.431 [JavaFX Application Thread] INFO  o.b.s.BxWinLab.Base.BaseLabel - 控件库Debug模式已开启
2026-01-30 00:11:32.432 [JavaFX Application Thread] INFO  o.b.s.BxWinLab.Base.BaseLabel - 控件库Debug模式已开启
2026-01-30 00:11:32.432 [JavaFX Application Thread] INFO  o.b.s.BxWinLab.Base.BaseLabel - 控件库Debug模式已开启
2026-01-30 00:11:32.455 [JavaFX Application Thread] INFO  o.b.s.BxWinLab.Base.BaseLabel - 控件库Debug模式已开启
2026-01-30 00:11:32.456 [JavaFX Application Thread] INFO  o.b.s.BxWinLab.Base.BaseLabel - 控件库Debug模式已开启
2026-01-30 00:11:32.536 [JavaFX Application Thread] INFO  o.b.s.BxWinLab.Base.BaseLabel - 控件库Debug模式已开启
2026-01-30 00:11:32.536 [JavaFX Application Thread] INFO  o.b.s.Utils.FileUtil - 成功加载文件/org/bxwbb/spigotplugincreatertool/icon/Universal/NewProject.png
2026-01-30 00:11:32.538 [JavaFX Application Thread] INFO  o.b.s.BxWinLab.Base.BaseLabel - 控件库Debug模式已开启
2026-01-30 00:11:32.538 [JavaFX Application Thread] INFO  o.b.s.BxWinLab.Base.BaseLabel - 控件库Debug模式已开启
2026-01-30 00:11:32.538 [JavaFX Application Thread] INFO  o.b.s.BxWinLab.Base.BaseLabel - 控件库Debug模式已开启
2026-01-30 00:11:32.538 [JavaFX Application Thread] INFO  o.b.s.BxWinLab.Base.BaseLabel - 控件库Debug模式已开启
2026-01-30 00:11:32.539 [JavaFX Application Thread] INFO  o.b.s.BxWinLab.Base.BaseLabel - 控件库Debug模式已开启
2026-01-30 00:11:32.539 [JavaFX Application Thread] INFO  o.b.s.BxWinLab.Base.BaseLabel - 控件库Debug模式已开启
2026-01-30 00:11:32.539 [JavaFX Application Thread] INFO  o.b.s.BxWinLab.Base.BaseLabel - 控件库Debug模式已开启
2026-01-30 00:11:32.539 [JavaFX Application Thread] INFO  o.b.s.BxWinLab.Base.BaseLabel - 控件库Debug模式已开启
2026-01-30 00:11:32.539 [JavaFX Application Thread] INFO  o.b.s.BxWinLab.Base.BaseLabel - 控件库Debug模式已开启
2026-01-30 00:11:32.539 [JavaFX Application Thread] INFO  o.b.s.BxWinLab.Base.BaseLabel - 控件库Debug模式已开启
2026-01-30 00:11:32.539 [JavaFX Application Thread] INFO  o.b.s.BxWinLab.Base.BaseLabel - 控件库Debug模式已开启
2026-01-30 00:11:32.539 [JavaFX Application Thread] INFO  o.b.s.BxWinLab.Base.BaseLabel - 控件库Debug模式已开启
2026-01-30 00:11:32.540 [JavaFX Application Thread] INFO  o.b.s.BxWinLab.Base.BaseLabel - 控件库Debug模式已开启
2026-01-30 00:11:32.540 [JavaFX Application Thread] INFO  o.b.s.BxWinLab.Base.BaseLabel - 控件库Debug模式已开启
2026-01-30 00:11:32.541 [JavaFX Application Thread] INFO  o.b.s.BxWinLab.Base.BaseLabel - 控件库Debug模式已开启
2026-01-30 00:11:32.542 [JavaFX Application Thread] INFO  o.b.s.BxWinLab.Base.BaseLabel - 控件库Debug模式已开启
2026-01-30 00:11:32.543 [JavaFX Application Thread] INFO  o.b.s.BxWinLab.Base.BaseLabel - 控件库Debug模式已开启
2026-01-30 00:11:32.543 [JavaFX Application Thread] INFO  o.b.s.BxWinLab.Base.BaseLabel - 控件库Debug模式已开启
2026-01-30 00:11:32.543 [JavaFX Application Thread] INFO  o.b.s.BxWinLab.Base.BaseLabel - 控件库Debug模式已开启
2026-01-30 00:11:32.543 [JavaFX Application Thread] INFO  o.b.s.BxWinLab.Base.BaseLabel - 控件库Debug模式已开启
2026-01-30 00:11:32.543 [JavaFX Application Thread] INFO  o.b.s.BxWinLab.Base.BaseLabel - 控件库Debug模式已开启
2026-01-30 00:11:32.543 [JavaFX Application Thread] INFO  o.b.s.BxWinLab.Base.BaseLabel - 控件库Debug模式已开启
2026-01-30 00:11:32.543 [JavaFX Application Thread] INFO  o.b.s.BxWinLab.Base.BaseLabel - 控件库Debug模式已开启
2026-01-30 00:11:32.543 [JavaFX Application Thread] INFO  o.b.s.BxWinLab.Base.BaseLabel - 控件库Debug模式已开启
2026-01-30 00:11:32.543 [JavaFX Application Thread] INFO  o.b.s.BxWinLab.Base.BaseLabel - 控件库Debug模式已开启
2026-01-30 00:11:32.543 [JavaFX Application Thread] INFO  o.b.s.BxWinLab.Base.BaseLabel - 控件库Debug模式已开启
2026-01-30 00:11:32.543 [JavaFX Application Thread] INFO  o.b.s.BxWinLab.Base.BaseLabel - 控件库Debug模式已开启
2026-01-30 00:11:32.544 [JavaFX Application Thread] INFO  o.b.s.BxWinLab.Base.BaseLabel - 控件库Debug模式已开启
2026-01-30 00:11:32.544 [JavaFX Application Thread] WARN  o.b.s.BxWinLab.Base.BaseLabel - 无法包裹元素(org.bxwbb.spigotplugincreatertool.BxWinLab.Stage@db0ff59,无法初始化值xChange & yChange) - 尝试包裹浮动体
2026-01-30 00:11:32.544 [JavaFX Application Thread] WARN  o.b.s.BxWinLab.Base.BaseLabel - 无法包裹元素(org.bxwbb.spigotplugincreatertool.BxWinLab.Stage@db0ff59,无法初始化值xChange & yChange) - 尝试包裹浮动体
2026-01-30 00:11:32.544 [JavaFX Application Thread] WARN  o.b.s.BxWinLab.Base.BaseLabel - 无法包裹元素(org.bxwbb.spigotplugincreatertool.BxWinLab.Stage@db0ff59,无法初始化值xChange & yChange) - 尝试包裹浮动体
2026-01-30 00:11:32.544 [JavaFX Application Thread] WARN  o.b.s.BxWinLab.Base.BaseLabel - 无法包裹元素(org.bxwbb.spigotplugincreatertool.BxWinLab.Stage@db0ff59,无法初始化值xChange & yChange) - 尝试包裹浮动体
2026-01-30 00:11:32.544 [JavaFX Application Thread] WARN  o.b.s.BxWinLab.Base.BaseLabel - 无法包裹元素(org.bxwbb.spigotplugincreatertool.BxWinLab.Stage@db0ff59,无法初始化值xChange & yChange) - 尝试包裹浮动体
2026-01-30 00:11:32.544 [JavaFX Application Thread] WARN  o.b.s.BxWinLab.Base.BaseLabel - 无法包裹元素(org.bxwbb.spigotplugincreatertool.BxWinLab.Stage@db0ff59,无法初始化值xChange & yChange) - 尝试包裹浮动体
2026-01-30 00:11:32.545 [JavaFX Application Thread] WARN  o.b.s.BxWinLab.Base.BaseLabel - 无法包裹元素(org.bxwbb.spigotplugincreatertool.BxWinLab.Stage@db0ff59,无法初始化值xChange & yChange) - 尝试包裹浮动体
2026-01-30 00:11:32.545 [JavaFX Application Thread] WARN  o.b.s.BxWinLab.Base.BaseLabel - 无法包裹元素(org.bxwbb.spigotplugincreatertool.BxWinLab.Stage@db0ff59,无法初始化值xChange & yChange) - 尝试包裹浮动体
2026-01-30 00:11:32.545 [JavaFX Application Thread] WARN  o.b.s.BxWinLab.Base.BaseLabel - 无法包裹元素(org.bxwbb.spigotplugincreatertool.BxWinLab.Stage@db0ff59,无法初始化值xChange & yChange) - 尝试包裹浮动体
2026-01-30 00:11:32.545 [JavaFX Application Thread] WARN  o.b.s.BxWinLab.Base.BaseLabel - 无法包裹元素(org.bxwbb.spigotplugincreatertool.BxWinLab.Stage@db0ff59,无法初始化值xChange & yChange) - 尝试包裹浮动体
2026-01-30 00:11:32.545 [JavaFX Application Thread] WARN  o.b.s.BxWinLab.Base.BaseLabel - 无法包裹元素(org.bxwbb.spigotplugincreatertool.BxWinLab.Stage@db0ff59,无法初始化值xChange & yChange) - 尝试包裹浮动体
2026-01-30 00:11:32.545 [JavaFX Application Thread] WARN  o.b.s.BxWinLab.Base.BaseLabel - 无法包裹元素(org.bxwbb.spigotplugincreatertool.BxWinLab.Stage@db0ff59,无法初始化值xChange & yChange) - 尝试包裹浮动体
2026-01-30 00:11:32.545 [JavaFX Application Thread] WARN  o.b.s.BxWinLab.Base.BaseLabel - 无法包裹元素(org.bxwbb.spigotplugincreatertool.BxWinLab.Stage@db0ff59,无法初始化值xChange & yChange) - 尝试包裹浮动体
2026-01-30 00:11:32.545 [JavaFX Application Thread] WARN  o.b.s.BxWinLab.Base.BaseLabel - 无法包裹元素(org.bxwbb.spigotplugincreatertool.BxWinLab.Stage@db0ff59,无法初始化值xChange & yChange) - 尝试包裹浮动体
2026-01-30 00:11:32.545 [JavaFX Application Thread] WARN  o.b.s.BxWinLab.Base.BaseLabel - 无法包裹元素(org.bxwbb.spigotplugincreatertool.BxWinLab.Stage@db0ff59,无法初始化值xChange & yChange) - 尝试包裹浮动体
2026-01-30 00:11:32.545 [JavaFX Application Thread] WARN  o.b.s.BxWinLab.Base.BaseLabel - 无法包裹元素(org.bxwbb.spigotplugincreatertool.BxWinLab.Stage@db0ff59,无法初始化值xChange & yChange) - 尝试包裹浮动体
2026-01-30 00:11:32.545 [JavaFX Application Thread] WARN  o.b.s.BxWinLab.Base.BaseLabel - 无法包裹元素(org.bxwbb.spigotplugincreatertool.BxWinLab.Stage@db0ff59,无法初始化值xChange & yChange) - 尝试包裹浮动体
2026-01-30 00:11:32.545 [JavaFX Application Thread] WARN  o.b.s.BxWinLab.Base.BaseLabel - 无法包裹元素(org.bxwbb.spigotplugincreatertool.BxWinLab.Stage@db0ff59,无法初始化值xChange & yChange) - 尝试包裹浮动体
2026-01-30 00:11:32.545 [JavaFX Application Thread] WARN  o.b.s.BxWinLab.Base.BaseLabel - 无法包裹元素(org.bxwbb.spigotplugincreatertool.BxWinLab.Stage@db0ff59,无法初始化值xChange & yChange) - 尝试包裹浮动体
2026-01-30 00:11:32.545 [JavaFX Application Thread] WARN  o.b.s.BxWinLab.Base.BaseLabel - 无法包裹元素(org.bxwbb.spigotplugincreatertool.BxWinLab.Stage@db0ff59,无法初始化值xChange & yChange) - 尝试包裹浮动体
2026-01-30 00:11:32.545 [JavaFX Application Thread] WARN  o.b.s.BxWinLab.Base.BaseLabel - 无法包裹元素(org.bxwbb.spigotplugincreatertool.BxWinLab.Stage@db0ff59,无法初始化值xChange & yChange) - 尝试包裹浮动体
2026-01-30 00:11:32.546 [JavaFX Application Thread] WARN  o.b.s.BxWinLab.Base.BaseLabel - 无法包裹元素(org.bxwbb.spigotplugincreatertool.BxWinLab.Stage@db0ff59,无法初始化值xChange & yChange) - 尝试包裹浮动体
2026-01-30 00:11:32.546 [JavaFX Application Thread] WARN  o.b.s.BxWinLab.Base.BaseLabel - 无法包裹元素(org.bxwbb.spigotplugincreatertool.BxWinLab.Stage@db0ff59,无法初始化值xChange & yChange) - 尝试包裹浮动体
2026-01-30 00:11:32.546 [JavaFX Application Thread] WARN  o.b.s.BxWinLab.Base.BaseLabel - 无法包裹元素(org.bxwbb.spigotplugincreatertool.BxWinLab.Stage@db0ff59,无法初始化值xChange & yChange) - 尝试包裹浮动体
2026-01-30 00:11:32.546 [JavaFX Application Thread] WARN  o.b.s.BxWinLab.Base.BaseLabel - 无法包裹元素(org.bxwbb.spigotplugincreatertool.BxWinLab.Stage@db0ff59,无法初始化值xChange & yChange) - 尝试包裹浮动体
2026-01-30 00:11:32.546 [JavaFX Application Thread] WARN  o.b.s.BxWinLab.Base.BaseLabel - 无法包裹元素(org.bxwbb.spigotplugincreatertool.BxWinLab.Stage@db0ff59,无法初始化值xChange & yChange) - 尝试包裹浮动体
2026-01-30 00:11:32.548 [JavaFX Application Thread] WARN  o.b.s.BxWinLab.Base.BaseLabel - 无法包裹元素(org.bxwbb.spigotplugincreatertool.BxWinLab.Stage@db0ff59,无法初始化值xChange & yChange) - 尝试包裹浮动体
2026-01-30 00:11:32.549 [JavaFX Application Thread] WARN  o.b.s.BxWinLab.Base.BaseLabel - 无法包裹元素(org.bxwbb.spigotplugincreatertool.BxWinLab.Stage@db0ff59,无法初始化值xChange & yChange) - 尝试包裹浮动体
2026-01-30 00:11:32.549 [JavaFX Application Thread] INFO  o.b.s.BxWinLab.Base.BaseLabel - 控件库Debug模式已开启
2026-01-30 00:11:32.550 [JavaFX Application Thread] INFO  o.b.s.Utils.FileUtil - 成功加载文件/org/bxwbb/spigotplugincreatertool/icon/Universal/NewProject.png
2026-01-30 00:11:32.551 [JavaFX Application Thread] INFO  o.b.s.BxWinLab.Base.BaseLabel - 控件库Debug模式已开启
2026-01-30 00:11:32.551 [JavaFX Application Thread] INFO  o.b.s.BxWinLab.Base.BaseLabel - 控件库Debug模式已开启
2026-01-30 00:11:32.551 [JavaFX Application Thread] INFO  o.b.s.BxWinLab.Base.BaseLabel - 控件库Debug模式已开启
2026-01-30 00:11:32.551 [JavaFX Application Thread] INFO  o.b.s.BxWinLab.Base.BaseLabel - 控件库Debug模式已开启
2026-01-30 00:11:32.552 [JavaFX Application Thread] INFO  o.b.s.BxWinLab.Base.BaseLabel - 控件库Debug模式已开启
2026-01-30 00:11:32.552 [JavaFX Application Thread] INFO  o.b.s.BxWinLab.Base.BaseLabel - 控件库Debug模式已开启
2026-01-30 00:11:32.552 [JavaFX Application Thread] INFO  o.b.s.BxWinLab.Base.BaseLabel - 控件库Debug模式已开启
2026-01-30 00:11:32.552 [JavaFX Application Thread] INFO  o.b.s.BxWinLab.Base.BaseLabel - 控件库Debug模式已开启
2026-01-30 00:11:32.552 [JavaFX Application Thread] INFO  o.b.s.BxWinLab.Base.BaseLabel - 控件库Debug模式已开启
2026-01-30 00:11:32.552 [JavaFX Application Thread] INFO  o.b.s.BxWinLab.Base.BaseLabel - 控件库Debug模式已开启
2026-01-30 00:11:32.552 [JavaFX Application Thread] INFO  o.b.s.BxWinLab.Base.BaseLabel - 控件库Debug模式已开启
2026-01-30 00:11:32.552 [JavaFX Application Thread] INFO  o.b.s.BxWinLab.Base.BaseLabel - 控件库Debug模式已开启
2026-01-30 00:11:32.552 [JavaFX Application Thread] INFO  o.b.s.BxWinLab.Base.BaseLabel - 控件库Debug模式已开启
2026-01-30 00:11:32.552 [JavaFX Application Thread] INFO  o.b.s.BxWinLab.Base.BaseLabel - 控件库Debug模式已开启
2026-01-30 00:11:32.552 [JavaFX Application Thread] INFO  o.b.s.BxWinLab.Base.BaseLabel - 控件库Debug模式已开启
2026-01-30 00:11:32.553 [JavaFX Application Thread] INFO  o.b.s.BxWinLab.Base.BaseLabel - 控件库Debug模式已开启
2026-01-30 00:11:32.599 [JavaFX Application Thread] WARN  o.b.s.BxWinLab.Base.BaseLabel - 无法包裹元素(org.bxwbb.spigotplugincreatertool.BxWinLab.Stage@db0ff59,无法初始化值xChange & yChange) - 尝试包裹浮动体
2026-01-30 00:11:32.599 [JavaFX Application Thread] WARN  o.b.s.BxWinLab.Base.BaseLabel - 无法包裹元素(org.bxwbb.spigotplugincreatertool.BxWinLab.Stage@db0ff59,无法初始化值xChange & yChange) - 尝试包裹浮动体
2026-01-30 00:11:32.599 [JavaFX Application Thread] WARN  o.b.s.BxWinLab.Base.BaseLabel - 无法包裹元素(org.bxwbb.spigotplugincreatertool.BxWinLab.Stage@db0ff59,无法初始化值xChange & yChange) - 尝试包裹浮动体
2026-01-30 00:11:32.599 [JavaFX Application Thread] WARN  o.b.s.BxWinLab.Base.BaseLabel - 无法包裹元素(org.bxwbb.spigotplugincreatertool.BxWinLab.Stage@db0ff59,无法初始化值xChange & yChange) - 尝试包裹浮动体
2026-01-30 00:11:32.599 [JavaFX Application Thread] WARN  o.b.s.BxWinLab.Base.BaseLabel - 无法包裹元素(org.bxwbb.spigotplugincreatertool.BxWinLab.Stage@db0ff59,无法初始化值xChange & yChange) - 尝试包裹浮动体
2026-01-30 00:11:32.599 [JavaFX Application Thread] WARN  o.b.s.BxWinLab.Base.BaseLabel - 无法包裹元素(org.bxwbb.spigotplugincreatertool.BxWinLab.Stage@db0ff59,无法初始化值xChange & yChange) - 尝试包裹浮动体
2026-01-30 00:11:32.645 [JavaFX Application Thread] WARN  o.b.s.BxWinLab.Base.BaseLabel - 无法包裹元素(org.bxwbb.spigotplugincreatertool.BxWinLab.Stage@db0ff59,无法初始化值xChange & yChange) - 尝试包裹浮动体
2026-01-30 00:11:32.646 [JavaFX Application Thread] WARN  o.b.s.BxWinLab.Base.BaseLabel - 无法包裹元素(org.bxwbb.spigotplugincreatertool.BxWinLab.Stage@db0ff59,无法初始化值xChange & yChange) - 尝试包裹浮动体
2026-01-30 00:11:32.646 [JavaFX Application Thread] WARN  o.b.s.BxWinLab.Base.BaseLabel - 无法包裹元素(org.bxwbb.spigotplugincreatertool.BxWinLab.Stage@db0ff59,无法初始化值xChange & yChange) - 尝试包裹浮动体
2026-01-30 00:11:32.646 [JavaFX Application Thread] WARN  o.b.s.BxWinLab.Base.BaseLabel - 无法包裹元素(org.bxwbb.spigotplugincreatertool.BxWinLab.Stage@db0ff59,无法初始化值xChange & yChange) - 尝试包裹浮动体
2026-01-30 00:11:32.646 [JavaFX Application Thread] WARN  o.b.s.BxWinLab.Base.BaseLabel - 无法包裹元素(org.bxwbb.spigotplugincreatertool.BxWinLab.Stage@db0ff59,无法初始化值xChange & yChange) - 尝试包裹浮动体
2026-01-30 00:11:32.646 [JavaFX Application Thread] WARN  o.b.s.BxWinLab.Base.BaseLabel - 无法包裹元素(org.bxwbb.spigotplugincreatertool.BxWinLab.Stage@db0ff59,无法初始化值xChange & yChange) - 尝试包裹浮动体
2026-01-30 00:11:32.700 [JavaFX Application Thread] WARN  o.b.s.BxWinLab.Base.BaseLabel - 无法包裹元素(org.bxwbb.spigotplugincreatertool.BxWinLab.Stage@db0ff59,无法初始化值xChange & yChange) - 尝试包裹浮动体
2026-01-30 00:11:32.700 [JavaFX Application Thread] WARN  o.b.s.BxWinLab.Base.BaseLabel - 无法包裹元素(org.bxwbb.spigotplugincreatertool.BxWinLab.Stage@db0ff59,无法初始化值xChange & yChange) - 尝试包裹浮动体
2026-01-30 00:11:32.700 [JavaFX Application Thread] WARN  o.b.s.BxWinLab.Base.BaseLabel - 无法包裹元素(org.bxwbb.spigotplugincreatertool.BxWinLab.Stage@db0ff59,无法初始化值xChange & yChange) - 尝试包裹浮动体
2026-01-30 00:11:32.700 [JavaFX Application Thread] WARN  o.b.s.BxWinLab.Base.BaseLabel - 无法包裹元素(org.bxwbb.spigotplugincreatertool.BxWinLab.Stage@db0ff59,无法初始化值xChange & yChange) - 尝试包裹浮动体
2026-01-30 00:11:32.700 [JavaFX Application Thread] WARN  o.b.s.BxWinLab.Base.BaseLabel - 无法包裹元素(org.bxwbb.spigotplugincreatertool.BxWinLab.Stage@db0ff59,无法初始化值xChange & yChange) - 尝试包裹浮动体
2026-01-30 00:11:32.700 [JavaFX Application Thread] WARN  o.b.s.BxWinLab.Base.BaseLabel - 无法包裹元素(org.bxwbb.spigotplugincreatertool.BxWinLab.Stage@db0ff59,无法初始化值xChange & yChange) - 尝试包裹浮动体
2026-01-30 00:11:32.714 [JavaFX Application Thread] WARN  o.b.s.BxWinLab.Base.BaseLabel - 无法包裹元素(org.bxwbb.spigotplugincreatertool.BxWinLab.Stage@db0ff59,无法初始化值xChange & yChange) - 尝试包裹浮动体
2026-01-30 00:11:32.714 [JavaFX Application Thread] WARN  o.b.s.BxWinLab.Base.BaseLabel - 无法包裹元素(org.bxwbb.spigotplugincreatertool.BxWinLab.Stage@db0ff59,无法初始化值xChange & yChange) - 尝试包裹浮动体
2026-01-30 00:11:32.714 [JavaFX Application Thread] WARN  o.b.s.BxWinLab.Base.BaseLabel - 无法包裹元素(org.bxwbb.spigotplugincreatertool.BxWinLab.Stage@db0ff59,无法初始化值xChange & yChange) - 尝试包裹浮动体
2026-01-30 00:11:32.714 [JavaFX Application Thread] WARN  o.b.s.BxWinLab.Base.BaseLabel - 无法包裹元素(org.bxwbb.spigotplugincreatertool.BxWinLab.Stage@db0ff59,无法初始化值xChange & yChange) - 尝试包裹浮动体
2026-01-30 00:11:32.714 [JavaFX Application Thread] WARN  o.b.s.BxWinLab.Base.BaseLabel - 无法包裹元素(org.bxwbb.spigotplugincreatertool.BxWinLab.Stage@db0ff59,无法初始化值xChange & yChange) - 尝试包裹浮动体
2026-01-30 00:11:32.714 [JavaFX Application Thread] WARN  o.b.s.BxWinLab.Base.BaseLabel - 无法包裹元素(org.bxwbb.spigotplugincreatertool.BxWinLab.Stage@db0ff59,无法初始化值xChange & yChange) - 尝试包裹浮动体
2026-01-30 00:11:32.760 [JavaFX Application Thread] WARN  o.b.s.BxWinLab.Base.BaseLabel - 无法包裹元素(org.bxwbb.spigotplugincreatertool.BxWinLab.Stage@db0ff59,无法初始化值xChange & yChange) - 尝试包裹浮动体
2026-01-30 00:11:32.760 [JavaFX Application Thread] WARN  o.b.s.BxWinLab.Base.BaseLabel - 无法包裹元素(org.bxwbb.spigotplugincreatertool.BxWinLab.Stage@db0ff59,无法初始化值xChange & yChange) - 尝试包裹浮动体
2026-01-30 00:11:32.760 [JavaFX Application Thread] WARN  o.b.s.BxWinLab.Base.BaseLabel - 无法包裹元素(org.bxwbb.spigotplugincreatertool.BxWinLab.Stage@db0ff59,无法初始化值xChange & yChange) - 尝试包裹浮动体
2026-01-30 00:11:32.760 [JavaFX Application Thread] WARN  o.b.s.BxWinLab.Base.BaseLabel - 无法包裹元素(org.bxwbb.spigotplugincreatertool.BxWinLab.Stage@db0ff59,无法初始化值xChange & yChange) - 尝试包裹浮动体
2026-01-30 00:11:32.760 [JavaFX Application Thread] WARN  o.b.s.BxWinLab.Base.BaseLabel - 无法包裹元素(org.bxwbb.spigotplugincreatertool.BxWinLab.Stage@db0ff59,无法初始化值xChange & yChange) - 尝试包裹浮动体
2026-01-30 00:11:32.760 [JavaFX Application Thread] WARN  o.b.s.BxWinLab.Base.BaseLabel - 无法包裹元素(org.bxwbb.spigotplugincreatertool.BxWinLab.Stage@db0ff59,无法初始化值xChange & yChange) - 尝试包裹浮动体
2026-01-30 00:11:32.773 [JavaFX Application Thread] WARN  o.b.s.BxWinLab.Base.BaseLabel - 无法包裹元素(org.bxwbb.spigotplugincreatertool.BxWinLab.Stage@db0ff59,无法初始化值xChange & yChange) - 尝试包裹浮动体
2026-01-30 00:11:32.773 [JavaFX Application Thread] WARN  o.b.s.BxWinLab.Base.BaseLabel - 无法包裹元素(org.bxwbb.spigotplugincreatertool.BxWinLab.Stage@db0ff59,无法初始化值xChange & yChange) - 尝试包裹浮动体
2026-01-30 00:11:32.774 [JavaFX Application Thread] WARN  o.b.s.BxWinLab.Base.BaseLabel - 无法包裹元素(org.bxwbb.spigotplugincreatertool.BxWinLab.Stage@db0ff59,无法初始化值xChange & yChange) - 尝试包裹浮动体
2026-01-30 00:11:32.774 [JavaFX Application Thread] WARN  o.b.s.BxWinLab.Base.BaseLabel - 无法包裹元素(org.bxwbb.spigotplugincreatertool.BxWinLab.Stage@db0ff59,无法初始化值xChange & yChange) - 尝试包裹浮动体
2026-01-30 00:11:32.774 [JavaFX Application Thread] WARN  o.b.s.BxWinLab.Base.BaseLabel - 无法包裹元素(org.bxwbb.spigotplugincreatertool.BxWinLab.Stage@db0ff59,无法初始化值xChange & yChange) - 尝试包裹浮动体
2026-01-30 00:11:32.774 [JavaFX Application Thread] WARN  o.b.s.BxWinLab.Base.BaseLabel - 无法包裹元素(org.bxwbb.spigotplugincreatertool.BxWinLab.Stage@db0ff59,无法初始化值xChange & yChange) - 尝试包裹浮动体
2026-01-30 00:11:36.310 [JavaFX Application Thread] INFO  o.b.s.HelloApplication - 执行停止...
2026-01-30 00:11:43.010 [JavaFX-Launcher] INFO  o.b.s.HelloApplication - 执行初始化...
2026-01-30 00:11:43.015 [JavaFX Application Thread] INFO  o.b.s.HelloApplication - 工具开始启动并加载...
2026-01-30 00:11:43.056 [JavaFX Application Thread] INFO  o.b.s.Utils.FileUtil - 成功加载文件/org/bxwbb/spigotplugincreatertool/icon/icon.png
2026-01-30 00:11:43.236 [JavaFX Application Thread] INFO  o.b.s.Utils.FileUtil - 成功加载文件/org/bxwbb/spigotplugincreatertool/icon/Universal/OpenFolder.png
2026-01-30 00:11:43.245 [JavaFX Application Thread] INFO  o.b.s.Utils.FileUtil - 成功加载文件/org/bxwbb/spigotplugincreatertool/icon/Universal/NewProject.png
2026-01-30 00:11:43.248 [JavaFX Application Thread] INFO  o.b.s.Utils.FileUtil - 成功加载文件/org/bxwbb/spigotplugincreatertool/icon/Universal/Setting.png
2026-01-30 00:11:43.252 [JavaFX Application Thread] INFO  o.b.s.Utils.FileUtil - 成功加载文件/org/bxwbb/spigotplugincreatertool/icon/Universal/Learn.png
2026-01-30 00:11:43.255 [JavaFX Application Thread] INFO  o.b.s.Utils.FileUtil - 成功加载文件/org/bxwbb/spigotplugincreatertool/icon/Universal/Quit.png
2026-01-30 00:11:43.364 [JavaFX Application Thread] INFO  o.b.s.Utils.FileUtil - 成功加载文件/org/bxwbb/spigotplugincreatertool/icon/Universal/NewProject.png
2026-01-30 00:11:43.371 [JavaFX Application Thread] WARN  o.b.s.BxWinLab.Base.BaseLabel - 无法包裹元素(org.bxwbb.spigotplugincreatertool.BxWinLab.Stage@7ee6cc3a,无法初始化值xChange & yChange) - 尝试包裹浮动体
2026-01-30 00:11:43.371 [JavaFX Application Thread] WARN  o.b.s.BxWinLab.Base.BaseLabel - 无法包裹元素(org.bxwbb.spigotplugincreatertool.BxWinLab.Stage@7ee6cc3a,无法初始化值xChange & yChange) - 尝试包裹浮动体
2026-01-30 00:11:43.371 [JavaFX Application Thread] WARN  o.b.s.BxWinLab.Base.BaseLabel - 无法包裹元素(org.bxwbb.spigotplugincreatertool.BxWinLab.Stage@7ee6cc3a,无法初始化值xChange & yChange) - 尝试包裹浮动体
2026-01-30 00:11:43.372 [JavaFX Application Thread] WARN  o.b.s.BxWinLab.Base.BaseLabel - 无法包裹元素(org.bxwbb.spigotplugincreatertool.BxWinLab.Stage@7ee6cc3a,无法初始化值xChange & yChange) - 尝试包裹浮动体
2026-01-30 00:11:43.372 [JavaFX Application Thread] WARN  o.b.s.BxWinLab.Base.BaseLabel - 无法包裹元素(org.bxwbb.spigotplugincreatertool.BxWinLab.Stage@7ee6cc3a,无法初始化值xChange & yChange) - 尝试包裹浮动体
2026-01-30 00:11:43.372 [JavaFX Application Thread] WARN  o.b.s.BxWinLab.Base.BaseLabel - 无法包裹元素(org.bxwbb.spigotplugincreatertool.BxWinLab.Stage@7ee6cc3a,无法初始化值xChange & yChange) - 尝试包裹浮动体
2026-01-30 00:11:43.372 [JavaFX Application Thread] WARN  o.b.s.BxWinLab.Base.BaseLabel - 无法包裹元素(org.bxwbb.spigotplugincreatertool.BxWinLab.Stage@7ee6cc3a,无法初始化值xChange & yChange) - 尝试包裹浮动体
2026-01-30 00:11:43.372 [JavaFX Application Thread] WARN  o.b.s.BxWinLab.Base.BaseLabel - 无法包裹元素(org.bxwbb.spigotplugincreatertool.BxWinLab.Stage@7ee6cc3a,无法初始化值xChange & yChange) - 尝试包裹浮动体
2026-01-30 00:11:43.372 [JavaFX Application Thread] WARN  o.b.s.BxWinLab.Base.BaseLabel - 无法包裹元素(org.bxwbb.spigotplugincreatertool.BxWinLab.Stage@7ee6cc3a,无法初始化值xChange & yChange) - 尝试包裹浮动体
2026-01-30 00:11:43.372 [JavaFX Application Thread] WARN  o.b.s.BxWinLab.Base.BaseLabel - 无法包裹元素(org.bxwbb.spigotplugincreatertool.BxWinLab.Stage@7ee6cc3a,无法初始化值xChange & yChange) - 尝试包裹浮动体
2026-01-30 00:11:43.372 [JavaFX Application Thread] WARN  o.b.s.BxWinLab.Base.BaseLabel - 无法包裹元素(org.bxwbb.spigotplugincreatertool.BxWinLab.Stage@7ee6cc3a,无法初始化值xChange & yChange) - 尝试包裹浮动体
2026-01-30 00:11:43.372 [JavaFX Application Thread] WARN  o.b.s.BxWinLab.Base.BaseLabel - 无法包裹元素(org.bxwbb.spigotplugincreatertool.BxWinLab.Stage@7ee6cc3a,无法初始化值xChange & yChange) - 尝试包裹浮动体
2026-01-30 00:11:43.372 [JavaFX Application Thread] WARN  o.b.s.BxWinLab.Base.BaseLabel - 无法包裹元素(org.bxwbb.spigotplugincreatertool.BxWinLab.Stage@7ee6cc3a,无法初始化值xChange & yChange) - 尝试包裹浮动体
2026-01-30 00:11:43.372 [JavaFX Application Thread] WARN  o.b.s.BxWinLab.Base.BaseLabel - 无法包裹元素(org.bxwbb.spigotplugincreatertool.BxWinLab.Stage@7ee6cc3a,无法初始化值xChange & yChange) - 尝试包裹浮动体
2026-01-30 00:11:43.372 [JavaFX Application Thread] WARN  o.b.s.BxWinLab.Base.BaseLabel - 无法包裹元素(org.bxwbb.spigotplugincreatertool.BxWinLab.Stage@7ee6cc3a,无法初始化值xChange & yChange) - 尝试包裹浮动体
2026-01-30 00:11:43.372 [JavaFX Application Thread] WARN  o.b.s.BxWinLab.Base.BaseLabel - 无法包裹元素(org.bxwbb.spigotplugincreatertool.BxWinLab.Stage@7ee6cc3a,无法初始化值xChange & yChange) - 尝试包裹浮动体
2026-01-30 00:11:43.372 [JavaFX Application Thread] WARN  o.b.s.BxWinLab.Base.BaseLabel - 无法包裹元素(org.bxwbb.spigotplugincreatertool.BxWinLab.Stage@7ee6cc3a,无法初始化值xChange & yChange) - 尝试包裹浮动体
2026-01-30 00:11:43.373 [JavaFX Application Thread] WARN  o.b.s.BxWinLab.Base.BaseLabel - 无法包裹元素(org.bxwbb.spigotplugincreatertool.BxWinLab.Stage@7ee6cc3a,无法初始化值xChange & yChange) - 尝试包裹浮动体
2026-01-30 00:11:43.373 [JavaFX Application Thread] WARN  o.b.s.BxWinLab.Base.BaseLabel - 无法包裹元素(org.bxwbb.spigotplugincreatertool.BxWinLab.Stage@7ee6cc3a,无法初始化值xChange & yChange) - 尝试包裹浮动体
2026-01-30 00:11:43.373 [JavaFX Application Thread] WARN  o.b.s.BxWinLab.Base.BaseLabel - 无法包裹元素(org.bxwbb.spigotplugincreatertool.BxWinLab.Stage@7ee6cc3a,无法初始化值xChange & yChange) - 尝试包裹浮动体
2026-01-30 00:11:43.373 [JavaFX Application Thread] WARN  o.b.s.BxWinLab.Base.BaseLabel - 无法包裹元素(org.bxwbb.spigotplugincreatertool.BxWinLab.Stage@7ee6cc3a,无法初始化值xChange & yChange) - 尝试包裹浮动体
2026-01-30 00:11:43.373 [JavaFX Application Thread] WARN  o.b.s.BxWinLab.Base.BaseLabel - 无法包裹元素(org.bxwbb.spigotplugincreatertool.BxWinLab.Stage@7ee6cc3a,无法初始化值xChange & yChange) - 尝试包裹浮动体
2026-01-30 00:11:43.373 [JavaFX Application Thread] WARN  o.b.s.BxWinLab.Base.BaseLabel - 无法包裹元素(org.bxwbb.spigotplugincreatertool.BxWinLab.Stage@7ee6cc3a,无法初始化值xChange & yChange) - 尝试包裹浮动体
2026-01-30 00:11:43.373 [JavaFX Application Thread] WARN  o.b.s.BxWinLab.Base.BaseLabel - 无法包裹元素(org.bxwbb.spigotplugincreatertool.BxWinLab.Stage@7ee6cc3a,无法初始化值xChange & yChange) - 尝试包裹浮动体
2026-01-30 00:11:43.373 [JavaFX Application Thread] WARN  o.b.s.BxWinLab.Base.BaseLabel - 无法包裹元素(org.bxwbb.spigotplugincreatertool.BxWinLab.Stage@7ee6cc3a,无法初始化值xChange & yChange) - 尝试包裹浮动体
2026-01-30 00:11:43.373 [JavaFX Application Thread] WARN  o.b.s.BxWinLab.Base.BaseLabel - 无法包裹元素(org.bxwbb.spigotplugincreatertool.BxWinLab.Stage@7ee6cc3a,无法初始化值xChange & yChange) - 尝试包裹浮动体
2026-01-30 00:11:43.373 [JavaFX Application Thread] WARN  o.b.s.BxWinLab.Base.BaseLabel - 无法包裹元素(org.bxwbb.spigotplugincreatertool.BxWinLab.Stage@7ee6cc3a,无法初始化值xChange & yChange) - 尝试包裹浮动体
2026-01-30 00:11:43.373 [JavaFX Application Thread] WARN  o.b.s.BxWinLab.Base.BaseLabel - 无法包裹元素(org.bxwbb.spigotplugincreatertool.BxWinLab.Stage@7ee6cc3a,无法初始化值xChange & yChange) - 尝试包裹浮动体
2026-01-30 00:11:43.374 [JavaFX Application Thread] INFO  o.b.s.Utils.FileUtil - 成功加载文件/org/bxwbb/spigotplugincreatertool/icon/Universal/NewProject.png
2026-01-30 00:11:43.413 [JavaFX Application Thread] WARN  o.b.s.BxWinLab.Base.BaseLabel - 无法包裹元素(org.bxwbb.spigotplugincreatertool.BxWinLab.Stage@7ee6cc3a,无法初始化值xChange & yChange) - 尝试包裹浮动体
2026-01-30 00:11:43.413 [JavaFX Application Thread] WARN  o.b.s.BxWinLab.Base.BaseLabel - 无法包裹元素(org.bxwbb.spigotplugincreatertool.BxWinLab.Stage@7ee6cc3a,无法初始化值xChange & yChange) - 尝试包裹浮动体
2026-01-30 00:11:43.413 [JavaFX Application Thread] WARN  o.b.s.BxWinLab.Base.BaseLabel - 无法包裹元素(org.bxwbb.spigotplugincreatertool.BxWinLab.Stage@7ee6cc3a,无法初始化值xChange & yChange) - 尝试包裹浮动体
2026-01-30 00:11:43.413 [JavaFX Application Thread] WARN  o.b.s.BxWinLab.Base.BaseLabel - 无法包裹元素(org.bxwbb.spigotplugincreatertool.BxWinLab.Stage@7ee6cc3a,无法初始化值xChange & yChange) - 尝试包裹浮动体
2026-01-30 00:11:43.413 [JavaFX Application Thread] WARN  o.b.s.BxWinLab.Base.BaseLabel - 无法包裹元素(org.bxwbb.spigotplugincreatertool.BxWinLab.Stage@7ee6cc3a,无法初始化值xChange & yChange) - 尝试包裹浮动体
2026-01-30 00:11:43.413 [JavaFX Application Thread] WARN  o.b.s.BxWinLab.Base.BaseLabel - 无法包裹元素(org.bxwbb.spigotplugincreatertool.BxWinLab.Stage@7ee6cc3a,无法初始化值xChange & yChange) - 尝试包裹浮动体
2026-01-30 00:11:43.452 [JavaFX Application Thread] WARN  o.b.s.BxWinLab.Base.BaseLabel - 无法包裹元素(org.bxwbb.spigotplugincreatertool.BxWinLab.Stage@7ee6cc3a,无法初始化值xChange & yChange) - 尝试包裹浮动体
2026-01-30 00:11:43.453 [JavaFX Application Thread] WARN  o.b.s.BxWinLab.Base.BaseLabel - 无法包裹元素(org.bxwbb.spigotplugincreatertool.BxWinLab.Stage@7ee6cc3a,无法初始化值xChange & yChange) - 尝试包裹浮动体
2026-01-30 00:11:43.453 [JavaFX Application Thread] WARN  o.b.s.BxWinLab.Base.BaseLabel - 无法包裹元素(org.bxwbb.spigotplugincreatertool.BxWinLab.Stage@7ee6cc3a,无法初始化值xChange & yChange) - 尝试包裹浮动体
2026-01-30 00:11:43.453 [JavaFX Application Thread] WARN  o.b.s.BxWinLab.Base.BaseLabel - 无法包裹元素(org.bxwbb.spigotplugincreatertool.BxWinLab.Stage@7ee6cc3a,无法初始化值xChange & yChange) - 尝试包裹浮动体
2026-01-30 00:11:43.453 [JavaFX Application Thread] WARN  o.b.s.BxWinLab.Base.BaseLabel - 无法包裹元素(org.bxwbb.spigotplugincreatertool.BxWinLab.Stage@7ee6cc3a,无法初始化值xChange & yChange) - 尝试包裹浮动体
2026-01-30 00:11:43.453 [JavaFX Application Thread] WARN  o.b.s.BxWinLab.Base.BaseLabel - 无法包裹元素(org.bxwbb.spigotplugincreatertool.BxWinLab.Stage@7ee6cc3a,无法初始化值xChange & yChange) - 尝试包裹浮动体
2026-01-30 00:11:43.499 [JavaFX Application Thread] WARN  o.b.s.BxWinLab.Base.BaseLabel - 无法包裹元素(org.bxwbb.spigotplugincreatertool.BxWinLab.Stage@7ee6cc3a,无法初始化值xChange & yChange) - 尝试包裹浮动体
2026-01-30 00:11:43.500 [JavaFX Application Thread] WARN  o.b.s.BxWinLab.Base.BaseLabel - 无法包裹元素(org.bxwbb.spigotplugincreatertool.BxWinLab.Stage@7ee6cc3a,无法初始化值xChange & yChange) - 尝试包裹浮动体
2026-01-30 00:11:43.500 [JavaFX Application Thread] WARN  o.b.s.BxWinLab.Base.BaseLabel - 无法包裹元素(org.bxwbb.spigotplugincreatertool.BxWinLab.Stage@7ee6cc3a,无法初始化值xChange & yChange) - 尝试包裹浮动体
2026-01-30 00:11:43.500 [JavaFX Application Thread] WARN  o.b.s.BxWinLab.Base.BaseLabel - 无法包裹元素(org.bxwbb.spigotplugincreatertool.BxWinLab.Stage@7ee6cc3a,无法初始化值xChange & yChange) - 尝试包裹浮动体
2026-01-30 00:11:43.500 [JavaFX Application Thread] WARN  o.b.s.BxWinLab.Base.BaseLabel - 无法包裹元素(org.bxwbb.spigotplugincreatertool.BxWinLab.Stage@7ee6cc3a,无法初始化值xChange & yChange) - 尝试包裹浮动体
2026-01-30 00:11:43.500 [JavaFX Application Thread] WARN  o.b.s.BxWinLab.Base.BaseLabel - 无法包裹元素(org.bxwbb.spigotplugincreatertool.BxWinLab.Stage@7ee6cc3a,无法初始化值xChange & yChange) - 尝试包裹浮动体
2026-01-30 00:11:43.515 [JavaFX Application Thread] WARN  o.b.s.BxWinLab.Base.BaseLabel - 无法包裹元素(org.bxwbb.spigotplugincreatertool.BxWinLab.Stage@7ee6cc3a,无法初始化值xChange & yChange) - 尝试包裹浮动体
2026-01-30 00:11:43.516 [JavaFX Application Thread] WARN  o.b.s.BxWinLab.Base.BaseLabel - 无法包裹元素(org.bxwbb.spigotplugincreatertool.BxWinLab.Stage@7ee6cc3a,无法初始化值xChange & yChange) - 尝试包裹浮动体
2026-01-30 00:11:43.516 [JavaFX Application Thread] WARN  o.b.s.BxWinLab.Base.BaseLabel - 无法包裹元素(org.bxwbb.spigotplugincreatertool.BxWinLab.Stage@7ee6cc3a,无法初始化值xChange & yChange) - 尝试包裹浮动体
2026-01-30 00:11:43.516 [JavaFX Application Thread] WARN  o.b.s.BxWinLab.Base.BaseLabel - 无法包裹元素(org.bxwbb.spigotplugincreatertool.BxWinLab.Stage@7ee6cc3a,无法初始化值xChange & yChange) - 尝试包裹浮动体
2026-01-30 00:11:43.516 [JavaFX Application Thread] WARN  o.b.s.BxWinLab.Base.BaseLabel - 无法包裹元素(org.bxwbb.spigotplugincreatertool.BxWinLab.Stage@7ee6cc3a,无法初始化值xChange & yChange) - 尝试包裹浮动体
2026-01-30 00:11:43.516 [JavaFX Application Thread] WARN  o.b.s.BxWinLab.Base.BaseLabel - 无法包裹元素(org.bxwbb.spigotplugincreatertool.BxWinLab.Stage@7ee6cc3a,无法初始化值xChange & yChange) - 尝试包裹浮动体
2026-01-30 00:11:43.556 [JavaFX Application Thread] WARN  o.b.s.BxWinLab.Base.BaseLabel - 无法包裹元素(org.bxwbb.spigotplugincreatertool.BxWinLab.Stage@7ee6cc3a,无法初始化值xChange & yChange) - 尝试包裹浮动体
2026-01-30 00:11:43.556 [JavaFX Application Thread] WARN  o.b.s.BxWinLab.Base.BaseLabel - 无法包裹元素(org.bxwbb.spigotplugincreatertool.BxWinLab.Stage@7ee6cc3a,无法初始化值xChange & yChange) - 尝试包裹浮动体
2026-01-30 00:11:43.556 [JavaFX Application Thread] WARN  o.b.s.BxWinLab.Base.BaseLabel - 无法包裹元素(org.bxwbb.spigotplugincreatertool.BxWinLab.Stage@7ee6cc3a,无法初始化值xChange & yChange) - 尝试包裹浮动体
2026-01-30 00:11:43.556 [JavaFX Application Thread] WARN  o.b.s.BxWinLab.Base.BaseLabel - 无法包裹元素(org.bxwbb.spigotplugincreatertool.BxWinLab.Stage@7ee6cc3a,无法初始化值xChange & yChange) - 尝试包裹浮动体
2026-01-30 00:11:43.556 [JavaFX Application Thread] WARN  o.b.s.BxWinLab.Base.BaseLabel - 无法包裹元素(org.bxwbb.spigotplugincreatertool.BxWinLab.Stage@7ee6cc3a,无法初始化值xChange & yChange) - 尝试包裹浮动体
2026-01-30 00:11:43.556 [JavaFX Application Thread] WARN  o.b.s.BxWinLab.Base.BaseLabel - 无法包裹元素(org.bxwbb.spigotplugincreatertool.BxWinLab.Stage@7ee6cc3a,无法初始化值xChange & yChange) - 尝试包裹浮动体
2026-01-30 00:11:43.568 [JavaFX Application Thread] WARN  o.b.s.BxWinLab.Base.BaseLabel - 无法包裹元素(org.bxwbb.spigotplugincreatertool.BxWinLab.Stage@7ee6cc3a,无法初始化值xChange & yChange) - 尝试包裹浮动体
2026-01-30 00:11:43.568 [JavaFX Application Thread] WARN  o.b.s.BxWinLab.Base.BaseLabel - 无法包裹元素(org.bxwbb.spigotplugincreatertool.BxWinLab.Stage@7ee6cc3a,无法初始化值xChange & yChange) - 尝试包裹浮动体
2026-01-30 00:11:43.568 [JavaFX Application Thread] WARN  o.b.s.BxWinLab.Base.BaseLabel - 无法包裹元素(org.bxwbb.spigotplugincreatertool.BxWinLab.Stage@7ee6cc3a,无法初始化值xChange & yChange) - 尝试包裹浮动体
2026-01-30 00:11:43.568 [JavaFX Application Thread] WARN  o.b.s.BxWinLab.Base.BaseLabel - 无法包裹元素(org.bxwbb.spigotplugincreatertool.BxWinLab.Stage@7ee6cc3a,无法初始化值xChange & yChange) - 尝试包裹浮动体
2026-01-30 00:11:43.568 [JavaFX Application Thread] WARN  o.b.s.BxWinLab.Base.BaseLabel - 无法包裹元素(org.bxwbb.spigotplugincreatertool.BxWinLab.Stage@7ee6cc3a,无法初始化值xChange & yChange) - 尝试包裹浮动体
2026-01-30 00:11:43.568 [JavaFX Application Thread] WARN  o.b.s.BxWinLab.Base.BaseLabel - 无法包裹元素(org.bxwbb.spigotplugincreatertool.BxWinLab.Stage@7ee6cc3a,无法初始化值xChange & yChange) - 尝试包裹浮动体
2026-01-30 00:11:59.170 [JavaFX Application Thread] WARN  o.b.s.BxWinLab.Base.BaseLabel - 无法包裹元素(org.bxwbb.spigotplugincreatertool.BxWinLab.Stage@7ee6cc3a,无法初始化值xChange & yChange) - 尝试包裹浮动体
2026-01-30 00:12:00.354 [JavaFX Application Thread] WARN  o.b.s.BxWinLab.Base.BaseLabel - 无法包裹元素(org.bxwbb.spigotplugincreatertool.BxWinLab.Stage@7ee6cc3a,无法初始化值xChange & yChange) - 尝试包裹浮动体
2026-01-30 00:12:00.820 [JavaFX Application Thread] WARN  o.b.s.BxWinLab.Base.BaseLabel - 无法包裹元素(org.bxwbb.spigotplugincreatertool.BxWinLab.Stage@7ee6cc3a,无法初始化值xChange & yChange) - 尝试包裹浮动体
2026-01-30 00:12:01.073 [JavaFX Application Thread] INFO  o.b.s.BxWinLab.Base.BaseLabel - 控件焦点改变至 - org.bxwbb.spigotplugincreatertool.BxWinLab.SwitchBox@683d2bb9
2026-01-30 00:12:01.227 [JavaFX Application Thread] WARN  o.b.s.BxWinLab.Base.BaseLabel - 无法包裹元素(org.bxwbb.spigotplugincreatertool.BxWinLab.Stage@7ee6cc3a,无法初始化值xChange & yChange) - 尝试包裹浮动体
2026-01-30 00:12:01.570 [JavaFX Application Thread] WARN  o.b.s.BxWinLab.Base.BaseLabel - 无法包裹元素(org.bxwbb.spigotplugincreatertool.BxWinLab.Stage@7ee6cc3a,无法初始化值xChange & yChange) - 尝试包裹浮动体
2026-01-30 00:12:06.295 [JavaFX Application Thread] WARN  o.b.s.BxWinLab.Base.BaseLabel - 无法包裹元素(org.bxwbb.spigotplugincreatertool.BxWinLab.Stage@7ee6cc3a,无法初始化值xChange & yChange) - 尝试包裹浮动体
2026-01-30 00:12:09.881 [JavaFX Application Thread] WARN  o.b.s.BxWinLab.Base.BaseLabel - 无法包裹元素(org.bxwbb.spigotplugincreatertool.BxWinLab.Stage@7ee6cc3a,无法初始化值xChange & yChange) - 尝试包裹浮动体
2026-01-30 00:14:27.428 [JavaFX-Launcher] INFO  o.b.s.HelloApplication - 执行初始化...
2026-01-30 00:14:27.434 [JavaFX Application Thread] INFO  o.b.s.HelloApplication - 工具开始启动并加载...
2026-01-30 00:14:27.483 [JavaFX Application Thread] INFO  o.b.s.Utils.FileUtil - 成功加载文件/org/bxwbb/spigotplugincreatertool/icon/icon.png
2026-01-30 00:14:27.671 [JavaFX Application Thread] INFO  o.b.s.Utils.FileUtil - 成功加载文件/org/bxwbb/spigotplugincreatertool/icon/Universal/OpenFolder.png
2026-01-30 00:14:27.681 [JavaFX Application Thread] INFO  o.b.s.Utils.FileUtil - 成功加载文件/org/bxwbb/spigotplugincreatertool/icon/Universal/NewProject.png
2026-01-30 00:14:27.687 [JavaFX Application Thread] INFO  o.b.s.Utils.FileUtil - 成功加载文件/org/bxwbb/spigotplugincreatertool/icon/Universal/Setting.png
2026-01-30 00:14:27.691 [JavaFX Application Thread] INFO  o.b.s.Utils.FileUtil - 成功加载文件/org/bxwbb/spigotplugincreatertool/icon/Universal/Learn.png
2026-01-30 00:14:27.694 [JavaFX Application Thread] INFO  o.b.s.Utils.FileUtil - 成功加载文件/org/bxwbb/spigotplugincreatertool/icon/Universal/Quit.png
2026-01-30 00:14:27.804 [JavaFX Application Thread] INFO  o.b.s.Utils.FileUtil - 成功加载文件/org/bxwbb/spigotplugincreatertool/icon/Universal/NewProject.png
2026-01-30 00:17:49.192 [JavaFX Application Thread] WARN  o.b.s.BxWinLab.Base.BaseLabel - 无法包裹元素(org.bxwbb.spigotplugincreatertool.BxWinLab.Stage@54541558,无法初始化值xChange & yChange) - 尝试包裹浮动体
2026-01-30 00:17:49.192 [JavaFX Application Thread] WARN  o.b.s.BxWinLab.Base.BaseLabel - 无法包裹元素(org.bxwbb.spigotplugincreatertool.BxWinLab.Stage@54541558,无法初始化值xChange & yChange) - 尝试包裹浮动体
2026-01-30 00:17:49.192 [JavaFX Application Thread] WARN  o.b.s.BxWinLab.Base.BaseLabel - 无法包裹元素(org.bxwbb.spigotplugincreatertool.BxWinLab.Stage@54541558,无法初始化值xChange & yChange) - 尝试包裹浮动体
2026-01-30 00:17:49.192 [JavaFX Application Thread] WARN  o.b.s.BxWinLab.Base.BaseLabel - 无法包裹元素(org.bxwbb.spigotplugincreatertool.BxWinLab.Stage@54541558,无法初始化值xChange & yChange) - 尝试包裹浮动体
2026-01-30 00:17:49.192 [JavaFX Application Thread] WARN  o.b.s.BxWinLab.Base.BaseLabel - 无法包裹元素(org.bxwbb.spigotplugincreatertool.BxWinLab.Stage@54541558,无法初始化值xChange & yChange) - 尝试包裹浮动体
2026-01-30 00:17:49.193 [JavaFX Application Thread] WARN  o.b.s.BxWinLab.Base.BaseLabel - 无法包裹元素(org.bxwbb.spigotplugincreatertool.BxWinLab.Stage@54541558,无法初始化值xChange & yChange) - 尝试包裹浮动体
2026-01-30 00:17:49.193 [JavaFX Application Thread] WARN  o.b.s.BxWinLab.Base.BaseLabel - 无法包裹元素(org.bxwbb.spigotplugincreatertool.BxWinLab.Stage@54541558,无法初始化值xChange & yChange) - 尝试包裹浮动体
2026-01-30 00:17:49.193 [JavaFX Application Thread] WARN  o.b.s.BxWinLab.Base.BaseLabel - 无法包裹元素(org.bxwbb.spigotplugincreatertool.BxWinLab.Stage@54541558,无法初始化值xChange & yChange) - 尝试包裹浮动体
2026-01-30 00:17:49.193 [JavaFX Application Thread] WARN  o.b.s.BxWinLab.Base.BaseLabel - 无法包裹元素(org.bxwbb.spigotplugincreatertool.BxWinLab.Stage@54541558,无法初始化值xChange & yChange) - 尝试包裹浮动体
2026-01-30 00:17:49.193 [JavaFX Application Thread] WARN  o.b.s.BxWinLab.Base.BaseLabel - 无法包裹元素(org.bxwbb.spigotplugincreatertool.BxWinLab.Stage@54541558,无法初始化值xChange & yChange) - 尝试包裹浮动体
2026-01-30 00:17:49.193 [JavaFX Application Thread] WARN  o.b.s.BxWinLab.Base.BaseLabel - 无法包裹元素(org.bxwbb.spigotplugincreatertool.BxWinLab.Stage@54541558,无法初始化值xChange & yChange) - 尝试包裹浮动体
2026-01-30 00:17:49.193 [JavaFX Application Thread] WARN  o.b.s.BxWinLab.Base.BaseLabel - 无法包裹元素(org.bxwbb.spigotplugincreatertool.BxWinLab.Stage@54541558,无法初始化值xChange & yChange) - 尝试包裹浮动体
2026-01-30 00:17:49.193 [JavaFX Application Thread] WARN  o.b.s.BxWinLab.Base.BaseLabel - 无法包裹元素(org.bxwbb.spigotplugincreatertool.BxWinLab.Stage@54541558,无法初始化值xChange & yChange) - 尝试包裹浮动体
2026-01-30 00:17:49.193 [JavaFX Application Thread] WARN  o.b.s.BxWinLab.Base.BaseLabel - 无法包裹元素(org.bxwbb.spigotplugincreatertool.BxWinLab.Stage@54541558,无法初始化值xChange & yChange) - 尝试包裹浮动体
2026-01-30 00:17:49.194 [JavaFX Application Thread] WARN  o.b.s.BxWinLab.Base.BaseLabel - 无法包裹元素(org.bxwbb.spigotplugincreatertool.BxWinLab.Stage@54541558,无法初始化值xChange & yChange) - 尝试包裹浮动体
2026-01-30 00:17:49.194 [JavaFX Application Thread] WARN  o.b.s.BxWinLab.Base.BaseLabel - 无法包裹元素(org.bxwbb.spigotplugincreatertool.BxWinLab.Stage@54541558,无法初始化值xChange & yChange) - 尝试包裹浮动体
2026-01-30 00:17:49.194 [JavaFX Application Thread] WARN  o.b.s.BxWinLab.Base.BaseLabel - 无法包裹元素(org.bxwbb.spigotplugincreatertool.BxWinLab.Stage@54541558,无法初始化值xChange & yChange) - 尝试包裹浮动体
2026-01-30 00:17:49.194 [JavaFX Application Thread] WARN  o.b.s.BxWinLab.Base.BaseLabel - 无法包裹元素(org.bxwbb.spigotplugincreatertool.BxWinLab.Stage@54541558,无法初始化值xChange & yChange) - 尝试包裹浮动体
2026-01-30 00:17:49.194 [JavaFX Application Thread] WARN  o.b.s.BxWinLab.Base.BaseLabel - 无法包裹元素(org.bxwbb.spigotplugincreatertool.BxWinLab.Stage@54541558,无法初始化值xChange & yChange) - 尝试包裹浮动体
2026-01-30 00:17:49.194 [JavaFX Application Thread] WARN  o.b.s.BxWinLab.Base.BaseLabel - 无法包裹元素(org.bxwbb.spigotplugincreatertool.BxWinLab.Stage@54541558,无法初始化值xChange & yChange) - 尝试包裹浮动体
2026-01-30 00:17:49.194 [JavaFX Application Thread] WARN  o.b.s.BxWinLab.Base.BaseLabel - 无法包裹元素(org.bxwbb.spigotplugincreatertool.BxWinLab.Stage@54541558,无法初始化值xChange & yChange) - 尝试包裹浮动体
2026-01-30 00:17:49.194 [JavaFX Application Thread] WARN  o.b.s.BxWinLab.Base.BaseLabel - 无法包裹元素(org.bxwbb.spigotplugincreatertool.BxWinLab.Stage@54541558,无法初始化值xChange & yChange) - 尝试包裹浮动体
2026-01-30 00:17:49.194 [JavaFX Application Thread] WARN  o.b.s.BxWinLab.Base.BaseLabel - 无法包裹元素(org.bxwbb.spigotplugincreatertool.BxWinLab.Stage@54541558,无法初始化值xChange & yChange) - 尝试包裹浮动体
2026-01-30 00:17:49.194 [JavaFX Application Thread] WARN  o.b.s.BxWinLab.Base.BaseLabel - 无法包裹元素(org.bxwbb.spigotplugincreatertool.BxWinLab.Stage@54541558,无法初始化值xChange & yChange) - 尝试包裹浮动体
2026-01-30 00:17:49.194 [JavaFX Application Thread] WARN  o.b.s.BxWinLab.Base.BaseLabel - 无法包裹元素(org.bxwbb.spigotplugincreatertool.BxWinLab.Stage@54541558,无法初始化值xChange & yChange) - 尝试包裹浮动体
2026-01-30 00:17:49.194 [JavaFX Application Thread] WARN  o.b.s.BxWinLab.Base.BaseLabel - 无法包裹元素(org.bxwbb.spigotplugincreatertool.BxWinLab.Stage@54541558,无法初始化值xChange & yChange) - 尝试包裹浮动体
2026-01-30 00:17:49.194 [JavaFX Application Thread] WARN  o.b.s.BxWinLab.Base.BaseLabel - 无法包裹元素(org.bxwbb.spigotplugincreatertool.BxWinLab.Stage@54541558,无法初始化值xChange & yChange) - 尝试包裹浮动体
2026-01-30 00:17:49.195 [JavaFX Application Thread] WARN  o.b.s.BxWinLab.Base.BaseLabel - 无法包裹元素(org.bxwbb.spigotplugincreatertool.BxWinLab.Stage@54541558,无法初始化值xChange & yChange) - 尝试包裹浮动体
2026-01-30 00:17:49.195 [JavaFX Application Thread] INFO  o.b.s.Utils.FileUtil - 成功加载文件/org/bxwbb/spigotplugincreatertool/icon/Universal/NewProject.png
2026-01-30 00:17:52.938 [JavaFX-Launcher] INFO  o.b.s.HelloApplication - 执行初始化...
2026-01-30 00:17:52.943 [JavaFX Application Thread] INFO  o.b.s.HelloApplication - 工具开始启动并加载...
2026-01-30 00:17:52.984 [JavaFX Application Thread] INFO  o.b.s.Utils.FileUtil - 成功加载文件/org/bxwbb/spigotplugincreatertool/icon/icon.png
2026-01-30 00:17:53.168 [JavaFX Application Thread] INFO  o.b.s.Utils.FileUtil - 成功加载文件/org/bxwbb/spigotplugincreatertool/icon/Universal/OpenFolder.png
2026-01-30 00:17:53.177 [JavaFX Application Thread] INFO  o.b.s.Utils.FileUtil - 成功加载文件/org/bxwbb/spigotplugincreatertool/icon/Universal/NewProject.png
2026-01-30 00:17:53.181 [JavaFX Application Thread] INFO  o.b.s.Utils.FileUtil - 成功加载文件/org/bxwbb/spigotplugincreatertool/icon/Universal/Setting.png
2026-01-30 00:17:53.186 [JavaFX Application Thread] INFO  o.b.s.Utils.FileUtil - 成功加载文件/org/bxwbb/spigotplugincreatertool/icon/Universal/Learn.png
2026-01-30 00:17:53.189 [JavaFX Application Thread] INFO  o.b.s.Utils.FileUtil - 成功加载文件/org/bxwbb/spigotplugincreatertool/icon/Universal/Quit.png
2026-01-30 00:17:53.301 [JavaFX Application Thread] INFO  o.b.s.Utils.FileUtil - 成功加载文件/org/bxwbb/spigotplugincreatertool/icon/Universal/NewProject.png
2026-01-30 00:17:53.308 [JavaFX Application Thread] WARN  o.b.s.BxWinLab.Base.BaseLabel - 无法包裹元素(org.bxwbb.spigotplugincreatertool.BxWinLab.Stage@7ee6cc3a,无法初始化值xChange & yChange) - 尝试包裹浮动体
2026-01-30 00:17:53.309 [JavaFX Application Thread] WARN  o.b.s.BxWinLab.Base.BaseLabel - 无法包裹元素(org.bxwbb.spigotplugincreatertool.BxWinLab.Stage@7ee6cc3a,无法初始化值xChange & yChange) - 尝试包裹浮动体
2026-01-30 00:17:53.309 [JavaFX Application Thread] WARN  o.b.s.BxWinLab.Base.BaseLabel - 无法包裹元素(org.bxwbb.spigotplugincreatertool.BxWinLab.Stage@7ee6cc3a,无法初始化值xChange & yChange) - 尝试包裹浮动体
2026-01-30 00:17:53.309 [JavaFX Application Thread] WARN  o.b.s.BxWinLab.Base.BaseLabel - 无法包裹元素(org.bxwbb.spigotplugincreatertool.BxWinLab.Stage@7ee6cc3a,无法初始化值xChange & yChange) - 尝试包裹浮动体
2026-01-30 00:17:53.309 [JavaFX Application Thread] WARN  o.b.s.BxWinLab.Base.BaseLabel - 无法包裹元素(org.bxwbb.spigotplugincreatertool.BxWinLab.Stage@7ee6cc3a,无法初始化值xChange & yChange) - 尝试包裹浮动体
2026-01-30 00:17:53.309 [JavaFX Application Thread] WARN  o.b.s.BxWinLab.Base.BaseLabel - 无法包裹元素(org.bxwbb.spigotplugincreatertool.BxWinLab.Stage@7ee6cc3a,无法初始化值xChange & yChange) - 尝试包裹浮动体
2026-01-30 00:17:53.309 [JavaFX Application Thread] INFO  o.b.s.Utils.FileUtil - 成功加载文件/org/bxwbb/spigotplugincreatertool/icon/Universal/NewProject.png
2026-01-30 00:17:53.349 [JavaFX Application Thread] WARN  o.b.s.BxWinLab.Base.BaseLabel - 无法包裹元素(org.bxwbb.spigotplugincreatertool.BxWinLab.Stage@7ee6cc3a,无法初始化值xChange & yChange) - 尝试包裹浮动体
2026-01-30 00:17:53.350 [JavaFX Application Thread] WARN  o.b.s.BxWinLab.Base.BaseLabel - 无法包裹元素(org.bxwbb.spigotplugincreatertool.BxWinLab.Stage@7ee6cc3a,无法初始化值xChange & yChange) - 尝试包裹浮动体
2026-01-30 00:17:53.350 [JavaFX Application Thread] WARN  o.b.s.BxWinLab.Base.BaseLabel - 无法包裹元素(org.bxwbb.spigotplugincreatertool.BxWinLab.Stage@7ee6cc3a,无法初始化值xChange & yChange) - 尝试包裹浮动体
2026-01-30 00:17:53.350 [JavaFX Application Thread] WARN  o.b.s.BxWinLab.Base.BaseLabel - 无法包裹元素(org.bxwbb.spigotplugincreatertool.BxWinLab.Stage@7ee6cc3a,无法初始化值xChange & yChange) - 尝试包裹浮动体
2026-01-30 00:17:53.350 [JavaFX Application Thread] WARN  o.b.s.BxWinLab.Base.BaseLabel - 无法包裹元素(org.bxwbb.spigotplugincreatertool.BxWinLab.Stage@7ee6cc3a,无法初始化值xChange & yChange) - 尝试包裹浮动体
2026-01-30 00:17:53.350 [JavaFX Application Thread] WARN  o.b.s.BxWinLab.Base.BaseLabel - 无法包裹元素(org.bxwbb.spigotplugincreatertool.BxWinLab.Stage@7ee6cc3a,无法初始化值xChange & yChange) - 尝试包裹浮动体
2026-01-30 00:17:53.390 [JavaFX Application Thread] WARN  o.b.s.BxWinLab.Base.BaseLabel - 无法包裹元素(org.bxwbb.spigotplugincreatertool.BxWinLab.Stage@7ee6cc3a,无法初始化值xChange & yChange) - 尝试包裹浮动体
2026-01-30 00:17:53.390 [JavaFX Application Thread] WARN  o.b.s.BxWinLab.Base.BaseLabel - 无法包裹元素(org.bxwbb.spigotplugincreatertool.BxWinLab.Stage@7ee6cc3a,无法初始化值xChange & yChange) - 尝试包裹浮动体
2026-01-30 00:17:53.390 [JavaFX Application Thread] WARN  o.b.s.BxWinLab.Base.BaseLabel - 无法包裹元素(org.bxwbb.spigotplugincreatertool.BxWinLab.Stage@7ee6cc3a,无法初始化值xChange & yChange) - 尝试包裹浮动体
2026-01-30 00:17:53.390 [JavaFX Application Thread] WARN  o.b.s.BxWinLab.Base.BaseLabel - 无法包裹元素(org.bxwbb.spigotplugincreatertool.BxWinLab.Stage@7ee6cc3a,无法初始化值xChange & yChange) - 尝试包裹浮动体
2026-01-30 00:17:53.390 [JavaFX Application Thread] WARN  o.b.s.BxWinLab.Base.BaseLabel - 无法包裹元素(org.bxwbb.spigotplugincreatertool.BxWinLab.Stage@7ee6cc3a,无法初始化值xChange & yChange) - 尝试包裹浮动体
2026-01-30 00:17:53.390 [JavaFX Application Thread] WARN  o.b.s.BxWinLab.Base.BaseLabel - 无法包裹元素(org.bxwbb.spigotplugincreatertool.BxWinLab.Stage@7ee6cc3a,无法初始化值xChange & yChange) - 尝试包裹浮动体
2026-01-30 00:17:53.439 [JavaFX Application Thread] WARN  o.b.s.BxWinLab.Base.BaseLabel - 无法包裹元素(org.bxwbb.spigotplugincreatertool.BxWinLab.Stage@7ee6cc3a,无法初始化值xChange & yChange) - 尝试包裹浮动体
2026-01-30 00:17:53.439 [JavaFX Application Thread] WARN  o.b.s.BxWinLab.Base.BaseLabel - 无法包裹元素(org.bxwbb.spigotplugincreatertool.BxWinLab.Stage@7ee6cc3a,无法初始化值xChange & yChange) - 尝试包裹浮动体
2026-01-30 00:17:53.439 [JavaFX Application Thread] WARN  o.b.s.BxWinLab.Base.BaseLabel - 无法包裹元素(org.bxwbb.spigotplugincreatertool.BxWinLab.Stage@7ee6cc3a,无法初始化值xChange & yChange) - 尝试包裹浮动体
2026-01-30 00:17:53.439 [JavaFX Application Thread] WARN  o.b.s.BxWinLab.Base.BaseLabel - 无法包裹元素(org.bxwbb.spigotplugincreatertool.BxWinLab.Stage@7ee6cc3a,无法初始化值xChange & yChange) - 尝试包裹浮动体
2026-01-30 00:17:53.440 [JavaFX Application Thread] WARN  o.b.s.BxWinLab.Base.BaseLabel - 无法包裹元素(org.bxwbb.spigotplugincreatertool.BxWinLab.Stage@7ee6cc3a,无法初始化值xChange & yChange) - 尝试包裹浮动体
2026-01-30 00:17:53.440 [JavaFX Application Thread] WARN  o.b.s.BxWinLab.Base.BaseLabel - 无法包裹元素(org.bxwbb.spigotplugincreatertool.BxWinLab.Stage@7ee6cc3a,无法初始化值xChange & yChange) - 尝试包裹浮动体
2026-01-30 00:17:53.452 [JavaFX Application Thread] WARN  o.b.s.BxWinLab.Base.BaseLabel - 无法包裹元素(org.bxwbb.spigotplugincreatertool.BxWinLab.Stage@7ee6cc3a,无法初始化值xChange & yChange) - 尝试包裹浮动体
2026-01-30 00:17:53.452 [JavaFX Application Thread] WARN  o.b.s.BxWinLab.Base.BaseLabel - 无法包裹元素(org.bxwbb.spigotplugincreatertool.BxWinLab.Stage@7ee6cc3a,无法初始化值xChange & yChange) - 尝试包裹浮动体
2026-01-30 00:17:53.452 [JavaFX Application Thread] WARN  o.b.s.BxWinLab.Base.BaseLabel - 无法包裹元素(org.bxwbb.spigotplugincreatertool.BxWinLab.Stage@7ee6cc3a,无法初始化值xChange & yChange) - 尝试包裹浮动体
2026-01-30 00:17:53.452 [JavaFX Application Thread] WARN  o.b.s.BxWinLab.Base.BaseLabel - 无法包裹元素(org.bxwbb.spigotplugincreatertool.BxWinLab.Stage@7ee6cc3a,无法初始化值xChange & yChange) - 尝试包裹浮动体
2026-01-30 00:17:53.452 [JavaFX Application Thread] WARN  o.b.s.BxWinLab.Base.BaseLabel - 无法包裹元素(org.bxwbb.spigotplugincreatertool.BxWinLab.Stage@7ee6cc3a,无法初始化值xChange & yChange) - 尝试包裹浮动体
2026-01-30 00:17:53.452 [JavaFX Application Thread] WARN  o.b.s.BxWinLab.Base.BaseLabel - 无法包裹元素(org.bxwbb.spigotplugincreatertool.BxWinLab.Stage@7ee6cc3a,无法初始化值xChange & yChange) - 尝试包裹浮动体
2026-01-30 00:17:53.491 [JavaFX Application Thread] WARN  o.b.s.BxWinLab.Base.BaseLabel - 无法包裹元素(org.bxwbb.spigotplugincreatertool.BxWinLab.Stage@7ee6cc3a,无法初始化值xChange & yChange) - 尝试包裹浮动体
2026-01-30 00:17:53.491 [JavaFX Application Thread] WARN  o.b.s.BxWinLab.Base.BaseLabel - 无法包裹元素(org.bxwbb.spigotplugincreatertool.BxWinLab.Stage@7ee6cc3a,无法初始化值xChange & yChange) - 尝试包裹浮动体
2026-01-30 00:17:53.492 [JavaFX Application Thread] WARN  o.b.s.BxWinLab.Base.BaseLabel - 无法包裹元素(org.bxwbb.spigotplugincreatertool.BxWinLab.Stage@7ee6cc3a,无法初始化值xChange & yChange) - 尝试包裹浮动体
2026-01-30 00:17:53.492 [JavaFX Application Thread] WARN  o.b.s.BxWinLab.Base.BaseLabel - 无法包裹元素(org.bxwbb.spigotplugincreatertool.BxWinLab.Stage@7ee6cc3a,无法初始化值xChange & yChange) - 尝试包裹浮动体
2026-01-30 00:17:53.492 [JavaFX Application Thread] WARN  o.b.s.BxWinLab.Base.BaseLabel - 无法包裹元素(org.bxwbb.spigotplugincreatertool.BxWinLab.Stage@7ee6cc3a,无法初始化值xChange & yChange) - 尝试包裹浮动体
2026-01-30 00:17:53.492 [JavaFX Application Thread] WARN  o.b.s.BxWinLab.Base.BaseLabel - 无法包裹元素(org.bxwbb.spigotplugincreatertool.BxWinLab.Stage@7ee6cc3a,无法初始化值xChange & yChange) - 尝试包裹浮动体
2026-01-30 00:17:53.503 [JavaFX Application Thread] WARN  o.b.s.BxWinLab.Base.BaseLabel - 无法包裹元素(org.bxwbb.spigotplugincreatertool.BxWinLab.Stage@7ee6cc3a,无法初始化值xChange & yChange) - 尝试包裹浮动体
2026-01-30 00:17:53.504 [JavaFX Application Thread] WARN  o.b.s.BxWinLab.Base.BaseLabel - 无法包裹元素(org.bxwbb.spigotplugincreatertool.BxWinLab.Stage@7ee6cc3a,无法初始化值xChange & yChange) - 尝试包裹浮动体
2026-01-30 00:17:53.504 [JavaFX Application Thread] WARN  o.b.s.BxWinLab.Base.BaseLabel - 无法包裹元素(org.bxwbb.spigotplugincreatertool.BxWinLab.Stage@7ee6cc3a,无法初始化值xChange & yChange) - 尝试包裹浮动体
2026-01-30 00:17:53.504 [JavaFX Application Thread] WARN  o.b.s.BxWinLab.Base.BaseLabel - 无法包裹元素(org.bxwbb.spigotplugincreatertool.BxWinLab.Stage@7ee6cc3a,无法初始化值xChange & yChange) - 尝试包裹浮动体
2026-01-30 00:17:53.504 [JavaFX Application Thread] WARN  o.b.s.BxWinLab.Base.BaseLabel - 无法包裹元素(org.bxwbb.spigotplugincreatertool.BxWinLab.Stage@7ee6cc3a,无法初始化值xChange & yChange) - 尝试包裹浮动体
2026-01-30 00:17:53.504 [JavaFX Application Thread] WARN  o.b.s.BxWinLab.Base.BaseLabel - 无法包裹元素(org.bxwbb.spigotplugincreatertool.BxWinLab.Stage@7ee6cc3a,无法初始化值xChange & yChange) - 尝试包裹浮动体
2026-01-30 00:17:55.182 [JavaFX Application Thread] WARN  o.b.s.BxWinLab.Base.BaseLabel - 无法包裹元素(org.bxwbb.spigotplugincreatertool.BxWinLab.Stage@7ee6cc3a,无法初始化值xChange & yChange) - 尝试包裹浮动体
2026-01-30 00:17:55.229 [JavaFX Application Thread] WARN  o.b.s.BxWinLab.Base.BaseLabel - 无法包裹元素(org.bxwbb.spigotplugincreatertool.BxWinLab.Stage@7ee6cc3a,无法初始化值xChange & yChange) - 尝试包裹浮动体
2026-01-30 00:17:55.574 [JavaFX Application Thread] WARN  o.b.s.BxWinLab.Base.BaseLabel - 无法包裹元素(org.bxwbb.spigotplugincreatertool.BxWinLab.Stage@7ee6cc3a,无法初始化值xChange & yChange) - 尝试包裹浮动体
2026-01-30 00:17:59.326 [JavaFX Application Thread] WARN  o.b.s.BxWinLab.Base.BaseLabel - 无法包裹元素(org.bxwbb.spigotplugincreatertool.BxWinLab.Stage@7ee6cc3a,无法初始化值xChange & yChange) - 尝试包裹浮动体
2026-01-30 00:19:22.424 [JavaFX-Launcher] INFO  o.b.s.HelloApplication - 执行初始化...
2026-01-30 00:19:22.431 [JavaFX Application Thread] INFO  o.b.s.HelloApplication - 工具开始启动并加载...
2026-01-30 00:19:22.481 [JavaFX Application Thread] INFO  o.b.s.Utils.FileUtil - 成功加载文件/org/bxwbb/spigotplugincreatertool/icon/icon.png
2026-01-30 00:19:22.665 [JavaFX Application Thread] INFO  o.b.s.Utils.FileUtil - 成功加载文件/org/bxwbb/spigotplugincreatertool/icon/Universal/OpenFolder.png
2026-01-30 00:19:22.675 [JavaFX Application Thread] INFO  o.b.s.Utils.FileUtil - 成功加载文件/org/bxwbb/spigotplugincreatertool/icon/Universal/NewProject.png
2026-01-30 00:19:22.679 [JavaFX Application Thread] INFO  o.b.s.Utils.FileUtil - 成功加载文件/org/bxwbb/spigotplugincreatertool/icon/Universal/Setting.png
2026-01-30 00:19:22.684 [JavaFX Application Thread] INFO  o.b.s.Utils.FileUtil - 成功加载文件/org/bxwbb/spigotplugincreatertool/icon/Universal/Learn.png
2026-01-30 00:19:22.687 [JavaFX Application Thread] INFO  o.b.s.Utils.FileUtil - 成功加载文件/org/bxwbb/spigotplugincreatertool/icon/Universal/Quit.png
2026-01-30 00:19:22.797 [JavaFX Application Thread] INFO  o.b.s.Utils.FileUtil - 成功加载文件/org/bxwbb/spigotplugincreatertool/icon/Universal/NewProject.png
2026-01-30 00:21:09.002 [JavaFX Application Thread] WARN  o.b.s.BxWinLab.Base.BaseLabel - 无法包裹元素(org.bxwbb.spigotplugincreatertool.BxWinLab.Stage@54541558,无法初始化值xChange & yChange) - 尝试包裹浮动体
2026-01-30 00:21:09.002 [JavaFX Application Thread] WARN  o.b.s.BxWinLab.Base.BaseLabel - 无法包裹元素(org.bxwbb.spigotplugincreatertool.BxWinLab.Stage@54541558,无法初始化值xChange & yChange) - 尝试包裹浮动体
2026-01-30 00:21:09.002 [JavaFX Application Thread] WARN  o.b.s.BxWinLab.Base.BaseLabel - 无法包裹元素(org.bxwbb.spigotplugincreatertool.BxWinLab.Stage@54541558,无法初始化值xChange & yChange) - 尝试包裹浮动体
2026-01-30 00:21:09.003 [JavaFX Application Thread] WARN  o.b.s.BxWinLab.Base.BaseLabel - 无法包裹元素(org.bxwbb.spigotplugincreatertool.BxWinLab.Stage@54541558,无法初始化值xChange & yChange) - 尝试包裹浮动体
2026-01-30 00:21:09.003 [JavaFX Application Thread] WARN  o.b.s.BxWinLab.Base.BaseLabel - 无法包裹元素(org.bxwbb.spigotplugincreatertool.BxWinLab.Stage@54541558,无法初始化值xChange & yChange) - 尝试包裹浮动体
2026-01-30 00:21:09.003 [JavaFX Application Thread] WARN  o.b.s.BxWinLab.Base.BaseLabel - 无法包裹元素(org.bxwbb.spigotplugincreatertool.BxWinLab.Stage@54541558,无法初始化值xChange & yChange) - 尝试包裹浮动体
2026-01-30 00:21:09.004 [JavaFX Application Thread] INFO  o.b.s.Utils.FileUtil - 成功加载文件/org/bxwbb/spigotplugincreatertool/icon/Universal/NewProject.png
2026-01-30 00:21:21.731 [JavaFX-Launcher] INFO  o.b.s.HelloApplication - 执行初始化...
2026-01-30 00:21:21.736 [JavaFX Application Thread] INFO  o.b.s.HelloApplication - 工具开始启动并加载...
2026-01-30 00:21:21.777 [JavaFX Application Thread] INFO  o.b.s.Utils.FileUtil - 成功加载文件/org/bxwbb/spigotplugincreatertool/icon/icon.png
2026-01-30 00:21:21.958 [JavaFX Application Thread] INFO  o.b.s.Utils.FileUtil - 成功加载文件/org/bxwbb/spigotplugincreatertool/icon/Universal/OpenFolder.png
2026-01-30 00:21:21.967 [JavaFX Application Thread] INFO  o.b.s.Utils.FileUtil - 成功加载文件/org/bxwbb/spigotplugincreatertool/icon/Universal/NewProject.png
2026-01-30 00:21:21.972 [JavaFX Application Thread] INFO  o.b.s.Utils.FileUtil - 成功加载文件/org/bxwbb/spigotplugincreatertool/icon/Universal/Setting.png
2026-01-30 00:21:21.976 [JavaFX Application Thread] INFO  o.b.s.Utils.FileUtil - 成功加载文件/org/bxwbb/spigotplugincreatertool/icon/Universal/Learn.png
2026-01-30 00:21:21.980 [JavaFX Application Thread] INFO  o.b.s.Utils.FileUtil - 成功加载文件/org/bxwbb/spigotplugincreatertool/icon/Universal/Quit.png
2026-01-30 00:21:22.092 [JavaFX Application Thread] INFO  o.b.s.Utils.FileUtil - 成功加载文件/org/bxwbb/spigotplugincreatertool/icon/Universal/NewProject.png
2026-01-30 00:21:22.100 [JavaFX Application Thread] INFO  o.b.s.Utils.FileUtil - 成功加载文件/org/bxwbb/spigotplugincreatertool/icon/Universal/NewProject.png
2026-01-30 00:21:24.389 [JavaFX Application Thread] INFO  o.b.s.BxWinLab.Base.BaseLabel - 控件焦点改变至 - org.bxwbb.spigotplugincreatertool.BxWinLab.SwitchBox@2529e996
2026-01-30 00:21:48.988 [JavaFX Application Thread] INFO  o.b.s.HelloApplication - 执行停止...
2026-01-30 00:23:39.893 [JavaFX-Launcher] INFO  o.b.s.HelloApplication - 执行初始化...
2026-01-30 00:23:39.898 [JavaFX Application Thread] INFO  o.b.s.HelloApplication - 工具开始启动并加载...
2026-01-30 00:23:39.938 [JavaFX Application Thread] INFO  o.b.s.Utils.FileUtil - 成功加载文件/org/bxwbb/spigotplugincreatertool/icon/icon.png
2026-01-30 00:23:40.111 [JavaFX Application Thread] INFO  o.b.s.Utils.FileUtil - 成功加载文件/org/bxwbb/spigotplugincreatertool/icon/Universal/OpenFolder.png
2026-01-30 00:23:40.120 [JavaFX Application Thread] INFO  o.b.s.Utils.FileUtil - 成功加载文件/org/bxwbb/spigotplugincreatertool/icon/Universal/NewProject.png
2026-01-30 00:23:40.125 [JavaFX Application Thread] INFO  o.b.s.Utils.FileUtil - 成功加载文件/org/bxwbb/spigotplugincreatertool/icon/Universal/Setting.png
2026-01-30 00:23:40.129 [JavaFX Application Thread] INFO  o.b.s.Utils.FileUtil - 成功加载文件/org/bxwbb/spigotplugincreatertool/icon/Universal/Learn.png
2026-01-30 00:23:40.132 [JavaFX Application Thread] INFO  o.b.s.Utils.FileUtil - 成功加载文件/org/bxwbb/spigotplugincreatertool/icon/Universal/Quit.png
2026-01-30 00:23:40.241 [JavaFX Application Thread] INFO  o.b.s.Utils.FileUtil - 成功加载文件/org/bxwbb/spigotplugincreatertool/icon/Universal/NewProject.png
2026-01-30 00:23:40.249 [JavaFX Application Thread] INFO  o.b.s.Utils.FileUtil - 成功加载文件/org/bxwbb/spigotplugincreatertool/icon/Universal/NewProject.png
2026-01-30 00:24:04.425 [JavaFX Application Thread] INFO  o.b.s.HelloApplication - 执行停止...
2026-01-30 00:49:12.284 [JavaFX-Launcher] INFO  o.b.s.HelloApplication - 执行初始化...
2026-01-30 00:49:12.289 [JavaFX Application Thread] INFO  o.b.s.HelloApplication - 工具开始启动并加载...
2026-01-30 00:49:12.332 [JavaFX Application Thread] INFO  o.b.s.Utils.FileUtil - 成功加载文件/org/bxwbb/spigotplugincreatertool/icon/icon.png
2026-01-30 00:49:12.516 [JavaFX Application Thread] INFO  o.b.s.Utils.FileUtil - 成功加载文件/org/bxwbb/spigotplugincreatertool/icon/Universal/OpenFolder.png
2026-01-30 00:49:12.524 [JavaFX Application Thread] INFO  o.b.s.Utils.FileUtil - 成功加载文件/org/bxwbb/spigotplugincreatertool/icon/Universal/NewProject.png
2026-01-30 00:49:12.529 [JavaFX Application Thread] INFO  o.b.s.Utils.FileUtil - 成功加载文件/org/bxwbb/spigotplugincreatertool/icon/Universal/Setting.png
2026-01-30 00:49:12.533 [JavaFX Application Thread] INFO  o.b.s.Utils.FileUtil - 成功加载文件/org/bxwbb/spigotplugincreatertool/icon/Universal/Learn.png
2026-01-30 00:49:12.537 [JavaFX Application Thread] INFO  o.b.s.Utils.FileUtil - 成功加载文件/org/bxwbb/spigotplugincreatertool/icon/Universal/Quit.png
2026-01-30 00:49:12.654 [JavaFX Application Thread] INFO  o.b.s.Utils.FileUtil - 成功加载文件/org/bxwbb/spigotplugincreatertool/icon/Universal/NewProject.png
2026-01-30 00:49:12.662 [JavaFX Application Thread] INFO  o.b.s.Utils.FileUtil - 成功加载文件/org/bxwbb/spigotplugincreatertool/icon/Universal/NewProject.png
2026-01-30 00:49:16.689 [JavaFX Application Thread] INFO  o.b.s.HelloApplication - 执行停止...
2026-01-30 00:49:26.424 [JavaFX-Launcher] INFO  o.b.s.HelloApplication - 执行初始化...
2026-01-30 00:49:26.429 [JavaFX Application Thread] INFO  o.b.s.HelloApplication - 工具开始启动并加载...
2026-01-30 00:49:26.470 [JavaFX Application Thread] INFO  o.b.s.Utils.FileUtil - 成功加载文件/org/bxwbb/spigotplugincreatertool/icon/icon.png
2026-01-30 00:49:26.650 [JavaFX Application Thread] INFO  o.b.s.Utils.FileUtil - 成功加载文件/org/bxwbb/spigotplugincreatertool/icon/Universal/OpenFolder.png
2026-01-30 00:49:26.658 [JavaFX Application Thread] INFO  o.b.s.Utils.FileUtil - 成功加载文件/org/bxwbb/spigotplugincreatertool/icon/Universal/NewProject.png
2026-01-30 00:49:26.663 [JavaFX Application Thread] INFO  o.b.s.Utils.FileUtil - 成功加载文件/org/bxwbb/spigotplugincreatertool/icon/Universal/Setting.png
2026-01-30 00:49:26.667 [JavaFX Application Thread] INFO  o.b.s.Utils.FileUtil - 成功加载文件/org/bxwbb/spigotplugincreatertool/icon/Universal/Learn.png
2026-01-30 00:49:26.669 [JavaFX Application Thread] INFO  o.b.s.Utils.FileUtil - 成功加载文件/org/bxwbb/spigotplugincreatertool/icon/Universal/Quit.png
2026-01-30 00:49:26.778 [JavaFX Application Thread] INFO  o.b.s.Utils.FileUtil - 成功加载文件/org/bxwbb/spigotplugincreatertool/icon/Universal/NewProject.png
2026-01-30 00:49:26.785 [JavaFX Application Thread] INFO  o.b.s.Utils.FileUtil - 成功加载文件/org/bxwbb/spigotplugincreatertool/icon/Universal/NewProject.png
2026-01-30 00:49:28.957 [JavaFX Application Thread] INFO  o.b.s.BxWinLab.Base.BaseLabel - 控件焦点改变至 - org.bxwbb.spigotplugincreatertool.BxWinLab.SwitchBox@155959f8
2026-01-30 00:49:32.094 [JavaFX Application Thread] INFO  o.b.s.HelloApplication - 执行停止...
2026-01-30 00:49:58.567 [JavaFX-Launcher] INFO  o.b.s.HelloApplication - 执行初始化...
2026-01-30 00:49:58.573 [JavaFX Application Thread] INFO  o.b.s.HelloApplication - 工具开始启动并加载...
2026-01-30 00:49:58.616 [JavaFX Application Thread] INFO  o.b.s.Utils.FileUtil - 成功加载文件/org/bxwbb/spigotplugincreatertool/icon/icon.png
2026-01-30 00:49:58.789 [JavaFX Application Thread] INFO  o.b.s.Utils.FileUtil - 成功加载文件/org/bxwbb/spigotplugincreatertool/icon/Universal/OpenFolder.png
2026-01-30 00:49:58.797 [JavaFX Application Thread] INFO  o.b.s.Utils.FileUtil - 成功加载文件/org/bxwbb/spigotplugincreatertool/icon/Universal/NewProject.png
2026-01-30 00:49:58.803 [JavaFX Application Thread] INFO  o.b.s.Utils.FileUtil - 成功加载文件/org/bxwbb/spigotplugincreatertool/icon/Universal/Setting.png
2026-01-30 00:49:58.806 [JavaFX Application Thread] INFO  o.b.s.Utils.FileUtil - 成功加载文件/org/bxwbb/spigotplugincreatertool/icon/Universal/Learn.png
2026-01-30 00:49:58.809 [JavaFX Application Thread] INFO  o.b.s.Utils.FileUtil - 成功加载文件/org/bxwbb/spigotplugincreatertool/icon/Universal/Quit.png
2026-01-30 00:49:58.913 [JavaFX Application Thread] INFO  o.b.s.Utils.FileUtil - 成功加载文件/org/bxwbb/spigotplugincreatertool/icon/MiniWindowIcon/StartPage.png
2026-01-30 00:49:59.019 [JavaFX Application Thread] INFO  o.b.s.Utils.FileUtil - 成功加载文件/org/bxwbb/spigotplugincreatertool/icon/MiniWindowIcon/StartPage.png
2026-01-30 00:50:00.379 [JavaFX Application Thread] INFO  o.b.s.BxWinLab.Base.BaseLabel - 控件焦点改变至 - org.bxwbb.spigotplugincreatertool.BxWinLab.SwitchBox@155959f8
2026-01-30 00:50:03.382 [JavaFX Application Thread] INFO  o.b.s.HelloApplication - 执行停止...
2026-01-30 00:51:36.973 [JavaFX-Launcher] INFO  o.b.s.HelloApplication - 执行初始化...
2026-01-30 00:51:36.979 [JavaFX Application Thread] INFO  o.b.s.HelloApplication - 工具开始启动并加载...
2026-01-30 00:51:37.024 [JavaFX Application Thread] INFO  o.b.s.Utils.FileUtil - 成功加载文件/org/bxwbb/spigotplugincreatertool/icon/icon.png
2026-01-30 00:51:37.274 [JavaFX Application Thread] INFO  o.b.s.Utils.FileUtil - 成功加载文件/org/bxwbb/spigotplugincreatertool/icon/Universal/OpenFolder.png
2026-01-30 00:51:37.283 [JavaFX Application Thread] INFO  o.b.s.Utils.FileUtil - 成功加载文件/org/bxwbb/spigotplugincreatertool/icon/Universal/NewProject.png
2026-01-30 00:51:37.288 [JavaFX Application Thread] INFO  o.b.s.Utils.FileUtil - 成功加载文件/org/bxwbb/spigotplugincreatertool/icon/Universal/Setting.png
2026-01-30 00:51:37.293 [JavaFX Application Thread] INFO  o.b.s.Utils.FileUtil - 成功加载文件/org/bxwbb/spigotplugincreatertool/icon/Universal/Learn.png
2026-01-30 00:51:37.297 [JavaFX Application Thread] INFO  o.b.s.Utils.FileUtil - 成功加载文件/org/bxwbb/spigotplugincreatertool/icon/Universal/Quit.png
2026-01-30 00:51:37.408 [JavaFX Application Thread] INFO  o.b.s.Utils.FileUtil - 成功加载文件/org/bxwbb/spigotplugincreatertool/icon/MiniWindowIcon/StartPage.png
2026-01-30 00:51:37.416 [JavaFX Application Thread] INFO  o.b.s.Utils.FileUtil - 成功加载文件/org/bxwbb/spigotplugincreatertool/icon/MiniWindowIcon/StartPage.png
2026-01-30 00:51:38.922 [JavaFX Application Thread] INFO  o.b.s.BxWinLab.Base.BaseLabel - 控件焦点改变至 - org.bxwbb.spigotplugincreatertool.BxWinLab.SwitchBox@155959f8
2026-01-30 00:51:48.661 [JavaFX Application Thread] INFO  o.b.s.HelloApplication - 执行停止...
2026-01-30 00:52:02.417 [JavaFX-Launcher] INFO  o.b.s.HelloApplication - 执行初始化...
2026-01-30 00:52:02.422 [JavaFX Application Thread] INFO  o.b.s.HelloApplication - 工具开始启动并加载...
2026-01-30 00:52:02.466 [JavaFX Application Thread] INFO  o.b.s.Utils.FileUtil - 成功加载文件/org/bxwbb/spigotplugincreatertool/icon/icon.png
2026-01-30 00:52:02.740 [JavaFX Application Thread] INFO  o.b.s.Utils.FileUtil - 成功加载文件/org/bxwbb/spigotplugincreatertool/icon/Universal/OpenFolder.png
2026-01-30 00:52:02.749 [JavaFX Application Thread] INFO  o.b.s.Utils.FileUtil - 成功加载文件/org/bxwbb/spigotplugincreatertool/icon/Universal/NewProject.png
2026-01-30 00:52:02.755 [JavaFX Application Thread] INFO  o.b.s.Utils.FileUtil - 成功加载文件/org/bxwbb/spigotplugincreatertool/icon/Universal/Setting.png
2026-01-30 00:52:02.759 [JavaFX Application Thread] INFO  o.b.s.Utils.FileUtil - 成功加载文件/org/bxwbb/spigotplugincreatertool/icon/Universal/Learn.png
2026-01-30 00:52:02.763 [JavaFX Application Thread] INFO  o.b.s.Utils.FileUtil - 成功加载文件/org/bxwbb/spigotplugincreatertool/icon/Universal/Quit.png
2026-01-30 00:52:02.879 [JavaFX Application Thread] INFO  o.b.s.Utils.FileUtil - 成功加载文件/org/bxwbb/spigotplugincreatertool/icon/MiniWindowIcon/StartPage.png
2026-01-30 00:52:02.887 [JavaFX Application Thread] INFO  o.b.s.Utils.FileUtil - 成功加载文件/org/bxwbb/spigotplugincreatertool/icon/MiniWindowIcon/StartPage.png
2026-01-30 00:52:09.217 [JavaFX Application Thread] INFO  o.b.s.BxWinLab.Base.BaseLabel - 控件焦点改变至 - org.bxwbb.spigotplugincreatertool.BxWinLab.SwitchBox@7fe91dae
2026-01-30 00:52:09.798 [JavaFX Application Thread] INFO  o.b.s.BxWinLab.Base.BaseLabel - 控件焦点改变至 - org.bxwbb.spigotplugincreatertool.BxWinLab.ButtonBox@4cbef0c5
2026-01-30 00:52:10.349 [JavaFX Application Thread] INFO  o.b.s.BxWinLab.Base.BaseLabel - 控件焦点改变至 - org.bxwbb.spigotplugincreatertool.BxWinLab.SwitchBox@7fe91dae
2026-01-30 00:52:10.709 [JavaFX Application Thread] INFO  o.b.s.BxWinLab.Base.BaseLabel - 控件焦点改变至 - org.bxwbb.spigotplugincreatertool.BxWinLab.ButtonBox@4cbef0c5
2026-01-30 00:52:33.308 [JavaFX Application Thread] INFO  o.b.s.HelloApplication - 执行停止...
2026-01-30 00:53:42.226 [JavaFX-Launcher] INFO  o.b.s.HelloApplication - 执行初始化...
2026-01-30 00:53:42.232 [JavaFX Application Thread] INFO  o.b.s.HelloApplication - 工具开始启动并加载...
2026-01-30 00:53:42.275 [JavaFX Application Thread] INFO  o.b.s.Utils.FileUtil - 成功加载文件/org/bxwbb/spigotplugincreatertool/icon/icon.png
2026-01-30 00:53:42.450 [JavaFX Application Thread] INFO  o.b.s.Utils.FileUtil - 成功加载文件/org/bxwbb/spigotplugincreatertool/icon/Universal/OpenFolder.png
2026-01-30 00:53:42.459 [JavaFX Application Thread] INFO  o.b.s.Utils.FileUtil - 成功加载文件/org/bxwbb/spigotplugincreatertool/icon/Universal/NewProject.png
2026-01-30 00:53:42.465 [JavaFX Application Thread] INFO  o.b.s.Utils.FileUtil - 成功加载文件/org/bxwbb/spigotplugincreatertool/icon/Universal/Setting.png
2026-01-30 00:53:42.469 [JavaFX Application Thread] INFO  o.b.s.Utils.FileUtil - 成功加载文件/org/bxwbb/spigotplugincreatertool/icon/Universal/Learn.png
2026-01-30 00:53:42.472 [JavaFX Application Thread] INFO  o.b.s.Utils.FileUtil - 成功加载文件/org/bxwbb/spigotplugincreatertool/icon/Universal/Quit.png
2026-01-30 00:53:42.586 [JavaFX Application Thread] INFO  o.b.s.Utils.FileUtil - 成功加载文件/org/bxwbb/spigotplugincreatertool/icon/MiniWindowIcon/StartPage.png
2026-01-30 00:53:42.593 [JavaFX Application Thread] INFO  o.b.s.Utils.FileUtil - 成功加载文件/org/bxwbb/spigotplugincreatertool/icon/MiniWindowIcon/StartPage.png
2026-01-30 00:53:56.593 [JavaFX Application Thread] INFO  o.b.s.HelloApplication - 执行停止...
2026-01-30 01:03:04.497 [JavaFX-Launcher] INFO  o.b.s.HelloApplication - 执行初始化...
2026-01-30 01:03:04.503 [JavaFX Application Thread] INFO  o.b.s.HelloApplication - 工具开始启动并加载...
2026-01-30 01:03:04.546 [JavaFX Application Thread] INFO  o.b.s.Utils.FileUtil - 成功加载文件/org/bxwbb/spigotplugincreatertool/icon/icon.png
2026-01-30 01:03:04.729 [JavaFX Application Thread] INFO  o.b.s.Utils.FileUtil - 成功加载文件/org/bxwbb/spigotplugincreatertool/icon/Universal/OpenFolder.png
2026-01-30 01:03:04.766 [JavaFX Application Thread] INFO  o.b.s.Utils.FileUtil - 成功加载文件/org/bxwbb/spigotplugincreatertool/icon/Universal/NewProject.png
2026-01-30 01:03:04.799 [JavaFX Application Thread] INFO  o.b.s.Utils.FileUtil - 成功加载文件/org/bxwbb/spigotplugincreatertool/icon/Universal/Setting.png
2026-01-30 01:03:04.843 [JavaFX Application Thread] INFO  o.b.s.Utils.FileUtil - 成功加载文件/org/bxwbb/spigotplugincreatertool/icon/Universal/Learn.png
2026-01-30 01:03:04.884 [JavaFX Application Thread] INFO  o.b.s.Utils.FileUtil - 成功加载文件/org/bxwbb/spigotplugincreatertool/icon/Universal/Quit.png
2026-01-30 01:03:14.748 [JavaFX Application Thread] INFO  o.b.s.Utils.FileUtil - 成功加载文件/org/bxwbb/spigotplugincreatertool/icon/MiniWindowIcon/StartPage.png
2026-01-30 01:03:14.759 [JavaFX Application Thread] INFO  o.b.s.Utils.FileUtil - 成功加载文件/org/bxwbb/spigotplugincreatertool/icon/MiniWindowIcon/StartPage.png
2026-01-30 01:03:44.600 [JavaFX Application Thread] INFO  o.b.s.BxWinLab.Base.BaseLabel - 控件焦点改变至 - org.bxwbb.spigotplugincreatertool.Window.StartPage@155959f8
2026-01-30 01:04:13.722 [JavaFX-Launcher] INFO  o.b.s.HelloApplication - 执行初始化...
2026-01-30 01:04:13.727 [JavaFX Application Thread] INFO  o.b.s.HelloApplication - 工具开始启动并加载...
2026-01-30 01:04:13.771 [JavaFX Application Thread] INFO  o.b.s.Utils.FileUtil - 成功加载文件/org/bxwbb/spigotplugincreatertool/icon/icon.png
2026-01-30 01:04:13.964 [JavaFX Application Thread] INFO  o.b.s.Utils.FileUtil - 成功加载文件/org/bxwbb/spigotplugincreatertool/icon/Universal/OpenFolder.png
2026-01-30 01:04:14.001 [JavaFX Application Thread] INFO  o.b.s.Utils.FileUtil - 成功加载文件/org/bxwbb/spigotplugincreatertool/icon/Universal/NewProject.png
2026-01-30 01:04:14.038 [JavaFX Application Thread] INFO  o.b.s.Utils.FileUtil - 成功加载文件/org/bxwbb/spigotplugincreatertool/icon/Universal/Setting.png
2026-01-30 01:04:14.086 [JavaFX Application Thread] INFO  o.b.s.Utils.FileUtil - 成功加载文件/org/bxwbb/spigotplugincreatertool/icon/Universal/Learn.png
2026-01-30 01:04:14.139 [JavaFX Application Thread] INFO  o.b.s.Utils.FileUtil - 成功加载文件/org/bxwbb/spigotplugincreatertool/icon/Universal/Quit.png
2026-01-30 01:04:25.202 [JavaFX Application Thread] INFO  o.b.s.Utils.FileUtil - 成功加载文件/org/bxwbb/spigotplugincreatertool/icon/MiniWindowIcon/StartPage.png
2026-01-30 01:04:25.213 [JavaFX Application Thread] INFO  o.b.s.Utils.FileUtil - 成功加载文件/org/bxwbb/spigotplugincreatertool/icon/MiniWindowIcon/StartPage.png
2026-01-30 01:08:24.230 [JavaFX-Launcher] INFO  o.b.s.HelloApplication - 执行初始化...
2026-01-30 01:08:24.235 [JavaFX Application Thread] INFO  o.b.s.HelloApplication - 工具开始启动并加载...
2026-01-30 01:08:24.280 [JavaFX Application Thread] INFO  o.b.s.Utils.FileUtil - 成功加载文件/org/bxwbb/spigotplugincreatertool/icon/icon.png
2026-01-30 01:08:24.468 [JavaFX Application Thread] INFO  o.b.s.Utils.FileUtil - 成功加载文件/org/bxwbb/spigotplugincreatertool/icon/Universal/OpenFolder.png
2026-01-30 01:08:24.507 [JavaFX Application Thread] INFO  o.b.s.Utils.FileUtil - 成功加载文件/org/bxwbb/spigotplugincreatertool/icon/Universal/NewProject.png
2026-01-30 01:08:24.546 [JavaFX Application Thread] INFO  o.b.s.Utils.FileUtil - 成功加载文件/org/bxwbb/spigotplugincreatertool/icon/Universal/Setting.png
2026-01-30 01:08:24.591 [JavaFX Application Thread] INFO  o.b.s.Utils.FileUtil - 成功加载文件/org/bxwbb/spigotplugincreatertool/icon/Universal/Learn.png
2026-01-30 01:08:24.643 [JavaFX Application Thread] INFO  o.b.s.Utils.FileUtil - 成功加载文件/org/bxwbb/spigotplugincreatertool/icon/Universal/Quit.png
2026-01-30 01:08:35.661 [JavaFX Application Thread] INFO  o.b.s.Utils.FileUtil - 成功加载文件/org/bxwbb/spigotplugincreatertool/icon/MiniWindowIcon/StartPage.png
2026-01-30 01:08:35.671 [JavaFX Application Thread] INFO  o.b.s.Utils.FileUtil - 成功加载文件/org/bxwbb/spigotplugincreatertool/icon/MiniWindowIcon/StartPage.png
2026-01-30 01:10:45.807 [JavaFX Application Thread] INFO  o.b.s.HelloApplication - 执行停止...
2026-01-30 01:12:26.133 [JavaFX-Launcher] INFO  o.b.s.HelloApplication - 执行初始化...
2026-01-30 01:12:26.140 [JavaFX Application Thread] INFO  o.b.s.HelloApplication - 工具开始启动并加载...
2026-01-30 01:12:26.201 [JavaFX Application Thread] INFO  o.b.s.Utils.FileUtil - 成功加载文件/org/bxwbb/spigotplugincreatertool/icon/icon.png
2026-01-30 01:12:26.385 [JavaFX Application Thread] INFO  o.b.s.Utils.FileUtil - 成功加载文件/org/bxwbb/spigotplugincreatertool/icon/Universal/OpenFolder.png
2026-01-30 01:12:26.435 [JavaFX Application Thread] INFO  o.b.s.Utils.FileUtil - 成功加载文件/org/bxwbb/spigotplugincreatertool/icon/Universal/NewProject.png
2026-01-30 01:12:26.485 [JavaFX Application Thread] INFO  o.b.s.Utils.FileUtil - 成功加载文件/org/bxwbb/spigotplugincreatertool/icon/Universal/Setting.png
2026-01-30 01:12:26.558 [JavaFX Application Thread] INFO  o.b.s.Utils.FileUtil - 成功加载文件/org/bxwbb/spigotplugincreatertool/icon/Universal/Learn.png
2026-01-30 01:12:26.611 [JavaFX Application Thread] INFO  o.b.s.Utils.FileUtil - 成功加载文件/org/bxwbb/spigotplugincreatertool/icon/Universal/Quit.png
2026-01-30 01:13:01.846 [JavaFX-Launcher] INFO  o.b.s.HelloApplication - 执行初始化...
2026-01-30 01:13:01.853 [JavaFX Application Thread] INFO  o.b.s.HelloApplication - 工具开始启动并加载...
2026-01-30 01:13:01.894 [JavaFX Application Thread] INFO  o.b.s.Utils.FileUtil - 成功加载文件/org/bxwbb/spigotplugincreatertool/icon/icon.png
2026-01-30 01:13:02.078 [JavaFX Application Thread] INFO  o.b.s.Utils.FileUtil - 成功加载文件/org/bxwbb/spigotplugincreatertool/icon/Universal/OpenFolder.png
2026-01-30 01:13:02.088 [JavaFX Application Thread] INFO  o.b.s.Utils.FileUtil - 成功加载文件/org/bxwbb/spigotplugincreatertool/icon/Universal/NewProject.png
2026-01-30 01:13:02.093 [JavaFX Application Thread] INFO  o.b.s.Utils.FileUtil - 成功加载文件/org/bxwbb/spigotplugincreatertool/icon/Universal/Setting.png
2026-01-30 01:13:02.096 [JavaFX Application Thread] INFO  o.b.s.Utils.FileUtil - 成功加载文件/org/bxwbb/spigotplugincreatertool/icon/Universal/Learn.png
2026-01-30 01:13:02.100 [JavaFX Application Thread] INFO  o.b.s.Utils.FileUtil - 成功加载文件/org/bxwbb/spigotplugincreatertool/icon/Universal/Quit.png
2026-01-30 01:13:02.209 [JavaFX Application Thread] INFO  o.b.s.Utils.FileUtil - 成功加载文件/org/bxwbb/spigotplugincreatertool/icon/MiniWindowIcon/StartPage.png
2026-01-30 01:13:02.245 [JavaFX Application Thread] INFO  o.b.s.Utils.FileUtil - 成功加载文件/org/bxwbb/spigotplugincreatertool/icon/MiniWindowIcon/StartPage.png
2026-01-30 01:14:00.472 [JavaFX-Launcher] INFO  o.b.s.HelloApplication - 执行初始化...
2026-01-30 01:14:00.479 [JavaFX Application Thread] INFO  o.b.s.HelloApplication - 工具开始启动并加载...
2026-01-30 01:14:00.521 [JavaFX Application Thread] INFO  o.b.s.Utils.FileUtil - 成功加载文件/org/bxwbb/spigotplugincreatertool/icon/icon.png
2026-01-30 01:14:00.703 [JavaFX Application Thread] INFO  o.b.s.Utils.FileUtil - 成功加载文件/org/bxwbb/spigotplugincreatertool/icon/Universal/OpenFolder.png
2026-01-30 01:14:00.712 [JavaFX Application Thread] INFO  o.b.s.Utils.FileUtil - 成功加载文件/org/bxwbb/spigotplugincreatertool/icon/Universal/NewProject.png
2026-01-30 01:14:00.718 [JavaFX Application Thread] INFO  o.b.s.Utils.FileUtil - 成功加载文件/org/bxwbb/spigotplugincreatertool/icon/Universal/Setting.png
2026-01-30 01:14:00.722 [JavaFX Application Thread] INFO  o.b.s.Utils.FileUtil - 成功加载文件/org/bxwbb/spigotplugincreatertool/icon/Universal/Learn.png
2026-01-30 01:14:00.725 [JavaFX Application Thread] INFO  o.b.s.Utils.FileUtil - 成功加载文件/org/bxwbb/spigotplugincreatertool/icon/Universal/Quit.png
2026-01-30 01:14:00.832 [JavaFX Application Thread] INFO  o.b.s.Utils.FileUtil - 成功加载文件/org/bxwbb/spigotplugincreatertool/icon/MiniWindowIcon/StartPage.png
2026-01-30 01:14:00.841 [JavaFX Application Thread] INFO  o.b.s.Utils.FileUtil - 成功加载文件/org/bxwbb/spigotplugincreatertool/icon/MiniWindowIcon/StartPage.png
2026-01-30 01:14:05.577 [JavaFX Application Thread] INFO  o.b.s.BxWinLab.Base.BaseLabel - 控件焦点改变至 - org.bxwbb.spigotplugincreatertool.BxWinLab.SwitchBox@6e43fc4a
2026-01-30 01:14:06.182 [JavaFX Application Thread] INFO  o.b.s.BxWinLab.Base.BaseLabel - 控件焦点改变至 - org.bxwbb.spigotplugincreatertool.BxWinLab.ButtonBox@4c31b5aa
2026-01-30 01:14:13.933 [JavaFX Application Thread] INFO  o.b.s.HelloApplication - 执行停止...
2026-01-30 01:14:19.038 [JavaFX-Launcher] INFO  o.b.s.HelloApplication - 执行初始化...
2026-01-30 01:14:19.044 [JavaFX Application Thread] INFO  o.b.s.HelloApplication - 工具开始启动并加载...
2026-01-30 01:14:19.085 [JavaFX Application Thread] INFO  o.b.s.Utils.FileUtil - 成功加载文件/org/bxwbb/spigotplugincreatertool/icon/icon.png
2026-01-30 01:14:19.269 [JavaFX Application Thread] INFO  o.b.s.Utils.FileUtil - 成功加载文件/org/bxwbb/spigotplugincreatertool/icon/Universal/OpenFolder.png
2026-01-30 01:14:19.280 [JavaFX Application Thread] INFO  o.b.s.Utils.FileUtil - 成功加载文件/org/bxwbb/spigotplugincreatertool/icon/Universal/NewProject.png
2026-01-30 01:14:19.284 [JavaFX Application Thread] INFO  o.b.s.Utils.FileUtil - 成功加载文件/org/bxwbb/spigotplugincreatertool/icon/Universal/Setting.png
2026-01-30 01:14:19.289 [JavaFX Application Thread] INFO  o.b.s.Utils.FileUtil - 成功加载文件/org/bxwbb/spigotplugincreatertool/icon/Universal/Learn.png
2026-01-30 01:14:19.292 [JavaFX Application Thread] INFO  o.b.s.Utils.FileUtil - 成功加载文件/org/bxwbb/spigotplugincreatertool/icon/Universal/Quit.png
2026-01-30 01:14:19.402 [JavaFX Application Thread] INFO  o.b.s.Utils.FileUtil - 成功加载文件/org/bxwbb/spigotplugincreatertool/icon/MiniWindowIcon/StartPage.png
2026-01-30 01:14:19.411 [JavaFX Application Thread] INFO  o.b.s.Utils.FileUtil - 成功加载文件/org/bxwbb/spigotplugincreatertool/icon/MiniWindowIcon/StartPage.png
2026-01-30 01:14:38.761 [JavaFX Application Thread] INFO  o.b.s.BxWinLab.Base.BaseLabel - 控件焦点改变至 - org.bxwbb.spigotplugincreatertool.BxWinLab.SwitchBox@736f03fa
2026-01-30 01:14:39.408 [JavaFX Application Thread] INFO  o.b.s.BxWinLab.Base.BaseLabel - 控件焦点改变至 - org.bxwbb.spigotplugincreatertool.BxWinLab.ButtonBox@71ec47f3
2026-01-30 01:14:40.290 [JavaFX Application Thread] INFO  o.b.s.BxWinLab.Base.BaseLabel - 控件焦点改变至 - org.bxwbb.spigotplugincreatertool.BxWinLab.ImageTextButtonBox@54412923
2026-01-30 01:14:40.634 [JavaFX Application Thread] INFO  o.b.s.BxWinLab.Base.BaseLabel - 控件焦点改变至 - org.bxwbb.spigotplugincreatertool.BxWinLab.ImageTextButtonBox@44cc72bd
2026-01-30 01:14:40.969 [JavaFX Application Thread] INFO  o.b.s.BxWinLab.Base.BaseLabel - 控件焦点改变至 - org.bxwbb.spigotplugincreatertool.BxWinLab.ImageTextButtonBox@8bc818c
2026-01-30 01:14:41.321 [JavaFX Application Thread] INFO  o.b.s.BxWinLab.Base.BaseLabel - 控件焦点改变至 - org.bxwbb.spigotplugincreatertool.BxWinLab.ImageTextButtonBox@ec4bc5d
2026-01-30 13:32:21.094 [JavaFX Application Thread] INFO  o.b.s.HelloApplication - 执行停止...
2026-01-30 13:33:27.447 [JavaFX-Launcher] INFO  o.b.s.HelloApplication - 执行初始化...
2026-01-30 13:33:27.453 [JavaFX Application Thread] INFO  o.b.s.HelloApplication - 工具开始启动并加载...
2026-01-30 13:33:27.496 [JavaFX Application Thread] INFO  o.b.s.Utils.FileUtil - 成功加载文件/org/bxwbb/spigotplugincreatertool/icon/icon.png
2026-01-30 13:33:27.743 [JavaFX Application Thread] INFO  o.b.s.Utils.FileUtil - 成功加载文件/org/bxwbb/spigotplugincreatertool/icon/Universal/OpenFolder.png
2026-01-30 13:33:27.753 [JavaFX Application Thread] INFO  o.b.s.Utils.FileUtil - 成功加载文件/org/bxwbb/spigotplugincreatertool/icon/Universal/NewProject.png
2026-01-30 13:33:27.758 [JavaFX Application Thread] INFO  o.b.s.Utils.FileUtil - 成功加载文件/org/bxwbb/spigotplugincreatertool/icon/Universal/Setting.png
2026-01-30 13:33:27.762 [JavaFX Application Thread] INFO  o.b.s.Utils.FileUtil - 成功加载文件/org/bxwbb/spigotplugincreatertool/icon/Universal/Learn.png
2026-01-30 13:33:27.765 [JavaFX Application Thread] INFO  o.b.s.Utils.FileUtil - 成功加载文件/org/bxwbb/spigotplugincreatertool/icon/Universal/Quit.png
2026-01-30 13:33:27.881 [JavaFX Application Thread] INFO  o.b.s.Utils.FileUtil - 成功加载文件/org/bxwbb/spigotplugincreatertool/icon/MiniWindowIcon/StartPage.png
2026-01-30 13:33:27.890 [JavaFX Application Thread] INFO  o.b.s.Utils.FileUtil - 成功加载文件/org/bxwbb/spigotplugincreatertool/icon/MiniWindowIcon/StartPage.png
2026-01-30 13:34:26.165 [JavaFX-Launcher] INFO  o.b.s.HelloApplication - 执行初始化...
2026-01-30 13:34:26.171 [JavaFX Application Thread] INFO  o.b.s.HelloApplication - 工具开始启动并加载...
2026-01-30 13:34:26.212 [JavaFX Application Thread] INFO  o.b.s.Utils.FileUtil - 成功加载文件/org/bxwbb/spigotplugincreatertool/icon/icon.png
2026-01-30 13:34:26.396 [JavaFX Application Thread] INFO  o.b.s.Utils.FileUtil - 成功加载文件/org/bxwbb/spigotplugincreatertool/icon/Universal/OpenFolder.png
2026-01-30 13:34:26.404 [JavaFX Application Thread] INFO  o.b.s.Utils.FileUtil - 成功加载文件/org/bxwbb/spigotplugincreatertool/icon/Universal/NewProject.png
2026-01-30 13:34:26.410 [JavaFX Application Thread] INFO  o.b.s.Utils.FileUtil - 成功加载文件/org/bxwbb/spigotplugincreatertool/icon/Universal/Setting.png
2026-01-30 13:34:26.414 [JavaFX Application Thread] INFO  o.b.s.Utils.FileUtil - 成功加载文件/org/bxwbb/spigotplugincreatertool/icon/Universal/Learn.png
2026-01-30 13:34:26.418 [JavaFX Application Thread] INFO  o.b.s.Utils.FileUtil - 成功加载文件/org/bxwbb/spigotplugincreatertool/icon/Universal/Quit.png
2026-01-30 13:34:26.527 [JavaFX Application Thread] INFO  o.b.s.Utils.FileUtil - 成功加载文件/org/bxwbb/spigotplugincreatertool/icon/MiniWindowIcon/StartPage.png
2026-01-30 13:34:26.533 [JavaFX Application Thread] INFO  o.b.s.Utils.FileUtil - 成功加载文件/org/bxwbb/spigotplugincreatertool/icon/MiniWindowIcon/StartPage.png
2026-01-30 13:35:04.767 [JavaFX Application Thread] INFO  o.b.s.BxWinLab.Base.BaseLabel - 控件焦点改变至 - org.bxwbb.spigotplugincreatertool.BxWinLab.SwitchBox@7fe91dae
2026-01-30 13:35:17.200 [JavaFX Application Thread] INFO  o.b.s.HelloApplication - 执行停止...
2026-01-30 13:37:50.932 [JavaFX-Launcher] INFO  o.b.s.HelloApplication - 执行初始化...
2026-01-30 13:37:50.937 [JavaFX Application Thread] INFO  o.b.s.HelloApplication - 工具开始启动并加载...
2026-01-30 13:37:50.979 [JavaFX Application Thread] INFO  o.b.s.Utils.FileUtil - 成功加载文件/org/bxwbb/spigotplugincreatertool/icon/icon.png
2026-01-30 13:37:51.157 [JavaFX Application Thread] INFO  o.b.s.Utils.FileUtil - 成功加载文件/org/bxwbb/spigotplugincreatertool/icon/Universal/OpenFolder.png
2026-01-30 13:37:51.166 [JavaFX Application Thread] INFO  o.b.s.Utils.FileUtil - 成功加载文件/org/bxwbb/spigotplugincreatertool/icon/Universal/NewProject.png
2026-01-30 13:37:51.171 [JavaFX Application Thread] INFO  o.b.s.Utils.FileUtil - 成功加载文件/org/bxwbb/spigotplugincreatertool/icon/Universal/Setting.png
2026-01-30 13:37:51.175 [JavaFX Application Thread] INFO  o.b.s.Utils.FileUtil - 成功加载文件/org/bxwbb/spigotplugincreatertool/icon/Universal/Learn.png
2026-01-30 13:37:51.178 [JavaFX Application Thread] INFO  o.b.s.Utils.FileUtil - 成功加载文件/org/bxwbb/spigotplugincreatertool/icon/Universal/Quit.png
2026-01-30 13:37:51.286 [JavaFX Application Thread] INFO  o.b.s.Utils.FileUtil - 成功加载文件/org/bxwbb/spigotplugincreatertool/icon/MiniWindowIcon/StartPage.png
2026-01-30 13:37:51.294 [JavaFX Application Thread] INFO  o.b.s.Utils.FileUtil - 成功加载文件/org/bxwbb/spigotplugincreatertool/icon/MiniWindowIcon/StartPage.png
2026-01-30 13:37:56.475 [JavaFX Application Thread] INFO  o.b.s.BxWinLab.Base.BaseLabel - 控件焦点改变至 - org.bxwbb.spigotplugincreatertool.BxWinLab.SwitchBox@7fe91dae
2026-01-30 13:37:58.398 [JavaFX Application Thread] INFO  o.b.s.BxWinLab.Base.BaseLabel - 控件焦点改变至 - org.bxwbb.spigotplugincreatertool.BxWinLab.ButtonBox@3b0dbf1c
2026-01-30 13:37:59.954 [JavaFX Application Thread] INFO  o.b.s.HelloApplication - 执行停止...
2026-01-30 13:38:14.566 [JavaFX-Launcher] INFO  o.b.s.HelloApplication - 执行初始化...
2026-01-30 13:38:14.571 [JavaFX Application Thread] INFO  o.b.s.HelloApplication - 工具开始启动并加载...
2026-01-30 13:38:14.613 [JavaFX Application Thread] INFO  o.b.s.Utils.FileUtil - 成功加载文件/org/bxwbb/spigotplugincreatertool/icon/icon.png
2026-01-30 13:38:14.782 [JavaFX Application Thread] INFO  o.b.s.Utils.FileUtil - 成功加载文件/org/bxwbb/spigotplugincreatertool/icon/Universal/OpenFolder.png
2026-01-30 13:38:14.793 [JavaFX Application Thread] INFO  o.b.s.Utils.FileUtil - 成功加载文件/org/bxwbb/spigotplugincreatertool/icon/Universal/NewProject.png
2026-01-30 13:38:14.797 [JavaFX Application Thread] INFO  o.b.s.Utils.FileUtil - 成功加载文件/org/bxwbb/spigotplugincreatertool/icon/Universal/Setting.png
2026-01-30 13:38:14.800 [JavaFX Application Thread] INFO  o.b.s.Utils.FileUtil - 成功加载文件/org/bxwbb/spigotplugincreatertool/icon/Universal/Learn.png
2026-01-30 13:38:14.802 [JavaFX Application Thread] INFO  o.b.s.Utils.FileUtil - 成功加载文件/org/bxwbb/spigotplugincreatertool/icon/Universal/Quit.png
2026-01-30 13:38:14.818 [JavaFX Application Thread] INFO  o.b.s.Utils.FileUtil - 成功加载文件/org/bxwbb/spigotplugincreatertool/icon/MiniWindowIcon/StartPage.png
2026-01-30 13:38:14.825 [JavaFX Application Thread] INFO  o.b.s.Utils.FileUtil - 成功加载文件/org/bxwbb/spigotplugincreatertool/icon/MiniWindowIcon/StartPage.png
2026-01-30 13:38:19.053 [JavaFX Application Thread] INFO  o.b.s.HelloApplication - 执行停止...
2026-01-30 13:38:31.801 [JavaFX-Launcher] INFO  o.b.s.HelloApplication - 执行初始化...
2026-01-30 13:38:31.807 [JavaFX Application Thread] INFO  o.b.s.HelloApplication - 工具开始启动并加载...
2026-01-30 13:38:31.847 [JavaFX Application Thread] INFO  o.b.s.Utils.FileUtil - 成功加载文件/org/bxwbb/spigotplugincreatertool/icon/icon.png
2026-01-30 13:38:32.024 [JavaFX Application Thread] INFO  o.b.s.Utils.FileUtil - 成功加载文件/org/bxwbb/spigotplugincreatertool/icon/Universal/OpenFolder.png
2026-01-30 13:38:32.031 [JavaFX Application Thread] INFO  o.b.s.Utils.FileUtil - 成功加载文件/org/bxwbb/spigotplugincreatertool/icon/Universal/NewProject.png
2026-01-30 13:38:32.034 [JavaFX Application Thread] INFO  o.b.s.Utils.FileUtil - 成功加载文件/org/bxwbb/spigotplugincreatertool/icon/Universal/Setting.png
2026-01-30 13:38:32.037 [JavaFX Application Thread] INFO  o.b.s.Utils.FileUtil - 成功加载文件/org/bxwbb/spigotplugincreatertool/icon/Universal/Learn.png
2026-01-30 13:38:32.040 [JavaFX Application Thread] INFO  o.b.s.Utils.FileUtil - 成功加载文件/org/bxwbb/spigotplugincreatertool/icon/Universal/Quit.png
2026-01-30 13:38:32.068 [JavaFX Application Thread] INFO  o.b.s.Utils.FileUtil - 成功加载文件/org/bxwbb/spigotplugincreatertool/icon/MiniWindowIcon/StartPage.png
2026-01-30 13:38:32.074 [JavaFX Application Thread] INFO  o.b.s.Utils.FileUtil - 成功加载文件/org/bxwbb/spigotplugincreatertool/icon/MiniWindowIcon/StartPage.png
2026-01-30 13:38:33.470 [JavaFX Application Thread] INFO  o.b.s.BxWinLab.Base.BaseLabel - 控件焦点改变至 - org.bxwbb.spigotplugincreatertool.Window.StartPage@1a63c3fd
2026-01-30 13:38:37.563 [JavaFX Application Thread] INFO  o.b.s.HelloApplication - 执行停止...
2026-01-30 13:42:24.179 [JavaFX-Launcher] INFO  o.b.s.HelloApplication - 执行初始化...
2026-01-30 13:42:24.183 [JavaFX Application Thread] INFO  o.b.s.HelloApplication - 工具开始启动并加载...
2026-01-30 13:42:24.225 [JavaFX Application Thread] INFO  o.b.s.Utils.FileUtil - 成功加载文件/org/bxwbb/spigotplugincreatertool/icon/icon.png
2026-01-30 13:42:24.406 [JavaFX Application Thread] INFO  o.b.s.Utils.FileUtil - 成功加载文件/org/bxwbb/spigotplugincreatertool/icon/Universal/OpenFolder.png
2026-01-30 13:42:24.414 [JavaFX Application Thread] INFO  o.b.s.Utils.FileUtil - 成功加载文件/org/bxwbb/spigotplugincreatertool/icon/Universal/NewProject.png
2026-01-30 13:42:24.418 [JavaFX Application Thread] INFO  o.b.s.Utils.FileUtil - 成功加载文件/org/bxwbb/spigotplugincreatertool/icon/Universal/Setting.png
2026-01-30 13:42:24.420 [JavaFX Application Thread] INFO  o.b.s.Utils.FileUtil - 成功加载文件/org/bxwbb/spigotplugincreatertool/icon/Universal/Learn.png
2026-01-30 13:42:24.423 [JavaFX Application Thread] INFO  o.b.s.Utils.FileUtil - 成功加载文件/org/bxwbb/spigotplugincreatertool/icon/Universal/Quit.png
2026-01-30 13:42:24.440 [JavaFX Application Thread] INFO  o.b.s.Utils.FileUtil - 成功加载文件/org/bxwbb/spigotplugincreatertool/icon/MiniWindowIcon/StartPage.png
2026-01-30 13:42:24.448 [JavaFX Application Thread] INFO  o.b.s.Utils.FileUtil - 成功加载文件/org/bxwbb/spigotplugincreatertool/icon/MiniWindowIcon/StartPage.png
2026-01-30 13:42:30.577 [JavaFX Application Thread] INFO  o.b.s.HelloApplication - 执行停止...
2026-01-30 13:42:50.195 [JavaFX-Launcher] INFO  o.b.s.HelloApplication - 执行初始化...
2026-01-30 13:42:50.200 [JavaFX Application Thread] INFO  o.b.s.HelloApplication - 工具开始启动并加载...
2026-01-30 13:42:50.243 [JavaFX Application Thread] INFO  o.b.s.Utils.FileUtil - 成功加载文件/org/bxwbb/spigotplugincreatertool/icon/icon.png
2026-01-30 13:42:50.417 [JavaFX Application Thread] INFO  o.b.s.Utils.FileUtil - 成功加载文件/org/bxwbb/spigotplugincreatertool/icon/Universal/OpenFolder.png
2026-01-30 13:42:50.428 [JavaFX Application Thread] INFO  o.b.s.Utils.FileUtil - 成功加载文件/org/bxwbb/spigotplugincreatertool/icon/Universal/NewProject.png
2026-01-30 13:42:50.432 [JavaFX Application Thread] INFO  o.b.s.Utils.FileUtil - 成功加载文件/org/bxwbb/spigotplugincreatertool/icon/Universal/Setting.png
2026-01-30 13:42:50.435 [JavaFX Application Thread] INFO  o.b.s.Utils.FileUtil - 成功加载文件/org/bxwbb/spigotplugincreatertool/icon/Universal/Learn.png
2026-01-30 13:42:50.437 [JavaFX Application Thread] INFO  o.b.s.Utils.FileUtil - 成功加载文件/org/bxwbb/spigotplugincreatertool/icon/Universal/Quit.png
2026-01-30 13:42:50.454 [JavaFX Application Thread] INFO  o.b.s.Utils.FileUtil - 成功加载文件/org/bxwbb/spigotplugincreatertool/icon/MiniWindowIcon/StartPage.png
2026-01-30 13:42:50.462 [JavaFX Application Thread] INFO  o.b.s.Utils.FileUtil - 成功加载文件/org/bxwbb/spigotplugincreatertool/icon/MiniWindowIcon/StartPage.png
2026-01-30 13:42:51.928 [JavaFX Application Thread] INFO  o.b.s.HelloApplication - 执行停止...
2026-01-30 13:46:48.387 [JavaFX-Launcher] INFO  o.b.s.HelloApplication - 执行初始化...
2026-01-30 13:46:48.392 [JavaFX Application Thread] INFO  o.b.s.HelloApplication - 工具开始启动并加载...
2026-01-30 13:46:48.433 [JavaFX Application Thread] INFO  o.b.s.Utils.FileUtil - 成功加载文件/org/bxwbb/spigotplugincreatertool/icon/icon.png
2026-01-30 13:46:48.616 [JavaFX Application Thread] INFO  o.b.s.Utils.FileUtil - 成功加载文件/org/bxwbb/spigotplugincreatertool/icon/Universal/OpenFolder.png
2026-01-30 13:46:48.624 [JavaFX Application Thread] INFO  o.b.s.Utils.FileUtil - 成功加载文件/org/bxwbb/spigotplugincreatertool/icon/Universal/NewProject.png
2026-01-30 13:46:48.628 [JavaFX Application Thread] INFO  o.b.s.Utils.FileUtil - 成功加载文件/org/bxwbb/spigotplugincreatertool/icon/Universal/Setting.png
2026-01-30 13:46:48.631 [JavaFX Application Thread] INFO  o.b.s.Utils.FileUtil - 成功加载文件/org/bxwbb/spigotplugincreatertool/icon/Universal/Learn.png
2026-01-30 13:46:48.633 [JavaFX Application Thread] INFO  o.b.s.Utils.FileUtil - 成功加载文件/org/bxwbb/spigotplugincreatertool/icon/Universal/Quit.png
2026-01-30 13:46:48.652 [JavaFX Application Thread] INFO  o.b.s.Utils.FileUtil - 成功加载文件/org/bxwbb/spigotplugincreatertool/icon/MiniWindowIcon/StartPage.png
2026-01-30 13:46:48.659 [JavaFX Application Thread] INFO  o.b.s.Utils.FileUtil - 成功加载文件/org/bxwbb/spigotplugincreatertool/icon/MiniWindowIcon/StartPage.png
2026-01-30 13:46:49.780 [JavaFX Application Thread] INFO  o.b.s.BxWinLab.BaseLabel - 控件焦点改变至 - org.bxwbb.spigotplugincreatertool.BxWinLab.ImageTextButtonBox@155959f8
2026-01-30 13:46:49.888 [JavaFX Application Thread] INFO  o.b.s.HelloApplication - 执行停止...
2026-01-30 13:47:13.010 [JavaFX-Launcher] INFO  o.b.s.HelloApplication - 执行初始化...
2026-01-30 13:47:13.015 [JavaFX Application Thread] INFO  o.b.s.HelloApplication - 工具开始启动并加载...
2026-01-30 13:47:13.058 [JavaFX Application Thread] INFO  o.b.s.Utils.FileUtil - 成功加载文件/org/bxwbb/spigotplugincreatertool/icon/icon.png
2026-01-30 13:47:13.243 [JavaFX Application Thread] INFO  o.b.s.Utils.FileUtil - 成功加载文件/org/bxwbb/spigotplugincreatertool/icon/Universal/OpenFolder.png
2026-01-30 13:47:13.251 [JavaFX Application Thread] INFO  o.b.s.Utils.FileUtil - 成功加载文件/org/bxwbb/spigotplugincreatertool/icon/Universal/NewProject.png
2026-01-30 13:47:13.255 [JavaFX Application Thread] INFO  o.b.s.Utils.FileUtil - 成功加载文件/org/bxwbb/spigotplugincreatertool/icon/Universal/Setting.png
2026-01-30 13:47:13.258 [JavaFX Application Thread] INFO  o.b.s.Utils.FileUtil - 成功加载文件/org/bxwbb/spigotplugincreatertool/icon/Universal/Learn.png
2026-01-30 13:47:13.261 [JavaFX Application Thread] INFO  o.b.s.Utils.FileUtil - 成功加载文件/org/bxwbb/spigotplugincreatertool/icon/Universal/Quit.png
2026-01-30 13:47:13.279 [JavaFX Application Thread] INFO  o.b.s.Utils.FileUtil - 成功加载文件/org/bxwbb/spigotplugincreatertool/icon/MiniWindowIcon/StartPage.png
2026-01-30 13:47:13.286 [JavaFX Application Thread] INFO  o.b.s.Utils.FileUtil - 成功加载文件/org/bxwbb/spigotplugincreatertool/icon/MiniWindowIcon/StartPage.png
2026-01-30 13:47:15.099 [JavaFX Application Thread] INFO  o.b.s.HelloApplication - 执行停止...
2026-01-30 13:47:24.369 [JavaFX-Launcher] INFO  o.b.s.HelloApplication - 执行初始化...
2026-01-30 13:47:24.375 [JavaFX Application Thread] INFO  o.b.s.HelloApplication - 工具开始启动并加载...
2026-01-30 13:47:24.415 [JavaFX Application Thread] INFO  o.b.s.Utils.FileUtil - 成功加载文件/org/bxwbb/spigotplugincreatertool/icon/icon.png
2026-01-30 13:47:24.589 [JavaFX Application Thread] INFO  o.b.s.Utils.FileUtil - 成功加载文件/org/bxwbb/spigotplugincreatertool/icon/Universal/OpenFolder.png
2026-01-30 13:47:24.597 [JavaFX Application Thread] INFO  o.b.s.Utils.FileUtil - 成功加载文件/org/bxwbb/spigotplugincreatertool/icon/Universal/NewProject.png
2026-01-30 13:47:24.601 [JavaFX Application Thread] INFO  o.b.s.Utils.FileUtil - 成功加载文件/org/bxwbb/spigotplugincreatertool/icon/Universal/Setting.png
2026-01-30 13:47:24.605 [JavaFX Application Thread] INFO  o.b.s.Utils.FileUtil - 成功加载文件/org/bxwbb/spigotplugincreatertool/icon/Universal/Learn.png
2026-01-30 13:47:24.608 [JavaFX Application Thread] INFO  o.b.s.Utils.FileUtil - 成功加载文件/org/bxwbb/spigotplugincreatertool/icon/Universal/Quit.png
2026-01-30 13:47:24.682 [JavaFX Application Thread] INFO  o.b.s.Utils.FileUtil - 成功加载文件/org/bxwbb/spigotplugincreatertool/icon/MiniWindowIcon/StartPage.png
2026-01-30 13:47:24.690 [JavaFX Application Thread] INFO  o.b.s.Utils.FileUtil - 成功加载文件/org/bxwbb/spigotplugincreatertool/icon/MiniWindowIcon/StartPage.png
2026-01-30 13:47:31.320 [JavaFX Application Thread] INFO  o.b.s.HelloApplication - 执行停止...
2026-01-30 13:48:43.955 [JavaFX-Launcher] INFO  o.b.s.HelloApplication - 执行初始化...
2026-01-30 13:48:43.961 [JavaFX Application Thread] INFO  o.b.s.HelloApplication - 工具开始启动并加载...
2026-01-30 13:48:44.002 [JavaFX Application Thread] INFO  o.b.s.Utils.FileUtil - 成功加载文件/org/bxwbb/spigotplugincreatertool/icon/icon.png
2026-01-30 13:48:44.185 [JavaFX Application Thread] INFO  o.b.s.Utils.FileUtil - 成功加载文件/org/bxwbb/spigotplugincreatertool/icon/Universal/OpenFolder.png
2026-01-30 13:48:44.193 [JavaFX Application Thread] INFO  o.b.s.Utils.FileUtil - 成功加载文件/org/bxwbb/spigotplugincreatertool/icon/Universal/NewProject.png
2026-01-30 13:48:44.197 [JavaFX Application Thread] INFO  o.b.s.Utils.FileUtil - 成功加载文件/org/bxwbb/spigotplugincreatertool/icon/Universal/Setting.png
2026-01-30 13:48:44.200 [JavaFX Application Thread] INFO  o.b.s.Utils.FileUtil - 成功加载文件/org/bxwbb/spigotplugincreatertool/icon/Universal/Learn.png
2026-01-30 13:48:44.203 [JavaFX Application Thread] INFO  o.b.s.Utils.FileUtil - 成功加载文件/org/bxwbb/spigotplugincreatertool/icon/Universal/Quit.png
2026-01-30 13:48:44.264 [JavaFX Application Thread] INFO  o.b.s.Utils.FileUtil - 成功加载文件/org/bxwbb/spigotplugincreatertool/icon/MiniWindowIcon/StartPage.png
2026-01-30 13:48:44.272 [JavaFX Application Thread] INFO  o.b.s.Utils.FileUtil - 成功加载文件/org/bxwbb/spigotplugincreatertool/icon/MiniWindowIcon/StartPage.png
2026-01-30 13:48:54.862 [JavaFX Application Thread] INFO  o.b.s.HelloApplication - 执行停止...
2026-01-30 13:49:12.892 [JavaFX-Launcher] INFO  o.b.s.HelloApplication - 执行初始化...
2026-01-30 13:49:12.898 [JavaFX Application Thread] INFO  o.b.s.HelloApplication - 工具开始启动并加载...
2026-01-30 13:49:12.940 [JavaFX Application Thread] INFO  o.b.s.Utils.FileUtil - 成功加载文件/org/bxwbb/spigotplugincreatertool/icon/icon.png
2026-01-30 13:49:13.118 [JavaFX Application Thread] INFO  o.b.s.Utils.FileUtil - 成功加载文件/org/bxwbb/spigotplugincreatertool/icon/Universal/OpenFolder.png
2026-01-30 13:49:13.129 [JavaFX Application Thread] INFO  o.b.s.Utils.FileUtil - 成功加载文件/org/bxwbb/spigotplugincreatertool/icon/Universal/NewProject.png
2026-01-30 13:49:13.133 [JavaFX Application Thread] INFO  o.b.s.Utils.FileUtil - 成功加载文件/org/bxwbb/spigotplugincreatertool/icon/Universal/Setting.png
2026-01-30 13:49:13.137 [JavaFX Application Thread] INFO  o.b.s.Utils.FileUtil - 成功加载文件/org/bxwbb/spigotplugincreatertool/icon/Universal/Learn.png
2026-01-30 13:49:13.139 [JavaFX Application Thread] INFO  o.b.s.Utils.FileUtil - 成功加载文件/org/bxwbb/spigotplugincreatertool/icon/Universal/Quit.png
2026-01-30 13:49:13.198 [JavaFX Application Thread] INFO  o.b.s.Utils.FileUtil - 成功加载文件/org/bxwbb/spigotplugincreatertool/icon/MiniWindowIcon/StartPage.png
2026-01-30 13:49:13.207 [JavaFX Application Thread] INFO  o.b.s.Utils.FileUtil - 成功加载文件/org/bxwbb/spigotplugincreatertool/icon/MiniWindowIcon/StartPage.png
2026-01-30 13:49:29.543 [JavaFX Application Thread] INFO  o.b.s.BxWinLab.BaseLabel - 控件焦点改变至 - org.bxwbb.spigotplugincreatertool.BxWinLab.ImageTextButtonBox@539eaf6a
2026-01-30 13:49:29.606 [JavaFX Application Thread] INFO  o.b.s.HelloApplication - 执行停止...
2026-01-30 13:53:40.481 [JavaFX-Launcher] INFO  o.b.s.HelloApplication - 执行初始化...
2026-01-30 13:53:40.487 [JavaFX Application Thread] INFO  o.b.s.HelloApplication - 工具开始启动并加载...
2026-01-30 13:53:40.527 [JavaFX Application Thread] INFO  o.b.s.Utils.FileUtil - 成功加载文件/org/bxwbb/spigotplugincreatertool/icon/icon.png
2026-01-30 13:53:40.700 [JavaFX Application Thread] INFO  o.b.s.Utils.FileUtil - 成功加载文件/org/bxwbb/spigotplugincreatertool/icon/Universal/OpenFolder.png
2026-01-30 13:53:40.709 [JavaFX Application Thread] INFO  o.b.s.Utils.FileUtil - 成功加载文件/org/bxwbb/spigotplugincreatertool/icon/Universal/NewProject.png
2026-01-30 13:53:40.713 [JavaFX Application Thread] INFO  o.b.s.Utils.FileUtil - 成功加载文件/org/bxwbb/spigotplugincreatertool/icon/Universal/Setting.png
2026-01-30 13:53:40.716 [JavaFX Application Thread] INFO  o.b.s.Utils.FileUtil - 成功加载文件/org/bxwbb/spigotplugincreatertool/icon/Universal/Learn.png
2026-01-30 13:53:40.719 [JavaFX Application Thread] INFO  o.b.s.Utils.FileUtil - 成功加载文件/org/bxwbb/spigotplugincreatertool/icon/Universal/Quit.png
2026-01-30 13:53:40.772 [JavaFX Application Thread] INFO  o.b.s.Utils.FileUtil - 成功加载文件/org/bxwbb/spigotplugincreatertool/icon/MiniWindowIcon/StartPage.png
2026-01-30 13:53:40.780 [JavaFX Application Thread] INFO  o.b.s.Utils.FileUtil - 成功加载文件/org/bxwbb/spigotplugincreatertool/icon/MiniWindowIcon/StartPage.png
2026-01-30 13:53:53.600 [JavaFX Application Thread] INFO  o.b.s.BxWinLab.BaseLabel - 控件焦点改变至 - org.bxwbb.spigotplugincreatertool.BxWinLab.ImageTextButtonBox@27c33b85
2026-01-30 13:53:53.691 [JavaFX Application Thread] INFO  o.b.s.HelloApplication - 执行停止...
2026-01-30 13:57:06.149 [JavaFX-Launcher] INFO  o.b.s.HelloApplication - 执行初始化...
2026-01-30 13:57:06.155 [JavaFX Application Thread] INFO  o.b.s.HelloApplication - 工具开始启动并加载...
2026-01-30 13:57:06.196 [JavaFX Application Thread] INFO  o.b.s.Utils.FileUtil - 成功加载文件/org/bxwbb/spigotplugincreatertool/icon/icon.png
2026-01-30 13:57:06.367 [JavaFX Application Thread] INFO  o.b.s.Utils.FileUtil - 成功加载文件/org/bxwbb/spigotplugincreatertool/icon/Universal/OpenFolder.png
2026-01-30 13:57:06.375 [JavaFX Application Thread] INFO  o.b.s.Utils.FileUtil - 成功加载文件/org/bxwbb/spigotplugincreatertool/icon/Universal/NewProject.png
2026-01-30 13:57:06.379 [JavaFX Application Thread] INFO  o.b.s.Utils.FileUtil - 成功加载文件/org/bxwbb/spigotplugincreatertool/icon/Universal/Setting.png
2026-01-30 13:57:06.382 [JavaFX Application Thread] INFO  o.b.s.Utils.FileUtil - 成功加载文件/org/bxwbb/spigotplugincreatertool/icon/Universal/Learn.png
2026-01-30 13:57:06.385 [JavaFX Application Thread] INFO  o.b.s.Utils.FileUtil - 成功加载文件/org/bxwbb/spigotplugincreatertool/icon/Universal/Quit.png
2026-01-30 13:57:06.421 [JavaFX Application Thread] INFO  o.b.s.Utils.FileUtil - 成功加载文件/org/bxwbb/spigotplugincreatertool/icon/MiniWindowIcon/StartPage.png
2026-01-30 13:57:06.428 [JavaFX Application Thread] INFO  o.b.s.Utils.FileUtil - 成功加载文件/org/bxwbb/spigotplugincreatertool/icon/MiniWindowIcon/StartPage.png
2026-01-30 13:57:12.757 [JavaFX Application Thread] INFO  o.b.s.BxWinLab.BaseLabel - 控件焦点改变至 - org.bxwbb.spigotplugincreatertool.BxWinLab.ImageTextButtonBox@776411c9
2026-01-30 13:57:12.840 [JavaFX Application Thread] INFO  o.b.s.HelloApplication - 执行停止...
2026-01-30 14:00:29.866 [JavaFX-Launcher] INFO  o.b.s.HelloApplication - 执行初始化...
2026-01-30 14:00:29.872 [JavaFX Application Thread] INFO  o.b.s.HelloApplication - 工具开始启动并加载...
2026-01-30 14:00:29.914 [JavaFX Application Thread] INFO  o.b.s.Utils.FileUtil - 成功加载文件/org/bxwbb/spigotplugincreatertool/icon/icon.png
2026-01-30 14:00:30.100 [JavaFX Application Thread] INFO  o.b.s.Utils.FileUtil - 成功加载文件/org/bxwbb/spigotplugincreatertool/icon/Universal/OpenFolder.png
2026-01-30 14:00:30.108 [JavaFX Application Thread] INFO  o.b.s.Utils.FileUtil - 成功加载文件/org/bxwbb/spigotplugincreatertool/icon/Universal/NewProject.png
2026-01-30 14:00:30.112 [JavaFX Application Thread] INFO  o.b.s.Utils.FileUtil - 成功加载文件/org/bxwbb/spigotplugincreatertool/icon/Universal/Setting.png
2026-01-30 14:00:30.116 [JavaFX Application Thread] INFO  o.b.s.Utils.FileUtil - 成功加载文件/org/bxwbb/spigotplugincreatertool/icon/Universal/Learn.png
2026-01-30 14:00:30.118 [JavaFX Application Thread] INFO  o.b.s.Utils.FileUtil - 成功加载文件/org/bxwbb/spigotplugincreatertool/icon/Universal/Quit.png
2026-01-30 14:00:30.158 [JavaFX Application Thread] INFO  o.b.s.Utils.FileUtil - 成功加载文件/org/bxwbb/spigotplugincreatertool/icon/MiniWindowIcon/StartPage.png
2026-01-30 14:00:30.167 [JavaFX Application Thread] INFO  o.b.s.Utils.FileUtil - 成功加载文件/org/bxwbb/spigotplugincreatertool/icon/MiniWindowIcon/StartPage.png
2026-01-30 14:00:34.906 [JavaFX Application Thread] INFO  o.b.s.HelloApplication - 执行停止...
2026-01-30 14:01:06.888 [JavaFX-Launcher] INFO  o.b.s.HelloApplication - 执行初始化...
2026-01-30 14:01:06.893 [JavaFX Application Thread] INFO  o.b.s.HelloApplication - 工具开始启动并加载...
2026-01-30 14:01:06.936 [JavaFX Application Thread] INFO  o.b.s.Utils.FileUtil - 成功加载文件/org/bxwbb/spigotplugincreatertool/icon/icon.png
2026-01-30 14:01:07.114 [JavaFX Application Thread] INFO  o.b.s.Utils.FileUtil - 成功加载文件/org/bxwbb/spigotplugincreatertool/icon/Universal/OpenFolder.png
2026-01-30 14:01:07.125 [JavaFX Application Thread] INFO  o.b.s.Utils.FileUtil - 成功加载文件/org/bxwbb/spigotplugincreatertool/icon/Universal/NewProject.png
2026-01-30 14:01:07.128 [JavaFX Application Thread] INFO  o.b.s.Utils.FileUtil - 成功加载文件/org/bxwbb/spigotplugincreatertool/icon/Universal/Setting.png
2026-01-30 14:01:07.131 [JavaFX Application Thread] INFO  o.b.s.Utils.FileUtil - 成功加载文件/org/bxwbb/spigotplugincreatertool/icon/Universal/Learn.png
2026-01-30 14:01:07.133 [JavaFX Application Thread] INFO  o.b.s.Utils.FileUtil - 成功加载文件/org/bxwbb/spigotplugincreatertool/icon/Universal/Quit.png
2026-01-30 14:01:07.138 [JavaFX Application Thread] INFO  o.b.s.Utils.FileUtil - 成功加载文件/org/bxwbb/spigotplugincreatertool/icon/MiniWindowIcon/StartPage.png
2026-01-30 14:01:07.142 [JavaFX Application Thread] INFO  o.b.s.Utils.FileUtil - 成功加载文件/org/bxwbb/spigotplugincreatertool/icon/MiniWindowIcon/StartPage.png
2026-01-30 14:01:12.938 [JavaFX Application Thread] INFO  o.b.s.BxWinLab.BaseLabel - 控件焦点改变至 - org.bxwbb.spigotplugincreatertool.BxWinLab.SwitchBox@219e6f00
2026-01-30 14:01:14.531 [JavaFX Application Thread] INFO  o.b.s.HelloApplication - 执行停止...
2026-01-30 14:02:02.069 [JavaFX-Launcher] INFO  o.b.s.HelloApplication - 执行初始化...
2026-01-30 14:02:02.074 [JavaFX Application Thread] INFO  o.b.s.HelloApplication - 工具开始启动并加载...
2026-01-30 14:02:02.116 [JavaFX Application Thread] INFO  o.b.s.Utils.FileUtil - 成功加载文件/org/bxwbb/spigotplugincreatertool/icon/icon.png
2026-01-30 14:02:02.301 [JavaFX Application Thread] INFO  o.b.s.Utils.FileUtil - 成功加载文件/org/bxwbb/spigotplugincreatertool/icon/Universal/OpenFolder.png
2026-01-30 14:02:02.309 [JavaFX Application Thread] INFO  o.b.s.Utils.FileUtil - 成功加载文件/org/bxwbb/spigotplugincreatertool/icon/Universal/NewProject.png
2026-01-30 14:02:02.314 [JavaFX Application Thread] INFO  o.b.s.Utils.FileUtil - 成功加载文件/org/bxwbb/spigotplugincreatertool/icon/Universal/Setting.png
2026-01-30 14:02:02.317 [JavaFX Application Thread] INFO  o.b.s.Utils.FileUtil - 成功加载文件/org/bxwbb/spigotplugincreatertool/icon/Universal/Learn.png
2026-01-30 14:02:02.320 [JavaFX Application Thread] INFO  o.b.s.Utils.FileUtil - 成功加载文件/org/bxwbb/spigotplugincreatertool/icon/Universal/Quit.png
2026-01-30 14:02:02.353 [JavaFX Application Thread] INFO  o.b.s.Utils.FileUtil - 成功加载文件/org/bxwbb/spigotplugincreatertool/icon/MiniWindowIcon/StartPage.png
2026-01-30 14:02:02.363 [JavaFX Application Thread] INFO  o.b.s.Utils.FileUtil - 成功加载文件/org/bxwbb/spigotplugincreatertool/icon/MiniWindowIcon/StartPage.png
2026-01-30 14:02:06.345 [JavaFX Application Thread] INFO  o.b.s.BxWinLab.BaseLabel - 控件焦点改变至 - org.bxwbb.spigotplugincreatertool.BxWinLab.ImageTextButtonBox@155959f8
2026-01-30 14:02:06.521 [JavaFX Application Thread] INFO  o.b.s.HelloApplication - 执行停止...
2026-01-30 14:02:09.653 [JavaFX-Launcher] INFO  o.b.s.HelloApplication - 执行初始化...
2026-01-30 14:02:09.658 [JavaFX Application Thread] INFO  o.b.s.HelloApplication - 工具开始启动并加载...
2026-01-30 14:02:09.700 [JavaFX Application Thread] INFO  o.b.s.Utils.FileUtil - 成功加载文件/org/bxwbb/spigotplugincreatertool/icon/icon.png
2026-01-30 14:02:09.878 [JavaFX Application Thread] INFO  o.b.s.Utils.FileUtil - 成功加载文件/org/bxwbb/spigotplugincreatertool/icon/Universal/OpenFolder.png
2026-01-30 14:02:09.888 [JavaFX Application Thread] INFO  o.b.s.Utils.FileUtil - 成功加载文件/org/bxwbb/spigotplugincreatertool/icon/Universal/NewProject.png
2026-01-30 14:02:09.891 [JavaFX Application Thread] INFO  o.b.s.Utils.FileUtil - 成功加载文件/org/bxwbb/spigotplugincreatertool/icon/Universal/Setting.png
2026-01-30 14:02:09.895 [JavaFX Application Thread] INFO  o.b.s.Utils.FileUtil - 成功加载文件/org/bxwbb/spigotplugincreatertool/icon/Universal/Learn.png
2026-01-30 14:02:09.897 [JavaFX Application Thread] INFO  o.b.s.Utils.FileUtil - 成功加载文件/org/bxwbb/spigotplugincreatertool/icon/Universal/Quit.png
2026-01-30 14:02:09.931 [JavaFX Application Thread] INFO  o.b.s.Utils.FileUtil - 成功加载文件/org/bxwbb/spigotplugincreatertool/icon/MiniWindowIcon/StartPage.png
2026-01-30 14:02:09.939 [JavaFX Application Thread] INFO  o.b.s.Utils.FileUtil - 成功加载文件/org/bxwbb/spigotplugincreatertool/icon/MiniWindowIcon/StartPage.png
2026-01-30 14:02:20.151 [JavaFX Application Thread] INFO  o.b.s.HelloApplication - 执行停止...
2026-01-30 14:02:45.753 [JavaFX-Launcher] INFO  o.b.s.HelloApplication - 执行初始化...
2026-01-30 14:02:45.760 [JavaFX Application Thread] INFO  o.b.s.HelloApplication - 工具开始启动并加载...
2026-01-30 14:02:45.800 [JavaFX Application Thread] INFO  o.b.s.Utils.FileUtil - 成功加载文件/org/bxwbb/spigotplugincreatertool/icon/icon.png
2026-01-30 14:02:45.967 [JavaFX Application Thread] INFO  o.b.s.Utils.FileUtil - 成功加载文件/org/bxwbb/spigotplugincreatertool/icon/Universal/OpenFolder.png
2026-01-30 14:02:45.976 [JavaFX Application Thread] INFO  o.b.s.Utils.FileUtil - 成功加载文件/org/bxwbb/spigotplugincreatertool/icon/Universal/NewProject.png
2026-01-30 14:02:45.980 [JavaFX Application Thread] INFO  o.b.s.Utils.FileUtil - 成功加载文件/org/bxwbb/spigotplugincreatertool/icon/Universal/Setting.png
2026-01-30 14:02:45.983 [JavaFX Application Thread] INFO  o.b.s.Utils.FileUtil - 成功加载文件/org/bxwbb/spigotplugincreatertool/icon/Universal/Learn.png
2026-01-30 14:02:45.985 [JavaFX Application Thread] INFO  o.b.s.Utils.FileUtil - 成功加载文件/org/bxwbb/spigotplugincreatertool/icon/Universal/Quit.png
2026-01-30 14:02:46.018 [JavaFX Application Thread] INFO  o.b.s.Utils.FileUtil - 成功加载文件/org/bxwbb/spigotplugincreatertool/icon/MiniWindowIcon/StartPage.png
2026-01-30 14:02:46.026 [JavaFX Application Thread] INFO  o.b.s.Utils.FileUtil - 成功加载文件/org/bxwbb/spigotplugincreatertool/icon/MiniWindowIcon/StartPage.png
2026-01-30 14:02:47.212 [JavaFX Application Thread] INFO  o.b.s.BxWinLab.BaseLabel - 控件焦点改变至 - org.bxwbb.spigotplugincreatertool.BxWinLab.SwitchBox@3205953b
2026-01-30 14:02:47.996 [JavaFX Application Thread] INFO  o.b.s.BxWinLab.BaseLabel - 控件焦点改变至 - org.bxwbb.spigotplugincreatertool.BxWinLab.ButtonBox@192f1905
2026-01-30 14:02:55.091 [JavaFX Application Thread] INFO  o.b.s.BxWinLab.BaseLabel - 控件焦点改变至 - org.bxwbb.spigotplugincreatertool.BxWinLab.ImageTextButtonBox@1ebfb361
2026-01-30 14:02:55.171 [JavaFX Application Thread] INFO  o.b.s.HelloApplication - 执行停止...
2026-01-30 14:07:41.012 [JavaFX-Launcher] INFO  o.b.s.HelloApplication - 执行初始化...
2026-01-30 14:07:41.018 [JavaFX Application Thread] INFO  o.b.s.HelloApplication - 工具开始启动并加载...
2026-01-30 14:07:41.060 [JavaFX Application Thread] INFO  o.b.s.Utils.FileUtil - 成功加载文件/org/bxwbb/spigotplugincreatertool/icon/icon.png
2026-01-30 14:07:41.235 [JavaFX Application Thread] INFO  o.b.s.Utils.FileUtil - 成功加载文件/org/bxwbb/spigotplugincreatertool/icon/Universal/OpenFolder.png
2026-01-30 14:07:41.244 [JavaFX Application Thread] INFO  o.b.s.Utils.FileUtil - 成功加载文件/org/bxwbb/spigotplugincreatertool/icon/Universal/NewProject.png
2026-01-30 14:07:41.247 [JavaFX Application Thread] INFO  o.b.s.Utils.FileUtil - 成功加载文件/org/bxwbb/spigotplugincreatertool/icon/Universal/Setting.png
2026-01-30 14:07:41.249 [JavaFX Application Thread] INFO  o.b.s.Utils.FileUtil - 成功加载文件/org/bxwbb/spigotplugincreatertool/icon/Universal/Learn.png
2026-01-30 14:07:41.252 [JavaFX Application Thread] INFO  o.b.s.Utils.FileUtil - 成功加载文件/org/bxwbb/spigotplugincreatertool/icon/Universal/Quit.png
2026-01-30 14:07:41.255 [JavaFX Application Thread] INFO  o.b.s.Utils.FileUtil - 成功加载文件/org/bxwbb/spigotplugincreatertool/icon/MiniWindowIcon/StartPage.png
2026-01-30 14:07:41.260 [JavaFX Application Thread] INFO  o.b.s.Utils.FileUtil - 成功加载文件/org/bxwbb/spigotplugincreatertool/icon/MiniWindowIcon/StartPage.png
2026-01-30 14:07:51.444 [JavaFX Application Thread] INFO  o.b.s.BxWinLab.BaseLabel - 控件焦点改变至 - org.bxwbb.spigotplugincreatertool.BxWinLab.SwitchBox@17035a1d
2026-01-30 14:07:52.088 [JavaFX Application Thread] INFO  o.b.s.BxWinLab.BaseLabel - 控件焦点改变至 - org.bxwbb.spigotplugincreatertool.BxWinLab.ButtonBox@4cbef0c5
2026-01-30 14:07:52.664 [JavaFX Application Thread] INFO  o.b.s.BxWinLab.BaseLabel - 控件焦点改变至 - org.bxwbb.spigotplugincreatertool.BxWinLab.SwitchBox@17035a1d
2026-01-30 14:07:53.776 [JavaFX Application Thread] INFO  o.b.s.BxWinLab.BaseLabel - 控件焦点改变至 - org.bxwbb.spigotplugincreatertool.BxWinLab.ButtonBox@4cbef0c5
2026-01-30 14:07:54.280 [JavaFX Application Thread] INFO  o.b.s.BxWinLab.BaseLabel - 控件焦点改变至 - org.bxwbb.spigotplugincreatertool.BxWinLab.SwitchBox@17035a1d
2026-01-30 14:07:54.889 [JavaFX Application Thread] INFO  o.b.s.BxWinLab.BaseLabel - 控件焦点改变至 - org.bxwbb.spigotplugincreatertool.BxWinLab.Stage@3b0dbf1c
2026-01-30 14:07:55.506 [JavaFX Application Thread] INFO  o.b.s.BxWinLab.BaseLabel - 控件焦点改变至 - org.bxwbb.spigotplugincreatertool.BxWinLab.SwitchBox@17035a1d
2026-01-30 14:07:56.802 [JavaFX Application Thread] INFO  o.b.s.BxWinLab.BaseLabel - 控件焦点改变至 - org.bxwbb.spigotplugincreatertool.BxWinLab.Stage@3b0dbf1c
2026-01-30 14:08:02.998 [JavaFX Application Thread] INFO  o.b.s.HelloApplication - 执行停止...
2026-01-30 14:09:04.574 [JavaFX-Launcher] INFO  o.b.s.HelloApplication - 执行初始化...
2026-01-30 14:09:04.579 [JavaFX Application Thread] INFO  o.b.s.HelloApplication - 工具开始启动并加载...
2026-01-30 14:09:04.621 [JavaFX Application Thread] INFO  o.b.s.Utils.FileUtil - 成功加载文件/org/bxwbb/spigotplugincreatertool/icon/icon.png
2026-01-30 14:09:04.797 [JavaFX Application Thread] INFO  o.b.s.Utils.FileUtil - 成功加载文件/org/bxwbb/spigotplugincreatertool/icon/Universal/OpenFolder.png
2026-01-30 14:09:04.808 [JavaFX Application Thread] INFO  o.b.s.Utils.FileUtil - 成功加载文件/org/bxwbb/spigotplugincreatertool/icon/Universal/NewProject.png
2026-01-30 14:09:04.811 [JavaFX Application Thread] INFO  o.b.s.Utils.FileUtil - 成功加载文件/org/bxwbb/spigotplugincreatertool/icon/Universal/Setting.png
2026-01-30 14:09:04.813 [JavaFX Application Thread] INFO  o.b.s.Utils.FileUtil - 成功加载文件/org/bxwbb/spigotplugincreatertool/icon/Universal/Learn.png
2026-01-30 14:09:04.816 [JavaFX Application Thread] INFO  o.b.s.Utils.FileUtil - 成功加载文件/org/bxwbb/spigotplugincreatertool/icon/Universal/Quit.png
2026-01-30 14:09:04.819 [JavaFX Application Thread] INFO  o.b.s.Utils.FileUtil - 成功加载文件/org/bxwbb/spigotplugincreatertool/icon/MiniWindowIcon/StartPage.png
2026-01-30 14:09:04.824 [JavaFX Application Thread] INFO  o.b.s.Utils.FileUtil - 成功加载文件/org/bxwbb/spigotplugincreatertool/icon/MiniWindowIcon/StartPage.png
2026-01-30 14:09:06.187 [JavaFX Application Thread] INFO  o.b.s.BxWinLab.BaseLabel - 控件焦点改变至 - org.bxwbb.spigotplugincreatertool.BxWinLab.ImageTextButtonBox@4cb21235
2026-01-30 14:09:06.645 [JavaFX Application Thread] INFO  o.b.s.BxWinLab.BaseLabel - 控件焦点改变至 - org.bxwbb.spigotplugincreatertool.BxWinLab.ImageTextButtonBox@4456624c
2026-01-30 14:09:06.982 [JavaFX Application Thread] INFO  o.b.s.BxWinLab.BaseLabel - 控件焦点改变至 - org.bxwbb.spigotplugincreatertool.BxWinLab.ImageTextButtonBox@c4e070d
2026-01-30 14:09:16.335 [JavaFX Application Thread] INFO  o.b.s.BxWinLab.BaseLabel - 控件焦点改变至 - org.bxwbb.spigotplugincreatertool.Window.StartPage@7cf2089b
2026-01-30 14:09:17.227 [JavaFX Application Thread] INFO  o.b.s.BxWinLab.BaseLabel - 控件焦点改变至 - org.bxwbb.spigotplugincreatertool.BxWinLab.ImageTextButtonBox@4456624c
2026-01-30 14:09:17.586 [JavaFX Application Thread] INFO  o.b.s.BxWinLab.BaseLabel - 控件焦点改变至 - org.bxwbb.spigotplugincreatertool.BxWinLab.ImageTextButtonBox@c4e070d
2026-01-30 14:09:17.867 [JavaFX Application Thread] INFO  o.b.s.BxWinLab.BaseLabel - 控件焦点改变至 - org.bxwbb.spigotplugincreatertool.BxWinLab.ImageTextButtonBox@d76edfd
2026-01-30 14:09:18.154 [JavaFX Application Thread] INFO  o.b.s.BxWinLab.BaseLabel - 控件焦点改变至 - org.bxwbb.spigotplugincreatertool.BxWinLab.ImageTextButtonBox@58bc17c6
2026-01-30 14:09:18.259 [JavaFX Application Thread] INFO  o.b.s.HelloApplication - 执行停止...
2026-01-30 14:11:35.659 [JavaFX-Launcher] INFO  o.b.s.HelloApplication - 执行初始化...
2026-01-30 14:11:35.665 [JavaFX Application Thread] INFO  o.b.s.HelloApplication - 工具开始启动并加载...
2026-01-30 14:11:35.706 [JavaFX Application Thread] INFO  o.b.s.Utils.FileUtil - 成功加载文件/org/bxwbb/spigotplugincreatertool/icon/icon.png
2026-01-30 14:11:35.885 [JavaFX Application Thread] INFO  o.b.s.Utils.FileUtil - 成功加载文件/org/bxwbb/spigotplugincreatertool/icon/Universal/OpenFolder.png
2026-01-30 14:11:35.891 [JavaFX Application Thread] INFO  o.b.s.Utils.FileUtil - 成功加载文件/org/bxwbb/spigotplugincreatertool/icon/Universal/NewProject.png
2026-01-30 14:11:35.894 [JavaFX Application Thread] INFO  o.b.s.Utils.FileUtil - 成功加载文件/org/bxwbb/spigotplugincreatertool/icon/Universal/Setting.png
2026-01-30 14:11:35.897 [JavaFX Application Thread] INFO  o.b.s.Utils.FileUtil - 成功加载文件/org/bxwbb/spigotplugincreatertool/icon/Universal/Learn.png
2026-01-30 14:11:35.899 [JavaFX Application Thread] INFO  o.b.s.Utils.FileUtil - 成功加载文件/org/bxwbb/spigotplugincreatertool/icon/Universal/Quit.png
2026-01-30 14:11:35.903 [JavaFX Application Thread] INFO  o.b.s.Utils.FileUtil - 成功加载文件/org/bxwbb/spigotplugincreatertool/icon/MiniWindowIcon/StartPage.png
2026-01-30 14:11:35.907 [JavaFX Application Thread] INFO  o.b.s.Utils.FileUtil - 成功加载文件/org/bxwbb/spigotplugincreatertool/icon/MiniWindowIcon/StartPage.png
2026-01-30 14:11:56.151 [JavaFX Application Thread] INFO  o.b.s.HelloApplication - 执行停止...
2026-01-30 14:16:56.816 [JavaFX-Launcher] INFO  o.b.s.HelloApplication - 执行初始化...
2026-01-30 14:16:56.822 [JavaFX Application Thread] INFO  o.b.s.HelloApplication - 工具开始启动并加载...
2026-01-30 14:16:56.864 [JavaFX Application Thread] INFO  o.b.s.Utils.FileUtil - 成功加载文件/org/bxwbb/spigotplugincreatertool/icon/icon.png
2026-01-30 14:16:57.047 [JavaFX Application Thread] INFO  o.b.s.Utils.FileUtil - 成功加载文件/org/bxwbb/spigotplugincreatertool/icon/Universal/OpenFolder.png
2026-01-30 14:16:57.054 [JavaFX Application Thread] INFO  o.b.s.Utils.FileUtil - 成功加载文件/org/bxwbb/spigotplugincreatertool/icon/Universal/NewProject.png
2026-01-30 14:16:57.058 [JavaFX Application Thread] INFO  o.b.s.Utils.FileUtil - 成功加载文件/org/bxwbb/spigotplugincreatertool/icon/Universal/Setting.png
2026-01-30 14:16:57.060 [JavaFX Application Thread] INFO  o.b.s.Utils.FileUtil - 成功加载文件/org/bxwbb/spigotplugincreatertool/icon/Universal/Learn.png
2026-01-30 14:16:57.062 [JavaFX Application Thread] INFO  o.b.s.Utils.FileUtil - 成功加载文件/org/bxwbb/spigotplugincreatertool/icon/Universal/Quit.png
2026-01-30 14:16:57.066 [JavaFX Application Thread] INFO  o.b.s.Utils.FileUtil - 成功加载文件/org/bxwbb/spigotplugincreatertool/icon/MiniWindowIcon/StartPage.png
2026-01-30 14:16:57.070 [JavaFX Application Thread] INFO  o.b.s.Utils.FileUtil - 成功加载文件/org/bxwbb/spigotplugincreatertool/icon/MiniWindowIcon/StartPage.png
2026-01-30 14:17:06.574 [JavaFX Application Thread] INFO  o.b.s.HelloApplication - 执行停止...
2026-01-30 14:18:35.908 [JavaFX-Launcher] INFO  o.b.s.HelloApplication - 执行初始化...
2026-01-30 14:18:35.913 [JavaFX Application Thread] INFO  o.b.s.HelloApplication - 工具开始启动并加载...
2026-01-30 14:18:35.954 [JavaFX Application Thread] INFO  o.b.s.Utils.FileUtil - 成功加载文件/org/bxwbb/spigotplugincreatertool/icon/icon.png
2026-01-30 14:18:36.136 [JavaFX Application Thread] INFO  o.b.s.Utils.FileUtil - 成功加载文件/org/bxwbb/spigotplugincreatertool/icon/Universal/OpenFolder.png
2026-01-30 14:18:36.143 [JavaFX Application Thread] INFO  o.b.s.Utils.FileUtil - 成功加载文件/org/bxwbb/spigotplugincreatertool/icon/Universal/NewProject.png
2026-01-30 14:18:36.147 [JavaFX Application Thread] INFO  o.b.s.Utils.FileUtil - 成功加载文件/org/bxwbb/spigotplugincreatertool/icon/Universal/Setting.png
2026-01-30 14:18:36.150 [JavaFX Application Thread] INFO  o.b.s.Utils.FileUtil - 成功加载文件/org/bxwbb/spigotplugincreatertool/icon/Universal/Learn.png
2026-01-30 14:18:36.153 [JavaFX Application Thread] INFO  o.b.s.Utils.FileUtil - 成功加载文件/org/bxwbb/spigotplugincreatertool/icon/Universal/Quit.png
2026-01-30 14:18:36.199 [JavaFX Application Thread] INFO  o.b.s.Utils.FileUtil - 成功加载文件/org/bxwbb/spigotplugincreatertool/icon/MiniWindowIcon/StartPage.png
2026-01-30 14:18:36.207 [JavaFX Application Thread] INFO  o.b.s.Utils.FileUtil - 成功加载文件/org/bxwbb/spigotplugincreatertool/icon/MiniWindowIcon/StartPage.png
2026-01-30 14:18:48.768 [JavaFX Application Thread] INFO  o.b.s.BxWinLab.BaseLabel - 控件焦点改变至 - org.bxwbb.spigotplugincreatertool.BxWinLab.ImageTextButtonBox@7fe91dae
2026-01-30 14:18:49.269 [JavaFX Application Thread] INFO  o.b.s.BxWinLab.BaseLabel - 控件焦点改变至 - org.bxwbb.spigotplugincreatertool.BxWinLab.ImageTextButtonBox@4cbef0c5
2026-01-30 14:18:49.575 [JavaFX Application Thread] INFO  o.b.s.BxWinLab.BaseLabel - 控件焦点改变至 - org.bxwbb.spigotplugincreatertool.BxWinLab.ImageTextButtonBox@3b0dbf1c
2026-01-30 14:18:49.890 [JavaFX Application Thread] INFO  o.b.s.BxWinLab.BaseLabel - 控件焦点改变至 - org.bxwbb.spigotplugincreatertool.BxWinLab.ImageTextButtonBox@4787b11f
2026-01-30 14:18:50.497 [JavaFX Application Thread] INFO  o.b.s.BxWinLab.BaseLabel - 控件焦点改变至 - org.bxwbb.spigotplugincreatertool.BxWinLab.SwitchBox@8323522
2026-01-30 14:18:50.920 [JavaFX Application Thread] INFO  o.b.s.BxWinLab.BaseLabel - 控件焦点改变至 - org.bxwbb.spigotplugincreatertool.BxWinLab.ButtonBox@33b1c439
2026-01-30 14:18:51.360 [JavaFX Application Thread] INFO  o.b.s.BxWinLab.BaseLabel - 控件焦点改变至 - org.bxwbb.spigotplugincreatertool.BxWinLab.SwitchBox@8323522
2026-01-30 14:18:52.169 [JavaFX Application Thread] INFO  o.b.s.BxWinLab.BaseLabel - 控件焦点改变至 - org.bxwbb.spigotplugincreatertool.BxWinLab.ButtonBox@33b1c439
2026-01-30 14:18:53.201 [JavaFX Application Thread] INFO  o.b.s.HelloApplication - 执行停止...
2026-01-30 14:19:01.872 [JavaFX-Launcher] INFO  o.b.s.HelloApplication - 执行初始化...
2026-01-30 14:19:01.878 [JavaFX Application Thread] INFO  o.b.s.HelloApplication - 工具开始启动并加载...
2026-01-30 14:19:01.919 [JavaFX Application Thread] INFO  o.b.s.Utils.FileUtil - 成功加载文件/org/bxwbb/spigotplugincreatertool/icon/icon.png
2026-01-30 14:19:02.084 [JavaFX Application Thread] INFO  o.b.s.Utils.FileUtil - 成功加载文件/org/bxwbb/spigotplugincreatertool/icon/Universal/OpenFolder.png
2026-01-30 14:19:02.093 [JavaFX Application Thread] INFO  o.b.s.Utils.FileUtil - 成功加载文件/org/bxwbb/spigotplugincreatertool/icon/Universal/NewProject.png
2026-01-30 14:19:02.097 [JavaFX Application Thread] INFO  o.b.s.Utils.FileUtil - 成功加载文件/org/bxwbb/spigotplugincreatertool/icon/Universal/Setting.png
2026-01-30 14:19:02.100 [JavaFX Application Thread] INFO  o.b.s.Utils.FileUtil - 成功加载文件/org/bxwbb/spigotplugincreatertool/icon/Universal/Learn.png
2026-01-30 14:19:02.103 [JavaFX Application Thread] INFO  o.b.s.Utils.FileUtil - 成功加载文件/org/bxwbb/spigotplugincreatertool/icon/Universal/Quit.png
2026-01-30 14:19:02.141 [JavaFX Application Thread] INFO  o.b.s.Utils.FileUtil - 成功加载文件/org/bxwbb/spigotplugincreatertool/icon/MiniWindowIcon/StartPage.png
2026-01-30 14:19:02.148 [JavaFX Application Thread] INFO  o.b.s.Utils.FileUtil - 成功加载文件/org/bxwbb/spigotplugincreatertool/icon/MiniWindowIcon/StartPage.png
2026-01-30 14:19:08.584 [JavaFX Application Thread] INFO  o.b.s.BxWinLab.BaseLabel - 控件焦点改变至 - org.bxwbb.spigotplugincreatertool.BxWinLab.SwitchBox@776411c9
2026-01-30 14:19:08.948 [JavaFX Application Thread] INFO  o.b.s.BxWinLab.BaseLabel - 控件焦点改变至 - org.bxwbb.spigotplugincreatertool.BxWinLab.ButtonBox@4d01551d
2026-01-30 14:19:10.123 [JavaFX Application Thread] INFO  o.b.s.BxWinLab.BaseLabel - 控件焦点改变至 - org.bxwbb.spigotplugincreatertool.Window.StartPage@3d167dfb
2026-01-30 14:19:10.394 [JavaFX Application Thread] INFO  o.b.s.BxWinLab.BaseLabel - 控件焦点改变至 - org.bxwbb.spigotplugincreatertool.BxWinLab.ImageTextButtonBox@3e9f32d3
2026-01-30 14:19:10.459 [JavaFX Application Thread] INFO  o.b.s.HelloApplication - 执行停止...
2026-01-30 14:23:47.337 [JavaFX-Launcher] INFO  o.b.s.HelloApplication - 执行初始化...
2026-01-30 14:23:47.342 [JavaFX Application Thread] INFO  o.b.s.HelloApplication - 工具开始启动并加载...
2026-01-30 14:23:47.384 [JavaFX Application Thread] INFO  o.b.s.Utils.FileUtil - 成功加载文件/org/bxwbb/spigotplugincreatertool/icon/icon.png
2026-01-30 14:23:47.563 [JavaFX Application Thread] INFO  o.b.s.Utils.FileUtil - 成功加载文件/org/bxwbb/spigotplugincreatertool/icon/Universal/OpenFolder.png
2026-01-30 14:23:47.571 [JavaFX Application Thread] INFO  o.b.s.Utils.FileUtil - 成功加载文件/org/bxwbb/spigotplugincreatertool/icon/Universal/NewProject.png
2026-01-30 14:23:47.575 [JavaFX Application Thread] INFO  o.b.s.Utils.FileUtil - 成功加载文件/org/bxwbb/spigotplugincreatertool/icon/Universal/Setting.png
2026-01-30 14:23:47.578 [JavaFX Application Thread] INFO  o.b.s.Utils.FileUtil - 成功加载文件/org/bxwbb/spigotplugincreatertool/icon/Universal/Learn.png
2026-01-30 14:23:47.580 [JavaFX Application Thread] INFO  o.b.s.Utils.FileUtil - 成功加载文件/org/bxwbb/spigotplugincreatertool/icon/Universal/Quit.png
2026-01-30 14:23:47.624 [JavaFX Application Thread] INFO  o.b.s.Utils.FileUtil - 成功加载文件/org/bxwbb/spigotplugincreatertool/icon/MiniWindowIcon/StartPage.png
2026-01-30 14:23:47.632 [JavaFX Application Thread] INFO  o.b.s.Utils.FileUtil - 成功加载文件/org/bxwbb/spigotplugincreatertool/icon/MiniWindowIcon/StartPage.png
2026-01-30 14:23:51.987 [JavaFX Application Thread] INFO  o.b.s.BxWinLab.BaseLabel - 控件焦点改变至 - org.bxwbb.spigotplugincreatertool.BxWinLab.SwitchBox@7fe91dae
2026-01-30 14:23:52.525 [JavaFX Application Thread] INFO  o.b.s.BxWinLab.BaseLabel - 控件焦点改变至 - org.bxwbb.spigotplugincreatertool.BxWinLab.ButtonBox@4cbef0c5
2026-01-30 14:23:53.715 [JavaFX Application Thread] INFO  o.b.s.HelloApplication - 执行停止...
2026-01-30 14:24:03.498 [JavaFX-Launcher] INFO  o.b.s.HelloApplication - 执行初始化...
2026-01-30 14:24:03.505 [JavaFX Application Thread] INFO  o.b.s.HelloApplication - 工具开始启动并加载...
2026-01-30 14:24:03.545 [JavaFX Application Thread] INFO  o.b.s.Utils.FileUtil - 成功加载文件/org/bxwbb/spigotplugincreatertool/icon/icon.png
2026-01-30 14:24:03.718 [JavaFX Application Thread] INFO  o.b.s.Utils.FileUtil - 成功加载文件/org/bxwbb/spigotplugincreatertool/icon/Universal/OpenFolder.png
2026-01-30 14:24:03.726 [JavaFX Application Thread] INFO  o.b.s.Utils.FileUtil - 成功加载文件/org/bxwbb/spigotplugincreatertool/icon/Universal/NewProject.png
2026-01-30 14:24:03.730 [JavaFX Application Thread] INFO  o.b.s.Utils.FileUtil - 成功加载文件/org/bxwbb/spigotplugincreatertool/icon/Universal/Setting.png
2026-01-30 14:24:03.733 [JavaFX Application Thread] INFO  o.b.s.Utils.FileUtil - 成功加载文件/org/bxwbb/spigotplugincreatertool/icon/Universal/Learn.png
2026-01-30 14:24:03.736 [JavaFX Application Thread] INFO  o.b.s.Utils.FileUtil - 成功加载文件/org/bxwbb/spigotplugincreatertool/icon/Universal/Quit.png
2026-01-30 14:24:03.776 [JavaFX Application Thread] INFO  o.b.s.Utils.FileUtil - 成功加载文件/org/bxwbb/spigotplugincreatertool/icon/MiniWindowIcon/StartPage.png
2026-01-30 14:24:03.782 [JavaFX Application Thread] INFO  o.b.s.Utils.FileUtil - 成功加载文件/org/bxwbb/spigotplugincreatertool/icon/MiniWindowIcon/StartPage.png
2026-01-30 14:24:08.620 [JavaFX Application Thread] INFO  o.b.s.BxWinLab.BaseLabel - 控件焦点改变至 - org.bxwbb.spigotplugincreatertool.BxWinLab.ImageTextButtonBox@7a1a080d
2026-01-30 14:24:08.703 [JavaFX Application Thread] INFO  o.b.s.HelloApplication - 执行停止...
2026-01-30 14:26:44.938 [JavaFX-Launcher] INFO  o.b.s.HelloApplication - 执行初始化...
2026-01-30 14:26:44.943 [JavaFX Application Thread] INFO  o.b.s.HelloApplication - 工具开始启动并加载...
2026-01-30 14:26:44.984 [JavaFX Application Thread] INFO  o.b.s.Utils.FileUtil - 成功加载文件/org/bxwbb/spigotplugincreatertool/icon/icon.png
2026-01-30 14:26:45.154 [JavaFX Application Thread] INFO  o.b.s.Utils.FileUtil - 成功加载文件/org/bxwbb/spigotplugincreatertool/icon/Universal/OpenFolder.png
2026-01-30 14:26:45.165 [JavaFX Application Thread] INFO  o.b.s.Utils.FileUtil - 成功加载文件/org/bxwbb/spigotplugincreatertool/icon/Universal/NewProject.png
2026-01-30 14:26:45.169 [JavaFX Application Thread] INFO  o.b.s.Utils.FileUtil - 成功加载文件/org/bxwbb/spigotplugincreatertool/icon/Universal/Setting.png
2026-01-30 14:26:45.172 [JavaFX Application Thread] INFO  o.b.s.Utils.FileUtil - 成功加载文件/org/bxwbb/spigotplugincreatertool/icon/Universal/Learn.png
2026-01-30 14:26:45.175 [JavaFX Application Thread] INFO  o.b.s.Utils.FileUtil - 成功加载文件/org/bxwbb/spigotplugincreatertool/icon/Universal/Quit.png
2026-01-30 14:26:45.209 [JavaFX Application Thread] INFO  o.b.s.Utils.FileUtil - 成功加载文件/org/bxwbb/spigotplugincreatertool/icon/MiniWindowIcon/StartPage.png
2026-01-30 14:26:45.216 [JavaFX Application Thread] INFO  o.b.s.Utils.FileUtil - 成功加载文件/org/bxwbb/spigotplugincreatertool/icon/MiniWindowIcon/StartPage.png
2026-01-30 14:26:54.868 [JavaFX Application Thread] INFO  o.b.s.BxWinLab.BaseLabel - 控件焦点改变至 - org.bxwbb.spigotplugincreatertool.BxWinLab.ImageTextButtonBox@3925d22f
2026-01-30 14:26:54.959 [JavaFX Application Thread] INFO  o.b.s.HelloApplication - 执行停止...
2026-01-30 14:27:49.675 [JavaFX-Launcher] INFO  o.b.s.HelloApplication - 执行初始化...
2026-01-30 14:27:49.680 [JavaFX Application Thread] INFO  o.b.s.HelloApplication - 工具开始启动并加载...
2026-01-30 14:27:49.721 [JavaFX Application Thread] INFO  o.b.s.Utils.FileUtil - 成功加载文件/org/bxwbb/spigotplugincreatertool/icon/icon.png
2026-01-30 14:27:49.892 [JavaFX Application Thread] INFO  o.b.s.Utils.FileUtil - 成功加载文件/org/bxwbb/spigotplugincreatertool/icon/Universal/OpenFolder.png
2026-01-30 14:27:49.901 [JavaFX Application Thread] INFO  o.b.s.Utils.FileUtil - 成功加载文件/org/bxwbb/spigotplugincreatertool/icon/Universal/NewProject.png
2026-01-30 14:27:49.905 [JavaFX Application Thread] INFO  o.b.s.Utils.FileUtil - 成功加载文件/org/bxwbb/spigotplugincreatertool/icon/Universal/Setting.png
2026-01-30 14:27:49.908 [JavaFX Application Thread] INFO  o.b.s.Utils.FileUtil - 成功加载文件/org/bxwbb/spigotplugincreatertool/icon/Universal/Learn.png
2026-01-30 14:27:49.911 [JavaFX Application Thread] INFO  o.b.s.Utils.FileUtil - 成功加载文件/org/bxwbb/spigotplugincreatertool/icon/Universal/Quit.png
2026-01-30 14:27:49.941 [JavaFX Application Thread] INFO  o.b.s.Utils.FileUtil - 成功加载文件/org/bxwbb/spigotplugincreatertool/icon/MiniWindowIcon/StartPage.png
2026-01-30 14:27:49.948 [JavaFX Application Thread] INFO  o.b.s.Utils.FileUtil - 成功加载文件/org/bxwbb/spigotplugincreatertool/icon/MiniWindowIcon/StartPage.png
2026-01-30 14:27:54.101 [JavaFX Application Thread] INFO  o.b.s.BxWinLab.BaseLabel - 控件焦点改变至 - org.bxwbb.spigotplugincreatertool.BxWinLab.ImageTextButtonBox@61c82e55
2026-01-30 14:27:54.168 [JavaFX Application Thread] INFO  o.b.s.HelloApplication - 执行停止...
2026-01-30 15:08:18.786 [JavaFX-Launcher] INFO  o.b.s.HelloApplication - 执行初始化...
2026-01-30 15:08:18.792 [JavaFX Application Thread] INFO  o.b.s.HelloApplication - 工具开始启动并加载...
2026-01-30 15:08:18.833 [JavaFX Application Thread] INFO  o.b.s.Utils.FileUtil - 成功加载文件/org/bxwbb/spigotplugincreatertool/icon/icon.png
2026-01-30 15:08:19.018 [JavaFX Application Thread] INFO  o.b.s.Utils.FileUtil - 成功加载文件/org/bxwbb/spigotplugincreatertool/icon/Universal/OpenFolder.png
2026-01-30 15:08:19.027 [JavaFX Application Thread] INFO  o.b.s.Utils.FileUtil - 成功加载文件/org/bxwbb/spigotplugincreatertool/icon/Universal/NewProject.png
2026-01-30 15:08:19.031 [JavaFX Application Thread] INFO  o.b.s.Utils.FileUtil - 成功加载文件/org/bxwbb/spigotplugincreatertool/icon/Universal/Setting.png
2026-01-30 15:08:19.034 [JavaFX Application Thread] INFO  o.b.s.Utils.FileUtil - 成功加载文件/org/bxwbb/spigotplugincreatertool/icon/Universal/Learn.png
2026-01-30 15:08:19.036 [JavaFX Application Thread] INFO  o.b.s.Utils.FileUtil - 成功加载文件/org/bxwbb/spigotplugincreatertool/icon/Universal/Quit.png
2026-01-30 15:08:19.073 [JavaFX Application Thread] INFO  o.b.s.Utils.FileUtil - 成功加载文件/org/bxwbb/spigotplugincreatertool/icon/MiniWindowIcon/StartPage.png
2026-01-30 15:08:19.081 [JavaFX Application Thread] INFO  o.b.s.Utils.FileUtil - 成功加载文件/org/bxwbb/spigotplugincreatertool/icon/MiniWindowIcon/StartPage.png
2026-01-30 15:09:32.200 [JavaFX Application Thread] INFO  o.b.s.BxWinLab.BaseLabel - 控件焦点改变至 - org.bxwbb.spigotplugincreatertool.BxWinLab.SwitchBox@4acb4d0
2026-01-30 15:09:33.654 [JavaFX Application Thread] INFO  o.b.s.HelloApplication - 执行停止...
2026-01-30 15:11:30.614 [JavaFX-Launcher] INFO  o.b.s.HelloApplication - 执行初始化...
2026-01-30 15:11:30.619 [JavaFX Application Thread] INFO  o.b.s.HelloApplication - 工具开始启动并加载...
2026-01-30 15:11:30.662 [JavaFX Application Thread] INFO  o.b.s.Utils.FileUtil - 成功加载文件/org/bxwbb/spigotplugincreatertool/icon/icon.png
2026-01-30 15:11:30.843 [JavaFX Application Thread] INFO  o.b.s.Utils.FileUtil - 成功加载文件/org/bxwbb/spigotplugincreatertool/icon/Universal/OpenFolder.png
2026-01-30 15:11:30.851 [JavaFX Application Thread] INFO  o.b.s.Utils.FileUtil - 成功加载文件/org/bxwbb/spigotplugincreatertool/icon/Universal/NewProject.png
2026-01-30 15:11:30.855 [JavaFX Application Thread] INFO  o.b.s.Utils.FileUtil - 成功加载文件/org/bxwbb/spigotplugincreatertool/icon/Universal/Setting.png
2026-01-30 15:11:30.857 [JavaFX Application Thread] INFO  o.b.s.Utils.FileUtil - 成功加载文件/org/bxwbb/spigotplugincreatertool/icon/Universal/Learn.png
2026-01-30 15:11:30.861 [JavaFX Application Thread] INFO  o.b.s.Utils.FileUtil - 成功加载文件/org/bxwbb/spigotplugincreatertool/icon/Universal/Quit.png
2026-01-30 15:11:30.896 [JavaFX Application Thread] INFO  o.b.s.Utils.FileUtil - 成功加载文件/org/bxwbb/spigotplugincreatertool/icon/MiniWindowIcon/StartPage.png
2026-01-30 15:11:30.903 [JavaFX Application Thread] INFO  o.b.s.Utils.FileUtil - 成功加载文件/org/bxwbb/spigotplugincreatertool/icon/MiniWindowIcon/StartPage.png
2026-01-30 15:11:31.943 [JavaFX Application Thread] INFO  o.b.s.BxWinLab.BaseLabel - 控件焦点改变至 - org.bxwbb.spigotplugincreatertool.BxWinLab.SwitchBox@155959f8
2026-01-30 15:11:32.917 [JavaFX Application Thread] INFO  o.b.s.BxWinLab.BaseLabel - 控件焦点改变至 - org.bxwbb.spigotplugincreatertool.BxWinLab.ButtonBox@1761a7d8
2026-01-30 15:11:33.453 [JavaFX Application Thread] INFO  o.b.s.BxWinLab.BaseLabel - 控件焦点改变至 - org.bxwbb.spigotplugincreatertool.BxWinLab.SwitchBox@155959f8
2026-01-30 15:11:34.245 [JavaFX Application Thread] INFO  o.b.s.BxWinLab.BaseLabel - 控件焦点改变至 - org.bxwbb.spigotplugincreatertool.BxWinLab.ButtonBox@1761a7d8
2026-01-30 15:11:35.294 [JavaFX Application Thread] INFO  o.b.s.BxWinLab.BaseLabel - 控件焦点改变至 - org.bxwbb.spigotplugincreatertool.BxWinLab.SwitchBox@155959f8
2026-01-30 15:11:36.064 [JavaFX Application Thread] INFO  o.b.s.BxWinLab.BaseLabel - 控件焦点改变至 - org.bxwbb.spigotplugincreatertool.BxWinLab.ButtonBox@1761a7d8
2026-01-30 15:11:37.623 [JavaFX Application Thread] INFO  o.b.s.HelloApplication - 执行停止...
2026-01-30 15:13:55.491 [JavaFX-Launcher] INFO  o.b.s.HelloApplication - 执行初始化...
2026-01-30 15:13:55.497 [JavaFX Application Thread] INFO  o.b.s.HelloApplication - 工具开始启动并加载...
2026-01-30 15:13:55.539 [JavaFX Application Thread] INFO  o.b.s.Utils.FileUtil - 成功加载文件/org/bxwbb/spigotplugincreatertool/icon/icon.png
2026-01-30 15:13:55.724 [JavaFX Application Thread] INFO  o.b.s.Utils.FileUtil - 成功加载文件/org/bxwbb/spigotplugincreatertool/icon/Universal/OpenFolder.png
2026-01-30 15:13:55.736 [JavaFX Application Thread] INFO  o.b.s.Utils.FileUtil - 成功加载文件/org/bxwbb/spigotplugincreatertool/icon/Universal/NewProject.png
2026-01-30 15:13:55.740 [JavaFX Application Thread] INFO  o.b.s.Utils.FileUtil - 成功加载文件/org/bxwbb/spigotplugincreatertool/icon/Universal/Setting.png
2026-01-30 15:13:55.743 [JavaFX Application Thread] INFO  o.b.s.Utils.FileUtil - 成功加载文件/org/bxwbb/spigotplugincreatertool/icon/Universal/Learn.png
2026-01-30 15:13:55.746 [JavaFX Application Thread] INFO  o.b.s.Utils.FileUtil - 成功加载文件/org/bxwbb/spigotplugincreatertool/icon/Universal/Quit.png
2026-01-30 15:13:55.782 [JavaFX Application Thread] INFO  o.b.s.Utils.FileUtil - 成功加载文件/org/bxwbb/spigotplugincreatertool/icon/MiniWindowIcon/StartPage.png
2026-01-30 15:13:57.098 [JavaFX Application Thread] INFO  o.b.s.BxWinLab.BaseLabel - 控件焦点改变至 - org.bxwbb.spigotplugincreatertool.BxWinLab.SwitchBox@7f09eb7d
2026-01-30 15:13:57.187 [JavaFX Application Thread] INFO  o.b.s.Utils.FileUtil - 成功加载文件/org/bxwbb/spigotplugincreatertool/icon/MiniWindowIcon/StartPage.png
2026-01-30 15:14:00.348 [JavaFX Application Thread] INFO  o.b.s.Utils.FileUtil - 成功加载文件/org/bxwbb/spigotplugincreatertool/icon/MiniWindowIcon/StartPage.png
2026-01-30 15:14:00.877 [JavaFX Application Thread] INFO  o.b.s.Utils.FileUtil - 成功加载文件/org/bxwbb/spigotplugincreatertool/icon/MiniWindowIcon/StartPage.png
2026-01-30 15:14:02.405 [JavaFX Application Thread] INFO  o.b.s.Utils.FileUtil - 成功加载文件/org/bxwbb/spigotplugincreatertool/icon/MiniWindowIcon/StartPage.png
2026-01-30 15:14:04.174 [JavaFX Application Thread] INFO  o.b.s.HelloApplication - 执行停止...
2026-01-30 15:14:43.557 [JavaFX-Launcher] INFO  o.b.s.HelloApplication - 执行初始化...
2026-01-30 15:14:43.563 [JavaFX Application Thread] INFO  o.b.s.HelloApplication - 工具开始启动并加载...
2026-01-30 15:14:43.606 [JavaFX Application Thread] INFO  o.b.s.Utils.FileUtil - 成功加载文件/org/bxwbb/spigotplugincreatertool/icon/icon.png
2026-01-30 15:14:43.785 [JavaFX Application Thread] INFO  o.b.s.Utils.FileUtil - 成功加载文件/org/bxwbb/spigotplugincreatertool/icon/Universal/OpenFolder.png
2026-01-30 15:14:43.793 [JavaFX Application Thread] INFO  o.b.s.Utils.FileUtil - 成功加载文件/org/bxwbb/spigotplugincreatertool/icon/Universal/NewProject.png
2026-01-30 15:14:43.797 [JavaFX Application Thread] INFO  o.b.s.Utils.FileUtil - 成功加载文件/org/bxwbb/spigotplugincreatertool/icon/Universal/Setting.png
2026-01-30 15:14:43.801 [JavaFX Application Thread] INFO  o.b.s.Utils.FileUtil - 成功加载文件/org/bxwbb/spigotplugincreatertool/icon/Universal/Learn.png
2026-01-30 15:14:43.804 [JavaFX Application Thread] INFO  o.b.s.Utils.FileUtil - 成功加载文件/org/bxwbb/spigotplugincreatertool/icon/Universal/Quit.png
2026-01-30 15:14:43.841 [JavaFX Application Thread] INFO  o.b.s.Utils.FileUtil - 成功加载文件/org/bxwbb/spigotplugincreatertool/icon/MiniWindowIcon/StartPage.png
2026-01-30 15:14:46.657 [JavaFX Application Thread] INFO  o.b.s.BxWinLab.BaseLabel - 控件焦点改变至 - org.bxwbb.spigotplugincreatertool.BxWinLab.SwitchBox@254cda60
2026-01-30 15:14:46.776 [JavaFX Application Thread] INFO  o.b.s.Utils.FileUtil - 成功加载文件/org/bxwbb/spigotplugincreatertool/icon/MiniWindowIcon/StartPage.png
2026-01-30 15:15:44.262 [JavaFX-Launcher] INFO  o.b.s.HelloApplication - 执行初始化...
2026-01-30 15:15:44.267 [JavaFX Application Thread] INFO  o.b.s.HelloApplication - 工具开始启动并加载...
2026-01-30 15:15:44.310 [JavaFX Application Thread] INFO  o.b.s.Utils.FileUtil - 成功加载文件/org/bxwbb/spigotplugincreatertool/icon/icon.png
2026-01-30 15:15:44.497 [JavaFX Application Thread] INFO  o.b.s.Utils.FileUtil - 成功加载文件/org/bxwbb/spigotplugincreatertool/icon/Universal/OpenFolder.png
2026-01-30 15:15:44.506 [JavaFX Application Thread] INFO  o.b.s.Utils.FileUtil - 成功加载文件/org/bxwbb/spigotplugincreatertool/icon/Universal/NewProject.png
2026-01-30 15:15:44.510 [JavaFX Application Thread] INFO  o.b.s.Utils.FileUtil - 成功加载文件/org/bxwbb/spigotplugincreatertool/icon/Universal/Setting.png
2026-01-30 15:15:44.513 [JavaFX Application Thread] INFO  o.b.s.Utils.FileUtil - 成功加载文件/org/bxwbb/spigotplugincreatertool/icon/Universal/Learn.png
2026-01-30 15:15:44.516 [JavaFX Application Thread] INFO  o.b.s.Utils.FileUtil - 成功加载文件/org/bxwbb/spigotplugincreatertool/icon/Universal/Quit.png
2026-01-30 15:15:44.553 [JavaFX Application Thread] INFO  o.b.s.Utils.FileUtil - 成功加载文件/org/bxwbb/spigotplugincreatertool/icon/MiniWindowIcon/StartPage.png
2026-01-30 15:15:45.867 [JavaFX Application Thread] INFO  o.b.s.BxWinLab.BaseLabel - 控件焦点改变至 - org.bxwbb.spigotplugincreatertool.BxWinLab.SwitchBox@254cda60
2026-01-30 15:15:45.946 [JavaFX Application Thread] INFO  o.b.s.Utils.FileUtil - 成功加载文件/org/bxwbb/spigotplugincreatertool/icon/MiniWindowIcon/StartPage.png
2026-01-30 15:15:46.617 [JavaFX Application Thread] INFO  o.b.s.Utils.FileUtil - 成功加载文件/org/bxwbb/spigotplugincreatertool/icon/MiniWindowIcon/StartPage.png
2026-01-30 15:15:48.000 [JavaFX Application Thread] INFO  o.b.s.HelloApplication - 执行停止...
2026-01-30 15:16:05.212 [JavaFX-Launcher] INFO  o.b.s.HelloApplication - 执行初始化...
2026-01-30 15:16:05.218 [JavaFX Application Thread] INFO  o.b.s.HelloApplication - 工具开始启动并加载...
2026-01-30 15:16:05.260 [JavaFX Application Thread] INFO  o.b.s.Utils.FileUtil - 成功加载文件/org/bxwbb/spigotplugincreatertool/icon/icon.png
2026-01-30 15:16:05.438 [JavaFX Application Thread] INFO  o.b.s.Utils.FileUtil - 成功加载文件/org/bxwbb/spigotplugincreatertool/icon/Universal/OpenFolder.png
2026-01-30 15:16:05.450 [JavaFX Application Thread] INFO  o.b.s.Utils.FileUtil - 成功加载文件/org/bxwbb/spigotplugincreatertool/icon/Universal/NewProject.png
2026-01-30 15:16:05.454 [JavaFX Application Thread] INFO  o.b.s.Utils.FileUtil - 成功加载文件/org/bxwbb/spigotplugincreatertool/icon/Universal/Setting.png
2026-01-30 15:16:05.457 [JavaFX Application Thread] INFO  o.b.s.Utils.FileUtil - 成功加载文件/org/bxwbb/spigotplugincreatertool/icon/Universal/Learn.png
2026-01-30 15:16:05.460 [JavaFX Application Thread] INFO  o.b.s.Utils.FileUtil - 成功加载文件/org/bxwbb/spigotplugincreatertool/icon/Universal/Quit.png
2026-01-30 15:16:05.497 [JavaFX Application Thread] INFO  o.b.s.Utils.FileUtil - 成功加载文件/org/bxwbb/spigotplugincreatertool/icon/MiniWindowIcon/StartPage.png
2026-01-30 15:16:06.309 [JavaFX Application Thread] INFO  o.b.s.BxWinLab.BaseLabel - 控件焦点改变至 - org.bxwbb.spigotplugincreatertool.BxWinLab.SwitchBox@7f09eb7d
2026-01-30 15:16:06.388 [JavaFX Application Thread] INFO  o.b.s.Utils.FileUtil - 成功加载文件/org/bxwbb/spigotplugincreatertool/icon/MiniWindowIcon/StartPage.png
2026-01-30 15:16:06.933 [JavaFX Application Thread] INFO  o.b.s.Utils.FileUtil - 成功加载文件/org/bxwbb/spigotplugincreatertool/icon/MiniWindowIcon/StartPage.png
2026-01-30 15:16:09.134 [JavaFX Application Thread] INFO  o.b.s.HelloApplication - 执行停止...
2026-01-30 15:17:13.847 [JavaFX-Launcher] INFO  o.b.s.HelloApplication - 执行初始化...
2026-01-30 15:17:13.852 [JavaFX Application Thread] INFO  o.b.s.HelloApplication - 工具开始启动并加载...
2026-01-30 15:17:13.894 [JavaFX Application Thread] INFO  o.b.s.Utils.FileUtil - 成功加载文件/org/bxwbb/spigotplugincreatertool/icon/icon.png
2026-01-30 15:17:14.080 [JavaFX Application Thread] INFO  o.b.s.Utils.FileUtil - 成功加载文件/org/bxwbb/spigotplugincreatertool/icon/Universal/OpenFolder.png
2026-01-30 15:17:14.089 [JavaFX Application Thread] INFO  o.b.s.Utils.FileUtil - 成功加载文件/org/bxwbb/spigotplugincreatertool/icon/Universal/NewProject.png
2026-01-30 15:17:14.092 [JavaFX Application Thread] INFO  o.b.s.Utils.FileUtil - 成功加载文件/org/bxwbb/spigotplugincreatertool/icon/Universal/Setting.png
2026-01-30 15:17:14.096 [JavaFX Application Thread] INFO  o.b.s.Utils.FileUtil - 成功加载文件/org/bxwbb/spigotplugincreatertool/icon/Universal/Learn.png
2026-01-30 15:17:14.099 [JavaFX Application Thread] INFO  o.b.s.Utils.FileUtil - 成功加载文件/org/bxwbb/spigotplugincreatertool/icon/Universal/Quit.png
2026-01-30 15:17:14.134 [JavaFX Application Thread] INFO  o.b.s.Utils.FileUtil - 成功加载文件/org/bxwbb/spigotplugincreatertool/icon/MiniWindowIcon/StartPage.png
2026-01-30 15:17:14.143 [JavaFX Application Thread] INFO  o.b.s.Utils.FileUtil - 成功加载文件/org/bxwbb/spigotplugincreatertool/icon/MiniWindowIcon/StartPage.png
2026-01-30 15:17:15.521 [JavaFX Application Thread] INFO  o.b.s.BxWinLab.BaseLabel - 控件焦点改变至 - org.bxwbb.spigotplugincreatertool.BxWinLab.SwitchBox@1f3ef784
2026-01-30 15:17:15.633 [JavaFX Application Thread] INFO  o.b.s.Utils.FileUtil - 成功加载文件/org/bxwbb/spigotplugincreatertool/icon/MiniWindowIcon/StartPage.png
2026-01-30 15:17:21.356 [JavaFX Application Thread] INFO  o.b.s.HelloApplication - 执行停止...
2026-01-30 15:17:27.993 [JavaFX-Launcher] INFO  o.b.s.HelloApplication - 执行初始化...
2026-01-30 15:17:27.998 [JavaFX Application Thread] INFO  o.b.s.HelloApplication - 工具开始启动并加载...
2026-01-30 15:17:28.040 [JavaFX Application Thread] INFO  o.b.s.Utils.FileUtil - 成功加载文件/org/bxwbb/spigotplugincreatertool/icon/icon.png
2026-01-30 15:17:28.224 [JavaFX Application Thread] INFO  o.b.s.Utils.FileUtil - 成功加载文件/org/bxwbb/spigotplugincreatertool/icon/Universal/OpenFolder.png
2026-01-30 15:17:28.233 [JavaFX Application Thread] INFO  o.b.s.Utils.FileUtil - 成功加载文件/org/bxwbb/spigotplugincreatertool/icon/Universal/NewProject.png
2026-01-30 15:17:28.237 [JavaFX Application Thread] INFO  o.b.s.Utils.FileUtil - 成功加载文件/org/bxwbb/spigotplugincreatertool/icon/Universal/Setting.png
2026-01-30 15:17:28.240 [JavaFX Application Thread] INFO  o.b.s.Utils.FileUtil - 成功加载文件/org/bxwbb/spigotplugincreatertool/icon/Universal/Learn.png
2026-01-30 15:17:28.242 [JavaFX Application Thread] INFO  o.b.s.Utils.FileUtil - 成功加载文件/org/bxwbb/spigotplugincreatertool/icon/Universal/Quit.png
2026-01-30 15:17:28.279 [JavaFX Application Thread] INFO  o.b.s.Utils.FileUtil - 成功加载文件/org/bxwbb/spigotplugincreatertool/icon/MiniWindowIcon/StartPage.png
2026-01-30 15:17:28.288 [JavaFX Application Thread] INFO  o.b.s.Utils.FileUtil - 成功加载文件/org/bxwbb/spigotplugincreatertool/icon/MiniWindowIcon/StartPage.png
2026-01-30 15:17:29.441 [JavaFX Application Thread] INFO  o.b.s.BxWinLab.BaseLabel - 控件焦点改变至 - org.bxwbb.spigotplugincreatertool.BxWinLab.SwitchBox@4cb21235
2026-01-30 15:17:34.612 [JavaFX Application Thread] INFO  o.b.s.HelloApplication - 执行停止...
2026-01-30 15:17:54.021 [JavaFX-Launcher] INFO  o.b.s.HelloApplication - 执行初始化...
2026-01-30 15:17:54.027 [JavaFX Application Thread] INFO  o.b.s.HelloApplication - 工具开始启动并加载...
2026-01-30 15:17:54.070 [JavaFX Application Thread] INFO  o.b.s.Utils.FileUtil - 成功加载文件/org/bxwbb/spigotplugincreatertool/icon/icon.png
2026-01-30 15:17:54.249 [JavaFX Application Thread] INFO  o.b.s.Utils.FileUtil - 成功加载文件/org/bxwbb/spigotplugincreatertool/icon/Universal/OpenFolder.png
2026-01-30 15:17:54.260 [JavaFX Application Thread] INFO  o.b.s.Utils.FileUtil - 成功加载文件/org/bxwbb/spigotplugincreatertool/icon/Universal/NewProject.png
2026-01-30 15:17:54.265 [JavaFX Application Thread] INFO  o.b.s.Utils.FileUtil - 成功加载文件/org/bxwbb/spigotplugincreatertool/icon/Universal/Setting.png
2026-01-30 15:17:54.268 [JavaFX Application Thread] INFO  o.b.s.Utils.FileUtil - 成功加载文件/org/bxwbb/spigotplugincreatertool/icon/Universal/Learn.png
2026-01-30 15:17:54.271 [JavaFX Application Thread] INFO  o.b.s.Utils.FileUtil - 成功加载文件/org/bxwbb/spigotplugincreatertool/icon/Universal/Quit.png
2026-01-30 15:17:54.306 [JavaFX Application Thread] INFO  o.b.s.Utils.FileUtil - 成功加载文件/org/bxwbb/spigotplugincreatertool/icon/MiniWindowIcon/StartPage.png
2026-01-30 15:17:55.189 [JavaFX Application Thread] INFO  o.b.s.BxWinLab.BaseLabel - 控件焦点改变至 - org.bxwbb.spigotplugincreatertool.BxWinLab.SwitchBox@7f09eb7d
2026-01-30 15:17:55.327 [JavaFX Application Thread] INFO  o.b.s.Utils.FileUtil - 成功加载文件/org/bxwbb/spigotplugincreatertool/icon/MiniWindowIcon/StartPage.png
2026-01-30 15:17:56.207 [JavaFX Application Thread] INFO  o.b.s.Utils.FileUtil - 成功加载文件/org/bxwbb/spigotplugincreatertool/icon/MiniWindowIcon/StartPage.png
2026-01-30 15:17:56.687 [JavaFX Application Thread] INFO  o.b.s.Utils.FileUtil - 成功加载文件/org/bxwbb/spigotplugincreatertool/icon/MiniWindowIcon/StartPage.png
2026-01-30 15:17:57.183 [JavaFX Application Thread] INFO  o.b.s.Utils.FileUtil - 成功加载文件/org/bxwbb/spigotplugincreatertool/icon/MiniWindowIcon/StartPage.png
2026-01-30 15:17:57.535 [JavaFX Application Thread] INFO  o.b.s.Utils.FileUtil - 成功加载文件/org/bxwbb/spigotplugincreatertool/icon/MiniWindowIcon/StartPage.png
2026-01-30 15:17:57.966 [JavaFX Application Thread] INFO  o.b.s.Utils.FileUtil - 成功加载文件/org/bxwbb/spigotplugincreatertool/icon/MiniWindowIcon/StartPage.png
2026-01-30 15:17:58.326 [JavaFX Application Thread] INFO  o.b.s.Utils.FileUtil - 成功加载文件/org/bxwbb/spigotplugincreatertool/icon/MiniWindowIcon/StartPage.png
2026-01-30 15:17:58.743 [JavaFX Application Thread] INFO  o.b.s.Utils.FileUtil - 成功加载文件/org/bxwbb/spigotplugincreatertool/icon/MiniWindowIcon/StartPage.png
2026-01-30 15:17:59.110 [JavaFX Application Thread] INFO  o.b.s.Utils.FileUtil - 成功加载文件/org/bxwbb/spigotplugincreatertool/icon/MiniWindowIcon/StartPage.png
2026-01-30 15:18:01.336 [JavaFX Application Thread] INFO  o.b.s.Utils.FileUtil - 成功加载文件/org/bxwbb/spigotplugincreatertool/icon/MiniWindowIcon/StartPage.png
2026-01-30 15:18:01.337 [JavaFX Application Thread] INFO  o.b.s.BxWinLab.BaseLabel - 控件焦点改变至 - org.bxwbb.spigotplugincreatertool.BxWinLab.ButtonBox@250d6de7
2026-01-30 15:18:01.965 [JavaFX Application Thread] INFO  o.b.s.BxWinLab.BaseLabel - 控件焦点改变至 - org.bxwbb.spigotplugincreatertool.BxWinLab.SwitchBox@7f09eb7d
2026-01-30 15:18:02.053 [JavaFX Application Thread] INFO  o.b.s.Utils.FileUtil - 成功加载文件/org/bxwbb/spigotplugincreatertool/icon/MiniWindowIcon/StartPage.png
2026-01-30 15:18:02.902 [JavaFX Application Thread] INFO  o.b.s.Utils.FileUtil - 成功加载文件/org/bxwbb/spigotplugincreatertool/icon/MiniWindowIcon/StartPage.png
2026-01-30 15:18:02.903 [JavaFX Application Thread] INFO  o.b.s.BxWinLab.BaseLabel - 控件焦点改变至 - org.bxwbb.spigotplugincreatertool.BxWinLab.ButtonBox@545fb7da
2026-01-30 15:18:03.621 [JavaFX Application Thread] INFO  o.b.s.BxWinLab.BaseLabel - 控件焦点改变至 - org.bxwbb.spigotplugincreatertool.BxWinLab.Stage@25f7b444
2026-01-30 15:18:03.885 [JavaFX Application Thread] INFO  o.b.s.BxWinLab.BaseLabel - 控件焦点改变至 - org.bxwbb.spigotplugincreatertool.BxWinLab.SwitchBox@7f09eb7d
2026-01-30 15:18:04.014 [JavaFX Application Thread] INFO  o.b.s.Utils.FileUtil - 成功加载文件/org/bxwbb/spigotplugincreatertool/icon/MiniWindowIcon/StartPage.png
2026-01-30 15:18:05.166 [JavaFX Application Thread] INFO  o.b.s.Utils.FileUtil - 成功加载文件/org/bxwbb/spigotplugincreatertool/icon/MiniWindowIcon/StartPage.png
2026-01-30 15:18:05.169 [JavaFX Application Thread] INFO  o.b.s.BxWinLab.BaseLabel - 控件焦点改变至 - org.bxwbb.spigotplugincreatertool.BxWinLab.ButtonBox@1b1cd192
2026-01-30 15:18:06.046 [JavaFX Application Thread] INFO  o.b.s.BxWinLab.BaseLabel - 控件焦点改变至 - org.bxwbb.spigotplugincreatertool.BxWinLab.SwitchBox@7f09eb7d
2026-01-30 15:18:06.157 [JavaFX Application Thread] INFO  o.b.s.Utils.FileUtil - 成功加载文件/org/bxwbb/spigotplugincreatertool/icon/MiniWindowIcon/StartPage.png
2026-01-30 15:18:06.781 [JavaFX Application Thread] INFO  o.b.s.Utils.FileUtil - 成功加载文件/org/bxwbb/spigotplugincreatertool/icon/MiniWindowIcon/StartPage.png
2026-01-30 15:18:06.782 [JavaFX Application Thread] INFO  o.b.s.BxWinLab.BaseLabel - 控件焦点改变至 - org.bxwbb.spigotplugincreatertool.BxWinLab.ButtonBox@4ee23551
2026-01-30 15:18:07.664 [JavaFX Application Thread] INFO  o.b.s.HelloApplication - 执行停止...
2026-01-30 15:18:14.655 [JavaFX-Launcher] INFO  o.b.s.HelloApplication - 执行初始化...
2026-01-30 15:18:14.661 [JavaFX Application Thread] INFO  o.b.s.HelloApplication - 工具开始启动并加载...
2026-01-30 15:18:14.707 [JavaFX Application Thread] INFO  o.b.s.Utils.FileUtil - 成功加载文件/org/bxwbb/spigotplugincreatertool/icon/icon.png
2026-01-30 15:18:14.895 [JavaFX Application Thread] INFO  o.b.s.Utils.FileUtil - 成功加载文件/org/bxwbb/spigotplugincreatertool/icon/Universal/OpenFolder.png
2026-01-30 15:18:14.906 [JavaFX Application Thread] INFO  o.b.s.Utils.FileUtil - 成功加载文件/org/bxwbb/spigotplugincreatertool/icon/Universal/NewProject.png
2026-01-30 15:18:14.909 [JavaFX Application Thread] INFO  o.b.s.Utils.FileUtil - 成功加载文件/org/bxwbb/spigotplugincreatertool/icon/Universal/Setting.png
2026-01-30 15:18:14.913 [JavaFX Application Thread] INFO  o.b.s.Utils.FileUtil - 成功加载文件/org/bxwbb/spigotplugincreatertool/icon/Universal/Learn.png
2026-01-30 15:18:14.915 [JavaFX Application Thread] INFO  o.b.s.Utils.FileUtil - 成功加载文件/org/bxwbb/spigotplugincreatertool/icon/Universal/Quit.png
2026-01-30 15:18:14.952 [JavaFX Application Thread] INFO  o.b.s.Utils.FileUtil - 成功加载文件/org/bxwbb/spigotplugincreatertool/icon/MiniWindowIcon/StartPage.png
2026-01-30 15:18:15.652 [JavaFX Application Thread] INFO  o.b.s.BxWinLab.BaseLabel - 控件焦点改变至 - org.bxwbb.spigotplugincreatertool.BxWinLab.SwitchBox@7f09eb7d
2026-01-30 15:18:15.734 [JavaFX Application Thread] INFO  o.b.s.Utils.FileUtil - 成功加载文件/org/bxwbb/spigotplugincreatertool/icon/MiniWindowIcon/StartPage.png
2026-01-30 15:18:16.326 [JavaFX Application Thread] INFO  o.b.s.Utils.FileUtil - 成功加载文件/org/bxwbb/spigotplugincreatertool/icon/MiniWindowIcon/StartPage.png
2026-01-30 15:18:16.622 [JavaFX Application Thread] INFO  o.b.s.Utils.FileUtil - 成功加载文件/org/bxwbb/spigotplugincreatertool/icon/MiniWindowIcon/StartPage.png
2026-01-30 15:18:17.014 [JavaFX Application Thread] INFO  o.b.s.Utils.FileUtil - 成功加载文件/org/bxwbb/spigotplugincreatertool/icon/MiniWindowIcon/StartPage.png
2026-01-30 15:18:17.277 [JavaFX Application Thread] INFO  o.b.s.Utils.FileUtil - 成功加载文件/org/bxwbb/spigotplugincreatertool/icon/MiniWindowIcon/StartPage.png
2026-01-30 15:18:17.606 [JavaFX Application Thread] INFO  o.b.s.Utils.FileUtil - 成功加载文件/org/bxwbb/spigotplugincreatertool/icon/MiniWindowIcon/StartPage.png
2026-01-30 15:18:17.894 [JavaFX Application Thread] INFO  o.b.s.Utils.FileUtil - 成功加载文件/org/bxwbb/spigotplugincreatertool/icon/MiniWindowIcon/StartPage.png
2026-01-30 15:18:18.205 [JavaFX Application Thread] INFO  o.b.s.Utils.FileUtil - 成功加载文件/org/bxwbb/spigotplugincreatertool/icon/MiniWindowIcon/StartPage.png
2026-01-30 15:18:18.798 [JavaFX Application Thread] INFO  o.b.s.Utils.FileUtil - 成功加载文件/org/bxwbb/spigotplugincreatertool/icon/MiniWindowIcon/StartPage.png
2026-01-30 15:18:20.006 [JavaFX Application Thread] INFO  o.b.s.Utils.FileUtil - 成功加载文件/org/bxwbb/spigotplugincreatertool/icon/MiniWindowIcon/StartPage.png
2026-01-30 15:18:20.008 [JavaFX Application Thread] INFO  o.b.s.BxWinLab.BaseLabel - 控件焦点改变至 - org.bxwbb.spigotplugincreatertool.BxWinLab.ButtonBox@8d76876
2026-01-30 15:18:21.375 [JavaFX Application Thread] INFO  o.b.s.HelloApplication - 执行停止...
2026-01-30 15:22:12.823 [JavaFX-Launcher] INFO  o.b.s.HelloApplication - 执行初始化...
2026-01-30 15:22:12.829 [JavaFX Application Thread] INFO  o.b.s.HelloApplication - 工具开始启动并加载...
2026-01-30 15:22:12.872 [JavaFX Application Thread] INFO  o.b.s.Utils.FileUtil - 成功加载文件/org/bxwbb/spigotplugincreatertool/icon/icon.png
2026-01-30 15:22:13.065 [JavaFX Application Thread] INFO  o.b.s.Utils.FileUtil - 成功加载文件/org/bxwbb/spigotplugincreatertool/icon/Universal/OpenFolder.png
2026-01-30 15:22:13.073 [JavaFX Application Thread] INFO  o.b.s.Utils.FileUtil - 成功加载文件/org/bxwbb/spigotplugincreatertool/icon/Universal/NewProject.png
2026-01-30 15:22:13.078 [JavaFX Application Thread] INFO  o.b.s.Utils.FileUtil - 成功加载文件/org/bxwbb/spigotplugincreatertool/icon/Universal/Setting.png
2026-01-30 15:22:13.081 [JavaFX Application Thread] INFO  o.b.s.Utils.FileUtil - 成功加载文件/org/bxwbb/spigotplugincreatertool/icon/Universal/Learn.png
2026-01-30 15:22:13.083 [JavaFX Application Thread] INFO  o.b.s.Utils.FileUtil - 成功加载文件/org/bxwbb/spigotplugincreatertool/icon/Universal/Quit.png
2026-01-30 15:22:13.121 [JavaFX Application Thread] INFO  o.b.s.Utils.FileUtil - 成功加载文件/org/bxwbb/spigotplugincreatertool/icon/MiniWindowIcon/StartPage.png
2026-01-30 15:22:13.710 [JavaFX Application Thread] INFO  o.b.s.BxWinLab.BaseLabel - 控件焦点改变至 - org.bxwbb.spigotplugincreatertool.BxWinLab.SwitchBox@582e34ec
2026-01-30 15:22:13.801 [JavaFX Application Thread] INFO  o.b.s.Utils.FileUtil - 成功加载文件/org/bxwbb/spigotplugincreatertool/icon/MiniWindowIcon/StartPage.png
2026-01-30 15:22:14.602 [JavaFX Application Thread] INFO  o.b.s.Utils.FileUtil - 成功加载文件/org/bxwbb/spigotplugincreatertool/icon/MiniWindowIcon/StartPage.png
2026-01-30 15:22:15.706 [JavaFX Application Thread] INFO  o.b.s.HelloApplication - 执行停止...
2026-01-30 15:22:41.568 [JavaFX-Launcher] INFO  o.b.s.HelloApplication - 执行初始化...
2026-01-30 15:22:41.573 [JavaFX Application Thread] INFO  o.b.s.HelloApplication - 工具开始启动并加载...
2026-01-30 15:22:41.614 [JavaFX Application Thread] INFO  o.b.s.Utils.FileUtil - 成功加载文件/org/bxwbb/spigotplugincreatertool/icon/icon.png
2026-01-30 15:22:41.798 [JavaFX Application Thread] INFO  o.b.s.Utils.FileUtil - 成功加载文件/org/bxwbb/spigotplugincreatertool/icon/Universal/OpenFolder.png
2026-01-30 15:22:41.806 [JavaFX Application Thread] INFO  o.b.s.Utils.FileUtil - 成功加载文件/org/bxwbb/spigotplugincreatertool/icon/Universal/NewProject.png
2026-01-30 15:22:41.811 [JavaFX Application Thread] INFO  o.b.s.Utils.FileUtil - 成功加载文件/org/bxwbb/spigotplugincreatertool/icon/Universal/Setting.png
2026-01-30 15:22:41.814 [JavaFX Application Thread] INFO  o.b.s.Utils.FileUtil - 成功加载文件/org/bxwbb/spigotplugincreatertool/icon/Universal/Learn.png
2026-01-30 15:22:41.817 [JavaFX Application Thread] INFO  o.b.s.Utils.FileUtil - 成功加载文件/org/bxwbb/spigotplugincreatertool/icon/Universal/Quit.png
2026-01-30 15:22:41.854 [JavaFX Application Thread] INFO  o.b.s.Utils.FileUtil - 成功加载文件/org/bxwbb/spigotplugincreatertool/icon/MiniWindowIcon/StartPage.png
2026-01-30 15:22:48.865 [JavaFX Application Thread] INFO  o.b.s.BxWinLab.BaseLabel - 控件焦点改变至 - org.bxwbb.spigotplugincreatertool.BxWinLab.ImageTextButtonBox@254cda60
2026-01-30 15:22:49.846 [JavaFX Application Thread] INFO  o.b.s.HelloApplication - 执行停止...
2026-01-30 15:22:53.846 [JavaFX-Launcher] INFO  o.b.s.HelloApplication - 执行初始化...
2026-01-30 15:22:53.853 [JavaFX Application Thread] INFO  o.b.s.HelloApplication - 工具开始启动并加载...
2026-01-30 15:22:53.897 [JavaFX Application Thread] INFO  o.b.s.Utils.FileUtil - 成功加载文件/org/bxwbb/spigotplugincreatertool/icon/icon.png
2026-01-30 15:22:54.080 [JavaFX Application Thread] INFO  o.b.s.Utils.FileUtil - 成功加载文件/org/bxwbb/spigotplugincreatertool/icon/Universal/OpenFolder.png
2026-01-30 15:22:54.091 [JavaFX Application Thread] INFO  o.b.s.Utils.FileUtil - 成功加载文件/org/bxwbb/spigotplugincreatertool/icon/Universal/NewProject.png
2026-01-30 15:22:54.095 [JavaFX Application Thread] INFO  o.b.s.Utils.FileUtil - 成功加载文件/org/bxwbb/spigotplugincreatertool/icon/Universal/Setting.png
2026-01-30 15:22:54.099 [JavaFX Application Thread] INFO  o.b.s.Utils.FileUtil - 成功加载文件/org/bxwbb/spigotplugincreatertool/icon/Universal/Learn.png
2026-01-30 15:22:54.101 [JavaFX Application Thread] INFO  o.b.s.Utils.FileUtil - 成功加载文件/org/bxwbb/spigotplugincreatertool/icon/Universal/Quit.png
2026-01-30 15:22:54.137 [JavaFX Application Thread] INFO  o.b.s.Utils.FileUtil - 成功加载文件/org/bxwbb/spigotplugincreatertool/icon/MiniWindowIcon/StartPage.png
2026-01-30 15:22:55.190 [JavaFX Application Thread] INFO  o.b.s.BxWinLab.BaseLabel - 控件焦点改变至 - org.bxwbb.spigotplugincreatertool.BxWinLab.SwitchBox@7f09eb7d
2026-01-30 15:22:55.342 [JavaFX Application Thread] INFO  o.b.s.Utils.FileUtil - 成功加载文件/org/bxwbb/spigotplugincreatertool/icon/MiniWindowIcon/StartPage.png
2026-01-30 15:22:59.357 [JavaFX Application Thread] INFO  o.b.s.Utils.FileUtil - 成功加载文件/org/bxwbb/spigotplugincreatertool/icon/MiniWindowIcon/StartPage.png
2026-01-30 15:23:01.121 [JavaFX Application Thread] INFO  o.b.s.HelloApplication - 执行停止...
2026-01-30 15:24:22.519 [JavaFX-Launcher] INFO  o.b.s.HelloApplication - 执行初始化...
2026-01-30 15:24:22.525 [JavaFX Application Thread] INFO  o.b.s.HelloApplication - 工具开始启动并加载...
2026-01-30 15:24:22.566 [JavaFX Application Thread] INFO  o.b.s.Utils.FileUtil - 成功加载文件/org/bxwbb/spigotplugincreatertool/icon/icon.png
2026-01-30 15:24:22.742 [JavaFX Application Thread] INFO  o.b.s.Utils.FileUtil - 成功加载文件/org/bxwbb/spigotplugincreatertool/icon/Universal/OpenFolder.png
2026-01-30 15:24:22.751 [JavaFX Application Thread] INFO  o.b.s.Utils.FileUtil - 成功加载文件/org/bxwbb/spigotplugincreatertool/icon/Universal/NewProject.png
2026-01-30 15:24:22.755 [JavaFX Application Thread] INFO  o.b.s.Utils.FileUtil - 成功加载文件/org/bxwbb/spigotplugincreatertool/icon/Universal/Setting.png
2026-01-30 15:24:22.757 [JavaFX Application Thread] INFO  o.b.s.Utils.FileUtil - 成功加载文件/org/bxwbb/spigotplugincreatertool/icon/Universal/Learn.png
2026-01-30 15:24:22.760 [JavaFX Application Thread] INFO  o.b.s.Utils.FileUtil - 成功加载文件/org/bxwbb/spigotplugincreatertool/icon/Universal/Quit.png
2026-01-30 15:24:22.795 [JavaFX Application Thread] INFO  o.b.s.Utils.FileUtil - 成功加载文件/org/bxwbb/spigotplugincreatertool/icon/MiniWindowIcon/StartPage.png
2026-01-30 15:24:29.784 [JavaFX Application Thread] INFO  o.b.s.BxWinLab.BaseLabel - 控件焦点改变至 - org.bxwbb.spigotplugincreatertool.BxWinLab.SwitchBox@29edc4ae
2026-01-30 15:24:29.887 [JavaFX Application Thread] INFO  o.b.s.Utils.FileUtil - 成功加载文件/org/bxwbb/spigotplugincreatertool/icon/MiniWindowIcon/StartPage.png
2026-01-30 15:24:32.687 [JavaFX Application Thread] INFO  o.b.s.Utils.FileUtil - 成功加载文件/org/bxwbb/spigotplugincreatertool/icon/MiniWindowIcon/StartPage.png
2026-01-30 15:24:33.095 [JavaFX Application Thread] INFO  o.b.s.Utils.FileUtil - 成功加载文件/org/bxwbb/spigotplugincreatertool/icon/MiniWindowIcon/StartPage.png
2026-01-30 15:24:33.848 [JavaFX Application Thread] INFO  o.b.s.Utils.FileUtil - 成功加载文件/org/bxwbb/spigotplugincreatertool/icon/MiniWindowIcon/StartPage.png
2026-01-30 15:24:34.496 [JavaFX Application Thread] INFO  o.b.s.Utils.FileUtil - 成功加载文件/org/bxwbb/spigotplugincreatertool/icon/MiniWindowIcon/StartPage.png
2026-01-30 15:24:36.304 [JavaFX Application Thread] INFO  o.b.s.Utils.FileUtil - 成功加载文件/org/bxwbb/spigotplugincreatertool/icon/MiniWindowIcon/StartPage.png
2026-01-30 15:24:36.520 [JavaFX Application Thread] INFO  o.b.s.Utils.FileUtil - 成功加载文件/org/bxwbb/spigotplugincreatertool/icon/MiniWindowIcon/StartPage.png
2026-01-30 15:24:36.920 [JavaFX Application Thread] INFO  o.b.s.Utils.FileUtil - 成功加载文件/org/bxwbb/spigotplugincreatertool/icon/MiniWindowIcon/StartPage.png
2026-01-30 15:24:37.217 [JavaFX Application Thread] INFO  o.b.s.Utils.FileUtil - 成功加载文件/org/bxwbb/spigotplugincreatertool/icon/MiniWindowIcon/StartPage.png
2026-01-30 15:24:38.257 [JavaFX Application Thread] INFO  o.b.s.Utils.FileUtil - 成功加载文件/org/bxwbb/spigotplugincreatertool/icon/MiniWindowIcon/StartPage.png
2026-01-30 15:24:38.258 [JavaFX Application Thread] INFO  o.b.s.BxWinLab.BaseLabel - 控件焦点改变至 - org.bxwbb.spigotplugincreatertool.BxWinLab.ButtonBox@16e9163f
2026-01-30 15:24:39.242 [JavaFX Application Thread] INFO  o.b.s.BxWinLab.BaseLabel - 控件焦点改变至 - org.bxwbb.spigotplugincreatertool.BxWinLab.SwitchBox@29edc4ae
2026-01-30 15:24:39.337 [JavaFX Application Thread] INFO  o.b.s.Utils.FileUtil - 成功加载文件/org/bxwbb/spigotplugincreatertool/icon/MiniWindowIcon/StartPage.png
2026-01-30 15:24:41.084 [JavaFX Application Thread] INFO  o.b.s.HelloApplication - 执行停止...
2026-01-30 15:25:09.623 [JavaFX-Launcher] INFO  o.b.s.HelloApplication - 执行初始化...
2026-01-30 15:25:09.628 [JavaFX Application Thread] INFO  o.b.s.HelloApplication - 工具开始启动并加载...
2026-01-30 15:25:09.670 [JavaFX Application Thread] INFO  o.b.s.Utils.FileUtil - 成功加载文件/org/bxwbb/spigotplugincreatertool/icon/icon.png
2026-01-30 15:25:09.852 [JavaFX Application Thread] INFO  o.b.s.Utils.FileUtil - 成功加载文件/org/bxwbb/spigotplugincreatertool/icon/Universal/OpenFolder.png
2026-01-30 15:25:09.861 [JavaFX Application Thread] INFO  o.b.s.Utils.FileUtil - 成功加载文件/org/bxwbb/spigotplugincreatertool/icon/Universal/NewProject.png
2026-01-30 15:25:09.865 [JavaFX Application Thread] INFO  o.b.s.Utils.FileUtil - 成功加载文件/org/bxwbb/spigotplugincreatertool/icon/Universal/Setting.png
2026-01-30 15:25:09.868 [JavaFX Application Thread] INFO  o.b.s.Utils.FileUtil - 成功加载文件/org/bxwbb/spigotplugincreatertool/icon/Universal/Learn.png
2026-01-30 15:25:09.871 [JavaFX Application Thread] INFO  o.b.s.Utils.FileUtil - 成功加载文件/org/bxwbb/spigotplugincreatertool/icon/Universal/Quit.png
2026-01-30 15:25:09.907 [JavaFX Application Thread] INFO  o.b.s.Utils.FileUtil - 成功加载文件/org/bxwbb/spigotplugincreatertool/icon/MiniWindowIcon/StartPage.png
2026-01-30 15:25:10.701 [JavaFX Application Thread] INFO  o.b.s.BxWinLab.BaseLabel - 控件焦点改变至 - org.bxwbb.spigotplugincreatertool.BxWinLab.SwitchBox@254cda60
2026-01-30 15:25:10.783 [JavaFX Application Thread] INFO  o.b.s.Utils.FileUtil - 成功加载文件/org/bxwbb/spigotplugincreatertool/icon/MiniWindowIcon/StartPage.png
2026-01-30 15:25:11.407 [JavaFX Application Thread] INFO  o.b.s.Utils.FileUtil - 成功加载文件/org/bxwbb/spigotplugincreatertool/icon/MiniWindowIcon/StartPage.png
2026-01-30 15:25:11.687 [JavaFX Application Thread] INFO  o.b.s.Utils.FileUtil - 成功加载文件/org/bxwbb/spigotplugincreatertool/icon/MiniWindowIcon/StartPage.png
2026-01-30 15:25:12.081 [JavaFX Application Thread] INFO  o.b.s.Utils.FileUtil - 成功加载文件/org/bxwbb/spigotplugincreatertool/icon/MiniWindowIcon/StartPage.png
2026-01-30 15:25:12.491 [JavaFX Application Thread] INFO  o.b.s.Utils.FileUtil - 成功加载文件/org/bxwbb/spigotplugincreatertool/icon/MiniWindowIcon/StartPage.png
2026-01-30 15:25:12.993 [JavaFX Application Thread] INFO  o.b.s.Utils.FileUtil - 成功加载文件/org/bxwbb/spigotplugincreatertool/icon/MiniWindowIcon/StartPage.png
2026-01-30 15:25:13.404 [JavaFX Application Thread] INFO  o.b.s.Utils.FileUtil - 成功加载文件/org/bxwbb/spigotplugincreatertool/icon/MiniWindowIcon/StartPage.png
2026-01-30 15:25:13.821 [JavaFX Application Thread] INFO  o.b.s.Utils.FileUtil - 成功加载文件/org/bxwbb/spigotplugincreatertool/icon/MiniWindowIcon/StartPage.png
2026-01-30 15:25:14.142 [JavaFX Application Thread] INFO  o.b.s.Utils.FileUtil - 成功加载文件/org/bxwbb/spigotplugincreatertool/icon/MiniWindowIcon/StartPage.png
2026-01-30 15:25:14.577 [JavaFX Application Thread] INFO  o.b.s.Utils.FileUtil - 成功加载文件/org/bxwbb/spigotplugincreatertool/icon/MiniWindowIcon/StartPage.png
2026-01-30 15:25:15.618 [JavaFX Application Thread] INFO  o.b.s.HelloApplication - 执行停止...
2026-01-30 15:26:06.550 [JavaFX-Launcher] INFO  o.b.s.HelloApplication - 执行初始化...
2026-01-30 15:26:06.556 [JavaFX Application Thread] INFO  o.b.s.HelloApplication - 工具开始启动并加载...
2026-01-30 15:26:06.598 [JavaFX Application Thread] INFO  o.b.s.Utils.FileUtil - 成功加载文件/org/bxwbb/spigotplugincreatertool/icon/icon.png
2026-01-30 15:26:06.782 [JavaFX Application Thread] INFO  o.b.s.Utils.FileUtil - 成功加载文件/org/bxwbb/spigotplugincreatertool/icon/Universal/OpenFolder.png
2026-01-30 15:26:06.790 [JavaFX Application Thread] INFO  o.b.s.Utils.FileUtil - 成功加载文件/org/bxwbb/spigotplugincreatertool/icon/Universal/NewProject.png
2026-01-30 15:26:06.794 [JavaFX Application Thread] INFO  o.b.s.Utils.FileUtil - 成功加载文件/org/bxwbb/spigotplugincreatertool/icon/Universal/Setting.png
2026-01-30 15:26:06.796 [JavaFX Application Thread] INFO  o.b.s.Utils.FileUtil - 成功加载文件/org/bxwbb/spigotplugincreatertool/icon/Universal/Learn.png
2026-01-30 15:26:06.799 [JavaFX Application Thread] INFO  o.b.s.Utils.FileUtil - 成功加载文件/org/bxwbb/spigotplugincreatertool/icon/Universal/Quit.png
2026-01-30 15:26:06.836 [JavaFX Application Thread] INFO  o.b.s.Utils.FileUtil - 成功加载文件/org/bxwbb/spigotplugincreatertool/icon/MiniWindowIcon/StartPage.png
2026-01-30 15:26:08.028 [JavaFX Application Thread] INFO  o.b.s.BxWinLab.BaseLabel - 控件焦点改变至 - org.bxwbb.spigotplugincreatertool.BxWinLab.SwitchBox@254cda60
2026-01-30 15:26:08.140 [JavaFX Application Thread] INFO  o.b.s.Utils.FileUtil - 成功加载文件/org/bxwbb/spigotplugincreatertool/icon/MiniWindowIcon/StartPage.png
2026-01-30 15:26:08.637 [JavaFX Application Thread] INFO  o.b.s.Utils.FileUtil - 成功加载文件/org/bxwbb/spigotplugincreatertool/icon/MiniWindowIcon/StartPage.png
2026-01-30 15:26:08.869 [JavaFX Application Thread] INFO  o.b.s.Utils.FileUtil - 成功加载文件/org/bxwbb/spigotplugincreatertool/icon/MiniWindowIcon/StartPage.png
2026-01-30 15:26:09.158 [JavaFX Application Thread] INFO  o.b.s.Utils.FileUtil - 成功加载文件/org/bxwbb/spigotplugincreatertool/icon/MiniWindowIcon/StartPage.png
2026-01-30 15:26:09.390 [JavaFX Application Thread] INFO  o.b.s.Utils.FileUtil - 成功加载文件/org/bxwbb/spigotplugincreatertool/icon/MiniWindowIcon/StartPage.png
2026-01-30 15:26:09.645 [JavaFX Application Thread] INFO  o.b.s.Utils.FileUtil - 成功加载文件/org/bxwbb/spigotplugincreatertool/icon/MiniWindowIcon/StartPage.png
2026-01-30 15:26:09.870 [JavaFX Application Thread] INFO  o.b.s.Utils.FileUtil - 成功加载文件/org/bxwbb/spigotplugincreatertool/icon/MiniWindowIcon/StartPage.png
2026-01-30 15:26:11.599 [JavaFX Application Thread] INFO  o.b.s.HelloApplication - 执行停止...
2026-01-30 15:29:58.199 [JavaFX-Launcher] INFO  o.b.s.HelloApplication - 执行初始化...
2026-01-30 15:29:58.204 [JavaFX Application Thread] INFO  o.b.s.HelloApplication - 工具开始启动并加载...
2026-01-30 15:29:58.248 [JavaFX Application Thread] INFO  o.b.s.Utils.FileUtil - 成功加载文件/org/bxwbb/spigotplugincreatertool/icon/icon.png
2026-01-30 15:29:58.426 [JavaFX Application Thread] INFO  o.b.s.Utils.FileUtil - 成功加载文件/org/bxwbb/spigotplugincreatertool/icon/Universal/OpenFolder.png
2026-01-30 15:29:58.437 [JavaFX Application Thread] INFO  o.b.s.Utils.FileUtil - 成功加载文件/org/bxwbb/spigotplugincreatertool/icon/Universal/NewProject.png
2026-01-30 15:29:58.442 [JavaFX Application Thread] INFO  o.b.s.Utils.FileUtil - 成功加载文件/org/bxwbb/spigotplugincreatertool/icon/Universal/Setting.png
2026-01-30 15:29:58.444 [JavaFX Application Thread] INFO  o.b.s.Utils.FileUtil - 成功加载文件/org/bxwbb/spigotplugincreatertool/icon/Universal/Learn.png
2026-01-30 15:29:58.447 [JavaFX Application Thread] INFO  o.b.s.Utils.FileUtil - 成功加载文件/org/bxwbb/spigotplugincreatertool/icon/Universal/Quit.png
2026-01-30 15:29:58.484 [JavaFX Application Thread] INFO  o.b.s.Utils.FileUtil - 成功加载文件/org/bxwbb/spigotplugincreatertool/icon/MiniWindowIcon/StartPage.png
2026-01-30 15:29:59.950 [JavaFX Application Thread] INFO  o.b.s.BxWinLab.BaseLabel - 控件焦点改变至 - org.bxwbb.spigotplugincreatertool.BxWinLab.SwitchBox@3d6c79cd
2026-01-30 15:30:00.047 [JavaFX Application Thread] INFO  o.b.s.Utils.FileUtil - 成功加载文件/org/bxwbb/spigotplugincreatertool/icon/MiniWindowIcon/StartPage.png
2026-01-30 15:30:01.215 [JavaFX Application Thread] INFO  o.b.s.Utils.FileUtil - 成功加载文件/org/bxwbb/spigotplugincreatertool/icon/MiniWindowIcon/StartPage.png
2026-01-30 15:30:02.820 [JavaFX Application Thread] INFO  o.b.s.HelloApplication - 执行停止...
2026-01-30 15:30:21.486 [JavaFX-Launcher] INFO  o.b.s.HelloApplication - 执行初始化...
2026-01-30 15:30:21.492 [JavaFX Application Thread] INFO  o.b.s.HelloApplication - 工具开始启动并加载...
2026-01-30 15:30:21.534 [JavaFX Application Thread] INFO  o.b.s.Utils.FileUtil - 成功加载文件/org/bxwbb/spigotplugincreatertool/icon/icon.png
2026-01-30 15:30:21.706 [JavaFX Application Thread] INFO  o.b.s.Utils.FileUtil - 成功加载文件/org/bxwbb/spigotplugincreatertool/icon/Universal/OpenFolder.png
2026-01-30 15:30:21.717 [JavaFX Application Thread] INFO  o.b.s.Utils.FileUtil - 成功加载文件/org/bxwbb/spigotplugincreatertool/icon/Universal/NewProject.png
2026-01-30 15:30:21.721 [JavaFX Application Thread] INFO  o.b.s.Utils.FileUtil - 成功加载文件/org/bxwbb/spigotplugincreatertool/icon/Universal/Setting.png
2026-01-30 15:30:21.723 [JavaFX Application Thread] INFO  o.b.s.Utils.FileUtil - 成功加载文件/org/bxwbb/spigotplugincreatertool/icon/Universal/Learn.png
2026-01-30 15:30:21.727 [JavaFX Application Thread] INFO  o.b.s.Utils.FileUtil - 成功加载文件/org/bxwbb/spigotplugincreatertool/icon/Universal/Quit.png
2026-01-30 15:30:21.764 [JavaFX Application Thread] INFO  o.b.s.Utils.FileUtil - 成功加载文件/org/bxwbb/spigotplugincreatertool/icon/MiniWindowIcon/StartPage.png
2026-01-30 15:30:22.698 [JavaFX Application Thread] INFO  o.b.s.BxWinLab.BaseLabel - 控件焦点改变至 - org.bxwbb.spigotplugincreatertool.BxWinLab.SwitchBox@7f09eb7d
2026-01-30 15:30:22.763 [JavaFX Application Thread] INFO  o.b.s.Utils.FileUtil - 成功加载文件/org/bxwbb/spigotplugincreatertool/icon/MiniWindowIcon/StartPage.png
2026-01-30 15:30:23.203 [JavaFX Application Thread] INFO  o.b.s.Utils.FileUtil - 成功加载文件/org/bxwbb/spigotplugincreatertool/icon/MiniWindowIcon/StartPage.png
2026-01-30 15:30:24.051 [JavaFX Application Thread] INFO  o.b.s.HelloApplication - 执行停止...
2026-01-30 15:30:31.731 [JavaFX-Launcher] INFO  o.b.s.HelloApplication - 执行初始化...
2026-01-30 15:30:31.736 [JavaFX Application Thread] INFO  o.b.s.HelloApplication - 工具开始启动并加载...
2026-01-30 15:30:31.779 [JavaFX Application Thread] INFO  o.b.s.Utils.FileUtil - 成功加载文件/org/bxwbb/spigotplugincreatertool/icon/icon.png
2026-01-30 15:30:31.956 [JavaFX Application Thread] INFO  o.b.s.Utils.FileUtil - 成功加载文件/org/bxwbb/spigotplugincreatertool/icon/Universal/OpenFolder.png
2026-01-30 15:30:31.967 [JavaFX Application Thread] INFO  o.b.s.Utils.FileUtil - 成功加载文件/org/bxwbb/spigotplugincreatertool/icon/Universal/NewProject.png
2026-01-30 15:30:31.971 [JavaFX Application Thread] INFO  o.b.s.Utils.FileUtil - 成功加载文件/org/bxwbb/spigotplugincreatertool/icon/Universal/Setting.png
2026-01-30 15:30:31.974 [JavaFX Application Thread] INFO  o.b.s.Utils.FileUtil - 成功加载文件/org/bxwbb/spigotplugincreatertool/icon/Universal/Learn.png
2026-01-30 15:30:31.976 [JavaFX Application Thread] INFO  o.b.s.Utils.FileUtil - 成功加载文件/org/bxwbb/spigotplugincreatertool/icon/Universal/Quit.png
2026-01-30 15:30:32.009 [JavaFX Application Thread] INFO  o.b.s.Utils.FileUtil - 成功加载文件/org/bxwbb/spigotplugincreatertool/icon/MiniWindowIcon/StartPage.png
2026-01-30 15:30:33.388 [JavaFX Application Thread] INFO  o.b.s.BxWinLab.BaseLabel - 控件焦点改变至 - org.bxwbb.spigotplugincreatertool.BxWinLab.SwitchBox@3d6c79cd
2026-01-30 15:30:33.469 [JavaFX Application Thread] INFO  o.b.s.Utils.FileUtil - 成功加载文件/org/bxwbb/spigotplugincreatertool/icon/MiniWindowIcon/StartPage.png
2026-01-30 15:30:34.309 [JavaFX Application Thread] INFO  o.b.s.Utils.FileUtil - 成功加载文件/org/bxwbb/spigotplugincreatertool/icon/MiniWindowIcon/StartPage.png
2026-01-30 15:30:35.591 [JavaFX Application Thread] INFO  o.b.s.HelloApplication - 执行停止...
2026-01-30 15:43:01.444 [JavaFX-Launcher] INFO  o.b.s.HelloApplication - 执行初始化...
2026-01-30 15:43:01.449 [JavaFX Application Thread] INFO  o.b.s.HelloApplication - 工具开始启动并加载...
2026-01-30 15:43:01.485 [JavaFX Application Thread] INFO  o.b.s.BxWinLab.BaseLabel - 控件库Debug模式已开启
2026-01-30 15:43:01.491 [JavaFX Application Thread] INFO  o.b.s.BxWinLab.BaseLabel - 控件库Debug模式已开启
2026-01-30 15:43:01.494 [JavaFX Application Thread] INFO  o.b.s.BxWinLab.BaseLabel - 控件库Debug模式已开启
2026-01-30 15:43:01.495 [JavaFX Application Thread] INFO  o.b.s.Utils.FileUtil - 成功加载文件/org/bxwbb/spigotplugincreatertool/icon/icon.png
2026-01-30 15:43:01.637 [JavaFX Application Thread] INFO  o.b.s.BxWinLab.BaseLabel - 控件库Debug模式已开启
2026-01-30 15:43:01.640 [JavaFX Application Thread] INFO  o.b.s.BxWinLab.BaseLabel - 控件库Debug模式已开启
2026-01-30 15:43:01.640 [JavaFX Application Thread] INFO  o.b.s.BxWinLab.BaseLabel - 控件库Debug模式已开启
2026-01-30 15:43:01.641 [JavaFX Application Thread] INFO  o.b.s.BxWinLab.BaseLabel - 控件库Debug模式已开启
2026-01-30 15:43:01.641 [JavaFX Application Thread] INFO  o.b.s.BxWinLab.BaseLabel - 控件库Debug模式已开启
2026-01-30 15:43:01.662 [JavaFX Application Thread] INFO  o.b.s.BxWinLab.BaseLabel - 控件库Debug模式已开启
2026-01-30 15:43:01.675 [JavaFX Application Thread] INFO  o.b.s.BxWinLab.BaseLabel - 控件库Debug模式已开启
2026-01-30 15:43:01.676 [JavaFX Application Thread] INFO  o.b.s.BxWinLab.BaseLabel - 控件库Debug模式已开启
2026-01-30 15:43:01.676 [JavaFX Application Thread] INFO  o.b.s.BxWinLab.BaseLabel - 控件库Debug模式已开启
2026-01-30 15:43:01.676 [JavaFX Application Thread] INFO  o.b.s.BxWinLab.BaseLabel - 控件库Debug模式已开启
2026-01-30 15:43:01.677 [JavaFX Application Thread] INFO  o.b.s.BxWinLab.BaseLabel - 控件库Debug模式已开启
2026-01-30 15:43:01.678 [JavaFX Application Thread] INFO  o.b.s.BxWinLab.BaseLabel - 控件库Debug模式已开启
2026-01-30 15:43:01.678 [JavaFX Application Thread] INFO  o.b.s.Utils.FileUtil - 成功加载文件/org/bxwbb/spigotplugincreatertool/icon/Universal/OpenFolder.png
2026-01-30 15:43:01.679 [JavaFX Application Thread] INFO  o.b.s.BxWinLab.BaseLabel - 控件库Debug模式已开启
2026-01-30 15:43:01.680 [JavaFX Application Thread] INFO  o.b.s.BxWinLab.BaseLabel - 控件库Debug模式已开启
2026-01-30 15:43:01.680 [JavaFX Application Thread] INFO  o.b.s.BxWinLab.BaseLabel - 控件库Debug模式已开启
2026-01-30 15:43:01.682 [JavaFX Application Thread] INFO  o.b.s.BxWinLab.BaseLabel - 控件库Debug模式已开启
2026-01-30 15:43:01.682 [JavaFX Application Thread] INFO  o.b.s.BxWinLab.BaseLabel - 控件库Debug模式已开启
2026-01-30 15:43:01.683 [JavaFX Application Thread] INFO  o.b.s.BxWinLab.BaseLabel - 控件库Debug模式已开启
2026-01-30 15:43:01.683 [JavaFX Application Thread] INFO  o.b.s.BxWinLab.BaseLabel - 控件库Debug模式已开启
2026-01-30 15:43:01.683 [JavaFX Application Thread] INFO  o.b.s.BxWinLab.BaseLabel - 控件库Debug模式已开启
2026-01-30 15:43:01.683 [JavaFX Application Thread] INFO  o.b.s.BxWinLab.BaseLabel - 控件库Debug模式已开启
2026-01-30 15:43:01.684 [JavaFX Application Thread] INFO  o.b.s.BxWinLab.BaseLabel - 控件库Debug模式已开启
2026-01-30 15:43:01.684 [JavaFX Application Thread] INFO  o.b.s.BxWinLab.BaseLabel - 控件库Debug模式已开启
2026-01-30 15:43:01.684 [JavaFX Application Thread] INFO  o.b.s.BxWinLab.BaseLabel - 控件库Debug模式已开启
2026-01-30 15:43:01.684 [JavaFX Application Thread] INFO  o.b.s.BxWinLab.BaseLabel - 控件库Debug模式已开启
2026-01-30 15:43:01.685 [JavaFX Application Thread] INFO  o.b.s.BxWinLab.BaseLabel - 控件库Debug模式已开启
2026-01-30 15:43:01.685 [JavaFX Application Thread] INFO  o.b.s.BxWinLab.BaseLabel - 控件库Debug模式已开启
2026-01-30 15:43:01.686 [JavaFX Application Thread] INFO  o.b.s.BxWinLab.BaseLabel - 控件库Debug模式已开启
2026-01-30 15:43:01.686 [JavaFX Application Thread] INFO  o.b.s.BxWinLab.BaseLabel - 控件库Debug模式已开启
2026-01-30 15:43:01.688 [JavaFX Application Thread] INFO  o.b.s.Utils.FileUtil - 成功加载文件/org/bxwbb/spigotplugincreatertool/icon/Universal/NewProject.png
2026-01-30 15:43:01.689 [JavaFX Application Thread] INFO  o.b.s.BxWinLab.BaseLabel - 控件库Debug模式已开启
2026-01-30 15:43:01.689 [JavaFX Application Thread] INFO  o.b.s.BxWinLab.BaseLabel - 控件库Debug模式已开启
2026-01-30 15:43:01.689 [JavaFX Application Thread] INFO  o.b.s.BxWinLab.BaseLabel - 控件库Debug模式已开启
2026-01-30 15:43:01.689 [JavaFX Application Thread] INFO  o.b.s.BxWinLab.BaseLabel - 控件库Debug模式已开启
2026-01-30 15:43:01.689 [JavaFX Application Thread] INFO  o.b.s.BxWinLab.BaseLabel - 控件库Debug模式已开启
2026-01-30 15:43:01.689 [JavaFX Application Thread] INFO  o.b.s.BxWinLab.BaseLabel - 控件库Debug模式已开启
2026-01-30 15:43:01.690 [JavaFX Application Thread] INFO  o.b.s.BxWinLab.BaseLabel - 控件库Debug模式已开启
2026-01-30 15:43:01.690 [JavaFX Application Thread] INFO  o.b.s.BxWinLab.BaseLabel - 控件库Debug模式已开启
2026-01-30 15:43:01.690 [JavaFX Application Thread] INFO  o.b.s.BxWinLab.BaseLabel - 控件库Debug模式已开启
2026-01-30 15:43:01.690 [JavaFX Application Thread] INFO  o.b.s.BxWinLab.BaseLabel - 控件库Debug模式已开启
2026-01-30 15:43:01.690 [JavaFX Application Thread] INFO  o.b.s.BxWinLab.BaseLabel - 控件库Debug模式已开启
2026-01-30 15:43:01.690 [JavaFX Application Thread] INFO  o.b.s.BxWinLab.BaseLabel - 控件库Debug模式已开启
2026-01-30 15:43:01.690 [JavaFX Application Thread] INFO  o.b.s.BxWinLab.BaseLabel - 控件库Debug模式已开启
2026-01-30 15:43:01.691 [JavaFX Application Thread] INFO  o.b.s.BxWinLab.BaseLabel - 控件库Debug模式已开启
2026-01-30 15:43:01.691 [JavaFX Application Thread] INFO  o.b.s.BxWinLab.BaseLabel - 控件库Debug模式已开启
2026-01-30 15:43:01.691 [JavaFX Application Thread] INFO  o.b.s.BxWinLab.BaseLabel - 控件库Debug模式已开启
2026-01-30 15:43:01.691 [JavaFX Application Thread] INFO  o.b.s.BxWinLab.BaseLabel - 控件库Debug模式已开启
2026-01-30 15:43:01.693 [JavaFX Application Thread] INFO  o.b.s.Utils.FileUtil - 成功加载文件/org/bxwbb/spigotplugincreatertool/icon/Universal/Setting.png
2026-01-30 15:43:01.694 [JavaFX Application Thread] INFO  o.b.s.BxWinLab.BaseLabel - 控件库Debug模式已开启
2026-01-30 15:43:01.694 [JavaFX Application Thread] INFO  o.b.s.BxWinLab.BaseLabel - 控件库Debug模式已开启
2026-01-30 15:43:01.694 [JavaFX Application Thread] INFO  o.b.s.BxWinLab.BaseLabel - 控件库Debug模式已开启
2026-01-30 15:43:01.694 [JavaFX Application Thread] INFO  o.b.s.BxWinLab.BaseLabel - 控件库Debug模式已开启
2026-01-30 15:43:01.694 [JavaFX Application Thread] INFO  o.b.s.BxWinLab.BaseLabel - 控件库Debug模式已开启
2026-01-30 15:43:01.694 [JavaFX Application Thread] INFO  o.b.s.BxWinLab.BaseLabel - 控件库Debug模式已开启
2026-01-30 15:43:01.694 [JavaFX Application Thread] INFO  o.b.s.BxWinLab.BaseLabel - 控件库Debug模式已开启
2026-01-30 15:43:01.695 [JavaFX Application Thread] INFO  o.b.s.BxWinLab.BaseLabel - 控件库Debug模式已开启
2026-01-30 15:43:01.695 [JavaFX Application Thread] INFO  o.b.s.BxWinLab.BaseLabel - 控件库Debug模式已开启
2026-01-30 15:43:01.695 [JavaFX Application Thread] INFO  o.b.s.BxWinLab.BaseLabel - 控件库Debug模式已开启
2026-01-30 15:43:01.695 [JavaFX Application Thread] INFO  o.b.s.BxWinLab.BaseLabel - 控件库Debug模式已开启
2026-01-30 15:43:01.695 [JavaFX Application Thread] INFO  o.b.s.BxWinLab.BaseLabel - 控件库Debug模式已开启
2026-01-30 15:43:01.695 [JavaFX Application Thread] INFO  o.b.s.BxWinLab.BaseLabel - 控件库Debug模式已开启
2026-01-30 15:43:01.695 [JavaFX Application Thread] INFO  o.b.s.BxWinLab.BaseLabel - 控件库Debug模式已开启
2026-01-30 15:43:01.695 [JavaFX Application Thread] INFO  o.b.s.BxWinLab.BaseLabel - 控件库Debug模式已开启
2026-01-30 15:43:01.696 [JavaFX Application Thread] INFO  o.b.s.BxWinLab.BaseLabel - 控件库Debug模式已开启
2026-01-30 15:43:01.696 [JavaFX Application Thread] INFO  o.b.s.BxWinLab.BaseLabel - 控件库Debug模式已开启
2026-01-30 15:43:01.697 [JavaFX Application Thread] INFO  o.b.s.Utils.FileUtil - 成功加载文件/org/bxwbb/spigotplugincreatertool/icon/Universal/Learn.png
2026-01-30 15:43:01.697 [JavaFX Application Thread] INFO  o.b.s.BxWinLab.BaseLabel - 控件库Debug模式已开启
2026-01-30 15:43:01.698 [JavaFX Application Thread] INFO  o.b.s.BxWinLab.BaseLabel - 控件库Debug模式已开启
2026-01-30 15:43:01.698 [JavaFX Application Thread] INFO  o.b.s.BxWinLab.BaseLabel - 控件库Debug模式已开启
2026-01-30 15:43:01.698 [JavaFX Application Thread] INFO  o.b.s.BxWinLab.BaseLabel - 控件库Debug模式已开启
2026-01-30 15:43:01.698 [JavaFX Application Thread] INFO  o.b.s.BxWinLab.BaseLabel - 控件库Debug模式已开启
2026-01-30 15:43:01.698 [JavaFX Application Thread] INFO  o.b.s.BxWinLab.BaseLabel - 控件库Debug模式已开启
2026-01-30 15:43:01.698 [JavaFX Application Thread] INFO  o.b.s.BxWinLab.BaseLabel - 控件库Debug模式已开启
2026-01-30 15:43:01.698 [JavaFX Application Thread] INFO  o.b.s.BxWinLab.BaseLabel - 控件库Debug模式已开启
2026-01-30 15:43:01.698 [JavaFX Application Thread] INFO  o.b.s.BxWinLab.BaseLabel - 控件库Debug模式已开启
2026-01-30 15:43:01.699 [JavaFX Application Thread] INFO  o.b.s.BxWinLab.BaseLabel - 控件库Debug模式已开启
2026-01-30 15:43:01.699 [JavaFX Application Thread] INFO  o.b.s.BxWinLab.BaseLabel - 控件库Debug模式已开启
2026-01-30 15:43:01.699 [JavaFX Application Thread] INFO  o.b.s.BxWinLab.BaseLabel - 控件库Debug模式已开启
2026-01-30 15:43:01.699 [JavaFX Application Thread] INFO  o.b.s.BxWinLab.BaseLabel - 控件库Debug模式已开启
2026-01-30 15:43:01.700 [JavaFX Application Thread] INFO  o.b.s.BxWinLab.BaseLabel - 控件库Debug模式已开启
2026-01-30 15:43:01.700 [JavaFX Application Thread] INFO  o.b.s.BxWinLab.BaseLabel - 控件库Debug模式已开启
2026-01-30 15:43:01.700 [JavaFX Application Thread] INFO  o.b.s.BxWinLab.BaseLabel - 控件库Debug模式已开启
2026-01-30 15:43:01.700 [JavaFX Application Thread] INFO  o.b.s.BxWinLab.BaseLabel - 控件库Debug模式已开启
2026-01-30 15:43:01.701 [JavaFX Application Thread] INFO  o.b.s.Utils.FileUtil - 成功加载文件/org/bxwbb/spigotplugincreatertool/icon/Universal/Quit.png
2026-01-30 15:43:01.701 [JavaFX Application Thread] INFO  o.b.s.BxWinLab.BaseLabel - 控件库Debug模式已开启
2026-01-30 15:43:01.701 [JavaFX Application Thread] INFO  o.b.s.BxWinLab.BaseLabel - 控件库Debug模式已开启
2026-01-30 15:43:01.702 [JavaFX Application Thread] INFO  o.b.s.BxWinLab.BaseLabel - 控件库Debug模式已开启
2026-01-30 15:43:01.702 [JavaFX Application Thread] INFO  o.b.s.BxWinLab.BaseLabel - 控件库Debug模式已开启
2026-01-30 15:43:01.702 [JavaFX Application Thread] INFO  o.b.s.BxWinLab.BaseLabel - 控件库Debug模式已开启
2026-01-30 15:43:01.702 [JavaFX Application Thread] INFO  o.b.s.BxWinLab.BaseLabel - 控件库Debug模式已开启
2026-01-30 15:43:01.702 [JavaFX Application Thread] INFO  o.b.s.BxWinLab.BaseLabel - 控件库Debug模式已开启
2026-01-30 15:43:01.702 [JavaFX Application Thread] INFO  o.b.s.BxWinLab.BaseLabel - 控件库Debug模式已开启
2026-01-30 15:43:01.702 [JavaFX Application Thread] INFO  o.b.s.BxWinLab.BaseLabel - 控件库Debug模式已开启
2026-01-30 15:43:01.702 [JavaFX Application Thread] INFO  o.b.s.BxWinLab.BaseLabel - 控件库Debug模式已开启
2026-01-30 15:43:01.702 [JavaFX Application Thread] INFO  o.b.s.BxWinLab.BaseLabel - 控件库Debug模式已开启
2026-01-30 15:43:01.702 [JavaFX Application Thread] INFO  o.b.s.BxWinLab.BaseLabel - 控件库Debug模式已开启
2026-01-30 15:43:01.703 [JavaFX Application Thread] INFO  o.b.s.BxWinLab.BaseLabel - 控件库Debug模式已开启
2026-01-30 15:43:01.703 [JavaFX Application Thread] INFO  o.b.s.BxWinLab.BaseLabel - 控件库Debug模式已开启
2026-01-30 15:43:01.703 [JavaFX Application Thread] INFO  o.b.s.BxWinLab.BaseLabel - 控件库Debug模式已开启
2026-01-30 15:43:01.703 [JavaFX Application Thread] INFO  o.b.s.BxWinLab.BaseLabel - 控件库Debug模式已开启
2026-01-30 15:43:01.703 [JavaFX Application Thread] INFO  o.b.s.BxWinLab.BaseLabel - 控件库Debug模式已开启
2026-01-30 15:43:01.711 [JavaFX Application Thread] INFO  o.b.s.BxWinLab.BaseLabel - 控件库Debug模式已开启
2026-01-30 15:43:01.711 [JavaFX Application Thread] INFO  o.b.s.BxWinLab.BaseLabel - 控件库Debug模式已开启
2026-01-30 15:43:01.732 [JavaFX Application Thread] INFO  o.b.s.BxWinLab.BaseLabel - 控件库Debug模式已开启
2026-01-30 15:43:01.733 [JavaFX Application Thread] INFO  o.b.s.Utils.FileUtil - 成功加载文件/org/bxwbb/spigotplugincreatertool/icon/MiniWindowIcon/StartPage.png
2026-01-30 15:43:01.734 [JavaFX Application Thread] INFO  o.b.s.BxWinLab.BaseLabel - 控件库Debug模式已开启
2026-01-30 15:43:01.735 [JavaFX Application Thread] INFO  o.b.s.BxWinLab.BaseLabel - 控件库Debug模式已开启
2026-01-30 15:43:01.735 [JavaFX Application Thread] INFO  o.b.s.BxWinLab.BaseLabel - 控件库Debug模式已开启
2026-01-30 15:43:01.735 [JavaFX Application Thread] INFO  o.b.s.BxWinLab.BaseLabel - 控件库Debug模式已开启
2026-01-30 15:43:01.736 [JavaFX Application Thread] INFO  o.b.s.BxWinLab.BaseLabel - 控件库Debug模式已开启
2026-01-30 15:43:01.736 [JavaFX Application Thread] INFO  o.b.s.BxWinLab.BaseLabel - 控件库Debug模式已开启
2026-01-30 15:43:01.736 [JavaFX Application Thread] INFO  o.b.s.BxWinLab.BaseLabel - 控件库Debug模式已开启
2026-01-30 15:43:01.736 [JavaFX Application Thread] INFO  o.b.s.BxWinLab.BaseLabel - 控件库Debug模式已开启
2026-01-30 15:43:01.736 [JavaFX Application Thread] INFO  o.b.s.BxWinLab.BaseLabel - 控件库Debug模式已开启
2026-01-30 15:43:01.736 [JavaFX Application Thread] INFO  o.b.s.BxWinLab.BaseLabel - 控件库Debug模式已开启
2026-01-30 15:43:01.737 [JavaFX Application Thread] INFO  o.b.s.BxWinLab.BaseLabel - 控件库Debug模式已开启
2026-01-30 15:43:01.737 [JavaFX Application Thread] INFO  o.b.s.BxWinLab.BaseLabel - 控件库Debug模式已开启
2026-01-30 15:43:01.737 [JavaFX Application Thread] INFO  o.b.s.BxWinLab.BaseLabel - 控件库Debug模式已开启
2026-01-30 15:43:01.737 [JavaFX Application Thread] INFO  o.b.s.BxWinLab.BaseLabel - 控件库Debug模式已开启
2026-01-30 15:43:01.739 [JavaFX Application Thread] INFO  o.b.s.BxWinLab.BaseLabel - 控件库Debug模式已开启
2026-01-30 15:43:01.740 [JavaFX Application Thread] INFO  o.b.s.BxWinLab.BaseLabel - 控件库Debug模式已开启
2026-01-30 15:43:01.740 [JavaFX Application Thread] INFO  o.b.s.BxWinLab.BaseLabel - 控件库Debug模式已开启
2026-01-30 15:43:01.741 [JavaFX Application Thread] INFO  o.b.s.BxWinLab.BaseLabel - 控件库Debug模式已开启
2026-01-30 15:43:01.741 [JavaFX Application Thread] INFO  o.b.s.BxWinLab.BaseLabel - 控件库Debug模式已开启
2026-01-30 15:43:01.741 [JavaFX Application Thread] INFO  o.b.s.BxWinLab.BaseLabel - 控件库Debug模式已开启
2026-01-30 15:43:01.741 [JavaFX Application Thread] INFO  o.b.s.BxWinLab.BaseLabel - 控件库Debug模式已开启
2026-01-30 15:43:01.741 [JavaFX Application Thread] INFO  o.b.s.BxWinLab.BaseLabel - 控件库Debug模式已开启
2026-01-30 15:43:01.741 [JavaFX Application Thread] INFO  o.b.s.BxWinLab.BaseLabel - 控件库Debug模式已开启
2026-01-30 15:43:01.741 [JavaFX Application Thread] INFO  o.b.s.BxWinLab.BaseLabel - 控件库Debug模式已开启
2026-01-30 15:43:01.741 [JavaFX Application Thread] INFO  o.b.s.BxWinLab.BaseLabel - 控件库Debug模式已开启
2026-01-30 15:43:01.741 [JavaFX Application Thread] INFO  o.b.s.BxWinLab.BaseLabel - 控件库Debug模式已开启
2026-01-30 15:43:01.741 [JavaFX Application Thread] INFO  o.b.s.BxWinLab.BaseLabel - 控件库Debug模式已开启
2026-01-30 15:43:01.741 [JavaFX Application Thread] INFO  o.b.s.BxWinLab.BaseLabel - 控件库Debug模式已开启
2026-01-30 15:43:04.497 [JavaFX Application Thread] INFO  o.b.s.BxWinLab.BaseLabel - 控件焦点改变至 - org.bxwbb.spigotplugincreatertool.BxWinLab.SwitchBox@4ff82a12
2026-01-30 15:43:04.672 [JavaFX Application Thread] INFO  o.b.s.BxWinLab.BaseLabel - 控件库Debug模式已开启
2026-01-30 15:43:04.672 [JavaFX Application Thread] INFO  o.b.s.Utils.FileUtil - 成功加载文件/org/bxwbb/spigotplugincreatertool/icon/MiniWindowIcon/StartPage.png
2026-01-30 15:43:04.673 [JavaFX Application Thread] INFO  o.b.s.BxWinLab.BaseLabel - 控件库Debug模式已开启
2026-01-30 15:43:04.674 [JavaFX Application Thread] INFO  o.b.s.BxWinLab.BaseLabel - 控件库Debug模式已开启
2026-01-30 15:43:04.674 [JavaFX Application Thread] INFO  o.b.s.BxWinLab.BaseLabel - 控件库Debug模式已开启
2026-01-30 15:43:04.674 [JavaFX Application Thread] INFO  o.b.s.BxWinLab.BaseLabel - 控件库Debug模式已开启
2026-01-30 15:43:04.674 [JavaFX Application Thread] INFO  o.b.s.BxWinLab.BaseLabel - 控件库Debug模式已开启
2026-01-30 15:43:04.674 [JavaFX Application Thread] INFO  o.b.s.BxWinLab.BaseLabel - 控件库Debug模式已开启
2026-01-30 15:43:04.674 [JavaFX Application Thread] INFO  o.b.s.BxWinLab.BaseLabel - 控件库Debug模式已开启
2026-01-30 15:43:04.675 [JavaFX Application Thread] INFO  o.b.s.BxWinLab.BaseLabel - 控件库Debug模式已开启
2026-01-30 15:43:04.675 [JavaFX Application Thread] INFO  o.b.s.BxWinLab.BaseLabel - 控件库Debug模式已开启
2026-01-30 15:43:04.675 [JavaFX Application Thread] INFO  o.b.s.BxWinLab.BaseLabel - 控件库Debug模式已开启
2026-01-30 15:43:04.675 [JavaFX Application Thread] INFO  o.b.s.BxWinLab.BaseLabel - 控件库Debug模式已开启
2026-01-30 15:43:04.675 [JavaFX Application Thread] INFO  o.b.s.BxWinLab.BaseLabel - 控件库Debug模式已开启
2026-01-30 15:43:04.675 [JavaFX Application Thread] INFO  o.b.s.BxWinLab.BaseLabel - 控件库Debug模式已开启
2026-01-30 15:43:04.675 [JavaFX Application Thread] INFO  o.b.s.BxWinLab.BaseLabel - 控件库Debug模式已开启
2026-01-30 15:43:04.675 [JavaFX Application Thread] INFO  o.b.s.BxWinLab.BaseLabel - 控件库Debug模式已开启
2026-01-30 15:43:04.676 [JavaFX Application Thread] INFO  o.b.s.BxWinLab.BaseLabel - 控件库Debug模式已开启
2026-01-30 15:43:06.791 [JavaFX Application Thread] INFO  o.b.s.BxWinLab.BaseLabel - 控件库Debug模式已开启
2026-01-30 15:43:06.792 [JavaFX Application Thread] INFO  o.b.s.Utils.FileUtil - 成功加载文件/org/bxwbb/spigotplugincreatertool/icon/MiniWindowIcon/StartPage.png
2026-01-30 15:43:06.792 [JavaFX Application Thread] INFO  o.b.s.BxWinLab.BaseLabel - 控件库Debug模式已开启
2026-01-30 15:43:06.792 [JavaFX Application Thread] INFO  o.b.s.BxWinLab.BaseLabel - 控件库Debug模式已开启
2026-01-30 15:43:06.792 [JavaFX Application Thread] INFO  o.b.s.BxWinLab.BaseLabel - 控件库Debug模式已开启
2026-01-30 15:43:06.792 [JavaFX Application Thread] INFO  o.b.s.BxWinLab.BaseLabel - 控件库Debug模式已开启
2026-01-30 15:43:06.792 [JavaFX Application Thread] INFO  o.b.s.BxWinLab.BaseLabel - 控件库Debug模式已开启
2026-01-30 15:43:06.793 [JavaFX Application Thread] INFO  o.b.s.BxWinLab.BaseLabel - 控件库Debug模式已开启
2026-01-30 15:43:06.793 [JavaFX Application Thread] INFO  o.b.s.BxWinLab.BaseLabel - 控件库Debug模式已开启
2026-01-30 15:43:06.793 [JavaFX Application Thread] INFO  o.b.s.BxWinLab.BaseLabel - 控件库Debug模式已开启
2026-01-30 15:43:06.793 [JavaFX Application Thread] INFO  o.b.s.BxWinLab.BaseLabel - 控件库Debug模式已开启
2026-01-30 15:43:06.793 [JavaFX Application Thread] INFO  o.b.s.BxWinLab.BaseLabel - 控件库Debug模式已开启
2026-01-30 15:43:06.793 [JavaFX Application Thread] INFO  o.b.s.BxWinLab.BaseLabel - 控件库Debug模式已开启
2026-01-30 15:43:06.793 [JavaFX Application Thread] INFO  o.b.s.BxWinLab.BaseLabel - 控件库Debug模式已开启
2026-01-30 15:43:06.793 [JavaFX Application Thread] INFO  o.b.s.BxWinLab.BaseLabel - 控件库Debug模式已开启
2026-01-30 15:43:06.793 [JavaFX Application Thread] INFO  o.b.s.BxWinLab.BaseLabel - 控件库Debug模式已开启
2026-01-30 15:43:06.793 [JavaFX Application Thread] INFO  o.b.s.BxWinLab.BaseLabel - 控件库Debug模式已开启
2026-01-30 15:43:06.793 [JavaFX Application Thread] INFO  o.b.s.BxWinLab.BaseLabel - 控件库Debug模式已开启
2026-01-30 15:43:07.766 [JavaFX Application Thread] INFO  o.b.s.BxWinLab.BaseLabel - 控件库Debug模式已开启
2026-01-30 15:43:07.767 [JavaFX Application Thread] INFO  o.b.s.Utils.FileUtil - 成功加载文件/org/bxwbb/spigotplugincreatertool/icon/MiniWindowIcon/StartPage.png
2026-01-30 15:43:07.767 [JavaFX Application Thread] INFO  o.b.s.BxWinLab.BaseLabel - 控件库Debug模式已开启
2026-01-30 15:43:07.767 [JavaFX Application Thread] INFO  o.b.s.BxWinLab.BaseLabel - 控件库Debug模式已开启
2026-01-30 15:43:07.767 [JavaFX Application Thread] INFO  o.b.s.BxWinLab.BaseLabel - 控件库Debug模式已开启
2026-01-30 15:43:07.767 [JavaFX Application Thread] INFO  o.b.s.BxWinLab.BaseLabel - 控件库Debug模式已开启
2026-01-30 15:43:07.767 [JavaFX Application Thread] INFO  o.b.s.BxWinLab.BaseLabel - 控件库Debug模式已开启
2026-01-30 15:43:07.768 [JavaFX Application Thread] INFO  o.b.s.BxWinLab.BaseLabel - 控件库Debug模式已开启
2026-01-30 15:43:07.768 [JavaFX Application Thread] INFO  o.b.s.BxWinLab.BaseLabel - 控件库Debug模式已开启
2026-01-30 15:43:07.768 [JavaFX Application Thread] INFO  o.b.s.BxWinLab.BaseLabel - 控件库Debug模式已开启
2026-01-30 15:43:07.768 [JavaFX Application Thread] INFO  o.b.s.BxWinLab.BaseLabel - 控件库Debug模式已开启
2026-01-30 15:43:07.768 [JavaFX Application Thread] INFO  o.b.s.BxWinLab.BaseLabel - 控件库Debug模式已开启
2026-01-30 15:43:07.768 [JavaFX Application Thread] INFO  o.b.s.BxWinLab.BaseLabel - 控件库Debug模式已开启
2026-01-30 15:43:07.768 [JavaFX Application Thread] INFO  o.b.s.BxWinLab.BaseLabel - 控件库Debug模式已开启
2026-01-30 15:43:07.768 [JavaFX Application Thread] INFO  o.b.s.BxWinLab.BaseLabel - 控件库Debug模式已开启
2026-01-30 15:43:07.768 [JavaFX Application Thread] INFO  o.b.s.BxWinLab.BaseLabel - 控件库Debug模式已开启
2026-01-30 15:43:07.768 [JavaFX Application Thread] INFO  o.b.s.BxWinLab.BaseLabel - 控件库Debug模式已开启
2026-01-30 15:43:07.768 [JavaFX Application Thread] INFO  o.b.s.BxWinLab.BaseLabel - 控件库Debug模式已开启
2026-01-30 15:43:08.760 [JavaFX Application Thread] INFO  o.b.s.BxWinLab.BaseLabel - 控件库Debug模式已开启
2026-01-30 15:43:08.760 [JavaFX Application Thread] INFO  o.b.s.Utils.FileUtil - 成功加载文件/org/bxwbb/spigotplugincreatertool/icon/MiniWindowIcon/StartPage.png
2026-01-30 15:43:08.761 [JavaFX Application Thread] INFO  o.b.s.BxWinLab.BaseLabel - 控件库Debug模式已开启
2026-01-30 15:43:08.761 [JavaFX Application Thread] INFO  o.b.s.BxWinLab.BaseLabel - 控件库Debug模式已开启
2026-01-30 15:43:08.761 [JavaFX Application Thread] INFO  o.b.s.BxWinLab.BaseLabel - 控件库Debug模式已开启
2026-01-30 15:43:08.761 [JavaFX Application Thread] INFO  o.b.s.BxWinLab.BaseLabel - 控件库Debug模式已开启
2026-01-30 15:43:08.761 [JavaFX Application Thread] INFO  o.b.s.BxWinLab.BaseLabel - 控件库Debug模式已开启
2026-01-30 15:43:08.761 [JavaFX Application Thread] INFO  o.b.s.BxWinLab.BaseLabel - 控件库Debug模式已开启
2026-01-30 15:43:08.761 [JavaFX Application Thread] INFO  o.b.s.BxWinLab.BaseLabel - 控件库Debug模式已开启
2026-01-30 15:43:08.761 [JavaFX Application Thread] INFO  o.b.s.BxWinLab.BaseLabel - 控件库Debug模式已开启
2026-01-30 15:43:08.761 [JavaFX Application Thread] INFO  o.b.s.BxWinLab.BaseLabel - 控件库Debug模式已开启
2026-01-30 15:43:08.761 [JavaFX Application Thread] INFO  o.b.s.BxWinLab.BaseLabel - 控件库Debug模式已开启
2026-01-30 15:43:08.761 [JavaFX Application Thread] INFO  o.b.s.BxWinLab.BaseLabel - 控件库Debug模式已开启
2026-01-30 15:43:08.761 [JavaFX Application Thread] INFO  o.b.s.BxWinLab.BaseLabel - 控件库Debug模式已开启
2026-01-30 15:43:08.761 [JavaFX Application Thread] INFO  o.b.s.BxWinLab.BaseLabel - 控件库Debug模式已开启
2026-01-30 15:43:08.761 [JavaFX Application Thread] INFO  o.b.s.BxWinLab.BaseLabel - 控件库Debug模式已开启
2026-01-30 15:43:08.762 [JavaFX Application Thread] INFO  o.b.s.BxWinLab.BaseLabel - 控件库Debug模式已开启
2026-01-30 15:43:08.762 [JavaFX Application Thread] INFO  o.b.s.BxWinLab.BaseLabel - 控件库Debug模式已开启
2026-01-30 15:43:09.407 [JavaFX Application Thread] INFO  o.b.s.BxWinLab.BaseLabel - 控件库Debug模式已开启
2026-01-30 15:43:09.408 [JavaFX Application Thread] INFO  o.b.s.Utils.FileUtil - 成功加载文件/org/bxwbb/spigotplugincreatertool/icon/MiniWindowIcon/StartPage.png
2026-01-30 15:43:09.408 [JavaFX Application Thread] INFO  o.b.s.BxWinLab.BaseLabel - 控件库Debug模式已开启
2026-01-30 15:43:09.408 [JavaFX Application Thread] INFO  o.b.s.BxWinLab.BaseLabel - 控件库Debug模式已开启
2026-01-30 15:43:09.408 [JavaFX Application Thread] INFO  o.b.s.BxWinLab.BaseLabel - 控件库Debug模式已开启
2026-01-30 15:43:09.408 [JavaFX Application Thread] INFO  o.b.s.BxWinLab.BaseLabel - 控件库Debug模式已开启
2026-01-30 15:43:09.408 [JavaFX Application Thread] INFO  o.b.s.BxWinLab.BaseLabel - 控件库Debug模式已开启
2026-01-30 15:43:09.408 [JavaFX Application Thread] INFO  o.b.s.BxWinLab.BaseLabel - 控件库Debug模式已开启
2026-01-30 15:43:09.408 [JavaFX Application Thread] INFO  o.b.s.BxWinLab.BaseLabel - 控件库Debug模式已开启
2026-01-30 15:43:09.408 [JavaFX Application Thread] INFO  o.b.s.BxWinLab.BaseLabel - 控件库Debug模式已开启
2026-01-30 15:43:09.408 [JavaFX Application Thread] INFO  o.b.s.BxWinLab.BaseLabel - 控件库Debug模式已开启
2026-01-30 15:43:09.408 [JavaFX Application Thread] INFO  o.b.s.BxWinLab.BaseLabel - 控件库Debug模式已开启
2026-01-30 15:43:09.409 [JavaFX Application Thread] INFO  o.b.s.BxWinLab.BaseLabel - 控件库Debug模式已开启
2026-01-30 15:43:09.409 [JavaFX Application Thread] INFO  o.b.s.BxWinLab.BaseLabel - 控件库Debug模式已开启
2026-01-30 15:43:09.409 [JavaFX Application Thread] INFO  o.b.s.BxWinLab.BaseLabel - 控件库Debug模式已开启
2026-01-30 15:43:09.409 [JavaFX Application Thread] INFO  o.b.s.BxWinLab.BaseLabel - 控件库Debug模式已开启
2026-01-30 15:43:09.409 [JavaFX Application Thread] INFO  o.b.s.BxWinLab.BaseLabel - 控件库Debug模式已开启
2026-01-30 15:43:09.409 [JavaFX Application Thread] INFO  o.b.s.BxWinLab.BaseLabel - 控件库Debug模式已开启
2026-01-30 15:43:09.975 [JavaFX Application Thread] INFO  o.b.s.BxWinLab.BaseLabel - 控件库Debug模式已开启
2026-01-30 15:43:09.976 [JavaFX Application Thread] INFO  o.b.s.Utils.FileUtil - 成功加载文件/org/bxwbb/spigotplugincreatertool/icon/MiniWindowIcon/StartPage.png
2026-01-30 15:43:09.976 [JavaFX Application Thread] INFO  o.b.s.BxWinLab.BaseLabel - 控件库Debug模式已开启
2026-01-30 15:43:09.976 [JavaFX Application Thread] INFO  o.b.s.BxWinLab.BaseLabel - 控件库Debug模式已开启
2026-01-30 15:43:09.977 [JavaFX Application Thread] INFO  o.b.s.BxWinLab.BaseLabel - 控件库Debug模式已开启
2026-01-30 15:43:09.977 [JavaFX Application Thread] INFO  o.b.s.BxWinLab.BaseLabel - 控件库Debug模式已开启
2026-01-30 15:43:09.977 [JavaFX Application Thread] INFO  o.b.s.BxWinLab.BaseLabel - 控件库Debug模式已开启
2026-01-30 15:43:09.977 [JavaFX Application Thread] INFO  o.b.s.BxWinLab.BaseLabel - 控件库Debug模式已开启
2026-01-30 15:43:09.977 [JavaFX Application Thread] INFO  o.b.s.BxWinLab.BaseLabel - 控件库Debug模式已开启
2026-01-30 15:43:09.977 [JavaFX Application Thread] INFO  o.b.s.BxWinLab.BaseLabel - 控件库Debug模式已开启
2026-01-30 15:43:09.977 [JavaFX Application Thread] INFO  o.b.s.BxWinLab.BaseLabel - 控件库Debug模式已开启
2026-01-30 15:43:09.977 [JavaFX Application Thread] INFO  o.b.s.BxWinLab.BaseLabel - 控件库Debug模式已开启
2026-01-30 15:43:09.977 [JavaFX Application Thread] INFO  o.b.s.BxWinLab.BaseLabel - 控件库Debug模式已开启
2026-01-30 15:43:09.977 [JavaFX Application Thread] INFO  o.b.s.BxWinLab.BaseLabel - 控件库Debug模式已开启
2026-01-30 15:43:09.977 [JavaFX Application Thread] INFO  o.b.s.BxWinLab.BaseLabel - 控件库Debug模式已开启
2026-01-30 15:43:09.977 [JavaFX Application Thread] INFO  o.b.s.BxWinLab.BaseLabel - 控件库Debug模式已开启
2026-01-30 15:43:09.978 [JavaFX Application Thread] INFO  o.b.s.BxWinLab.BaseLabel - 控件库Debug模式已开启
2026-01-30 15:43:09.978 [JavaFX Application Thread] INFO  o.b.s.BxWinLab.BaseLabel - 控件库Debug模式已开启
2026-01-30 15:43:10.606 [JavaFX Application Thread] INFO  o.b.s.BxWinLab.BaseLabel - 控件库Debug模式已开启
2026-01-30 15:43:10.607 [JavaFX Application Thread] INFO  o.b.s.Utils.FileUtil - 成功加载文件/org/bxwbb/spigotplugincreatertool/icon/MiniWindowIcon/StartPage.png
2026-01-30 15:43:10.607 [JavaFX Application Thread] INFO  o.b.s.BxWinLab.BaseLabel - 控件库Debug模式已开启
2026-01-30 15:43:10.607 [JavaFX Application Thread] INFO  o.b.s.BxWinLab.BaseLabel - 控件库Debug模式已开启
2026-01-30 15:43:10.607 [JavaFX Application Thread] INFO  o.b.s.BxWinLab.BaseLabel - 控件库Debug模式已开启
2026-01-30 15:43:10.607 [JavaFX Application Thread] INFO  o.b.s.BxWinLab.BaseLabel - 控件库Debug模式已开启
2026-01-30 15:43:10.607 [JavaFX Application Thread] INFO  o.b.s.BxWinLab.BaseLabel - 控件库Debug模式已开启
2026-01-30 15:43:10.608 [JavaFX Application Thread] INFO  o.b.s.BxWinLab.BaseLabel - 控件库Debug模式已开启
2026-01-30 15:43:10.608 [JavaFX Application Thread] INFO  o.b.s.BxWinLab.BaseLabel - 控件库Debug模式已开启
2026-01-30 15:43:10.608 [JavaFX Application Thread] INFO  o.b.s.BxWinLab.BaseLabel - 控件库Debug模式已开启
2026-01-30 15:43:10.608 [JavaFX Application Thread] INFO  o.b.s.BxWinLab.BaseLabel - 控件库Debug模式已开启
2026-01-30 15:43:10.608 [JavaFX Application Thread] INFO  o.b.s.BxWinLab.BaseLabel - 控件库Debug模式已开启
2026-01-30 15:43:10.608 [JavaFX Application Thread] INFO  o.b.s.BxWinLab.BaseLabel - 控件库Debug模式已开启
2026-01-30 15:43:10.608 [JavaFX Application Thread] INFO  o.b.s.BxWinLab.BaseLabel - 控件库Debug模式已开启
2026-01-30 15:43:10.608 [JavaFX Application Thread] INFO  o.b.s.BxWinLab.BaseLabel - 控件库Debug模式已开启
2026-01-30 15:43:10.608 [JavaFX Application Thread] INFO  o.b.s.BxWinLab.BaseLabel - 控件库Debug模式已开启
2026-01-30 15:43:10.608 [JavaFX Application Thread] INFO  o.b.s.BxWinLab.BaseLabel - 控件库Debug模式已开启
2026-01-30 15:43:10.608 [JavaFX Application Thread] INFO  o.b.s.BxWinLab.BaseLabel - 控件库Debug模式已开启
2026-01-30 15:43:11.079 [JavaFX Application Thread] INFO  o.b.s.BxWinLab.BaseLabel - 控件库Debug模式已开启
2026-01-30 15:43:11.079 [JavaFX Application Thread] INFO  o.b.s.Utils.FileUtil - 成功加载文件/org/bxwbb/spigotplugincreatertool/icon/MiniWindowIcon/StartPage.png
2026-01-30 15:43:11.080 [JavaFX Application Thread] INFO  o.b.s.BxWinLab.BaseLabel - 控件库Debug模式已开启
2026-01-30 15:43:11.080 [JavaFX Application Thread] INFO  o.b.s.BxWinLab.BaseLabel - 控件库Debug模式已开启
2026-01-30 15:43:11.080 [JavaFX Application Thread] INFO  o.b.s.BxWinLab.BaseLabel - 控件库Debug模式已开启
2026-01-30 15:43:11.080 [JavaFX Application Thread] INFO  o.b.s.BxWinLab.BaseLabel - 控件库Debug模式已开启
2026-01-30 15:43:11.080 [JavaFX Application Thread] INFO  o.b.s.BxWinLab.BaseLabel - 控件库Debug模式已开启
2026-01-30 15:43:11.080 [JavaFX Application Thread] INFO  o.b.s.BxWinLab.BaseLabel - 控件库Debug模式已开启
2026-01-30 15:43:11.080 [JavaFX Application Thread] INFO  o.b.s.BxWinLab.BaseLabel - 控件库Debug模式已开启
2026-01-30 15:43:11.081 [JavaFX Application Thread] INFO  o.b.s.BxWinLab.BaseLabel - 控件库Debug模式已开启
2026-01-30 15:43:11.081 [JavaFX Application Thread] INFO  o.b.s.BxWinLab.BaseLabel - 控件库Debug模式已开启
2026-01-30 15:43:11.081 [JavaFX Application Thread] INFO  o.b.s.BxWinLab.BaseLabel - 控件库Debug模式已开启
2026-01-30 15:43:11.081 [JavaFX Application Thread] INFO  o.b.s.BxWinLab.BaseLabel - 控件库Debug模式已开启
2026-01-30 15:43:11.081 [JavaFX Application Thread] INFO  o.b.s.BxWinLab.BaseLabel - 控件库Debug模式已开启
2026-01-30 15:43:11.081 [JavaFX Application Thread] INFO  o.b.s.BxWinLab.BaseLabel - 控件库Debug模式已开启
2026-01-30 15:43:11.081 [JavaFX Application Thread] INFO  o.b.s.BxWinLab.BaseLabel - 控件库Debug模式已开启
2026-01-30 15:43:11.081 [JavaFX Application Thread] INFO  o.b.s.BxWinLab.BaseLabel - 控件库Debug模式已开启
2026-01-30 15:43:11.081 [JavaFX Application Thread] INFO  o.b.s.BxWinLab.BaseLabel - 控件库Debug模式已开启
2026-01-30 15:43:11.670 [JavaFX Application Thread] INFO  o.b.s.BxWinLab.BaseLabel - 控件库Debug模式已开启
2026-01-30 15:43:11.670 [JavaFX Application Thread] INFO  o.b.s.Utils.FileUtil - 成功加载文件/org/bxwbb/spigotplugincreatertool/icon/MiniWindowIcon/StartPage.png
2026-01-30 15:43:11.671 [JavaFX Application Thread] INFO  o.b.s.BxWinLab.BaseLabel - 控件库Debug模式已开启
2026-01-30 15:43:11.671 [JavaFX Application Thread] INFO  o.b.s.BxWinLab.BaseLabel - 控件库Debug模式已开启
2026-01-30 15:43:11.671 [JavaFX Application Thread] INFO  o.b.s.BxWinLab.BaseLabel - 控件库Debug模式已开启
2026-01-30 15:43:11.671 [JavaFX Application Thread] INFO  o.b.s.BxWinLab.BaseLabel - 控件库Debug模式已开启
2026-01-30 15:43:11.672 [JavaFX Application Thread] INFO  o.b.s.BxWinLab.BaseLabel - 控件库Debug模式已开启
2026-01-30 15:43:11.672 [JavaFX Application Thread] INFO  o.b.s.BxWinLab.BaseLabel - 控件库Debug模式已开启
2026-01-30 15:43:11.672 [JavaFX Application Thread] INFO  o.b.s.BxWinLab.BaseLabel - 控件库Debug模式已开启
2026-01-30 15:43:11.672 [JavaFX Application Thread] INFO  o.b.s.BxWinLab.BaseLabel - 控件库Debug模式已开启
2026-01-30 15:43:11.672 [JavaFX Application Thread] INFO  o.b.s.BxWinLab.BaseLabel - 控件库Debug模式已开启
2026-01-30 15:43:11.672 [JavaFX Application Thread] INFO  o.b.s.BxWinLab.BaseLabel - 控件库Debug模式已开启
2026-01-30 15:43:11.672 [JavaFX Application Thread] INFO  o.b.s.BxWinLab.BaseLabel - 控件库Debug模式已开启
2026-01-30 15:43:11.672 [JavaFX Application Thread] INFO  o.b.s.BxWinLab.BaseLabel - 控件库Debug模式已开启
2026-01-30 15:43:11.672 [JavaFX Application Thread] INFO  o.b.s.BxWinLab.BaseLabel - 控件库Debug模式已开启
2026-01-30 15:43:11.672 [JavaFX Application Thread] INFO  o.b.s.BxWinLab.BaseLabel - 控件库Debug模式已开启
2026-01-30 15:43:11.672 [JavaFX Application Thread] INFO  o.b.s.BxWinLab.BaseLabel - 控件库Debug模式已开启
2026-01-30 15:43:11.672 [JavaFX Application Thread] INFO  o.b.s.BxWinLab.BaseLabel - 控件库Debug模式已开启
2026-01-30 15:43:12.133 [JavaFX Application Thread] INFO  o.b.s.BxWinLab.BaseLabel - 控件库Debug模式已开启
2026-01-30 15:43:12.134 [JavaFX Application Thread] INFO  o.b.s.Utils.FileUtil - 成功加载文件/org/bxwbb/spigotplugincreatertool/icon/MiniWindowIcon/StartPage.png
2026-01-30 15:43:12.134 [JavaFX Application Thread] INFO  o.b.s.BxWinLab.BaseLabel - 控件库Debug模式已开启
2026-01-30 15:43:12.134 [JavaFX Application Thread] INFO  o.b.s.BxWinLab.BaseLabel - 控件库Debug模式已开启
2026-01-30 15:43:12.134 [JavaFX Application Thread] INFO  o.b.s.BxWinLab.BaseLabel - 控件库Debug模式已开启
2026-01-30 15:43:12.135 [JavaFX Application Thread] INFO  o.b.s.BxWinLab.BaseLabel - 控件库Debug模式已开启
2026-01-30 15:43:12.135 [JavaFX Application Thread] INFO  o.b.s.BxWinLab.BaseLabel - 控件库Debug模式已开启
2026-01-30 15:43:12.135 [JavaFX Application Thread] INFO  o.b.s.BxWinLab.BaseLabel - 控件库Debug模式已开启
2026-01-30 15:43:12.135 [JavaFX Application Thread] INFO  o.b.s.BxWinLab.BaseLabel - 控件库Debug模式已开启
2026-01-30 15:43:12.135 [JavaFX Application Thread] INFO  o.b.s.BxWinLab.BaseLabel - 控件库Debug模式已开启
2026-01-30 15:43:12.135 [JavaFX Application Thread] INFO  o.b.s.BxWinLab.BaseLabel - 控件库Debug模式已开启
2026-01-30 15:43:12.135 [JavaFX Application Thread] INFO  o.b.s.BxWinLab.BaseLabel - 控件库Debug模式已开启
2026-01-30 15:43:12.135 [JavaFX Application Thread] INFO  o.b.s.BxWinLab.BaseLabel - 控件库Debug模式已开启
2026-01-30 15:43:12.135 [JavaFX Application Thread] INFO  o.b.s.BxWinLab.BaseLabel - 控件库Debug模式已开启
2026-01-30 15:43:12.135 [JavaFX Application Thread] INFO  o.b.s.BxWinLab.BaseLabel - 控件库Debug模式已开启
2026-01-30 15:43:12.135 [JavaFX Application Thread] INFO  o.b.s.BxWinLab.BaseLabel - 控件库Debug模式已开启
2026-01-30 15:43:12.135 [JavaFX Application Thread] INFO  o.b.s.BxWinLab.BaseLabel - 控件库Debug模式已开启
2026-01-30 15:43:12.136 [JavaFX Application Thread] INFO  o.b.s.BxWinLab.BaseLabel - 控件库Debug模式已开启
2026-01-30 15:43:24.078 [JavaFX Application Thread] INFO  o.b.s.HelloApplication - 执行停止...
2026-01-30 15:47:17.798 [JavaFX-Launcher] INFO  o.b.s.HelloApplication - 执行初始化...
2026-01-30 15:47:17.804 [JavaFX Application Thread] INFO  o.b.s.HelloApplication - 工具开始启动并加载...
2026-01-30 15:47:17.841 [JavaFX Application Thread] INFO  o.b.s.BxWinLab.BaseLabel - 控件库Debug模式已开启
2026-01-30 15:47:17.846 [JavaFX Application Thread] INFO  o.b.s.BxWinLab.BaseLabel - 控件库Debug模式已开启
2026-01-30 15:47:17.848 [JavaFX Application Thread] INFO  o.b.s.BxWinLab.BaseLabel - 控件库Debug模式已开启
2026-01-30 15:47:17.849 [JavaFX Application Thread] INFO  o.b.s.Utils.FileUtil - 成功加载文件/org/bxwbb/spigotplugincreatertool/icon/icon.png
2026-01-30 15:47:17.993 [JavaFX Application Thread] INFO  o.b.s.BxWinLab.BaseLabel - 控件库Debug模式已开启
2026-01-30 15:47:17.995 [JavaFX Application Thread] INFO  o.b.s.BxWinLab.BaseLabel - 控件库Debug模式已开启
2026-01-30 15:47:17.996 [JavaFX Application Thread] INFO  o.b.s.BxWinLab.BaseLabel - 控件库Debug模式已开启
2026-01-30 15:47:17.996 [JavaFX Application Thread] INFO  o.b.s.BxWinLab.BaseLabel - 控件库Debug模式已开启
2026-01-30 15:47:17.996 [JavaFX Application Thread] INFO  o.b.s.BxWinLab.BaseLabel - 控件库Debug模式已开启
2026-01-30 15:47:18.018 [JavaFX Application Thread] INFO  o.b.s.BxWinLab.BaseLabel - 控件库Debug模式已开启
2026-01-30 15:47:18.032 [JavaFX Application Thread] INFO  o.b.s.BxWinLab.BaseLabel - 控件库Debug模式已开启
2026-01-30 15:47:18.032 [JavaFX Application Thread] INFO  o.b.s.BxWinLab.BaseLabel - 控件库Debug模式已开启
2026-01-30 15:47:18.032 [JavaFX Application Thread] INFO  o.b.s.BxWinLab.BaseLabel - 控件库Debug模式已开启
2026-01-30 15:47:18.032 [JavaFX Application Thread] INFO  o.b.s.BxWinLab.BaseLabel - 控件库Debug模式已开启
2026-01-30 15:47:18.033 [JavaFX Application Thread] INFO  o.b.s.BxWinLab.BaseLabel - 控件库Debug模式已开启
2026-01-30 15:47:18.034 [JavaFX Application Thread] INFO  o.b.s.BxWinLab.BaseLabel - 控件库Debug模式已开启
2026-01-30 15:47:18.034 [JavaFX Application Thread] INFO  o.b.s.Utils.FileUtil - 成功加载文件/org/bxwbb/spigotplugincreatertool/icon/Universal/OpenFolder.png
2026-01-30 15:47:18.035 [JavaFX Application Thread] INFO  o.b.s.BxWinLab.BaseLabel - 控件库Debug模式已开启
2026-01-30 15:47:18.035 [JavaFX Application Thread] INFO  o.b.s.BxWinLab.BaseLabel - 控件库Debug模式已开启
2026-01-30 15:47:18.036 [JavaFX Application Thread] INFO  o.b.s.BxWinLab.BaseLabel - 控件库Debug模式已开启
2026-01-30 15:47:18.037 [JavaFX Application Thread] INFO  o.b.s.BxWinLab.BaseLabel - 控件库Debug模式已开启
2026-01-30 15:47:18.037 [JavaFX Application Thread] INFO  o.b.s.BxWinLab.BaseLabel - 控件库Debug模式已开启
2026-01-30 15:47:18.037 [JavaFX Application Thread] INFO  o.b.s.BxWinLab.BaseLabel - 控件库Debug模式已开启
2026-01-30 15:47:18.038 [JavaFX Application Thread] INFO  o.b.s.BxWinLab.BaseLabel - 控件库Debug模式已开启
2026-01-30 15:47:18.038 [JavaFX Application Thread] INFO  o.b.s.BxWinLab.BaseLabel - 控件库Debug模式已开启
2026-01-30 15:47:18.038 [JavaFX Application Thread] INFO  o.b.s.BxWinLab.BaseLabel - 控件库Debug模式已开启
2026-01-30 15:47:18.038 [JavaFX Application Thread] INFO  o.b.s.BxWinLab.BaseLabel - 控件库Debug模式已开启
2026-01-30 15:47:18.038 [JavaFX Application Thread] INFO  o.b.s.BxWinLab.BaseLabel - 控件库Debug模式已开启
2026-01-30 15:47:18.039 [JavaFX Application Thread] INFO  o.b.s.BxWinLab.BaseLabel - 控件库Debug模式已开启
2026-01-30 15:47:18.039 [JavaFX Application Thread] INFO  o.b.s.BxWinLab.BaseLabel - 控件库Debug模式已开启
2026-01-30 15:47:18.039 [JavaFX Application Thread] INFO  o.b.s.BxWinLab.BaseLabel - 控件库Debug模式已开启
2026-01-30 15:47:18.039 [JavaFX Application Thread] INFO  o.b.s.BxWinLab.BaseLabel - 控件库Debug模式已开启
2026-01-30 15:47:18.040 [JavaFX Application Thread] INFO  o.b.s.BxWinLab.BaseLabel - 控件库Debug模式已开启
2026-01-30 15:47:18.040 [JavaFX Application Thread] INFO  o.b.s.BxWinLab.BaseLabel - 控件库Debug模式已开启
2026-01-30 15:47:18.043 [JavaFX Application Thread] INFO  o.b.s.Utils.FileUtil - 成功加载文件/org/bxwbb/spigotplugincreatertool/icon/Universal/NewProject.png
2026-01-30 15:47:18.044 [JavaFX Application Thread] INFO  o.b.s.BxWinLab.BaseLabel - 控件库Debug模式已开启
2026-01-30 15:47:18.044 [JavaFX Application Thread] INFO  o.b.s.BxWinLab.BaseLabel - 控件库Debug模式已开启
2026-01-30 15:47:18.044 [JavaFX Application Thread] INFO  o.b.s.BxWinLab.BaseLabel - 控件库Debug模式已开启
2026-01-30 15:47:18.045 [JavaFX Application Thread] INFO  o.b.s.BxWinLab.BaseLabel - 控件库Debug模式已开启
2026-01-30 15:47:18.045 [JavaFX Application Thread] INFO  o.b.s.BxWinLab.BaseLabel - 控件库Debug模式已开启
2026-01-30 15:47:18.045 [JavaFX Application Thread] INFO  o.b.s.BxWinLab.BaseLabel - 控件库Debug模式已开启
2026-01-30 15:47:18.045 [JavaFX Application Thread] INFO  o.b.s.BxWinLab.BaseLabel - 控件库Debug模式已开启
2026-01-30 15:47:18.045 [JavaFX Application Thread] INFO  o.b.s.BxWinLab.BaseLabel - 控件库Debug模式已开启
2026-01-30 15:47:18.045 [JavaFX Application Thread] INFO  o.b.s.BxWinLab.BaseLabel - 控件库Debug模式已开启
2026-01-30 15:47:18.046 [JavaFX Application Thread] INFO  o.b.s.BxWinLab.BaseLabel - 控件库Debug模式已开启
2026-01-30 15:47:18.046 [JavaFX Application Thread] INFO  o.b.s.BxWinLab.BaseLabel - 控件库Debug模式已开启
2026-01-30 15:47:18.046 [JavaFX Application Thread] INFO  o.b.s.BxWinLab.BaseLabel - 控件库Debug模式已开启
2026-01-30 15:47:18.046 [JavaFX Application Thread] INFO  o.b.s.BxWinLab.BaseLabel - 控件库Debug模式已开启
2026-01-30 15:47:18.046 [JavaFX Application Thread] INFO  o.b.s.BxWinLab.BaseLabel - 控件库Debug模式已开启
2026-01-30 15:47:18.046 [JavaFX Application Thread] INFO  o.b.s.BxWinLab.BaseLabel - 控件库Debug模式已开启
2026-01-30 15:47:18.046 [JavaFX Application Thread] INFO  o.b.s.BxWinLab.BaseLabel - 控件库Debug模式已开启
2026-01-30 15:47:18.047 [JavaFX Application Thread] INFO  o.b.s.BxWinLab.BaseLabel - 控件库Debug模式已开启
2026-01-30 15:47:18.048 [JavaFX Application Thread] INFO  o.b.s.Utils.FileUtil - 成功加载文件/org/bxwbb/spigotplugincreatertool/icon/Universal/Setting.png
2026-01-30 15:47:18.049 [JavaFX Application Thread] INFO  o.b.s.BxWinLab.BaseLabel - 控件库Debug模式已开启
2026-01-30 15:47:18.049 [JavaFX Application Thread] INFO  o.b.s.BxWinLab.BaseLabel - 控件库Debug模式已开启
2026-01-30 15:47:18.049 [JavaFX Application Thread] INFO  o.b.s.BxWinLab.BaseLabel - 控件库Debug模式已开启
2026-01-30 15:47:18.049 [JavaFX Application Thread] INFO  o.b.s.BxWinLab.BaseLabel - 控件库Debug模式已开启
2026-01-30 15:47:18.049 [JavaFX Application Thread] INFO  o.b.s.BxWinLab.BaseLabel - 控件库Debug模式已开启
2026-01-30 15:47:18.049 [JavaFX Application Thread] INFO  o.b.s.BxWinLab.BaseLabel - 控件库Debug模式已开启
2026-01-30 15:47:18.049 [JavaFX Application Thread] INFO  o.b.s.BxWinLab.BaseLabel - 控件库Debug模式已开启
2026-01-30 15:47:18.050 [JavaFX Application Thread] INFO  o.b.s.BxWinLab.BaseLabel - 控件库Debug模式已开启
2026-01-30 15:47:18.050 [JavaFX Application Thread] INFO  o.b.s.BxWinLab.BaseLabel - 控件库Debug模式已开启
2026-01-30 15:47:18.050 [JavaFX Application Thread] INFO  o.b.s.BxWinLab.BaseLabel - 控件库Debug模式已开启
2026-01-30 15:47:18.050 [JavaFX Application Thread] INFO  o.b.s.BxWinLab.BaseLabel - 控件库Debug模式已开启
2026-01-30 15:47:18.050 [JavaFX Application Thread] INFO  o.b.s.BxWinLab.BaseLabel - 控件库Debug模式已开启
2026-01-30 15:47:18.050 [JavaFX Application Thread] INFO  o.b.s.BxWinLab.BaseLabel - 控件库Debug模式已开启
2026-01-30 15:47:18.050 [JavaFX Application Thread] INFO  o.b.s.BxWinLab.BaseLabel - 控件库Debug模式已开启
2026-01-30 15:47:18.050 [JavaFX Application Thread] INFO  o.b.s.BxWinLab.BaseLabel - 控件库Debug模式已开启
2026-01-30 15:47:18.051 [JavaFX Application Thread] INFO  o.b.s.BxWinLab.BaseLabel - 控件库Debug模式已开启
2026-01-30 15:47:18.051 [JavaFX Application Thread] INFO  o.b.s.BxWinLab.BaseLabel - 控件库Debug模式已开启
2026-01-30 15:47:18.052 [JavaFX Application Thread] INFO  o.b.s.Utils.FileUtil - 成功加载文件/org/bxwbb/spigotplugincreatertool/icon/Universal/Learn.png
2026-01-30 15:47:18.052 [JavaFX Application Thread] INFO  o.b.s.BxWinLab.BaseLabel - 控件库Debug模式已开启
2026-01-30 15:47:18.053 [JavaFX Application Thread] INFO  o.b.s.BxWinLab.BaseLabel - 控件库Debug模式已开启
2026-01-30 15:47:18.053 [JavaFX Application Thread] INFO  o.b.s.BxWinLab.BaseLabel - 控件库Debug模式已开启
2026-01-30 15:47:18.053 [JavaFX Application Thread] INFO  o.b.s.BxWinLab.BaseLabel - 控件库Debug模式已开启
2026-01-30 15:47:18.053 [JavaFX Application Thread] INFO  o.b.s.BxWinLab.BaseLabel - 控件库Debug模式已开启
2026-01-30 15:47:18.053 [JavaFX Application Thread] INFO  o.b.s.BxWinLab.BaseLabel - 控件库Debug模式已开启
2026-01-30 15:47:18.053 [JavaFX Application Thread] INFO  o.b.s.BxWinLab.BaseLabel - 控件库Debug模式已开启
2026-01-30 15:47:18.053 [JavaFX Application Thread] INFO  o.b.s.BxWinLab.BaseLabel - 控件库Debug模式已开启
2026-01-30 15:47:18.053 [JavaFX Application Thread] INFO  o.b.s.BxWinLab.BaseLabel - 控件库Debug模式已开启
2026-01-30 15:47:18.053 [JavaFX Application Thread] INFO  o.b.s.BxWinLab.BaseLabel - 控件库Debug模式已开启
2026-01-30 15:47:18.053 [JavaFX Application Thread] INFO  o.b.s.BxWinLab.BaseLabel - 控件库Debug模式已开启
2026-01-30 15:47:18.054 [JavaFX Application Thread] INFO  o.b.s.BxWinLab.BaseLabel - 控件库Debug模式已开启
2026-01-30 15:47:18.054 [JavaFX Application Thread] INFO  o.b.s.BxWinLab.BaseLabel - 控件库Debug模式已开启
2026-01-30 15:47:18.054 [JavaFX Application Thread] INFO  o.b.s.BxWinLab.BaseLabel - 控件库Debug模式已开启
2026-01-30 15:47:18.054 [JavaFX Application Thread] INFO  o.b.s.BxWinLab.BaseLabel - 控件库Debug模式已开启
2026-01-30 15:47:18.054 [JavaFX Application Thread] INFO  o.b.s.BxWinLab.BaseLabel - 控件库Debug模式已开启
2026-01-30 15:47:18.054 [JavaFX Application Thread] INFO  o.b.s.BxWinLab.BaseLabel - 控件库Debug模式已开启
2026-01-30 15:47:18.055 [JavaFX Application Thread] INFO  o.b.s.Utils.FileUtil - 成功加载文件/org/bxwbb/spigotplugincreatertool/icon/Universal/Quit.png
2026-01-30 15:47:18.056 [JavaFX Application Thread] INFO  o.b.s.BxWinLab.BaseLabel - 控件库Debug模式已开启
2026-01-30 15:47:18.056 [JavaFX Application Thread] INFO  o.b.s.BxWinLab.BaseLabel - 控件库Debug模式已开启
2026-01-30 15:47:18.056 [JavaFX Application Thread] INFO  o.b.s.BxWinLab.BaseLabel - 控件库Debug模式已开启
2026-01-30 15:47:18.056 [JavaFX Application Thread] INFO  o.b.s.BxWinLab.BaseLabel - 控件库Debug模式已开启
2026-01-30 15:47:18.056 [JavaFX Application Thread] INFO  o.b.s.BxWinLab.BaseLabel - 控件库Debug模式已开启
2026-01-30 15:47:18.056 [JavaFX Application Thread] INFO  o.b.s.BxWinLab.BaseLabel - 控件库Debug模式已开启
2026-01-30 15:47:18.056 [JavaFX Application Thread] INFO  o.b.s.BxWinLab.BaseLabel - 控件库Debug模式已开启
2026-01-30 15:47:18.056 [JavaFX Application Thread] INFO  o.b.s.BxWinLab.BaseLabel - 控件库Debug模式已开启
2026-01-30 15:47:18.056 [JavaFX Application Thread] INFO  o.b.s.BxWinLab.BaseLabel - 控件库Debug模式已开启
2026-01-30 15:47:18.056 [JavaFX Application Thread] INFO  o.b.s.BxWinLab.BaseLabel - 控件库Debug模式已开启
2026-01-30 15:47:18.056 [JavaFX Application Thread] INFO  o.b.s.BxWinLab.BaseLabel - 控件库Debug模式已开启
2026-01-30 15:47:18.056 [JavaFX Application Thread] INFO  o.b.s.BxWinLab.BaseLabel - 控件库Debug模式已开启
2026-01-30 15:47:18.056 [JavaFX Application Thread] INFO  o.b.s.BxWinLab.BaseLabel - 控件库Debug模式已开启
2026-01-30 15:47:18.058 [JavaFX Application Thread] INFO  o.b.s.BxWinLab.BaseLabel - 控件库Debug模式已开启
2026-01-30 15:47:18.058 [JavaFX Application Thread] INFO  o.b.s.BxWinLab.BaseLabel - 控件库Debug模式已开启
2026-01-30 15:47:18.058 [JavaFX Application Thread] INFO  o.b.s.BxWinLab.BaseLabel - 控件库Debug模式已开启
2026-01-30 15:47:18.058 [JavaFX Application Thread] INFO  o.b.s.BxWinLab.BaseLabel - 控件库Debug模式已开启
2026-01-30 15:47:18.067 [JavaFX Application Thread] INFO  o.b.s.BxWinLab.BaseLabel - 控件库Debug模式已开启
2026-01-30 15:47:18.067 [JavaFX Application Thread] INFO  o.b.s.BxWinLab.BaseLabel - 控件库Debug模式已开启
2026-01-30 15:47:18.088 [JavaFX Application Thread] INFO  o.b.s.BxWinLab.BaseLabel - 控件库Debug模式已开启
2026-01-30 15:47:18.088 [JavaFX Application Thread] INFO  o.b.s.Utils.FileUtil - 成功加载文件/org/bxwbb/spigotplugincreatertool/icon/MiniWindowIcon/StartPage.png
2026-01-30 15:47:18.089 [JavaFX Application Thread] INFO  o.b.s.BxWinLab.BaseLabel - 控件库Debug模式已开启
2026-01-30 15:47:18.090 [JavaFX Application Thread] INFO  o.b.s.BxWinLab.BaseLabel - 控件库Debug模式已开启
2026-01-30 15:47:18.090 [JavaFX Application Thread] INFO  o.b.s.BxWinLab.BaseLabel - 控件库Debug模式已开启
2026-01-30 15:47:18.090 [JavaFX Application Thread] INFO  o.b.s.BxWinLab.BaseLabel - 控件库Debug模式已开启
2026-01-30 15:47:18.091 [JavaFX Application Thread] INFO  o.b.s.BxWinLab.BaseLabel - 控件库Debug模式已开启
2026-01-30 15:47:18.091 [JavaFX Application Thread] INFO  o.b.s.BxWinLab.BaseLabel - 控件库Debug模式已开启
2026-01-30 15:47:18.091 [JavaFX Application Thread] INFO  o.b.s.BxWinLab.BaseLabel - 控件库Debug模式已开启
2026-01-30 15:47:18.091 [JavaFX Application Thread] INFO  o.b.s.BxWinLab.BaseLabel - 控件库Debug模式已开启
2026-01-30 15:47:18.091 [JavaFX Application Thread] INFO  o.b.s.BxWinLab.BaseLabel - 控件库Debug模式已开启
2026-01-30 15:47:18.091 [JavaFX Application Thread] INFO  o.b.s.BxWinLab.BaseLabel - 控件库Debug模式已开启
2026-01-30 15:47:18.091 [JavaFX Application Thread] INFO  o.b.s.BxWinLab.BaseLabel - 控件库Debug模式已开启
2026-01-30 15:47:18.091 [JavaFX Application Thread] INFO  o.b.s.BxWinLab.BaseLabel - 控件库Debug模式已开启
2026-01-30 15:47:18.092 [JavaFX Application Thread] INFO  o.b.s.BxWinLab.BaseLabel - 控件库Debug模式已开启
2026-01-30 15:47:18.092 [JavaFX Application Thread] INFO  o.b.s.BxWinLab.BaseLabel - 控件库Debug模式已开启
2026-01-30 15:47:18.094 [JavaFX Application Thread] INFO  o.b.s.BxWinLab.BaseLabel - 控件库Debug模式已开启
2026-01-30 15:47:18.096 [JavaFX Application Thread] INFO  o.b.s.BxWinLab.BaseLabel - 控件库Debug模式已开启
2026-01-30 15:47:18.096 [JavaFX Application Thread] INFO  o.b.s.BxWinLab.BaseLabel - 控件库Debug模式已开启
2026-01-30 15:47:18.096 [JavaFX Application Thread] INFO  o.b.s.BxWinLab.BaseLabel - 控件库Debug模式已开启
2026-01-30 15:47:18.096 [JavaFX Application Thread] INFO  o.b.s.BxWinLab.BaseLabel - 控件库Debug模式已开启
2026-01-30 15:47:18.096 [JavaFX Application Thread] INFO  o.b.s.BxWinLab.BaseLabel - 控件库Debug模式已开启
2026-01-30 15:47:18.096 [JavaFX Application Thread] INFO  o.b.s.BxWinLab.BaseLabel - 控件库Debug模式已开启
2026-01-30 15:47:18.096 [JavaFX Application Thread] INFO  o.b.s.BxWinLab.BaseLabel - 控件库Debug模式已开启
2026-01-30 15:47:18.096 [JavaFX Application Thread] INFO  o.b.s.BxWinLab.BaseLabel - 控件库Debug模式已开启
2026-01-30 15:47:18.096 [JavaFX Application Thread] INFO  o.b.s.BxWinLab.BaseLabel - 控件库Debug模式已开启
2026-01-30 15:47:18.096 [JavaFX Application Thread] INFO  o.b.s.BxWinLab.BaseLabel - 控件库Debug模式已开启
2026-01-30 15:47:18.096 [JavaFX Application Thread] INFO  o.b.s.BxWinLab.BaseLabel - 控件库Debug模式已开启
2026-01-30 15:47:18.096 [JavaFX Application Thread] INFO  o.b.s.BxWinLab.BaseLabel - 控件库Debug模式已开启
2026-01-30 15:47:18.096 [JavaFX Application Thread] INFO  o.b.s.BxWinLab.BaseLabel - 控件库Debug模式已开启
2026-01-30 15:47:19.373 [JavaFX Application Thread] INFO  o.b.s.BxWinLab.BaseLabel - 控件焦点改变至 - org.bxwbb.spigotplugincreatertool.BxWinLab.SwitchBox@4ff82a12
2026-01-30 15:47:19.680 [JavaFX Application Thread] INFO  o.b.s.BxWinLab.BaseLabel - 控件库Debug模式已开启
2026-01-30 15:47:19.681 [JavaFX Application Thread] INFO  o.b.s.Utils.FileUtil - 成功加载文件/org/bxwbb/spigotplugincreatertool/icon/MiniWindowIcon/StartPage.png
2026-01-30 15:47:19.681 [JavaFX Application Thread] INFO  o.b.s.BxWinLab.BaseLabel - 控件库Debug模式已开启
2026-01-30 15:47:19.682 [JavaFX Application Thread] INFO  o.b.s.BxWinLab.BaseLabel - 控件库Debug模式已开启
2026-01-30 15:47:19.682 [JavaFX Application Thread] INFO  o.b.s.BxWinLab.BaseLabel - 控件库Debug模式已开启
2026-01-30 15:47:19.682 [JavaFX Application Thread] INFO  o.b.s.BxWinLab.BaseLabel - 控件库Debug模式已开启
2026-01-30 15:47:19.682 [JavaFX Application Thread] INFO  o.b.s.BxWinLab.BaseLabel - 控件库Debug模式已开启
2026-01-30 15:47:19.683 [JavaFX Application Thread] INFO  o.b.s.BxWinLab.BaseLabel - 控件库Debug模式已开启
2026-01-30 15:47:19.683 [JavaFX Application Thread] INFO  o.b.s.BxWinLab.BaseLabel - 控件库Debug模式已开启
2026-01-30 15:47:19.683 [JavaFX Application Thread] INFO  o.b.s.BxWinLab.BaseLabel - 控件库Debug模式已开启
2026-01-30 15:47:19.683 [JavaFX Application Thread] INFO  o.b.s.BxWinLab.BaseLabel - 控件库Debug模式已开启
2026-01-30 15:47:19.683 [JavaFX Application Thread] INFO  o.b.s.BxWinLab.BaseLabel - 控件库Debug模式已开启
2026-01-30 15:47:19.683 [JavaFX Application Thread] INFO  o.b.s.BxWinLab.BaseLabel - 控件库Debug模式已开启
2026-01-30 15:47:19.683 [JavaFX Application Thread] INFO  o.b.s.BxWinLab.BaseLabel - 控件库Debug模式已开启
2026-01-30 15:47:19.683 [JavaFX Application Thread] INFO  o.b.s.BxWinLab.BaseLabel - 控件库Debug模式已开启
2026-01-30 15:47:19.683 [JavaFX Application Thread] INFO  o.b.s.BxWinLab.BaseLabel - 控件库Debug模式已开启
2026-01-30 15:47:19.684 [JavaFX Application Thread] INFO  o.b.s.BxWinLab.BaseLabel - 控件库Debug模式已开启
2026-01-30 15:47:19.684 [JavaFX Application Thread] INFO  o.b.s.BxWinLab.BaseLabel - 控件库Debug模式已开启
2026-01-30 15:47:20.750 [JavaFX Application Thread] INFO  o.b.s.BxWinLab.BaseLabel - 控件库Debug模式已开启
2026-01-30 15:47:20.751 [JavaFX Application Thread] INFO  o.b.s.Utils.FileUtil - 成功加载文件/org/bxwbb/spigotplugincreatertool/icon/MiniWindowIcon/StartPage.png
2026-01-30 15:47:20.751 [JavaFX Application Thread] INFO  o.b.s.BxWinLab.BaseLabel - 控件库Debug模式已开启
2026-01-30 15:47:20.751 [JavaFX Application Thread] INFO  o.b.s.BxWinLab.BaseLabel - 控件库Debug模式已开启
2026-01-30 15:47:20.751 [JavaFX Application Thread] INFO  o.b.s.BxWinLab.BaseLabel - 控件库Debug模式已开启
2026-01-30 15:47:20.751 [JavaFX Application Thread] INFO  o.b.s.BxWinLab.BaseLabel - 控件库Debug模式已开启
2026-01-30 15:47:20.752 [JavaFX Application Thread] INFO  o.b.s.BxWinLab.BaseLabel - 控件库Debug模式已开启
2026-01-30 15:47:20.752 [JavaFX Application Thread] INFO  o.b.s.BxWinLab.BaseLabel - 控件库Debug模式已开启
2026-01-30 15:47:20.752 [JavaFX Application Thread] INFO  o.b.s.BxWinLab.BaseLabel - 控件库Debug模式已开启
2026-01-30 15:47:20.752 [JavaFX Application Thread] INFO  o.b.s.BxWinLab.BaseLabel - 控件库Debug模式已开启
2026-01-30 15:47:20.752 [JavaFX Application Thread] INFO  o.b.s.BxWinLab.BaseLabel - 控件库Debug模式已开启
2026-01-30 15:47:20.752 [JavaFX Application Thread] INFO  o.b.s.BxWinLab.BaseLabel - 控件库Debug模式已开启
2026-01-30 15:47:20.752 [JavaFX Application Thread] INFO  o.b.s.BxWinLab.BaseLabel - 控件库Debug模式已开启
2026-01-30 15:47:20.752 [JavaFX Application Thread] INFO  o.b.s.BxWinLab.BaseLabel - 控件库Debug模式已开启
2026-01-30 15:47:20.752 [JavaFX Application Thread] INFO  o.b.s.BxWinLab.BaseLabel - 控件库Debug模式已开启
2026-01-30 15:47:20.752 [JavaFX Application Thread] INFO  o.b.s.BxWinLab.BaseLabel - 控件库Debug模式已开启
2026-01-30 15:47:20.752 [JavaFX Application Thread] INFO  o.b.s.BxWinLab.BaseLabel - 控件库Debug模式已开启
2026-01-30 15:47:20.752 [JavaFX Application Thread] INFO  o.b.s.BxWinLab.BaseLabel - 控件库Debug模式已开启
2026-01-30 15:47:22.014 [JavaFX Application Thread] INFO  o.b.s.BxWinLab.BaseLabel - 控件库Debug模式已开启
2026-01-30 15:47:22.014 [JavaFX Application Thread] INFO  o.b.s.Utils.FileUtil - 成功加载文件/org/bxwbb/spigotplugincreatertool/icon/MiniWindowIcon/StartPage.png
2026-01-30 15:47:22.015 [JavaFX Application Thread] INFO  o.b.s.BxWinLab.BaseLabel - 控件库Debug模式已开启
2026-01-30 15:47:22.015 [JavaFX Application Thread] INFO  o.b.s.BxWinLab.BaseLabel - 控件库Debug模式已开启
2026-01-30 15:47:22.015 [JavaFX Application Thread] INFO  o.b.s.BxWinLab.BaseLabel - 控件库Debug模式已开启
2026-01-30 15:47:22.015 [JavaFX Application Thread] INFO  o.b.s.BxWinLab.BaseLabel - 控件库Debug模式已开启
2026-01-30 15:47:22.015 [JavaFX Application Thread] INFO  o.b.s.BxWinLab.BaseLabel - 控件库Debug模式已开启
2026-01-30 15:47:22.015 [JavaFX Application Thread] INFO  o.b.s.BxWinLab.BaseLabel - 控件库Debug模式已开启
2026-01-30 15:47:22.015 [JavaFX Application Thread] INFO  o.b.s.BxWinLab.BaseLabel - 控件库Debug模式已开启
2026-01-30 15:47:22.015 [JavaFX Application Thread] INFO  o.b.s.BxWinLab.BaseLabel - 控件库Debug模式已开启
2026-01-30 15:47:22.015 [JavaFX Application Thread] INFO  o.b.s.BxWinLab.BaseLabel - 控件库Debug模式已开启
2026-01-30 15:47:22.015 [JavaFX Application Thread] INFO  o.b.s.BxWinLab.BaseLabel - 控件库Debug模式已开启
2026-01-30 15:47:22.016 [JavaFX Application Thread] INFO  o.b.s.BxWinLab.BaseLabel - 控件库Debug模式已开启
2026-01-30 15:47:22.016 [JavaFX Application Thread] INFO  o.b.s.BxWinLab.BaseLabel - 控件库Debug模式已开启
2026-01-30 15:47:22.016 [JavaFX Application Thread] INFO  o.b.s.BxWinLab.BaseLabel - 控件库Debug模式已开启
2026-01-30 15:47:22.016 [JavaFX Application Thread] INFO  o.b.s.BxWinLab.BaseLabel - 控件库Debug模式已开启
2026-01-30 15:47:22.016 [JavaFX Application Thread] INFO  o.b.s.BxWinLab.BaseLabel - 控件库Debug模式已开启
2026-01-30 15:47:22.016 [JavaFX Application Thread] INFO  o.b.s.BxWinLab.BaseLabel - 控件库Debug模式已开启
2026-01-30 15:47:22.815 [JavaFX Application Thread] INFO  o.b.s.BxWinLab.BaseLabel - 控件库Debug模式已开启
2026-01-30 15:47:22.816 [JavaFX Application Thread] INFO  o.b.s.Utils.FileUtil - 成功加载文件/org/bxwbb/spigotplugincreatertool/icon/MiniWindowIcon/StartPage.png
2026-01-30 15:47:22.816 [JavaFX Application Thread] INFO  o.b.s.BxWinLab.BaseLabel - 控件库Debug模式已开启
2026-01-30 15:47:22.816 [JavaFX Application Thread] INFO  o.b.s.BxWinLab.BaseLabel - 控件库Debug模式已开启
2026-01-30 15:47:22.816 [JavaFX Application Thread] INFO  o.b.s.BxWinLab.BaseLabel - 控件库Debug模式已开启
2026-01-30 15:47:22.816 [JavaFX Application Thread] INFO  o.b.s.BxWinLab.BaseLabel - 控件库Debug模式已开启
2026-01-30 15:47:22.817 [JavaFX Application Thread] INFO  o.b.s.BxWinLab.BaseLabel - 控件库Debug模式已开启
2026-01-30 15:47:22.817 [JavaFX Application Thread] INFO  o.b.s.BxWinLab.BaseLabel - 控件库Debug模式已开启
2026-01-30 15:47:22.817 [JavaFX Application Thread] INFO  o.b.s.BxWinLab.BaseLabel - 控件库Debug模式已开启
2026-01-30 15:47:22.817 [JavaFX Application Thread] INFO  o.b.s.BxWinLab.BaseLabel - 控件库Debug模式已开启
2026-01-30 15:47:22.817 [JavaFX Application Thread] INFO  o.b.s.BxWinLab.BaseLabel - 控件库Debug模式已开启
2026-01-30 15:47:22.817 [JavaFX Application Thread] INFO  o.b.s.BxWinLab.BaseLabel - 控件库Debug模式已开启
2026-01-30 15:47:22.817 [JavaFX Application Thread] INFO  o.b.s.BxWinLab.BaseLabel - 控件库Debug模式已开启
2026-01-30 15:47:22.817 [JavaFX Application Thread] INFO  o.b.s.BxWinLab.BaseLabel - 控件库Debug模式已开启
2026-01-30 15:47:22.817 [JavaFX Application Thread] INFO  o.b.s.BxWinLab.BaseLabel - 控件库Debug模式已开启
2026-01-30 15:47:22.817 [JavaFX Application Thread] INFO  o.b.s.BxWinLab.BaseLabel - 控件库Debug模式已开启
2026-01-30 15:47:22.817 [JavaFX Application Thread] INFO  o.b.s.BxWinLab.BaseLabel - 控件库Debug模式已开启
2026-01-30 15:47:22.817 [JavaFX Application Thread] INFO  o.b.s.BxWinLab.BaseLabel - 控件库Debug模式已开启
2026-01-30 15:47:23.791 [JavaFX Application Thread] INFO  o.b.s.BxWinLab.BaseLabel - 控件库Debug模式已开启
2026-01-30 15:47:23.792 [JavaFX Application Thread] INFO  o.b.s.Utils.FileUtil - 成功加载文件/org/bxwbb/spigotplugincreatertool/icon/MiniWindowIcon/StartPage.png
2026-01-30 15:47:23.792 [JavaFX Application Thread] INFO  o.b.s.BxWinLab.BaseLabel - 控件库Debug模式已开启
2026-01-30 15:47:23.792 [JavaFX Application Thread] INFO  o.b.s.BxWinLab.BaseLabel - 控件库Debug模式已开启
2026-01-30 15:47:23.792 [JavaFX Application Thread] INFO  o.b.s.BxWinLab.BaseLabel - 控件库Debug模式已开启
2026-01-30 15:47:23.792 [JavaFX Application Thread] INFO  o.b.s.BxWinLab.BaseLabel - 控件库Debug模式已开启
2026-01-30 15:47:23.792 [JavaFX Application Thread] INFO  o.b.s.BxWinLab.BaseLabel - 控件库Debug模式已开启
2026-01-30 15:47:23.792 [JavaFX Application Thread] INFO  o.b.s.BxWinLab.BaseLabel - 控件库Debug模式已开启
2026-01-30 15:47:23.792 [JavaFX Application Thread] INFO  o.b.s.BxWinLab.BaseLabel - 控件库Debug模式已开启
2026-01-30 15:47:23.792 [JavaFX Application Thread] INFO  o.b.s.BxWinLab.BaseLabel - 控件库Debug模式已开启
2026-01-30 15:47:23.792 [JavaFX Application Thread] INFO  o.b.s.BxWinLab.BaseLabel - 控件库Debug模式已开启
2026-01-30 15:47:23.793 [JavaFX Application Thread] INFO  o.b.s.BxWinLab.BaseLabel - 控件库Debug模式已开启
2026-01-30 15:47:23.793 [JavaFX Application Thread] INFO  o.b.s.BxWinLab.BaseLabel - 控件库Debug模式已开启
2026-01-30 15:47:23.793 [JavaFX Application Thread] INFO  o.b.s.BxWinLab.BaseLabel - 控件库Debug模式已开启
2026-01-30 15:47:23.793 [JavaFX Application Thread] INFO  o.b.s.BxWinLab.BaseLabel - 控件库Debug模式已开启
2026-01-30 15:47:23.793 [JavaFX Application Thread] INFO  o.b.s.BxWinLab.BaseLabel - 控件库Debug模式已开启
2026-01-30 15:47:23.793 [JavaFX Application Thread] INFO  o.b.s.BxWinLab.BaseLabel - 控件库Debug模式已开启
2026-01-30 15:47:23.793 [JavaFX Application Thread] INFO  o.b.s.BxWinLab.BaseLabel - 控件库Debug模式已开启
2026-01-30 15:47:24.506 [JavaFX Application Thread] INFO  o.b.s.BxWinLab.BaseLabel - 控件库Debug模式已开启
2026-01-30 15:47:24.506 [JavaFX Application Thread] INFO  o.b.s.Utils.FileUtil - 成功加载文件/org/bxwbb/spigotplugincreatertool/icon/MiniWindowIcon/StartPage.png
2026-01-30 15:47:24.506 [JavaFX Application Thread] INFO  o.b.s.BxWinLab.BaseLabel - 控件库Debug模式已开启
2026-01-30 15:47:24.506 [JavaFX Application Thread] INFO  o.b.s.BxWinLab.BaseLabel - 控件库Debug模式已开启
2026-01-30 15:47:24.506 [JavaFX Application Thread] INFO  o.b.s.BxWinLab.BaseLabel - 控件库Debug模式已开启
2026-01-30 15:47:24.507 [JavaFX Application Thread] INFO  o.b.s.BxWinLab.BaseLabel - 控件库Debug模式已开启
2026-01-30 15:47:24.507 [JavaFX Application Thread] INFO  o.b.s.BxWinLab.BaseLabel - 控件库Debug模式已开启
2026-01-30 15:47:24.507 [JavaFX Application Thread] INFO  o.b.s.BxWinLab.BaseLabel - 控件库Debug模式已开启
2026-01-30 15:47:24.507 [JavaFX Application Thread] INFO  o.b.s.BxWinLab.BaseLabel - 控件库Debug模式已开启
2026-01-30 15:47:24.507 [JavaFX Application Thread] INFO  o.b.s.BxWinLab.BaseLabel - 控件库Debug模式已开启
2026-01-30 15:47:24.507 [JavaFX Application Thread] INFO  o.b.s.BxWinLab.BaseLabel - 控件库Debug模式已开启
2026-01-30 15:47:24.507 [JavaFX Application Thread] INFO  o.b.s.BxWinLab.BaseLabel - 控件库Debug模式已开启
2026-01-30 15:47:24.507 [JavaFX Application Thread] INFO  o.b.s.BxWinLab.BaseLabel - 控件库Debug模式已开启
2026-01-30 15:47:24.507 [JavaFX Application Thread] INFO  o.b.s.BxWinLab.BaseLabel - 控件库Debug模式已开启
2026-01-30 15:47:24.507 [JavaFX Application Thread] INFO  o.b.s.BxWinLab.BaseLabel - 控件库Debug模式已开启
2026-01-30 15:47:24.507 [JavaFX Application Thread] INFO  o.b.s.BxWinLab.BaseLabel - 控件库Debug模式已开启
2026-01-30 15:47:24.508 [JavaFX Application Thread] INFO  o.b.s.BxWinLab.BaseLabel - 控件库Debug模式已开启
2026-01-30 15:47:24.508 [JavaFX Application Thread] INFO  o.b.s.BxWinLab.BaseLabel - 控件库Debug模式已开启
2026-01-30 15:47:25.513 [JavaFX Application Thread] INFO  o.b.s.BxWinLab.BaseLabel - 控件库Debug模式已开启
2026-01-30 15:47:25.514 [JavaFX Application Thread] INFO  o.b.s.Utils.FileUtil - 成功加载文件/org/bxwbb/spigotplugincreatertool/icon/MiniWindowIcon/StartPage.png
2026-01-30 15:47:25.514 [JavaFX Application Thread] INFO  o.b.s.BxWinLab.BaseLabel - 控件库Debug模式已开启
2026-01-30 15:47:25.514 [JavaFX Application Thread] INFO  o.b.s.BxWinLab.BaseLabel - 控件库Debug模式已开启
2026-01-30 15:47:25.514 [JavaFX Application Thread] INFO  o.b.s.BxWinLab.BaseLabel - 控件库Debug模式已开启
2026-01-30 15:47:25.515 [JavaFX Application Thread] INFO  o.b.s.BxWinLab.BaseLabel - 控件库Debug模式已开启
2026-01-30 15:47:25.515 [JavaFX Application Thread] INFO  o.b.s.BxWinLab.BaseLabel - 控件库Debug模式已开启
2026-01-30 15:47:25.515 [JavaFX Application Thread] INFO  o.b.s.BxWinLab.BaseLabel - 控件库Debug模式已开启
2026-01-30 15:47:25.515 [JavaFX Application Thread] INFO  o.b.s.BxWinLab.BaseLabel - 控件库Debug模式已开启
2026-01-30 15:47:25.515 [JavaFX Application Thread] INFO  o.b.s.BxWinLab.BaseLabel - 控件库Debug模式已开启
2026-01-30 15:47:25.515 [JavaFX Application Thread] INFO  o.b.s.BxWinLab.BaseLabel - 控件库Debug模式已开启
2026-01-30 15:47:25.515 [JavaFX Application Thread] INFO  o.b.s.BxWinLab.BaseLabel - 控件库Debug模式已开启
2026-01-30 15:47:25.515 [JavaFX Application Thread] INFO  o.b.s.BxWinLab.BaseLabel - 控件库Debug模式已开启
2026-01-30 15:47:25.515 [JavaFX Application Thread] INFO  o.b.s.BxWinLab.BaseLabel - 控件库Debug模式已开启
2026-01-30 15:47:25.515 [JavaFX Application Thread] INFO  o.b.s.BxWinLab.BaseLabel - 控件库Debug模式已开启
2026-01-30 15:47:25.515 [JavaFX Application Thread] INFO  o.b.s.BxWinLab.BaseLabel - 控件库Debug模式已开启
2026-01-30 15:47:25.515 [JavaFX Application Thread] INFO  o.b.s.BxWinLab.BaseLabel - 控件库Debug模式已开启
2026-01-30 15:47:25.515 [JavaFX Application Thread] INFO  o.b.s.BxWinLab.BaseLabel - 控件库Debug模式已开启
2026-01-30 15:47:26.049 [JavaFX Application Thread] INFO  o.b.s.BxWinLab.BaseLabel - 控件库Debug模式已开启
2026-01-30 15:47:26.050 [JavaFX Application Thread] INFO  o.b.s.Utils.FileUtil - 成功加载文件/org/bxwbb/spigotplugincreatertool/icon/MiniWindowIcon/StartPage.png
2026-01-30 15:47:26.051 [JavaFX Application Thread] INFO  o.b.s.BxWinLab.BaseLabel - 控件库Debug模式已开启
2026-01-30 15:47:26.051 [JavaFX Application Thread] INFO  o.b.s.BxWinLab.BaseLabel - 控件库Debug模式已开启
2026-01-30 15:47:26.051 [JavaFX Application Thread] INFO  o.b.s.BxWinLab.BaseLabel - 控件库Debug模式已开启
2026-01-30 15:47:26.051 [JavaFX Application Thread] INFO  o.b.s.BxWinLab.BaseLabel - 控件库Debug模式已开启
2026-01-30 15:47:26.051 [JavaFX Application Thread] INFO  o.b.s.BxWinLab.BaseLabel - 控件库Debug模式已开启
2026-01-30 15:47:26.051 [JavaFX Application Thread] INFO  o.b.s.BxWinLab.BaseLabel - 控件库Debug模式已开启
2026-01-30 15:47:26.051 [JavaFX Application Thread] INFO  o.b.s.BxWinLab.BaseLabel - 控件库Debug模式已开启
2026-01-30 15:47:26.051 [JavaFX Application Thread] INFO  o.b.s.BxWinLab.BaseLabel - 控件库Debug模式已开启
2026-01-30 15:47:26.051 [JavaFX Application Thread] INFO  o.b.s.BxWinLab.BaseLabel - 控件库Debug模式已开启
2026-01-30 15:47:26.051 [JavaFX Application Thread] INFO  o.b.s.BxWinLab.BaseLabel - 控件库Debug模式已开启
2026-01-30 15:47:26.051 [JavaFX Application Thread] INFO  o.b.s.BxWinLab.BaseLabel - 控件库Debug模式已开启
2026-01-30 15:47:26.051 [JavaFX Application Thread] INFO  o.b.s.BxWinLab.BaseLabel - 控件库Debug模式已开启
2026-01-30 15:47:26.052 [JavaFX Application Thread] INFO  o.b.s.BxWinLab.BaseLabel - 控件库Debug模式已开启
2026-01-30 15:47:26.052 [JavaFX Application Thread] INFO  o.b.s.BxWinLab.BaseLabel - 控件库Debug模式已开启
2026-01-30 15:47:26.052 [JavaFX Application Thread] INFO  o.b.s.BxWinLab.BaseLabel - 控件库Debug模式已开启
2026-01-30 15:47:26.052 [JavaFX Application Thread] INFO  o.b.s.BxWinLab.BaseLabel - 控件库Debug模式已开启
2026-01-30 15:47:28.195 [JavaFX Application Thread] INFO  o.b.s.BxWinLab.BaseLabel - 控件库Debug模式已开启
2026-01-30 15:47:28.195 [JavaFX Application Thread] INFO  o.b.s.Utils.FileUtil - 成功加载文件/org/bxwbb/spigotplugincreatertool/icon/MiniWindowIcon/StartPage.png
2026-01-30 15:47:28.196 [JavaFX Application Thread] INFO  o.b.s.BxWinLab.BaseLabel - 控件库Debug模式已开启
2026-01-30 15:47:28.196 [JavaFX Application Thread] INFO  o.b.s.BxWinLab.BaseLabel - 控件库Debug模式已开启
2026-01-30 15:47:28.196 [JavaFX Application Thread] INFO  o.b.s.BxWinLab.BaseLabel - 控件库Debug模式已开启
2026-01-30 15:47:28.196 [JavaFX Application Thread] INFO  o.b.s.BxWinLab.BaseLabel - 控件库Debug模式已开启
2026-01-30 15:47:28.196 [JavaFX Application Thread] INFO  o.b.s.BxWinLab.BaseLabel - 控件库Debug模式已开启
2026-01-30 15:47:28.196 [JavaFX Application Thread] INFO  o.b.s.BxWinLab.BaseLabel - 控件库Debug模式已开启
2026-01-30 15:47:28.196 [JavaFX Application Thread] INFO  o.b.s.BxWinLab.BaseLabel - 控件库Debug模式已开启
2026-01-30 15:47:28.196 [JavaFX Application Thread] INFO  o.b.s.BxWinLab.BaseLabel - 控件库Debug模式已开启
2026-01-30 15:47:28.196 [JavaFX Application Thread] INFO  o.b.s.BxWinLab.BaseLabel - 控件库Debug模式已开启
2026-01-30 15:47:28.196 [JavaFX Application Thread] INFO  o.b.s.BxWinLab.BaseLabel - 控件库Debug模式已开启
2026-01-30 15:47:28.196 [JavaFX Application Thread] INFO  o.b.s.BxWinLab.BaseLabel - 控件库Debug模式已开启
2026-01-30 15:47:28.196 [JavaFX Application Thread] INFO  o.b.s.BxWinLab.BaseLabel - 控件库Debug模式已开启
2026-01-30 15:47:28.196 [JavaFX Application Thread] INFO  o.b.s.BxWinLab.BaseLabel - 控件库Debug模式已开启
2026-01-30 15:47:28.196 [JavaFX Application Thread] INFO  o.b.s.BxWinLab.BaseLabel - 控件库Debug模式已开启
2026-01-30 15:47:28.196 [JavaFX Application Thread] INFO  o.b.s.BxWinLab.BaseLabel - 控件库Debug模式已开启
2026-01-30 15:47:28.197 [JavaFX Application Thread] INFO  o.b.s.BxWinLab.BaseLabel - 控件库Debug模式已开启
2026-01-30 15:47:28.827 [JavaFX Application Thread] INFO  o.b.s.BxWinLab.BaseLabel - 控件库Debug模式已开启
2026-01-30 15:47:28.828 [JavaFX Application Thread] INFO  o.b.s.Utils.FileUtil - 成功加载文件/org/bxwbb/spigotplugincreatertool/icon/MiniWindowIcon/StartPage.png
2026-01-30 15:47:28.828 [JavaFX Application Thread] INFO  o.b.s.BxWinLab.BaseLabel - 控件库Debug模式已开启
2026-01-30 15:47:28.828 [JavaFX Application Thread] INFO  o.b.s.BxWinLab.BaseLabel - 控件库Debug模式已开启
2026-01-30 15:47:28.828 [JavaFX Application Thread] INFO  o.b.s.BxWinLab.BaseLabel - 控件库Debug模式已开启
2026-01-30 15:47:28.828 [JavaFX Application Thread] INFO  o.b.s.BxWinLab.BaseLabel - 控件库Debug模式已开启
2026-01-30 15:47:28.828 [JavaFX Application Thread] INFO  o.b.s.BxWinLab.BaseLabel - 控件库Debug模式已开启
2026-01-30 15:47:28.828 [JavaFX Application Thread] INFO  o.b.s.BxWinLab.BaseLabel - 控件库Debug模式已开启
2026-01-30 15:47:28.828 [JavaFX Application Thread] INFO  o.b.s.BxWinLab.BaseLabel - 控件库Debug模式已开启
2026-01-30 15:47:28.828 [JavaFX Application Thread] INFO  o.b.s.BxWinLab.BaseLabel - 控件库Debug模式已开启
2026-01-30 15:47:28.828 [JavaFX Application Thread] INFO  o.b.s.BxWinLab.BaseLabel - 控件库Debug模式已开启
2026-01-30 15:47:28.828 [JavaFX Application Thread] INFO  o.b.s.BxWinLab.BaseLabel - 控件库Debug模式已开启
2026-01-30 15:47:28.828 [JavaFX Application Thread] INFO  o.b.s.BxWinLab.BaseLabel - 控件库Debug模式已开启
2026-01-30 15:47:28.828 [JavaFX Application Thread] INFO  o.b.s.BxWinLab.BaseLabel - 控件库Debug模式已开启
2026-01-30 15:47:28.828 [JavaFX Application Thread] INFO  o.b.s.BxWinLab.BaseLabel - 控件库Debug模式已开启
2026-01-30 15:47:28.830 [JavaFX Application Thread] INFO  o.b.s.BxWinLab.BaseLabel - 控件库Debug模式已开启
2026-01-30 15:47:28.830 [JavaFX Application Thread] INFO  o.b.s.BxWinLab.BaseLabel - 控件库Debug模式已开启
2026-01-30 15:47:28.830 [JavaFX Application Thread] INFO  o.b.s.BxWinLab.BaseLabel - 控件库Debug模式已开启
2026-01-30 15:47:29.827 [JavaFX Application Thread] INFO  o.b.s.BxWinLab.BaseLabel - 控件库Debug模式已开启
2026-01-30 15:47:29.827 [JavaFX Application Thread] INFO  o.b.s.Utils.FileUtil - 成功加载文件/org/bxwbb/spigotplugincreatertool/icon/MiniWindowIcon/StartPage.png
2026-01-30 15:47:29.828 [JavaFX Application Thread] INFO  o.b.s.BxWinLab.BaseLabel - 控件库Debug模式已开启
2026-01-30 15:47:29.828 [JavaFX Application Thread] INFO  o.b.s.BxWinLab.BaseLabel - 控件库Debug模式已开启
2026-01-30 15:47:29.828 [JavaFX Application Thread] INFO  o.b.s.BxWinLab.BaseLabel - 控件库Debug模式已开启
2026-01-30 15:47:29.828 [JavaFX Application Thread] INFO  o.b.s.BxWinLab.BaseLabel - 控件库Debug模式已开启
2026-01-30 15:47:29.828 [JavaFX Application Thread] INFO  o.b.s.BxWinLab.BaseLabel - 控件库Debug模式已开启
2026-01-30 15:47:29.828 [JavaFX Application Thread] INFO  o.b.s.BxWinLab.BaseLabel - 控件库Debug模式已开启
2026-01-30 15:47:29.828 [JavaFX Application Thread] INFO  o.b.s.BxWinLab.BaseLabel - 控件库Debug模式已开启
2026-01-30 15:47:29.828 [JavaFX Application Thread] INFO  o.b.s.BxWinLab.BaseLabel - 控件库Debug模式已开启
2026-01-30 15:47:29.828 [JavaFX Application Thread] INFO  o.b.s.BxWinLab.BaseLabel - 控件库Debug模式已开启
2026-01-30 15:47:29.828 [JavaFX Application Thread] INFO  o.b.s.BxWinLab.BaseLabel - 控件库Debug模式已开启
2026-01-30 15:47:29.828 [JavaFX Application Thread] INFO  o.b.s.BxWinLab.BaseLabel - 控件库Debug模式已开启
2026-01-30 15:47:29.828 [JavaFX Application Thread] INFO  o.b.s.BxWinLab.BaseLabel - 控件库Debug模式已开启
2026-01-30 15:47:29.828 [JavaFX Application Thread] INFO  o.b.s.BxWinLab.BaseLabel - 控件库Debug模式已开启
2026-01-30 15:47:29.828 [JavaFX Application Thread] INFO  o.b.s.BxWinLab.BaseLabel - 控件库Debug模式已开启
2026-01-30 15:47:29.828 [JavaFX Application Thread] INFO  o.b.s.BxWinLab.BaseLabel - 控件库Debug模式已开启
2026-01-30 15:47:29.829 [JavaFX Application Thread] INFO  o.b.s.BxWinLab.BaseLabel - 控件库Debug模式已开启
2026-01-30 15:47:30.538 [JavaFX Application Thread] INFO  o.b.s.BxWinLab.BaseLabel - 控件库Debug模式已开启
2026-01-30 15:47:30.539 [JavaFX Application Thread] INFO  o.b.s.Utils.FileUtil - 成功加载文件/org/bxwbb/spigotplugincreatertool/icon/MiniWindowIcon/StartPage.png
2026-01-30 15:47:30.539 [JavaFX Application Thread] INFO  o.b.s.BxWinLab.BaseLabel - 控件库Debug模式已开启
2026-01-30 15:47:30.539 [JavaFX Application Thread] INFO  o.b.s.BxWinLab.BaseLabel - 控件库Debug模式已开启
2026-01-30 15:47:30.539 [JavaFX Application Thread] INFO  o.b.s.BxWinLab.BaseLabel - 控件库Debug模式已开启
2026-01-30 15:47:30.539 [JavaFX Application Thread] INFO  o.b.s.BxWinLab.BaseLabel - 控件库Debug模式已开启
2026-01-30 15:47:30.540 [JavaFX Application Thread] INFO  o.b.s.BxWinLab.BaseLabel - 控件库Debug模式已开启
2026-01-30 15:47:30.540 [JavaFX Application Thread] INFO  o.b.s.BxWinLab.BaseLabel - 控件库Debug模式已开启
2026-01-30 15:47:30.540 [JavaFX Application Thread] INFO  o.b.s.BxWinLab.BaseLabel - 控件库Debug模式已开启
2026-01-30 15:47:30.540 [JavaFX Application Thread] INFO  o.b.s.BxWinLab.BaseLabel - 控件库Debug模式已开启
2026-01-30 15:47:30.540 [JavaFX Application Thread] INFO  o.b.s.BxWinLab.BaseLabel - 控件库Debug模式已开启
2026-01-30 15:47:30.540 [JavaFX Application Thread] INFO  o.b.s.BxWinLab.BaseLabel - 控件库Debug模式已开启
2026-01-30 15:47:30.540 [JavaFX Application Thread] INFO  o.b.s.BxWinLab.BaseLabel - 控件库Debug模式已开启
2026-01-30 15:47:30.540 [JavaFX Application Thread] INFO  o.b.s.BxWinLab.BaseLabel - 控件库Debug模式已开启
2026-01-30 15:47:30.540 [JavaFX Application Thread] INFO  o.b.s.BxWinLab.BaseLabel - 控件库Debug模式已开启
2026-01-30 15:47:30.540 [JavaFX Application Thread] INFO  o.b.s.BxWinLab.BaseLabel - 控件库Debug模式已开启
2026-01-30 15:47:30.540 [JavaFX Application Thread] INFO  o.b.s.BxWinLab.BaseLabel - 控件库Debug模式已开启
2026-01-30 15:47:30.540 [JavaFX Application Thread] INFO  o.b.s.BxWinLab.BaseLabel - 控件库Debug模式已开启
2026-01-30 15:47:31.860 [JavaFX Application Thread] INFO  o.b.s.BxWinLab.BaseLabel - 控件库Debug模式已开启
2026-01-30 15:47:31.860 [JavaFX Application Thread] INFO  o.b.s.Utils.FileUtil - 成功加载文件/org/bxwbb/spigotplugincreatertool/icon/MiniWindowIcon/StartPage.png
2026-01-30 15:47:31.861 [JavaFX Application Thread] INFO  o.b.s.BxWinLab.BaseLabel - 控件库Debug模式已开启
2026-01-30 15:47:31.861 [JavaFX Application Thread] INFO  o.b.s.BxWinLab.BaseLabel - 控件库Debug模式已开启
2026-01-30 15:47:31.861 [JavaFX Application Thread] INFO  o.b.s.BxWinLab.BaseLabel - 控件库Debug模式已开启
2026-01-30 15:47:31.861 [JavaFX Application Thread] INFO  o.b.s.BxWinLab.BaseLabel - 控件库Debug模式已开启
2026-01-30 15:47:31.861 [JavaFX Application Thread] INFO  o.b.s.BxWinLab.BaseLabel - 控件库Debug模式已开启
2026-01-30 15:47:31.861 [JavaFX Application Thread] INFO  o.b.s.BxWinLab.BaseLabel - 控件库Debug模式已开启
2026-01-30 15:47:31.861 [JavaFX Application Thread] INFO  o.b.s.BxWinLab.BaseLabel - 控件库Debug模式已开启
2026-01-30 15:47:31.861 [JavaFX Application Thread] INFO  o.b.s.BxWinLab.BaseLabel - 控件库Debug模式已开启
2026-01-30 15:47:31.861 [JavaFX Application Thread] INFO  o.b.s.BxWinLab.BaseLabel - 控件库Debug模式已开启
2026-01-30 15:47:31.861 [JavaFX Application Thread] INFO  o.b.s.BxWinLab.BaseLabel - 控件库Debug模式已开启
2026-01-30 15:47:31.861 [JavaFX Application Thread] INFO  o.b.s.BxWinLab.BaseLabel - 控件库Debug模式已开启
2026-01-30 15:47:31.861 [JavaFX Application Thread] INFO  o.b.s.BxWinLab.BaseLabel - 控件库Debug模式已开启
2026-01-30 15:47:31.862 [JavaFX Application Thread] INFO  o.b.s.BxWinLab.BaseLabel - 控件库Debug模式已开启
2026-01-30 15:47:31.862 [JavaFX Application Thread] INFO  o.b.s.BxWinLab.BaseLabel - 控件库Debug模式已开启
2026-01-30 15:47:31.862 [JavaFX Application Thread] INFO  o.b.s.BxWinLab.BaseLabel - 控件库Debug模式已开启
2026-01-30 15:47:31.862 [JavaFX Application Thread] INFO  o.b.s.BxWinLab.BaseLabel - 控件库Debug模式已开启
2026-01-30 15:47:32.596 [JavaFX Application Thread] INFO  o.b.s.BxWinLab.BaseLabel - 控件库Debug模式已开启
2026-01-30 15:47:32.596 [JavaFX Application Thread] INFO  o.b.s.Utils.FileUtil - 成功加载文件/org/bxwbb/spigotplugincreatertool/icon/MiniWindowIcon/StartPage.png
2026-01-30 15:47:32.597 [JavaFX Application Thread] INFO  o.b.s.BxWinLab.BaseLabel - 控件库Debug模式已开启
2026-01-30 15:47:32.597 [JavaFX Application Thread] INFO  o.b.s.BxWinLab.BaseLabel - 控件库Debug模式已开启
2026-01-30 15:47:32.597 [JavaFX Application Thread] INFO  o.b.s.BxWinLab.BaseLabel - 控件库Debug模式已开启
2026-01-30 15:47:32.597 [JavaFX Application Thread] INFO  o.b.s.BxWinLab.BaseLabel - 控件库Debug模式已开启
2026-01-30 15:47:32.597 [JavaFX Application Thread] INFO  o.b.s.BxWinLab.BaseLabel - 控件库Debug模式已开启
2026-01-30 15:47:32.598 [JavaFX Application Thread] INFO  o.b.s.BxWinLab.BaseLabel - 控件库Debug模式已开启
2026-01-30 15:47:32.598 [JavaFX Application Thread] INFO  o.b.s.BxWinLab.BaseLabel - 控件库Debug模式已开启
2026-01-30 15:47:32.598 [JavaFX Application Thread] INFO  o.b.s.BxWinLab.BaseLabel - 控件库Debug模式已开启
2026-01-30 15:47:32.598 [JavaFX Application Thread] INFO  o.b.s.BxWinLab.BaseLabel - 控件库Debug模式已开启
2026-01-30 15:47:32.598 [JavaFX Application Thread] INFO  o.b.s.BxWinLab.BaseLabel - 控件库Debug模式已开启
2026-01-30 15:47:32.598 [JavaFX Application Thread] INFO  o.b.s.BxWinLab.BaseLabel - 控件库Debug模式已开启
2026-01-30 15:47:32.598 [JavaFX Application Thread] INFO  o.b.s.BxWinLab.BaseLabel - 控件库Debug模式已开启
2026-01-30 15:47:32.598 [JavaFX Application Thread] INFO  o.b.s.BxWinLab.BaseLabel - 控件库Debug模式已开启
2026-01-30 15:47:32.598 [JavaFX Application Thread] INFO  o.b.s.BxWinLab.BaseLabel - 控件库Debug模式已开启
2026-01-30 15:47:32.598 [JavaFX Application Thread] INFO  o.b.s.BxWinLab.BaseLabel - 控件库Debug模式已开启
2026-01-30 15:47:32.598 [JavaFX Application Thread] INFO  o.b.s.BxWinLab.BaseLabel - 控件库Debug模式已开启
2026-01-30 15:47:35.089 [JavaFX Application Thread] INFO  o.b.s.HelloApplication - 执行停止...
2026-01-30 15:47:54.149 [JavaFX-Launcher] INFO  o.b.s.HelloApplication - 执行初始化...
2026-01-30 15:47:54.155 [JavaFX Application Thread] INFO  o.b.s.HelloApplication - 工具开始启动并加载...
2026-01-30 15:47:54.191 [JavaFX Application Thread] INFO  o.b.s.BxWinLab.BaseLabel - 控件库Debug模式已开启
2026-01-30 15:47:54.196 [JavaFX Application Thread] INFO  o.b.s.BxWinLab.BaseLabel - 控件库Debug模式已开启
2026-01-30 15:47:54.198 [JavaFX Application Thread] INFO  o.b.s.BxWinLab.BaseLabel - 控件库Debug模式已开启
2026-01-30 15:47:54.199 [JavaFX Application Thread] INFO  o.b.s.Utils.FileUtil - 成功加载文件/org/bxwbb/spigotplugincreatertool/icon/icon.png
2026-01-30 15:47:54.341 [JavaFX Application Thread] INFO  o.b.s.BxWinLab.BaseLabel - 控件库Debug模式已开启
2026-01-30 15:47:54.343 [JavaFX Application Thread] INFO  o.b.s.BxWinLab.BaseLabel - 控件库Debug模式已开启
2026-01-30 15:47:54.344 [JavaFX Application Thread] INFO  o.b.s.BxWinLab.BaseLabel - 控件库Debug模式已开启
2026-01-30 15:47:54.344 [JavaFX Application Thread] INFO  o.b.s.BxWinLab.BaseLabel - 控件库Debug模式已开启
2026-01-30 15:47:54.344 [JavaFX Application Thread] INFO  o.b.s.BxWinLab.BaseLabel - 控件库Debug模式已开启
2026-01-30 15:47:54.365 [JavaFX Application Thread] INFO  o.b.s.BxWinLab.BaseLabel - 控件库Debug模式已开启
2026-01-30 15:47:54.379 [JavaFX Application Thread] INFO  o.b.s.BxWinLab.BaseLabel - 控件库Debug模式已开启
2026-01-30 15:47:54.379 [JavaFX Application Thread] INFO  o.b.s.BxWinLab.BaseLabel - 控件库Debug模式已开启
2026-01-30 15:47:54.379 [JavaFX Application Thread] INFO  o.b.s.BxWinLab.BaseLabel - 控件库Debug模式已开启
2026-01-30 15:47:54.380 [JavaFX Application Thread] INFO  o.b.s.BxWinLab.BaseLabel - 控件库Debug模式已开启
2026-01-30 15:47:54.381 [JavaFX Application Thread] INFO  o.b.s.BxWinLab.BaseLabel - 控件库Debug模式已开启
2026-01-30 15:47:54.381 [JavaFX Application Thread] INFO  o.b.s.BxWinLab.BaseLabel - 控件库Debug模式已开启
2026-01-30 15:47:54.381 [JavaFX Application Thread] INFO  o.b.s.Utils.FileUtil - 成功加载文件/org/bxwbb/spigotplugincreatertool/icon/Universal/OpenFolder.png
2026-01-30 15:47:54.383 [JavaFX Application Thread] INFO  o.b.s.BxWinLab.BaseLabel - 控件库Debug模式已开启
2026-01-30 15:47:54.383 [JavaFX Application Thread] INFO  o.b.s.BxWinLab.BaseLabel - 控件库Debug模式已开启
2026-01-30 15:47:54.383 [JavaFX Application Thread] INFO  o.b.s.BxWinLab.BaseLabel - 控件库Debug模式已开启
2026-01-30 15:47:54.385 [JavaFX Application Thread] INFO  o.b.s.BxWinLab.BaseLabel - 控件库Debug模式已开启
2026-01-30 15:47:54.385 [JavaFX Application Thread] INFO  o.b.s.BxWinLab.BaseLabel - 控件库Debug模式已开启
2026-01-30 15:47:54.385 [JavaFX Application Thread] INFO  o.b.s.BxWinLab.BaseLabel - 控件库Debug模式已开启
2026-01-30 15:47:54.385 [JavaFX Application Thread] INFO  o.b.s.BxWinLab.BaseLabel - 控件库Debug模式已开启
2026-01-30 15:47:54.386 [JavaFX Application Thread] INFO  o.b.s.BxWinLab.BaseLabel - 控件库Debug模式已开启
2026-01-30 15:47:54.386 [JavaFX Application Thread] INFO  o.b.s.BxWinLab.BaseLabel - 控件库Debug模式已开启
2026-01-30 15:47:54.386 [JavaFX Application Thread] INFO  o.b.s.BxWinLab.BaseLabel - 控件库Debug模式已开启
2026-01-30 15:47:54.386 [JavaFX Application Thread] INFO  o.b.s.BxWinLab.BaseLabel - 控件库Debug模式已开启
2026-01-30 15:47:54.386 [JavaFX Application Thread] INFO  o.b.s.BxWinLab.BaseLabel - 控件库Debug模式已开启
2026-01-30 15:47:54.386 [JavaFX Application Thread] INFO  o.b.s.BxWinLab.BaseLabel - 控件库Debug模式已开启
2026-01-30 15:47:54.388 [JavaFX Application Thread] INFO  o.b.s.BxWinLab.BaseLabel - 控件库Debug模式已开启
2026-01-30 15:47:54.388 [JavaFX Application Thread] INFO  o.b.s.BxWinLab.BaseLabel - 控件库Debug模式已开启
2026-01-30 15:47:54.389 [JavaFX Application Thread] INFO  o.b.s.BxWinLab.BaseLabel - 控件库Debug模式已开启
2026-01-30 15:47:54.389 [JavaFX Application Thread] INFO  o.b.s.BxWinLab.BaseLabel - 控件库Debug模式已开启
2026-01-30 15:47:54.391 [JavaFX Application Thread] INFO  o.b.s.Utils.FileUtil - 成功加载文件/org/bxwbb/spigotplugincreatertool/icon/Universal/NewProject.png
2026-01-30 15:47:54.392 [JavaFX Application Thread] INFO  o.b.s.BxWinLab.BaseLabel - 控件库Debug模式已开启
2026-01-30 15:47:54.392 [JavaFX Application Thread] INFO  o.b.s.BxWinLab.BaseLabel - 控件库Debug模式已开启
2026-01-30 15:47:54.392 [JavaFX Application Thread] INFO  o.b.s.BxWinLab.BaseLabel - 控件库Debug模式已开启
2026-01-30 15:47:54.393 [JavaFX Application Thread] INFO  o.b.s.BxWinLab.BaseLabel - 控件库Debug模式已开启
2026-01-30 15:47:54.393 [JavaFX Application Thread] INFO  o.b.s.BxWinLab.BaseLabel - 控件库Debug模式已开启
2026-01-30 15:47:54.393 [JavaFX Application Thread] INFO  o.b.s.BxWinLab.BaseLabel - 控件库Debug模式已开启
2026-01-30 15:47:54.393 [JavaFX Application Thread] INFO  o.b.s.BxWinLab.BaseLabel - 控件库Debug模式已开启
2026-01-30 15:47:54.393 [JavaFX Application Thread] INFO  o.b.s.BxWinLab.BaseLabel - 控件库Debug模式已开启
2026-01-30 15:47:54.394 [JavaFX Application Thread] INFO  o.b.s.BxWinLab.BaseLabel - 控件库Debug模式已开启
2026-01-30 15:47:54.394 [JavaFX Application Thread] INFO  o.b.s.BxWinLab.BaseLabel - 控件库Debug模式已开启
2026-01-30 15:47:54.394 [JavaFX Application Thread] INFO  o.b.s.BxWinLab.BaseLabel - 控件库Debug模式已开启
2026-01-30 15:47:54.394 [JavaFX Application Thread] INFO  o.b.s.BxWinLab.BaseLabel - 控件库Debug模式已开启
2026-01-30 15:47:54.394 [JavaFX Application Thread] INFO  o.b.s.BxWinLab.BaseLabel - 控件库Debug模式已开启
2026-01-30 15:47:54.394 [JavaFX Application Thread] INFO  o.b.s.BxWinLab.BaseLabel - 控件库Debug模式已开启
2026-01-30 15:47:54.394 [JavaFX Application Thread] INFO  o.b.s.BxWinLab.BaseLabel - 控件库Debug模式已开启
2026-01-30 15:47:54.395 [JavaFX Application Thread] INFO  o.b.s.BxWinLab.BaseLabel - 控件库Debug模式已开启
2026-01-30 15:47:54.395 [JavaFX Application Thread] INFO  o.b.s.BxWinLab.BaseLabel - 控件库Debug模式已开启
2026-01-30 15:47:54.397 [JavaFX Application Thread] INFO  o.b.s.Utils.FileUtil - 成功加载文件/org/bxwbb/spigotplugincreatertool/icon/Universal/Setting.png
2026-01-30 15:47:54.398 [JavaFX Application Thread] INFO  o.b.s.BxWinLab.BaseLabel - 控件库Debug模式已开启
2026-01-30 15:47:54.398 [JavaFX Application Thread] INFO  o.b.s.BxWinLab.BaseLabel - 控件库Debug模式已开启
2026-01-30 15:47:54.398 [JavaFX Application Thread] INFO  o.b.s.BxWinLab.BaseLabel - 控件库Debug模式已开启
2026-01-30 15:47:54.398 [JavaFX Application Thread] INFO  o.b.s.BxWinLab.BaseLabel - 控件库Debug模式已开启
2026-01-30 15:47:54.398 [JavaFX Application Thread] INFO  o.b.s.BxWinLab.BaseLabel - 控件库Debug模式已开启
2026-01-30 15:47:54.398 [JavaFX Application Thread] INFO  o.b.s.BxWinLab.BaseLabel - 控件库Debug模式已开启
2026-01-30 15:47:54.398 [JavaFX Application Thread] INFO  o.b.s.BxWinLab.BaseLabel - 控件库Debug模式已开启
2026-01-30 15:47:54.399 [JavaFX Application Thread] INFO  o.b.s.BxWinLab.BaseLabel - 控件库Debug模式已开启
2026-01-30 15:47:54.399 [JavaFX Application Thread] INFO  o.b.s.BxWinLab.BaseLabel - 控件库Debug模式已开启
2026-01-30 15:47:54.399 [JavaFX Application Thread] INFO  o.b.s.BxWinLab.BaseLabel - 控件库Debug模式已开启
2026-01-30 15:47:54.399 [JavaFX Application Thread] INFO  o.b.s.BxWinLab.BaseLabel - 控件库Debug模式已开启
2026-01-30 15:47:54.399 [JavaFX Application Thread] INFO  o.b.s.BxWinLab.BaseLabel - 控件库Debug模式已开启
2026-01-30 15:47:54.399 [JavaFX Application Thread] INFO  o.b.s.BxWinLab.BaseLabel - 控件库Debug模式已开启
2026-01-30 15:47:54.399 [JavaFX Application Thread] INFO  o.b.s.BxWinLab.BaseLabel - 控件库Debug模式已开启
2026-01-30 15:47:54.399 [JavaFX Application Thread] INFO  o.b.s.BxWinLab.BaseLabel - 控件库Debug模式已开启
2026-01-30 15:47:54.400 [JavaFX Application Thread] INFO  o.b.s.BxWinLab.BaseLabel - 控件库Debug模式已开启
2026-01-30 15:47:54.400 [JavaFX Application Thread] INFO  o.b.s.BxWinLab.BaseLabel - 控件库Debug模式已开启
2026-01-30 15:47:54.401 [JavaFX Application Thread] INFO  o.b.s.Utils.FileUtil - 成功加载文件/org/bxwbb/spigotplugincreatertool/icon/Universal/Learn.png
2026-01-30 15:47:54.401 [JavaFX Application Thread] INFO  o.b.s.BxWinLab.BaseLabel - 控件库Debug模式已开启
2026-01-30 15:47:54.402 [JavaFX Application Thread] INFO  o.b.s.BxWinLab.BaseLabel - 控件库Debug模式已开启
2026-01-30 15:47:54.402 [JavaFX Application Thread] INFO  o.b.s.BxWinLab.BaseLabel - 控件库Debug模式已开启
2026-01-30 15:47:54.402 [JavaFX Application Thread] INFO  o.b.s.BxWinLab.BaseLabel - 控件库Debug模式已开启
2026-01-30 15:47:54.402 [JavaFX Application Thread] INFO  o.b.s.BxWinLab.BaseLabel - 控件库Debug模式已开启
2026-01-30 15:47:54.402 [JavaFX Application Thread] INFO  o.b.s.BxWinLab.BaseLabel - 控件库Debug模式已开启
2026-01-30 15:47:54.402 [JavaFX Application Thread] INFO  o.b.s.BxWinLab.BaseLabel - 控件库Debug模式已开启
2026-01-30 15:47:54.402 [JavaFX Application Thread] INFO  o.b.s.BxWinLab.BaseLabel - 控件库Debug模式已开启
2026-01-30 15:47:54.403 [JavaFX Application Thread] INFO  o.b.s.BxWinLab.BaseLabel - 控件库Debug模式已开启
2026-01-30 15:47:54.403 [JavaFX Application Thread] INFO  o.b.s.BxWinLab.BaseLabel - 控件库Debug模式已开启
2026-01-30 15:47:54.403 [JavaFX Application Thread] INFO  o.b.s.BxWinLab.BaseLabel - 控件库Debug模式已开启
2026-01-30 15:47:54.403 [JavaFX Application Thread] INFO  o.b.s.BxWinLab.BaseLabel - 控件库Debug模式已开启
2026-01-30 15:47:54.403 [JavaFX Application Thread] INFO  o.b.s.BxWinLab.BaseLabel - 控件库Debug模式已开启
2026-01-30 15:47:54.403 [JavaFX Application Thread] INFO  o.b.s.BxWinLab.BaseLabel - 控件库Debug模式已开启
2026-01-30 15:47:54.403 [JavaFX Application Thread] INFO  o.b.s.BxWinLab.BaseLabel - 控件库Debug模式已开启
2026-01-30 15:47:54.403 [JavaFX Application Thread] INFO  o.b.s.BxWinLab.BaseLabel - 控件库Debug模式已开启
2026-01-30 15:47:54.403 [JavaFX Application Thread] INFO  o.b.s.BxWinLab.BaseLabel - 控件库Debug模式已开启
2026-01-30 15:47:54.404 [JavaFX Application Thread] INFO  o.b.s.Utils.FileUtil - 成功加载文件/org/bxwbb/spigotplugincreatertool/icon/Universal/Quit.png
2026-01-30 15:47:54.405 [JavaFX Application Thread] INFO  o.b.s.BxWinLab.BaseLabel - 控件库Debug模式已开启
2026-01-30 15:47:54.405 [JavaFX Application Thread] INFO  o.b.s.BxWinLab.BaseLabel - 控件库Debug模式已开启
2026-01-30 15:47:54.405 [JavaFX Application Thread] INFO  o.b.s.BxWinLab.BaseLabel - 控件库Debug模式已开启
2026-01-30 15:47:54.405 [JavaFX Application Thread] INFO  o.b.s.BxWinLab.BaseLabel - 控件库Debug模式已开启
2026-01-30 15:47:54.405 [JavaFX Application Thread] INFO  o.b.s.BxWinLab.BaseLabel - 控件库Debug模式已开启
2026-01-30 15:47:54.406 [JavaFX Application Thread] INFO  o.b.s.BxWinLab.BaseLabel - 控件库Debug模式已开启
2026-01-30 15:47:54.406 [JavaFX Application Thread] INFO  o.b.s.BxWinLab.BaseLabel - 控件库Debug模式已开启
2026-01-30 15:47:54.406 [JavaFX Application Thread] INFO  o.b.s.BxWinLab.BaseLabel - 控件库Debug模式已开启
2026-01-30 15:47:54.406 [JavaFX Application Thread] INFO  o.b.s.BxWinLab.BaseLabel - 控件库Debug模式已开启
2026-01-30 15:47:54.406 [JavaFX Application Thread] INFO  o.b.s.BxWinLab.BaseLabel - 控件库Debug模式已开启
2026-01-30 15:47:54.406 [JavaFX Application Thread] INFO  o.b.s.BxWinLab.BaseLabel - 控件库Debug模式已开启
2026-01-30 15:47:54.406 [JavaFX Application Thread] INFO  o.b.s.BxWinLab.BaseLabel - 控件库Debug模式已开启
2026-01-30 15:47:54.406 [JavaFX Application Thread] INFO  o.b.s.BxWinLab.BaseLabel - 控件库Debug模式已开启
2026-01-30 15:47:54.406 [JavaFX Application Thread] INFO  o.b.s.BxWinLab.BaseLabel - 控件库Debug模式已开启
2026-01-30 15:47:54.406 [JavaFX Application Thread] INFO  o.b.s.BxWinLab.BaseLabel - 控件库Debug模式已开启
2026-01-30 15:47:54.406 [JavaFX Application Thread] INFO  o.b.s.BxWinLab.BaseLabel - 控件库Debug模式已开启
2026-01-30 15:47:54.406 [JavaFX Application Thread] INFO  o.b.s.BxWinLab.BaseLabel - 控件库Debug模式已开启
2026-01-30 15:47:54.415 [JavaFX Application Thread] INFO  o.b.s.BxWinLab.BaseLabel - 控件库Debug模式已开启
2026-01-30 15:47:54.415 [JavaFX Application Thread] INFO  o.b.s.BxWinLab.BaseLabel - 控件库Debug模式已开启
2026-01-30 15:47:54.438 [JavaFX Application Thread] INFO  o.b.s.BxWinLab.BaseLabel - 控件库Debug模式已开启
2026-01-30 15:47:54.438 [JavaFX Application Thread] INFO  o.b.s.Utils.FileUtil - 成功加载文件/org/bxwbb/spigotplugincreatertool/icon/MiniWindowIcon/StartPage.png
2026-01-30 15:47:54.440 [JavaFX Application Thread] INFO  o.b.s.BxWinLab.BaseLabel - 控件库Debug模式已开启
2026-01-30 15:47:54.440 [JavaFX Application Thread] INFO  o.b.s.BxWinLab.BaseLabel - 控件库Debug模式已开启
2026-01-30 15:47:54.440 [JavaFX Application Thread] INFO  o.b.s.BxWinLab.BaseLabel - 控件库Debug模式已开启
2026-01-30 15:47:54.441 [JavaFX Application Thread] INFO  o.b.s.BxWinLab.BaseLabel - 控件库Debug模式已开启
2026-01-30 15:47:54.441 [JavaFX Application Thread] INFO  o.b.s.BxWinLab.BaseLabel - 控件库Debug模式已开启
2026-01-30 15:47:54.442 [JavaFX Application Thread] INFO  o.b.s.BxWinLab.BaseLabel - 控件库Debug模式已开启
2026-01-30 15:47:54.442 [JavaFX Application Thread] INFO  o.b.s.BxWinLab.BaseLabel - 控件库Debug模式已开启
2026-01-30 15:47:54.442 [JavaFX Application Thread] INFO  o.b.s.BxWinLab.BaseLabel - 控件库Debug模式已开启
2026-01-30 15:47:54.442 [JavaFX Application Thread] INFO  o.b.s.BxWinLab.BaseLabel - 控件库Debug模式已开启
2026-01-30 15:47:54.442 [JavaFX Application Thread] INFO  o.b.s.BxWinLab.BaseLabel - 控件库Debug模式已开启
2026-01-30 15:47:54.442 [JavaFX Application Thread] INFO  o.b.s.BxWinLab.BaseLabel - 控件库Debug模式已开启
2026-01-30 15:47:54.442 [JavaFX Application Thread] INFO  o.b.s.BxWinLab.BaseLabel - 控件库Debug模式已开启
2026-01-30 15:47:54.442 [JavaFX Application Thread] INFO  o.b.s.BxWinLab.BaseLabel - 控件库Debug模式已开启
2026-01-30 15:47:54.442 [JavaFX Application Thread] INFO  o.b.s.BxWinLab.BaseLabel - 控件库Debug模式已开启
2026-01-30 15:47:54.443 [JavaFX Application Thread] INFO  o.b.s.BxWinLab.BaseLabel - 控件库Debug模式已开启
2026-01-30 15:47:54.445 [JavaFX Application Thread] INFO  o.b.s.BxWinLab.BaseLabel - 控件库Debug模式已开启
2026-01-30 15:47:54.445 [JavaFX Application Thread] INFO  o.b.s.BxWinLab.BaseLabel - 控件库Debug模式已开启
2026-01-30 15:47:54.445 [JavaFX Application Thread] INFO  o.b.s.BxWinLab.BaseLabel - 控件库Debug模式已开启
2026-01-30 15:47:54.445 [JavaFX Application Thread] INFO  o.b.s.BxWinLab.BaseLabel - 控件库Debug模式已开启
2026-01-30 15:47:54.445 [JavaFX Application Thread] INFO  o.b.s.BxWinLab.BaseLabel - 控件库Debug模式已开启
2026-01-30 15:47:54.445 [JavaFX Application Thread] INFO  o.b.s.BxWinLab.BaseLabel - 控件库Debug模式已开启
2026-01-30 15:47:54.445 [JavaFX Application Thread] INFO  o.b.s.BxWinLab.BaseLabel - 控件库Debug模式已开启
2026-01-30 15:47:54.445 [JavaFX Application Thread] INFO  o.b.s.BxWinLab.BaseLabel - 控件库Debug模式已开启
2026-01-30 15:47:54.445 [JavaFX Application Thread] INFO  o.b.s.BxWinLab.BaseLabel - 控件库Debug模式已开启
2026-01-30 15:47:54.445 [JavaFX Application Thread] INFO  o.b.s.BxWinLab.BaseLabel - 控件库Debug模式已开启
2026-01-30 15:47:54.445 [JavaFX Application Thread] INFO  o.b.s.BxWinLab.BaseLabel - 控件库Debug模式已开启
2026-01-30 15:47:54.445 [JavaFX Application Thread] INFO  o.b.s.BxWinLab.BaseLabel - 控件库Debug模式已开启
2026-01-30 15:47:54.445 [JavaFX Application Thread] INFO  o.b.s.BxWinLab.BaseLabel - 控件库Debug模式已开启
2026-01-30 15:47:55.968 [JavaFX Application Thread] INFO  o.b.s.BxWinLab.BaseLabel - 控件焦点改变至 - org.bxwbb.spigotplugincreatertool.BxWinLab.SwitchBox@4ff82a12
2026-01-30 15:47:56.066 [JavaFX Application Thread] INFO  o.b.s.BxWinLab.BaseLabel - 控件库Debug模式已开启
2026-01-30 15:47:56.066 [JavaFX Application Thread] INFO  o.b.s.Utils.FileUtil - 成功加载文件/org/bxwbb/spigotplugincreatertool/icon/MiniWindowIcon/StartPage.png
2026-01-30 15:47:56.067 [JavaFX Application Thread] INFO  o.b.s.BxWinLab.BaseLabel - 控件库Debug模式已开启
2026-01-30 15:47:56.067 [JavaFX Application Thread] INFO  o.b.s.BxWinLab.BaseLabel - 控件库Debug模式已开启
2026-01-30 15:47:56.067 [JavaFX Application Thread] INFO  o.b.s.BxWinLab.BaseLabel - 控件库Debug模式已开启
2026-01-30 15:47:56.068 [JavaFX Application Thread] INFO  o.b.s.BxWinLab.BaseLabel - 控件库Debug模式已开启
2026-01-30 15:47:56.068 [JavaFX Application Thread] INFO  o.b.s.BxWinLab.BaseLabel - 控件库Debug模式已开启
2026-01-30 15:47:56.068 [JavaFX Application Thread] INFO  o.b.s.BxWinLab.BaseLabel - 控件库Debug模式已开启
2026-01-30 15:47:56.068 [JavaFX Application Thread] INFO  o.b.s.BxWinLab.BaseLabel - 控件库Debug模式已开启
2026-01-30 15:47:56.068 [JavaFX Application Thread] INFO  o.b.s.BxWinLab.BaseLabel - 控件库Debug模式已开启
2026-01-30 15:47:56.068 [JavaFX Application Thread] INFO  o.b.s.BxWinLab.BaseLabel - 控件库Debug模式已开启
2026-01-30 15:47:56.068 [JavaFX Application Thread] INFO  o.b.s.BxWinLab.BaseLabel - 控件库Debug模式已开启
2026-01-30 15:47:56.068 [JavaFX Application Thread] INFO  o.b.s.BxWinLab.BaseLabel - 控件库Debug模式已开启
2026-01-30 15:47:56.068 [JavaFX Application Thread] INFO  o.b.s.BxWinLab.BaseLabel - 控件库Debug模式已开启
2026-01-30 15:47:56.068 [JavaFX Application Thread] INFO  o.b.s.BxWinLab.BaseLabel - 控件库Debug模式已开启
2026-01-30 15:47:56.068 [JavaFX Application Thread] INFO  o.b.s.BxWinLab.BaseLabel - 控件库Debug模式已开启
2026-01-30 15:47:56.069 [JavaFX Application Thread] INFO  o.b.s.BxWinLab.BaseLabel - 控件库Debug模式已开启
2026-01-30 15:47:56.069 [JavaFX Application Thread] INFO  o.b.s.BxWinLab.BaseLabel - 控件库Debug模式已开启
2026-01-30 15:47:56.930 [JavaFX Application Thread] INFO  o.b.s.BxWinLab.BaseLabel - 控件库Debug模式已开启
2026-01-30 15:47:56.930 [JavaFX Application Thread] INFO  o.b.s.Utils.FileUtil - 成功加载文件/org/bxwbb/spigotplugincreatertool/icon/MiniWindowIcon/StartPage.png
2026-01-30 15:47:56.931 [JavaFX Application Thread] INFO  o.b.s.BxWinLab.BaseLabel - 控件库Debug模式已开启
2026-01-30 15:47:56.931 [JavaFX Application Thread] INFO  o.b.s.BxWinLab.BaseLabel - 控件库Debug模式已开启
2026-01-30 15:47:56.931 [JavaFX Application Thread] INFO  o.b.s.BxWinLab.BaseLabel - 控件库Debug模式已开启
2026-01-30 15:47:56.931 [JavaFX Application Thread] INFO  o.b.s.BxWinLab.BaseLabel - 控件库Debug模式已开启
2026-01-30 15:47:56.931 [JavaFX Application Thread] INFO  o.b.s.BxWinLab.BaseLabel - 控件库Debug模式已开启
2026-01-30 15:47:56.931 [JavaFX Application Thread] INFO  o.b.s.BxWinLab.BaseLabel - 控件库Debug模式已开启
2026-01-30 15:47:56.931 [JavaFX Application Thread] INFO  o.b.s.BxWinLab.BaseLabel - 控件库Debug模式已开启
2026-01-30 15:47:56.931 [JavaFX Application Thread] INFO  o.b.s.BxWinLab.BaseLabel - 控件库Debug模式已开启
2026-01-30 15:47:56.931 [JavaFX Application Thread] INFO  o.b.s.BxWinLab.BaseLabel - 控件库Debug模式已开启
2026-01-30 15:47:56.931 [JavaFX Application Thread] INFO  o.b.s.BxWinLab.BaseLabel - 控件库Debug模式已开启
2026-01-30 15:47:56.932 [JavaFX Application Thread] INFO  o.b.s.BxWinLab.BaseLabel - 控件库Debug模式已开启
2026-01-30 15:47:56.932 [JavaFX Application Thread] INFO  o.b.s.BxWinLab.BaseLabel - 控件库Debug模式已开启
2026-01-30 15:47:56.932 [JavaFX Application Thread] INFO  o.b.s.BxWinLab.BaseLabel - 控件库Debug模式已开启
2026-01-30 15:47:56.932 [JavaFX Application Thread] INFO  o.b.s.BxWinLab.BaseLabel - 控件库Debug模式已开启
2026-01-30 15:47:56.932 [JavaFX Application Thread] INFO  o.b.s.BxWinLab.BaseLabel - 控件库Debug模式已开启
2026-01-30 15:47:56.932 [JavaFX Application Thread] INFO  o.b.s.BxWinLab.BaseLabel - 控件库Debug模式已开启
2026-01-30 15:47:58.042 [JavaFX Application Thread] INFO  o.b.s.BxWinLab.BaseLabel - 控件库Debug模式已开启
2026-01-30 15:47:58.042 [JavaFX Application Thread] INFO  o.b.s.Utils.FileUtil - 成功加载文件/org/bxwbb/spigotplugincreatertool/icon/MiniWindowIcon/StartPage.png
2026-01-30 15:47:58.043 [JavaFX Application Thread] INFO  o.b.s.BxWinLab.BaseLabel - 控件库Debug模式已开启
2026-01-30 15:47:58.043 [JavaFX Application Thread] INFO  o.b.s.BxWinLab.BaseLabel - 控件库Debug模式已开启
2026-01-30 15:47:58.043 [JavaFX Application Thread] INFO  o.b.s.BxWinLab.BaseLabel - 控件库Debug模式已开启
2026-01-30 15:47:58.043 [JavaFX Application Thread] INFO  o.b.s.BxWinLab.BaseLabel - 控件库Debug模式已开启
2026-01-30 15:47:58.043 [JavaFX Application Thread] INFO  o.b.s.BxWinLab.BaseLabel - 控件库Debug模式已开启
2026-01-30 15:47:58.043 [JavaFX Application Thread] INFO  o.b.s.BxWinLab.BaseLabel - 控件库Debug模式已开启
2026-01-30 15:47:58.043 [JavaFX Application Thread] INFO  o.b.s.BxWinLab.BaseLabel - 控件库Debug模式已开启
2026-01-30 15:47:58.043 [JavaFX Application Thread] INFO  o.b.s.BxWinLab.BaseLabel - 控件库Debug模式已开启
2026-01-30 15:47:58.044 [JavaFX Application Thread] INFO  o.b.s.BxWinLab.BaseLabel - 控件库Debug模式已开启
2026-01-30 15:47:58.044 [JavaFX Application Thread] INFO  o.b.s.BxWinLab.BaseLabel - 控件库Debug模式已开启
2026-01-30 15:47:58.044 [JavaFX Application Thread] INFO  o.b.s.BxWinLab.BaseLabel - 控件库Debug模式已开启
2026-01-30 15:47:58.044 [JavaFX Application Thread] INFO  o.b.s.BxWinLab.BaseLabel - 控件库Debug模式已开启
2026-01-30 15:47:58.044 [JavaFX Application Thread] INFO  o.b.s.BxWinLab.BaseLabel - 控件库Debug模式已开启
2026-01-30 15:47:58.044 [JavaFX Application Thread] INFO  o.b.s.BxWinLab.BaseLabel - 控件库Debug模式已开启
2026-01-30 15:47:58.044 [JavaFX Application Thread] INFO  o.b.s.BxWinLab.BaseLabel - 控件库Debug模式已开启
2026-01-30 15:47:58.044 [JavaFX Application Thread] INFO  o.b.s.BxWinLab.BaseLabel - 控件库Debug模式已开启
2026-01-30 15:48:10.733 [JavaFX Application Thread] INFO  o.b.s.HelloApplication - 执行停止...
2026-01-30 15:50:30.231 [JavaFX-Launcher] INFO  o.b.s.HelloApplication - 执行初始化...
2026-01-30 15:50:30.236 [JavaFX Application Thread] INFO  o.b.s.HelloApplication - 工具开始启动并加载...
2026-01-30 15:50:30.272 [JavaFX Application Thread] INFO  o.b.s.BxWinLab.BaseLabel - 控件库Debug模式已开启
2026-01-30 15:50:30.277 [JavaFX Application Thread] INFO  o.b.s.BxWinLab.BaseLabel - 控件库Debug模式已开启
2026-01-30 15:50:30.279 [JavaFX Application Thread] INFO  o.b.s.BxWinLab.BaseLabel - 控件库Debug模式已开启
2026-01-30 15:50:30.280 [JavaFX Application Thread] INFO  o.b.s.Utils.FileUtil - 成功加载文件/org/bxwbb/spigotplugincreatertool/icon/icon.png
2026-01-30 15:50:30.423 [JavaFX Application Thread] INFO  o.b.s.BxWinLab.BaseLabel - 控件库Debug模式已开启
2026-01-30 15:50:30.426 [JavaFX Application Thread] INFO  o.b.s.BxWinLab.BaseLabel - 控件库Debug模式已开启
2026-01-30 15:50:30.428 [JavaFX Application Thread] INFO  o.b.s.BxWinLab.BaseLabel - 控件库Debug模式已开启
2026-01-30 15:50:30.428 [JavaFX Application Thread] INFO  o.b.s.BxWinLab.BaseLabel - 控件库Debug模式已开启
2026-01-30 15:50:30.428 [JavaFX Application Thread] INFO  o.b.s.BxWinLab.BaseLabel - 控件库Debug模式已开启
2026-01-30 15:50:30.450 [JavaFX Application Thread] INFO  o.b.s.BxWinLab.BaseLabel - 控件库Debug模式已开启
2026-01-30 15:50:30.463 [JavaFX Application Thread] INFO  o.b.s.BxWinLab.BaseLabel - 控件库Debug模式已开启
2026-01-30 15:50:30.464 [JavaFX Application Thread] INFO  o.b.s.BxWinLab.BaseLabel - 控件库Debug模式已开启
2026-01-30 15:50:30.464 [JavaFX Application Thread] INFO  o.b.s.BxWinLab.BaseLabel - 控件库Debug模式已开启
2026-01-30 15:50:30.464 [JavaFX Application Thread] INFO  o.b.s.BxWinLab.BaseLabel - 控件库Debug模式已开启
2026-01-30 15:50:30.465 [JavaFX Application Thread] INFO  o.b.s.BxWinLab.BaseLabel - 控件库Debug模式已开启
2026-01-30 15:50:30.466 [JavaFX Application Thread] INFO  o.b.s.BxWinLab.BaseLabel - 控件库Debug模式已开启
2026-01-30 15:50:30.466 [JavaFX Application Thread] INFO  o.b.s.Utils.FileUtil - 成功加载文件/org/bxwbb/spigotplugincreatertool/icon/Universal/OpenFolder.png
2026-01-30 15:50:30.466 [JavaFX Application Thread] INFO  o.b.s.BxWinLab.BaseLabel - 控件库Debug模式已开启
2026-01-30 15:50:30.466 [JavaFX Application Thread] INFO  o.b.s.BxWinLab.BaseLabel - 控件库Debug模式已开启
2026-01-30 15:50:30.467 [JavaFX Application Thread] INFO  o.b.s.BxWinLab.BaseLabel - 控件库Debug模式已开启
2026-01-30 15:50:30.468 [JavaFX Application Thread] INFO  o.b.s.BxWinLab.BaseLabel - 控件库Debug模式已开启
2026-01-30 15:50:30.468 [JavaFX Application Thread] INFO  o.b.s.BxWinLab.BaseLabel - 控件库Debug模式已开启
2026-01-30 15:50:30.469 [JavaFX Application Thread] INFO  o.b.s.BxWinLab.BaseLabel - 控件库Debug模式已开启
2026-01-30 15:50:30.469 [JavaFX Application Thread] INFO  o.b.s.BxWinLab.BaseLabel - 控件库Debug模式已开启
2026-01-30 15:50:30.469 [JavaFX Application Thread] INFO  o.b.s.BxWinLab.BaseLabel - 控件库Debug模式已开启
2026-01-30 15:50:30.469 [JavaFX Application Thread] INFO  o.b.s.BxWinLab.BaseLabel - 控件库Debug模式已开启
2026-01-30 15:50:30.470 [JavaFX Application Thread] INFO  o.b.s.BxWinLab.BaseLabel - 控件库Debug模式已开启
2026-01-30 15:50:30.470 [JavaFX Application Thread] INFO  o.b.s.BxWinLab.BaseLabel - 控件库Debug模式已开启
2026-01-30 15:50:30.470 [JavaFX Application Thread] INFO  o.b.s.BxWinLab.BaseLabel - 控件库Debug模式已开启
2026-01-30 15:50:30.470 [JavaFX Application Thread] INFO  o.b.s.BxWinLab.BaseLabel - 控件库Debug模式已开启
2026-01-30 15:50:30.470 [JavaFX Application Thread] INFO  o.b.s.BxWinLab.BaseLabel - 控件库Debug模式已开启
2026-01-30 15:50:30.471 [JavaFX Application Thread] INFO  o.b.s.BxWinLab.BaseLabel - 控件库Debug模式已开启
2026-01-30 15:50:30.471 [JavaFX Application Thread] INFO  o.b.s.BxWinLab.BaseLabel - 控件库Debug模式已开启
2026-01-30 15:50:30.472 [JavaFX Application Thread] INFO  o.b.s.BxWinLab.BaseLabel - 控件库Debug模式已开启
2026-01-30 15:50:30.474 [JavaFX Application Thread] INFO  o.b.s.Utils.FileUtil - 成功加载文件/org/bxwbb/spigotplugincreatertool/icon/Universal/NewProject.png
2026-01-30 15:50:30.475 [JavaFX Application Thread] INFO  o.b.s.BxWinLab.BaseLabel - 控件库Debug模式已开启
2026-01-30 15:50:30.475 [JavaFX Application Thread] INFO  o.b.s.BxWinLab.BaseLabel - 控件库Debug模式已开启
2026-01-30 15:50:30.476 [JavaFX Application Thread] INFO  o.b.s.BxWinLab.BaseLabel - 控件库Debug模式已开启
2026-01-30 15:50:30.476 [JavaFX Application Thread] INFO  o.b.s.BxWinLab.BaseLabel - 控件库Debug模式已开启
2026-01-30 15:50:30.476 [JavaFX Application Thread] INFO  o.b.s.BxWinLab.BaseLabel - 控件库Debug模式已开启
2026-01-30 15:50:30.476 [JavaFX Application Thread] INFO  o.b.s.BxWinLab.BaseLabel - 控件库Debug模式已开启
2026-01-30 15:50:30.476 [JavaFX Application Thread] INFO  o.b.s.BxWinLab.BaseLabel - 控件库Debug模式已开启
2026-01-30 15:50:30.477 [JavaFX Application Thread] INFO  o.b.s.BxWinLab.BaseLabel - 控件库Debug模式已开启
2026-01-30 15:50:30.477 [JavaFX Application Thread] INFO  o.b.s.BxWinLab.BaseLabel - 控件库Debug模式已开启
2026-01-30 15:50:30.477 [JavaFX Application Thread] INFO  o.b.s.BxWinLab.BaseLabel - 控件库Debug模式已开启
2026-01-30 15:50:30.477 [JavaFX Application Thread] INFO  o.b.s.BxWinLab.BaseLabel - 控件库Debug模式已开启
2026-01-30 15:50:30.477 [JavaFX Application Thread] INFO  o.b.s.BxWinLab.BaseLabel - 控件库Debug模式已开启
2026-01-30 15:50:30.477 [JavaFX Application Thread] INFO  o.b.s.BxWinLab.BaseLabel - 控件库Debug模式已开启
2026-01-30 15:50:30.477 [JavaFX Application Thread] INFO  o.b.s.BxWinLab.BaseLabel - 控件库Debug模式已开启
2026-01-30 15:50:30.477 [JavaFX Application Thread] INFO  o.b.s.BxWinLab.BaseLabel - 控件库Debug模式已开启
2026-01-30 15:50:30.477 [JavaFX Application Thread] INFO  o.b.s.BxWinLab.BaseLabel - 控件库Debug模式已开启
2026-01-30 15:50:30.478 [JavaFX Application Thread] INFO  o.b.s.BxWinLab.BaseLabel - 控件库Debug模式已开启
2026-01-30 15:50:30.478 [JavaFX Application Thread] INFO  o.b.s.Utils.FileUtil - 成功加载文件/org/bxwbb/spigotplugincreatertool/icon/Universal/Setting.png
2026-01-30 15:50:30.480 [JavaFX Application Thread] INFO  o.b.s.BxWinLab.BaseLabel - 控件库Debug模式已开启
2026-01-30 15:50:30.480 [JavaFX Application Thread] INFO  o.b.s.BxWinLab.BaseLabel - 控件库Debug模式已开启
2026-01-30 15:50:30.481 [JavaFX Application Thread] INFO  o.b.s.BxWinLab.BaseLabel - 控件库Debug模式已开启
2026-01-30 15:50:30.481 [JavaFX Application Thread] INFO  o.b.s.BxWinLab.BaseLabel - 控件库Debug模式已开启
2026-01-30 15:50:30.481 [JavaFX Application Thread] INFO  o.b.s.BxWinLab.BaseLabel - 控件库Debug模式已开启
2026-01-30 15:50:30.481 [JavaFX Application Thread] INFO  o.b.s.BxWinLab.BaseLabel - 控件库Debug模式已开启
2026-01-30 15:50:30.481 [JavaFX Application Thread] INFO  o.b.s.BxWinLab.BaseLabel - 控件库Debug模式已开启
2026-01-30 15:50:30.481 [JavaFX Application Thread] INFO  o.b.s.BxWinLab.BaseLabel - 控件库Debug模式已开启
2026-01-30 15:50:30.481 [JavaFX Application Thread] INFO  o.b.s.BxWinLab.BaseLabel - 控件库Debug模式已开启
2026-01-30 15:50:30.481 [JavaFX Application Thread] INFO  o.b.s.BxWinLab.BaseLabel - 控件库Debug模式已开启
2026-01-30 15:50:30.481 [JavaFX Application Thread] INFO  o.b.s.BxWinLab.BaseLabel - 控件库Debug模式已开启
2026-01-30 15:50:30.481 [JavaFX Application Thread] INFO  o.b.s.BxWinLab.BaseLabel - 控件库Debug模式已开启
2026-01-30 15:50:30.481 [JavaFX Application Thread] INFO  o.b.s.BxWinLab.BaseLabel - 控件库Debug模式已开启
2026-01-30 15:50:30.482 [JavaFX Application Thread] INFO  o.b.s.BxWinLab.BaseLabel - 控件库Debug模式已开启
2026-01-30 15:50:30.482 [JavaFX Application Thread] INFO  o.b.s.BxWinLab.BaseLabel - 控件库Debug模式已开启
2026-01-30 15:50:30.482 [JavaFX Application Thread] INFO  o.b.s.BxWinLab.BaseLabel - 控件库Debug模式已开启
2026-01-30 15:50:30.482 [JavaFX Application Thread] INFO  o.b.s.BxWinLab.BaseLabel - 控件库Debug模式已开启
2026-01-30 15:50:30.483 [JavaFX Application Thread] INFO  o.b.s.Utils.FileUtil - 成功加载文件/org/bxwbb/spigotplugincreatertool/icon/Universal/Learn.png
2026-01-30 15:50:30.484 [JavaFX Application Thread] INFO  o.b.s.BxWinLab.BaseLabel - 控件库Debug模式已开启
2026-01-30 15:50:30.484 [JavaFX Application Thread] INFO  o.b.s.BxWinLab.BaseLabel - 控件库Debug模式已开启
2026-01-30 15:50:30.484 [JavaFX Application Thread] INFO  o.b.s.BxWinLab.BaseLabel - 控件库Debug模式已开启
2026-01-30 15:50:30.484 [JavaFX Application Thread] INFO  o.b.s.BxWinLab.BaseLabel - 控件库Debug模式已开启
2026-01-30 15:50:30.484 [JavaFX Application Thread] INFO  o.b.s.BxWinLab.BaseLabel - 控件库Debug模式已开启
2026-01-30 15:50:30.485 [JavaFX Application Thread] INFO  o.b.s.BxWinLab.BaseLabel - 控件库Debug模式已开启
2026-01-30 15:50:30.485 [JavaFX Application Thread] INFO  o.b.s.BxWinLab.BaseLabel - 控件库Debug模式已开启
2026-01-30 15:50:30.485 [JavaFX Application Thread] INFO  o.b.s.BxWinLab.BaseLabel - 控件库Debug模式已开启
2026-01-30 15:50:30.485 [JavaFX Application Thread] INFO  o.b.s.BxWinLab.BaseLabel - 控件库Debug模式已开启
2026-01-30 15:50:30.485 [JavaFX Application Thread] INFO  o.b.s.BxWinLab.BaseLabel - 控件库Debug模式已开启
2026-01-30 15:50:30.485 [JavaFX Application Thread] INFO  o.b.s.BxWinLab.BaseLabel - 控件库Debug模式已开启
2026-01-30 15:50:30.485 [JavaFX Application Thread] INFO  o.b.s.BxWinLab.BaseLabel - 控件库Debug模式已开启
2026-01-30 15:50:30.485 [JavaFX Application Thread] INFO  o.b.s.BxWinLab.BaseLabel - 控件库Debug模式已开启
2026-01-30 15:50:30.485 [JavaFX Application Thread] INFO  o.b.s.BxWinLab.BaseLabel - 控件库Debug模式已开启
2026-01-30 15:50:30.485 [JavaFX Application Thread] INFO  o.b.s.BxWinLab.BaseLabel - 控件库Debug模式已开启
2026-01-30 15:50:30.486 [JavaFX Application Thread] INFO  o.b.s.BxWinLab.BaseLabel - 控件库Debug模式已开启
2026-01-30 15:50:30.486 [JavaFX Application Thread] INFO  o.b.s.BxWinLab.BaseLabel - 控件库Debug模式已开启
2026-01-30 15:50:30.486 [JavaFX Application Thread] INFO  o.b.s.Utils.FileUtil - 成功加载文件/org/bxwbb/spigotplugincreatertool/icon/Universal/Quit.png
2026-01-30 15:50:30.487 [JavaFX Application Thread] INFO  o.b.s.BxWinLab.BaseLabel - 控件库Debug模式已开启
2026-01-30 15:50:30.487 [JavaFX Application Thread] INFO  o.b.s.BxWinLab.BaseLabel - 控件库Debug模式已开启
2026-01-30 15:50:30.487 [JavaFX Application Thread] INFO  o.b.s.BxWinLab.BaseLabel - 控件库Debug模式已开启
2026-01-30 15:50:30.487 [JavaFX Application Thread] INFO  o.b.s.BxWinLab.BaseLabel - 控件库Debug模式已开启
2026-01-30 15:50:30.488 [JavaFX Application Thread] INFO  o.b.s.BxWinLab.BaseLabel - 控件库Debug模式已开启
2026-01-30 15:50:30.488 [JavaFX Application Thread] INFO  o.b.s.BxWinLab.BaseLabel - 控件库Debug模式已开启
2026-01-30 15:50:30.488 [JavaFX Application Thread] INFO  o.b.s.BxWinLab.BaseLabel - 控件库Debug模式已开启
2026-01-30 15:50:30.488 [JavaFX Application Thread] INFO  o.b.s.BxWinLab.BaseLabel - 控件库Debug模式已开启
2026-01-30 15:50:30.488 [JavaFX Application Thread] INFO  o.b.s.BxWinLab.BaseLabel - 控件库Debug模式已开启
2026-01-30 15:50:30.488 [JavaFX Application Thread] INFO  o.b.s.BxWinLab.BaseLabel - 控件库Debug模式已开启
2026-01-30 15:50:30.488 [JavaFX Application Thread] INFO  o.b.s.BxWinLab.BaseLabel - 控件库Debug模式已开启
2026-01-30 15:50:30.488 [JavaFX Application Thread] INFO  o.b.s.BxWinLab.BaseLabel - 控件库Debug模式已开启
2026-01-30 15:50:30.488 [JavaFX Application Thread] INFO  o.b.s.BxWinLab.BaseLabel - 控件库Debug模式已开启
2026-01-30 15:50:30.488 [JavaFX Application Thread] INFO  o.b.s.BxWinLab.BaseLabel - 控件库Debug模式已开启
2026-01-30 15:50:30.488 [JavaFX Application Thread] INFO  o.b.s.BxWinLab.BaseLabel - 控件库Debug模式已开启
2026-01-30 15:50:30.488 [JavaFX Application Thread] INFO  o.b.s.BxWinLab.BaseLabel - 控件库Debug模式已开启
2026-01-30 15:50:30.488 [JavaFX Application Thread] INFO  o.b.s.BxWinLab.BaseLabel - 控件库Debug模式已开启
2026-01-30 15:50:30.497 [JavaFX Application Thread] INFO  o.b.s.BxWinLab.BaseLabel - 控件库Debug模式已开启
2026-01-30 15:50:30.498 [JavaFX Application Thread] INFO  o.b.s.BxWinLab.BaseLabel - 控件库Debug模式已开启
2026-01-30 15:50:30.519 [JavaFX Application Thread] INFO  o.b.s.BxWinLab.BaseLabel - 控件库Debug模式已开启
2026-01-30 15:50:30.520 [JavaFX Application Thread] INFO  o.b.s.Utils.FileUtil - 成功加载文件/org/bxwbb/spigotplugincreatertool/icon/MiniWindowIcon/StartPage.png
2026-01-30 15:50:30.521 [JavaFX Application Thread] INFO  o.b.s.BxWinLab.BaseLabel - 控件库Debug模式已开启
2026-01-30 15:50:30.522 [JavaFX Application Thread] INFO  o.b.s.BxWinLab.BaseLabel - 控件库Debug模式已开启
2026-01-30 15:50:30.522 [JavaFX Application Thread] INFO  o.b.s.BxWinLab.BaseLabel - 控件库Debug模式已开启
2026-01-30 15:50:30.522 [JavaFX Application Thread] INFO  o.b.s.BxWinLab.BaseLabel - 控件库Debug模式已开启
2026-01-30 15:50:30.523 [JavaFX Application Thread] INFO  o.b.s.BxWinLab.BaseLabel - 控件库Debug模式已开启
2026-01-30 15:50:30.523 [JavaFX Application Thread] INFO  o.b.s.BxWinLab.BaseLabel - 控件库Debug模式已开启
2026-01-30 15:50:30.523 [JavaFX Application Thread] INFO  o.b.s.BxWinLab.BaseLabel - 控件库Debug模式已开启
2026-01-30 15:50:30.523 [JavaFX Application Thread] INFO  o.b.s.BxWinLab.BaseLabel - 控件库Debug模式已开启
2026-01-30 15:50:30.523 [JavaFX Application Thread] INFO  o.b.s.BxWinLab.BaseLabel - 控件库Debug模式已开启
2026-01-30 15:50:30.523 [JavaFX Application Thread] INFO  o.b.s.BxWinLab.BaseLabel - 控件库Debug模式已开启
2026-01-30 15:50:30.523 [JavaFX Application Thread] INFO  o.b.s.BxWinLab.BaseLabel - 控件库Debug模式已开启
2026-01-30 15:50:30.523 [JavaFX Application Thread] INFO  o.b.s.BxWinLab.BaseLabel - 控件库Debug模式已开启
2026-01-30 15:50:30.524 [JavaFX Application Thread] INFO  o.b.s.BxWinLab.BaseLabel - 控件库Debug模式已开启
2026-01-30 15:50:30.524 [JavaFX Application Thread] INFO  o.b.s.BxWinLab.BaseLabel - 控件库Debug模式已开启
2026-01-30 15:50:30.526 [JavaFX Application Thread] INFO  o.b.s.BxWinLab.BaseLabel - 控件库Debug模式已开启
2026-01-30 15:50:30.528 [JavaFX Application Thread] INFO  o.b.s.BxWinLab.BaseLabel - 控件库Debug模式已开启
2026-01-30 15:50:30.528 [JavaFX Application Thread] INFO  o.b.s.BxWinLab.BaseLabel - 控件库Debug模式已开启
2026-01-30 15:50:30.528 [JavaFX Application Thread] INFO  o.b.s.BxWinLab.BaseLabel - 控件库Debug模式已开启
2026-01-30 15:50:30.528 [JavaFX Application Thread] INFO  o.b.s.BxWinLab.BaseLabel - 控件库Debug模式已开启
2026-01-30 15:50:30.529 [JavaFX Application Thread] INFO  o.b.s.BxWinLab.BaseLabel - 控件库Debug模式已开启
2026-01-30 15:50:30.529 [JavaFX Application Thread] INFO  o.b.s.BxWinLab.BaseLabel - 控件库Debug模式已开启
2026-01-30 15:50:30.529 [JavaFX Application Thread] INFO  o.b.s.BxWinLab.BaseLabel - 控件库Debug模式已开启
2026-01-30 15:50:30.529 [JavaFX Application Thread] INFO  o.b.s.BxWinLab.BaseLabel - 控件库Debug模式已开启
2026-01-30 15:50:30.529 [JavaFX Application Thread] INFO  o.b.s.BxWinLab.BaseLabel - 控件库Debug模式已开启
2026-01-30 15:50:30.529 [JavaFX Application Thread] INFO  o.b.s.BxWinLab.BaseLabel - 控件库Debug模式已开启
2026-01-30 15:50:30.529 [JavaFX Application Thread] INFO  o.b.s.BxWinLab.BaseLabel - 控件库Debug模式已开启
2026-01-30 15:50:30.529 [JavaFX Application Thread] INFO  o.b.s.BxWinLab.BaseLabel - 控件库Debug模式已开启
2026-01-30 15:50:30.529 [JavaFX Application Thread] INFO  o.b.s.BxWinLab.BaseLabel - 控件库Debug模式已开启
2026-01-30 15:50:32.168 [JavaFX Application Thread] INFO  o.b.s.BxWinLab.BaseLabel - 控件焦点改变至 - org.bxwbb.spigotplugincreatertool.BxWinLab.SwitchBox@4ff82a12
2026-01-30 15:50:32.276 [JavaFX Application Thread] INFO  o.b.s.BxWinLab.BaseLabel - 控件库Debug模式已开启
2026-01-30 15:50:32.276 [JavaFX Application Thread] INFO  o.b.s.Utils.FileUtil - 成功加载文件/org/bxwbb/spigotplugincreatertool/icon/MiniWindowIcon/StartPage.png
2026-01-30 15:50:32.276 [JavaFX Application Thread] INFO  o.b.s.BxWinLab.BaseLabel - 控件库Debug模式已开启
2026-01-30 15:50:32.277 [JavaFX Application Thread] INFO  o.b.s.BxWinLab.BaseLabel - 控件库Debug模式已开启
2026-01-30 15:50:32.277 [JavaFX Application Thread] INFO  o.b.s.BxWinLab.BaseLabel - 控件库Debug模式已开启
2026-01-30 15:50:32.277 [JavaFX Application Thread] INFO  o.b.s.BxWinLab.BaseLabel - 控件库Debug模式已开启
2026-01-30 15:50:32.278 [JavaFX Application Thread] INFO  o.b.s.BxWinLab.BaseLabel - 控件库Debug模式已开启
2026-01-30 15:50:32.278 [JavaFX Application Thread] INFO  o.b.s.BxWinLab.BaseLabel - 控件库Debug模式已开启
2026-01-30 15:50:32.278 [JavaFX Application Thread] INFO  o.b.s.BxWinLab.BaseLabel - 控件库Debug模式已开启
2026-01-30 15:50:32.278 [JavaFX Application Thread] INFO  o.b.s.BxWinLab.BaseLabel - 控件库Debug模式已开启
2026-01-30 15:50:32.278 [JavaFX Application Thread] INFO  o.b.s.BxWinLab.BaseLabel - 控件库Debug模式已开启
2026-01-30 15:50:32.278 [JavaFX Application Thread] INFO  o.b.s.BxWinLab.BaseLabel - 控件库Debug模式已开启
2026-01-30 15:50:32.278 [JavaFX Application Thread] INFO  o.b.s.BxWinLab.BaseLabel - 控件库Debug模式已开启
2026-01-30 15:50:32.278 [JavaFX Application Thread] INFO  o.b.s.BxWinLab.BaseLabel - 控件库Debug模式已开启
2026-01-30 15:50:32.278 [JavaFX Application Thread] INFO  o.b.s.BxWinLab.BaseLabel - 控件库Debug模式已开启
2026-01-30 15:50:32.278 [JavaFX Application Thread] INFO  o.b.s.BxWinLab.BaseLabel - 控件库Debug模式已开启
2026-01-30 15:50:32.278 [JavaFX Application Thread] INFO  o.b.s.BxWinLab.BaseLabel - 控件库Debug模式已开启
2026-01-30 15:50:32.278 [JavaFX Application Thread] INFO  o.b.s.BxWinLab.BaseLabel - 控件库Debug模式已开启
2026-01-30 15:50:34.117 [JavaFX Application Thread] INFO  o.b.s.BxWinLab.BaseLabel - 控件库Debug模式已开启
2026-01-30 15:50:34.117 [JavaFX Application Thread] INFO  o.b.s.Utils.FileUtil - 成功加载文件/org/bxwbb/spigotplugincreatertool/icon/MiniWindowIcon/StartPage.png
2026-01-30 15:50:34.118 [JavaFX Application Thread] INFO  o.b.s.BxWinLab.BaseLabel - 控件库Debug模式已开启
2026-01-30 15:50:34.118 [JavaFX Application Thread] INFO  o.b.s.BxWinLab.BaseLabel - 控件库Debug模式已开启
2026-01-30 15:50:34.118 [JavaFX Application Thread] INFO  o.b.s.BxWinLab.BaseLabel - 控件库Debug模式已开启
2026-01-30 15:50:34.118 [JavaFX Application Thread] INFO  o.b.s.BxWinLab.BaseLabel - 控件库Debug模式已开启
2026-01-30 15:50:34.118 [JavaFX Application Thread] INFO  o.b.s.BxWinLab.BaseLabel - 控件库Debug模式已开启
2026-01-30 15:50:34.118 [JavaFX Application Thread] INFO  o.b.s.BxWinLab.BaseLabel - 控件库Debug模式已开启
2026-01-30 15:50:34.118 [JavaFX Application Thread] INFO  o.b.s.BxWinLab.BaseLabel - 控件库Debug模式已开启
2026-01-30 15:50:34.118 [JavaFX Application Thread] INFO  o.b.s.BxWinLab.BaseLabel - 控件库Debug模式已开启
2026-01-30 15:50:34.118 [JavaFX Application Thread] INFO  o.b.s.BxWinLab.BaseLabel - 控件库Debug模式已开启
2026-01-30 15:50:34.118 [JavaFX Application Thread] INFO  o.b.s.BxWinLab.BaseLabel - 控件库Debug模式已开启
2026-01-30 15:50:34.118 [JavaFX Application Thread] INFO  o.b.s.BxWinLab.BaseLabel - 控件库Debug模式已开启
2026-01-30 15:50:34.118 [JavaFX Application Thread] INFO  o.b.s.BxWinLab.BaseLabel - 控件库Debug模式已开启
2026-01-30 15:50:34.118 [JavaFX Application Thread] INFO  o.b.s.BxWinLab.BaseLabel - 控件库Debug模式已开启
2026-01-30 15:50:34.118 [JavaFX Application Thread] INFO  o.b.s.BxWinLab.BaseLabel - 控件库Debug模式已开启
2026-01-30 15:50:34.118 [JavaFX Application Thread] INFO  o.b.s.BxWinLab.BaseLabel - 控件库Debug模式已开启
2026-01-30 15:50:34.118 [JavaFX Application Thread] INFO  o.b.s.BxWinLab.BaseLabel - 控件库Debug模式已开启
2026-01-30 15:50:38.918 [JavaFX Application Thread] INFO  o.b.s.BxWinLab.BaseLabel - 控件焦点改变至 - org.bxwbb.spigotplugincreatertool.Window.StartPage@179e04e4
2026-01-30 15:50:49.978 [JavaFX Application Thread] INFO  o.b.s.BxWinLab.BaseLabel - 控件焦点改变至 - org.bxwbb.spigotplugincreatertool.BxWinLab.Stage@782a5f69
2026-01-30 15:50:51.620 [JavaFX Application Thread] INFO  o.b.s.HelloApplication - 执行停止...
2026-01-30 15:51:32.424 [JavaFX-Launcher] INFO  o.b.s.HelloApplication - 执行初始化...
2026-01-30 15:51:32.430 [JavaFX Application Thread] INFO  o.b.s.HelloApplication - 工具开始启动并加载...
2026-01-30 15:51:32.464 [JavaFX Application Thread] INFO  o.b.s.BxWinLab.BaseLabel - 控件库Debug模式已开启
2026-01-30 15:51:32.470 [JavaFX Application Thread] INFO  o.b.s.BxWinLab.BaseLabel - 控件库Debug模式已开启
2026-01-30 15:51:32.473 [JavaFX Application Thread] INFO  o.b.s.BxWinLab.BaseLabel - 控件库Debug模式已开启
2026-01-30 15:51:32.474 [JavaFX Application Thread] INFO  o.b.s.Utils.FileUtil - 成功加载文件/org/bxwbb/spigotplugincreatertool/icon/icon.png
2026-01-30 15:51:32.621 [JavaFX Application Thread] INFO  o.b.s.BxWinLab.BaseLabel - 控件库Debug模式已开启
2026-01-30 15:51:32.624 [JavaFX Application Thread] INFO  o.b.s.BxWinLab.BaseLabel - 控件库Debug模式已开启
2026-01-30 15:51:32.624 [JavaFX Application Thread] INFO  o.b.s.BxWinLab.BaseLabel - 控件库Debug模式已开启
2026-01-30 15:51:32.625 [JavaFX Application Thread] INFO  o.b.s.BxWinLab.BaseLabel - 控件库Debug模式已开启
2026-01-30 15:51:32.625 [JavaFX Application Thread] INFO  o.b.s.BxWinLab.BaseLabel - 控件库Debug模式已开启
2026-01-30 15:51:32.647 [JavaFX Application Thread] INFO  o.b.s.BxWinLab.BaseLabel - 控件库Debug模式已开启
2026-01-30 15:51:32.659 [JavaFX Application Thread] INFO  o.b.s.BxWinLab.BaseLabel - 控件库Debug模式已开启
2026-01-30 15:51:32.659 [JavaFX Application Thread] INFO  o.b.s.BxWinLab.BaseLabel - 控件库Debug模式已开启
2026-01-30 15:51:32.659 [JavaFX Application Thread] INFO  o.b.s.BxWinLab.BaseLabel - 控件库Debug模式已开启
2026-01-30 15:51:32.660 [JavaFX Application Thread] INFO  o.b.s.BxWinLab.BaseLabel - 控件库Debug模式已开启
2026-01-30 15:51:32.661 [JavaFX Application Thread] INFO  o.b.s.BxWinLab.BaseLabel - 控件库Debug模式已开启
2026-01-30 15:51:32.661 [JavaFX Application Thread] INFO  o.b.s.BxWinLab.BaseLabel - 控件库Debug模式已开启
2026-01-30 15:51:32.661 [JavaFX Application Thread] INFO  o.b.s.Utils.FileUtil - 成功加载文件/org/bxwbb/spigotplugincreatertool/icon/Universal/OpenFolder.png
2026-01-30 15:51:32.663 [JavaFX Application Thread] INFO  o.b.s.BxWinLab.BaseLabel - 控件库Debug模式已开启
2026-01-30 15:51:32.663 [JavaFX Application Thread] INFO  o.b.s.BxWinLab.BaseLabel - 控件库Debug模式已开启
2026-01-30 15:51:32.664 [JavaFX Application Thread] INFO  o.b.s.BxWinLab.BaseLabel - 控件库Debug模式已开启
2026-01-30 15:51:32.665 [JavaFX Application Thread] INFO  o.b.s.BxWinLab.BaseLabel - 控件库Debug模式已开启
2026-01-30 15:51:32.666 [JavaFX Application Thread] INFO  o.b.s.BxWinLab.BaseLabel - 控件库Debug模式已开启
2026-01-30 15:51:32.666 [JavaFX Application Thread] INFO  o.b.s.BxWinLab.BaseLabel - 控件库Debug模式已开启
2026-01-30 15:51:32.666 [JavaFX Application Thread] INFO  o.b.s.BxWinLab.BaseLabel - 控件库Debug模式已开启
2026-01-30 15:51:32.666 [JavaFX Application Thread] INFO  o.b.s.BxWinLab.BaseLabel - 控件库Debug模式已开启
2026-01-30 15:51:32.666 [JavaFX Application Thread] INFO  o.b.s.BxWinLab.BaseLabel - 控件库Debug模式已开启
2026-01-30 15:51:32.666 [JavaFX Application Thread] INFO  o.b.s.BxWinLab.BaseLabel - 控件库Debug模式已开启
2026-01-30 15:51:32.667 [JavaFX Application Thread] INFO  o.b.s.BxWinLab.BaseLabel - 控件库Debug模式已开启
2026-01-30 15:51:32.667 [JavaFX Application Thread] INFO  o.b.s.BxWinLab.BaseLabel - 控件库Debug模式已开启
2026-01-30 15:51:32.667 [JavaFX Application Thread] INFO  o.b.s.BxWinLab.BaseLabel - 控件库Debug模式已开启
2026-01-30 15:51:32.667 [JavaFX Application Thread] INFO  o.b.s.BxWinLab.BaseLabel - 控件库Debug模式已开启
2026-01-30 15:51:32.667 [JavaFX Application Thread] INFO  o.b.s.BxWinLab.BaseLabel - 控件库Debug模式已开启
2026-01-30 15:51:32.668 [JavaFX Application Thread] INFO  o.b.s.BxWinLab.BaseLabel - 控件库Debug模式已开启
2026-01-30 15:51:32.668 [JavaFX Application Thread] INFO  o.b.s.BxWinLab.BaseLabel - 控件库Debug模式已开启
2026-01-30 15:51:32.670 [JavaFX Application Thread] INFO  o.b.s.Utils.FileUtil - 成功加载文件/org/bxwbb/spigotplugincreatertool/icon/Universal/NewProject.png
2026-01-30 15:51:32.671 [JavaFX Application Thread] INFO  o.b.s.BxWinLab.BaseLabel - 控件库Debug模式已开启
2026-01-30 15:51:32.672 [JavaFX Application Thread] INFO  o.b.s.BxWinLab.BaseLabel - 控件库Debug模式已开启
2026-01-30 15:51:32.672 [JavaFX Application Thread] INFO  o.b.s.BxWinLab.BaseLabel - 控件库Debug模式已开启
2026-01-30 15:51:32.672 [JavaFX Application Thread] INFO  o.b.s.BxWinLab.BaseLabel - 控件库Debug模式已开启
2026-01-30 15:51:32.672 [JavaFX Application Thread] INFO  o.b.s.BxWinLab.BaseLabel - 控件库Debug模式已开启
2026-01-30 15:51:32.672 [JavaFX Application Thread] INFO  o.b.s.BxWinLab.BaseLabel - 控件库Debug模式已开启
2026-01-30 15:51:32.673 [JavaFX Application Thread] INFO  o.b.s.BxWinLab.BaseLabel - 控件库Debug模式已开启
2026-01-30 15:51:32.673 [JavaFX Application Thread] INFO  o.b.s.BxWinLab.BaseLabel - 控件库Debug模式已开启
2026-01-30 15:51:32.673 [JavaFX Application Thread] INFO  o.b.s.BxWinLab.BaseLabel - 控件库Debug模式已开启
2026-01-30 15:51:32.673 [JavaFX Application Thread] INFO  o.b.s.BxWinLab.BaseLabel - 控件库Debug模式已开启
2026-01-30 15:51:32.673 [JavaFX Application Thread] INFO  o.b.s.BxWinLab.BaseLabel - 控件库Debug模式已开启
2026-01-30 15:51:32.674 [JavaFX Application Thread] INFO  o.b.s.BxWinLab.BaseLabel - 控件库Debug模式已开启
2026-01-30 15:51:32.674 [JavaFX Application Thread] INFO  o.b.s.BxWinLab.BaseLabel - 控件库Debug模式已开启
2026-01-30 15:51:32.674 [JavaFX Application Thread] INFO  o.b.s.BxWinLab.BaseLabel - 控件库Debug模式已开启
2026-01-30 15:51:32.674 [JavaFX Application Thread] INFO  o.b.s.BxWinLab.BaseLabel - 控件库Debug模式已开启
2026-01-30 15:51:32.675 [JavaFX Application Thread] INFO  o.b.s.BxWinLab.BaseLabel - 控件库Debug模式已开启
2026-01-30 15:51:32.675 [JavaFX Application Thread] INFO  o.b.s.BxWinLab.BaseLabel - 控件库Debug模式已开启
2026-01-30 15:51:32.676 [JavaFX Application Thread] INFO  o.b.s.Utils.FileUtil - 成功加载文件/org/bxwbb/spigotplugincreatertool/icon/Universal/Setting.png
2026-01-30 15:51:32.678 [JavaFX Application Thread] INFO  o.b.s.BxWinLab.BaseLabel - 控件库Debug模式已开启
2026-01-30 15:51:32.678 [JavaFX Application Thread] INFO  o.b.s.BxWinLab.BaseLabel - 控件库Debug模式已开启
2026-01-30 15:51:32.678 [JavaFX Application Thread] INFO  o.b.s.BxWinLab.BaseLabel - 控件库Debug模式已开启
2026-01-30 15:51:32.678 [JavaFX Application Thread] INFO  o.b.s.BxWinLab.BaseLabel - 控件库Debug模式已开启
2026-01-30 15:51:32.678 [JavaFX Application Thread] INFO  o.b.s.BxWinLab.BaseLabel - 控件库Debug模式已开启
2026-01-30 15:51:32.678 [JavaFX Application Thread] INFO  o.b.s.BxWinLab.BaseLabel - 控件库Debug模式已开启
2026-01-30 15:51:32.678 [JavaFX Application Thread] INFO  o.b.s.BxWinLab.BaseLabel - 控件库Debug模式已开启
2026-01-30 15:51:32.679 [JavaFX Application Thread] INFO  o.b.s.BxWinLab.BaseLabel - 控件库Debug模式已开启
2026-01-30 15:51:32.679 [JavaFX Application Thread] INFO  o.b.s.BxWinLab.BaseLabel - 控件库Debug模式已开启
2026-01-30 15:51:32.679 [JavaFX Application Thread] INFO  o.b.s.BxWinLab.BaseLabel - 控件库Debug模式已开启
2026-01-30 15:51:32.679 [JavaFX Application Thread] INFO  o.b.s.BxWinLab.BaseLabel - 控件库Debug模式已开启
2026-01-30 15:51:32.679 [JavaFX Application Thread] INFO  o.b.s.BxWinLab.BaseLabel - 控件库Debug模式已开启
2026-01-30 15:51:32.679 [JavaFX Application Thread] INFO  o.b.s.BxWinLab.BaseLabel - 控件库Debug模式已开启
2026-01-30 15:51:32.679 [JavaFX Application Thread] INFO  o.b.s.BxWinLab.BaseLabel - 控件库Debug模式已开启
2026-01-30 15:51:32.679 [JavaFX Application Thread] INFO  o.b.s.BxWinLab.BaseLabel - 控件库Debug模式已开启
2026-01-30 15:51:32.679 [JavaFX Application Thread] INFO  o.b.s.BxWinLab.BaseLabel - 控件库Debug模式已开启
2026-01-30 15:51:32.680 [JavaFX Application Thread] INFO  o.b.s.BxWinLab.BaseLabel - 控件库Debug模式已开启
2026-01-30 15:51:32.681 [JavaFX Application Thread] INFO  o.b.s.Utils.FileUtil - 成功加载文件/org/bxwbb/spigotplugincreatertool/icon/Universal/Learn.png
2026-01-30 15:51:32.681 [JavaFX Application Thread] INFO  o.b.s.BxWinLab.BaseLabel - 控件库Debug模式已开启
2026-01-30 15:51:32.682 [JavaFX Application Thread] INFO  o.b.s.BxWinLab.BaseLabel - 控件库Debug模式已开启
2026-01-30 15:51:32.682 [JavaFX Application Thread] INFO  o.b.s.BxWinLab.BaseLabel - 控件库Debug模式已开启
2026-01-30 15:51:32.682 [JavaFX Application Thread] INFO  o.b.s.BxWinLab.BaseLabel - 控件库Debug模式已开启
2026-01-30 15:51:32.682 [JavaFX Application Thread] INFO  o.b.s.BxWinLab.BaseLabel - 控件库Debug模式已开启
2026-01-30 15:51:32.682 [JavaFX Application Thread] INFO  o.b.s.BxWinLab.BaseLabel - 控件库Debug模式已开启
2026-01-30 15:51:32.682 [JavaFX Application Thread] INFO  o.b.s.BxWinLab.BaseLabel - 控件库Debug模式已开启
2026-01-30 15:51:32.682 [JavaFX Application Thread] INFO  o.b.s.BxWinLab.BaseLabel - 控件库Debug模式已开启
2026-01-30 15:51:32.682 [JavaFX Application Thread] INFO  o.b.s.BxWinLab.BaseLabel - 控件库Debug模式已开启
2026-01-30 15:51:32.682 [JavaFX Application Thread] INFO  o.b.s.BxWinLab.BaseLabel - 控件库Debug模式已开启
2026-01-30 15:51:32.682 [JavaFX Application Thread] INFO  o.b.s.BxWinLab.BaseLabel - 控件库Debug模式已开启
2026-01-30 15:51:32.683 [JavaFX Application Thread] INFO  o.b.s.BxWinLab.BaseLabel - 控件库Debug模式已开启
2026-01-30 15:51:32.683 [JavaFX Application Thread] INFO  o.b.s.BxWinLab.BaseLabel - 控件库Debug模式已开启
2026-01-30 15:51:32.683 [JavaFX Application Thread] INFO  o.b.s.BxWinLab.BaseLabel - 控件库Debug模式已开启
2026-01-30 15:51:32.683 [JavaFX Application Thread] INFO  o.b.s.BxWinLab.BaseLabel - 控件库Debug模式已开启
2026-01-30 15:51:32.683 [JavaFX Application Thread] INFO  o.b.s.BxWinLab.BaseLabel - 控件库Debug模式已开启
2026-01-30 15:51:32.683 [JavaFX Application Thread] INFO  o.b.s.BxWinLab.BaseLabel - 控件库Debug模式已开启
2026-01-30 15:51:32.684 [JavaFX Application Thread] INFO  o.b.s.Utils.FileUtil - 成功加载文件/org/bxwbb/spigotplugincreatertool/icon/Universal/Quit.png
2026-01-30 15:51:32.685 [JavaFX Application Thread] INFO  o.b.s.BxWinLab.BaseLabel - 控件库Debug模式已开启
2026-01-30 15:51:32.686 [JavaFX Application Thread] INFO  o.b.s.BxWinLab.BaseLabel - 控件库Debug模式已开启
2026-01-30 15:51:32.686 [JavaFX Application Thread] INFO  o.b.s.BxWinLab.BaseLabel - 控件库Debug模式已开启
2026-01-30 15:51:32.686 [JavaFX Application Thread] INFO  o.b.s.BxWinLab.BaseLabel - 控件库Debug模式已开启
2026-01-30 15:51:32.686 [JavaFX Application Thread] INFO  o.b.s.BxWinLab.BaseLabel - 控件库Debug模式已开启
2026-01-30 15:51:32.686 [JavaFX Application Thread] INFO  o.b.s.BxWinLab.BaseLabel - 控件库Debug模式已开启
2026-01-30 15:51:32.686 [JavaFX Application Thread] INFO  o.b.s.BxWinLab.BaseLabel - 控件库Debug模式已开启
2026-01-30 15:51:32.686 [JavaFX Application Thread] INFO  o.b.s.BxWinLab.BaseLabel - 控件库Debug模式已开启
2026-01-30 15:51:32.686 [JavaFX Application Thread] INFO  o.b.s.BxWinLab.BaseLabel - 控件库Debug模式已开启
2026-01-30 15:51:32.686 [JavaFX Application Thread] INFO  o.b.s.BxWinLab.BaseLabel - 控件库Debug模式已开启
2026-01-30 15:51:32.686 [JavaFX Application Thread] INFO  o.b.s.BxWinLab.BaseLabel - 控件库Debug模式已开启
2026-01-30 15:51:32.686 [JavaFX Application Thread] INFO  o.b.s.BxWinLab.BaseLabel - 控件库Debug模式已开启
2026-01-30 15:51:32.686 [JavaFX Application Thread] INFO  o.b.s.BxWinLab.BaseLabel - 控件库Debug模式已开启
2026-01-30 15:51:32.687 [JavaFX Application Thread] INFO  o.b.s.BxWinLab.BaseLabel - 控件库Debug模式已开启
2026-01-30 15:51:32.687 [JavaFX Application Thread] INFO  o.b.s.BxWinLab.BaseLabel - 控件库Debug模式已开启
2026-01-30 15:51:32.687 [JavaFX Application Thread] INFO  o.b.s.BxWinLab.BaseLabel - 控件库Debug模式已开启
2026-01-30 15:51:32.687 [JavaFX Application Thread] INFO  o.b.s.BxWinLab.BaseLabel - 控件库Debug模式已开启
2026-01-30 15:51:32.695 [JavaFX Application Thread] INFO  o.b.s.BxWinLab.BaseLabel - 控件库Debug模式已开启
2026-01-30 15:51:32.696 [JavaFX Application Thread] INFO  o.b.s.BxWinLab.BaseLabel - 控件库Debug模式已开启
2026-01-30 15:51:32.718 [JavaFX Application Thread] INFO  o.b.s.BxWinLab.BaseLabel - 控件库Debug模式已开启
2026-01-30 15:51:32.719 [JavaFX Application Thread] INFO  o.b.s.Utils.FileUtil - 成功加载文件/org/bxwbb/spigotplugincreatertool/icon/MiniWindowIcon/StartPage.png
2026-01-30 15:51:32.721 [JavaFX Application Thread] INFO  o.b.s.BxWinLab.BaseLabel - 控件库Debug模式已开启
2026-01-30 15:51:32.721 [JavaFX Application Thread] INFO  o.b.s.BxWinLab.BaseLabel - 控件库Debug模式已开启
2026-01-30 15:51:32.721 [JavaFX Application Thread] INFO  o.b.s.BxWinLab.BaseLabel - 控件库Debug模式已开启
2026-01-30 15:51:32.721 [JavaFX Application Thread] INFO  o.b.s.BxWinLab.BaseLabel - 控件库Debug模式已开启
2026-01-30 15:51:32.722 [JavaFX Application Thread] INFO  o.b.s.BxWinLab.BaseLabel - 控件库Debug模式已开启
2026-01-30 15:51:32.722 [JavaFX Application Thread] INFO  o.b.s.BxWinLab.BaseLabel - 控件库Debug模式已开启
2026-01-30 15:51:32.722 [JavaFX Application Thread] INFO  o.b.s.BxWinLab.BaseLabel - 控件库Debug模式已开启
2026-01-30 15:51:32.722 [JavaFX Application Thread] INFO  o.b.s.BxWinLab.BaseLabel - 控件库Debug模式已开启
2026-01-30 15:51:32.722 [JavaFX Application Thread] INFO  o.b.s.BxWinLab.BaseLabel - 控件库Debug模式已开启
2026-01-30 15:51:32.722 [JavaFX Application Thread] INFO  o.b.s.BxWinLab.BaseLabel - 控件库Debug模式已开启
2026-01-30 15:51:32.723 [JavaFX Application Thread] INFO  o.b.s.BxWinLab.BaseLabel - 控件库Debug模式已开启
2026-01-30 15:51:32.723 [JavaFX Application Thread] INFO  o.b.s.BxWinLab.BaseLabel - 控件库Debug模式已开启
2026-01-30 15:51:32.723 [JavaFX Application Thread] INFO  o.b.s.BxWinLab.BaseLabel - 控件库Debug模式已开启
2026-01-30 15:51:32.723 [JavaFX Application Thread] INFO  o.b.s.BxWinLab.BaseLabel - 控件库Debug模式已开启
2026-01-30 15:51:32.725 [JavaFX Application Thread] INFO  o.b.s.BxWinLab.BaseLabel - 控件库Debug模式已开启
2026-01-30 15:51:32.727 [JavaFX Application Thread] INFO  o.b.s.BxWinLab.BaseLabel - 控件库Debug模式已开启
2026-01-30 15:51:32.728 [JavaFX Application Thread] INFO  o.b.s.BxWinLab.BaseLabel - 控件库Debug模式已开启
2026-01-30 15:51:32.728 [JavaFX Application Thread] INFO  o.b.s.BxWinLab.BaseLabel - 控件库Debug模式已开启
2026-01-30 15:51:32.728 [JavaFX Application Thread] INFO  o.b.s.BxWinLab.BaseLabel - 控件库Debug模式已开启
2026-01-30 15:51:32.728 [JavaFX Application Thread] INFO  o.b.s.BxWinLab.BaseLabel - 控件库Debug模式已开启
2026-01-30 15:51:32.728 [JavaFX Application Thread] INFO  o.b.s.BxWinLab.BaseLabel - 控件库Debug模式已开启
2026-01-30 15:51:32.728 [JavaFX Application Thread] INFO  o.b.s.BxWinLab.BaseLabel - 控件库Debug模式已开启
2026-01-30 15:51:32.728 [JavaFX Application Thread] INFO  o.b.s.BxWinLab.BaseLabel - 控件库Debug模式已开启
2026-01-30 15:51:32.728 [JavaFX Application Thread] INFO  o.b.s.BxWinLab.BaseLabel - 控件库Debug模式已开启
2026-01-30 15:51:32.728 [JavaFX Application Thread] INFO  o.b.s.BxWinLab.BaseLabel - 控件库Debug模式已开启
2026-01-30 15:51:32.728 [JavaFX Application Thread] INFO  o.b.s.BxWinLab.BaseLabel - 控件库Debug模式已开启
2026-01-30 15:51:32.728 [JavaFX Application Thread] INFO  o.b.s.BxWinLab.BaseLabel - 控件库Debug模式已开启
2026-01-30 15:51:32.728 [JavaFX Application Thread] INFO  o.b.s.BxWinLab.BaseLabel - 控件库Debug模式已开启
2026-01-30 15:51:34.122 [JavaFX Application Thread] INFO  o.b.s.BxWinLab.BaseLabel - 控件焦点改变至 - org.bxwbb.spigotplugincreatertool.BxWinLab.SwitchBox@4ff82a12
2026-01-30 15:51:34.233 [JavaFX Application Thread] INFO  o.b.s.BxWinLab.BaseLabel - 控件库Debug模式已开启
2026-01-30 15:51:34.234 [JavaFX Application Thread] INFO  o.b.s.Utils.FileUtil - 成功加载文件/org/bxwbb/spigotplugincreatertool/icon/MiniWindowIcon/StartPage.png
2026-01-30 15:51:34.234 [JavaFX Application Thread] INFO  o.b.s.BxWinLab.BaseLabel - 控件库Debug模式已开启
2026-01-30 15:51:34.234 [JavaFX Application Thread] INFO  o.b.s.BxWinLab.BaseLabel - 控件库Debug模式已开启
2026-01-30 15:51:34.235 [JavaFX Application Thread] INFO  o.b.s.BxWinLab.BaseLabel - 控件库Debug模式已开启
2026-01-30 15:51:34.235 [JavaFX Application Thread] INFO  o.b.s.BxWinLab.BaseLabel - 控件库Debug模式已开启
2026-01-30 15:51:34.235 [JavaFX Application Thread] INFO  o.b.s.BxWinLab.BaseLabel - 控件库Debug模式已开启
2026-01-30 15:51:34.235 [JavaFX Application Thread] INFO  o.b.s.BxWinLab.BaseLabel - 控件库Debug模式已开启
2026-01-30 15:51:34.235 [JavaFX Application Thread] INFO  o.b.s.BxWinLab.BaseLabel - 控件库Debug模式已开启
2026-01-30 15:51:34.235 [JavaFX Application Thread] INFO  o.b.s.BxWinLab.BaseLabel - 控件库Debug模式已开启
2026-01-30 15:51:34.235 [JavaFX Application Thread] INFO  o.b.s.BxWinLab.BaseLabel - 控件库Debug模式已开启
2026-01-30 15:51:34.235 [JavaFX Application Thread] INFO  o.b.s.BxWinLab.BaseLabel - 控件库Debug模式已开启
2026-01-30 15:51:34.235 [JavaFX Application Thread] INFO  o.b.s.BxWinLab.BaseLabel - 控件库Debug模式已开启
2026-01-30 15:51:34.235 [JavaFX Application Thread] INFO  o.b.s.BxWinLab.BaseLabel - 控件库Debug模式已开启
2026-01-30 15:51:34.235 [JavaFX Application Thread] INFO  o.b.s.BxWinLab.BaseLabel - 控件库Debug模式已开启
2026-01-30 15:51:34.235 [JavaFX Application Thread] INFO  o.b.s.BxWinLab.BaseLabel - 控件库Debug模式已开启
2026-01-30 15:51:34.235 [JavaFX Application Thread] INFO  o.b.s.BxWinLab.BaseLabel - 控件库Debug模式已开启
2026-01-30 15:51:34.235 [JavaFX Application Thread] INFO  o.b.s.BxWinLab.BaseLabel - 控件库Debug模式已开启
2026-01-30 15:51:36.281 [JavaFX Application Thread] INFO  o.b.s.HelloApplication - 执行停止...
2026-01-30 15:51:56.174 [JavaFX-Launcher] INFO  o.b.s.HelloApplication - 执行初始化...
2026-01-30 15:51:56.180 [JavaFX Application Thread] INFO  o.b.s.HelloApplication - 工具开始启动并加载...
2026-01-30 15:51:56.216 [JavaFX Application Thread] INFO  o.b.s.BxWinLab.BaseLabel - 控件库Debug模式已开启
2026-01-30 15:51:56.222 [JavaFX Application Thread] INFO  o.b.s.BxWinLab.BaseLabel - 控件库Debug模式已开启
2026-01-30 15:51:56.224 [JavaFX Application Thread] INFO  o.b.s.BxWinLab.BaseLabel - 控件库Debug模式已开启
2026-01-30 15:51:56.225 [JavaFX Application Thread] INFO  o.b.s.Utils.FileUtil - 成功加载文件/org/bxwbb/spigotplugincreatertool/icon/icon.png
2026-01-30 15:51:56.364 [JavaFX Application Thread] INFO  o.b.s.BxWinLab.BaseLabel - 控件库Debug模式已开启
2026-01-30 15:51:56.368 [JavaFX Application Thread] INFO  o.b.s.BxWinLab.BaseLabel - 控件库Debug模式已开启
2026-01-30 15:51:56.368 [JavaFX Application Thread] INFO  o.b.s.BxWinLab.BaseLabel - 控件库Debug模式已开启
2026-01-30 15:51:56.369 [JavaFX Application Thread] INFO  o.b.s.BxWinLab.BaseLabel - 控件库Debug模式已开启
2026-01-30 15:51:56.369 [JavaFX Application Thread] INFO  o.b.s.BxWinLab.BaseLabel - 控件库Debug模式已开启
2026-01-30 15:51:56.388 [JavaFX Application Thread] INFO  o.b.s.BxWinLab.BaseLabel - 控件库Debug模式已开启
2026-01-30 15:51:56.404 [JavaFX Application Thread] INFO  o.b.s.BxWinLab.BaseLabel - 控件库Debug模式已开启
2026-01-30 15:51:56.404 [JavaFX Application Thread] INFO  o.b.s.BxWinLab.BaseLabel - 控件库Debug模式已开启
2026-01-30 15:51:56.405 [JavaFX Application Thread] INFO  o.b.s.BxWinLab.BaseLabel - 控件库Debug模式已开启
2026-01-30 15:51:56.405 [JavaFX Application Thread] INFO  o.b.s.BxWinLab.BaseLabel - 控件库Debug模式已开启
2026-01-30 15:51:56.406 [JavaFX Application Thread] INFO  o.b.s.BxWinLab.BaseLabel - 控件库Debug模式已开启
2026-01-30 15:51:56.406 [JavaFX Application Thread] INFO  o.b.s.BxWinLab.BaseLabel - 控件库Debug模式已开启
2026-01-30 15:51:56.406 [JavaFX Application Thread] INFO  o.b.s.Utils.FileUtil - 成功加载文件/org/bxwbb/spigotplugincreatertool/icon/Universal/OpenFolder.png
2026-01-30 15:51:56.408 [JavaFX Application Thread] INFO  o.b.s.BxWinLab.BaseLabel - 控件库Debug模式已开启
2026-01-30 15:51:56.408 [JavaFX Application Thread] INFO  o.b.s.BxWinLab.BaseLabel - 控件库Debug模式已开启
2026-01-30 15:51:56.409 [JavaFX Application Thread] INFO  o.b.s.BxWinLab.BaseLabel - 控件库Debug模式已开启
2026-01-30 15:51:56.410 [JavaFX Application Thread] INFO  o.b.s.BxWinLab.BaseLabel - 控件库Debug模式已开启
2026-01-30 15:51:56.411 [JavaFX Application Thread] INFO  o.b.s.BxWinLab.BaseLabel - 控件库Debug模式已开启
2026-01-30 15:51:56.411 [JavaFX Application Thread] INFO  o.b.s.BxWinLab.BaseLabel - 控件库Debug模式已开启
2026-01-30 15:51:56.411 [JavaFX Application Thread] INFO  o.b.s.BxWinLab.BaseLabel - 控件库Debug模式已开启
2026-01-30 15:51:56.411 [JavaFX Application Thread] INFO  o.b.s.BxWinLab.BaseLabel - 控件库Debug模式已开启
2026-01-30 15:51:56.412 [JavaFX Application Thread] INFO  o.b.s.BxWinLab.BaseLabel - 控件库Debug模式已开启
2026-01-30 15:51:56.412 [JavaFX Application Thread] INFO  o.b.s.BxWinLab.BaseLabel - 控件库Debug模式已开启
2026-01-30 15:51:56.412 [JavaFX Application Thread] INFO  o.b.s.BxWinLab.BaseLabel - 控件库Debug模式已开启
2026-01-30 15:51:56.412 [JavaFX Application Thread] INFO  o.b.s.BxWinLab.BaseLabel - 控件库Debug模式已开启
2026-01-30 15:51:56.412 [JavaFX Application Thread] INFO  o.b.s.BxWinLab.BaseLabel - 控件库Debug模式已开启
2026-01-30 15:51:56.413 [JavaFX Application Thread] INFO  o.b.s.BxWinLab.BaseLabel - 控件库Debug模式已开启
2026-01-30 15:51:56.413 [JavaFX Application Thread] INFO  o.b.s.BxWinLab.BaseLabel - 控件库Debug模式已开启
2026-01-30 15:51:56.413 [JavaFX Application Thread] INFO  o.b.s.BxWinLab.BaseLabel - 控件库Debug模式已开启
2026-01-30 15:51:56.414 [JavaFX Application Thread] INFO  o.b.s.BxWinLab.BaseLabel - 控件库Debug模式已开启
2026-01-30 15:51:56.415 [JavaFX Application Thread] INFO  o.b.s.Utils.FileUtil - 成功加载文件/org/bxwbb/spigotplugincreatertool/icon/Universal/NewProject.png
2026-01-30 15:51:56.417 [JavaFX Application Thread] INFO  o.b.s.BxWinLab.BaseLabel - 控件库Debug模式已开启
2026-01-30 15:51:56.418 [JavaFX Application Thread] INFO  o.b.s.BxWinLab.BaseLabel - 控件库Debug模式已开启
2026-01-30 15:51:56.418 [JavaFX Application Thread] INFO  o.b.s.BxWinLab.BaseLabel - 控件库Debug模式已开启
2026-01-30 15:51:56.418 [JavaFX Application Thread] INFO  o.b.s.BxWinLab.BaseLabel - 控件库Debug模式已开启
2026-01-30 15:51:56.418 [JavaFX Application Thread] INFO  o.b.s.BxWinLab.BaseLabel - 控件库Debug模式已开启
2026-01-30 15:51:56.418 [JavaFX Application Thread] INFO  o.b.s.BxWinLab.BaseLabel - 控件库Debug模式已开启
2026-01-30 15:51:56.419 [JavaFX Application Thread] INFO  o.b.s.BxWinLab.BaseLabel - 控件库Debug模式已开启
2026-01-30 15:51:56.419 [JavaFX Application Thread] INFO  o.b.s.BxWinLab.BaseLabel - 控件库Debug模式已开启
2026-01-30 15:51:56.419 [JavaFX Application Thread] INFO  o.b.s.BxWinLab.BaseLabel - 控件库Debug模式已开启
2026-01-30 15:51:56.419 [JavaFX Application Thread] INFO  o.b.s.BxWinLab.BaseLabel - 控件库Debug模式已开启
2026-01-30 15:51:56.419 [JavaFX Application Thread] INFO  o.b.s.BxWinLab.BaseLabel - 控件库Debug模式已开启
2026-01-30 15:51:56.419 [JavaFX Application Thread] INFO  o.b.s.BxWinLab.BaseLabel - 控件库Debug模式已开启
2026-01-30 15:51:56.419 [JavaFX Application Thread] INFO  o.b.s.BxWinLab.BaseLabel - 控件库Debug模式已开启
2026-01-30 15:51:56.420 [JavaFX Application Thread] INFO  o.b.s.BxWinLab.BaseLabel - 控件库Debug模式已开启
2026-01-30 15:51:56.420 [JavaFX Application Thread] INFO  o.b.s.BxWinLab.BaseLabel - 控件库Debug模式已开启
2026-01-30 15:51:56.420 [JavaFX Application Thread] INFO  o.b.s.BxWinLab.BaseLabel - 控件库Debug模式已开启
2026-01-30 15:51:56.420 [JavaFX Application Thread] INFO  o.b.s.BxWinLab.BaseLabel - 控件库Debug模式已开启
2026-01-30 15:51:56.422 [JavaFX Application Thread] INFO  o.b.s.Utils.FileUtil - 成功加载文件/org/bxwbb/spigotplugincreatertool/icon/Universal/Setting.png
2026-01-30 15:51:56.422 [JavaFX Application Thread] INFO  o.b.s.BxWinLab.BaseLabel - 控件库Debug模式已开启
2026-01-30 15:51:56.423 [JavaFX Application Thread] INFO  o.b.s.BxWinLab.BaseLabel - 控件库Debug模式已开启
2026-01-30 15:51:56.423 [JavaFX Application Thread] INFO  o.b.s.BxWinLab.BaseLabel - 控件库Debug模式已开启
2026-01-30 15:51:56.423 [JavaFX Application Thread] INFO  o.b.s.BxWinLab.BaseLabel - 控件库Debug模式已开启
2026-01-30 15:51:56.423 [JavaFX Application Thread] INFO  o.b.s.BxWinLab.BaseLabel - 控件库Debug模式已开启
2026-01-30 15:51:56.423 [JavaFX Application Thread] INFO  o.b.s.BxWinLab.BaseLabel - 控件库Debug模式已开启
2026-01-30 15:51:56.423 [JavaFX Application Thread] INFO  o.b.s.BxWinLab.BaseLabel - 控件库Debug模式已开启
2026-01-30 15:51:56.424 [JavaFX Application Thread] INFO  o.b.s.BxWinLab.BaseLabel - 控件库Debug模式已开启
2026-01-30 15:51:56.424 [JavaFX Application Thread] INFO  o.b.s.BxWinLab.BaseLabel - 控件库Debug模式已开启
2026-01-30 15:51:56.424 [JavaFX Application Thread] INFO  o.b.s.BxWinLab.BaseLabel - 控件库Debug模式已开启
2026-01-30 15:51:56.424 [JavaFX Application Thread] INFO  o.b.s.BxWinLab.BaseLabel - 控件库Debug模式已开启
2026-01-30 15:51:56.424 [JavaFX Application Thread] INFO  o.b.s.BxWinLab.BaseLabel - 控件库Debug模式已开启
2026-01-30 15:51:56.424 [JavaFX Application Thread] INFO  o.b.s.BxWinLab.BaseLabel - 控件库Debug模式已开启
2026-01-30 15:51:56.424 [JavaFX Application Thread] INFO  o.b.s.BxWinLab.BaseLabel - 控件库Debug模式已开启
2026-01-30 15:51:56.424 [JavaFX Application Thread] INFO  o.b.s.BxWinLab.BaseLabel - 控件库Debug模式已开启
2026-01-30 15:51:56.424 [JavaFX Application Thread] INFO  o.b.s.BxWinLab.BaseLabel - 控件库Debug模式已开启
2026-01-30 15:51:56.424 [JavaFX Application Thread] INFO  o.b.s.BxWinLab.BaseLabel - 控件库Debug模式已开启
2026-01-30 15:51:56.426 [JavaFX Application Thread] INFO  o.b.s.Utils.FileUtil - 成功加载文件/org/bxwbb/spigotplugincreatertool/icon/Universal/Learn.png
2026-01-30 15:51:56.426 [JavaFX Application Thread] INFO  o.b.s.BxWinLab.BaseLabel - 控件库Debug模式已开启
2026-01-30 15:51:56.426 [JavaFX Application Thread] INFO  o.b.s.BxWinLab.BaseLabel - 控件库Debug模式已开启
2026-01-30 15:51:56.426 [JavaFX Application Thread] INFO  o.b.s.BxWinLab.BaseLabel - 控件库Debug模式已开启
2026-01-30 15:51:56.426 [JavaFX Application Thread] INFO  o.b.s.BxWinLab.BaseLabel - 控件库Debug模式已开启
2026-01-30 15:51:56.426 [JavaFX Application Thread] INFO  o.b.s.BxWinLab.BaseLabel - 控件库Debug模式已开启
2026-01-30 15:51:56.426 [JavaFX Application Thread] INFO  o.b.s.BxWinLab.BaseLabel - 控件库Debug模式已开启
2026-01-30 15:51:56.426 [JavaFX Application Thread] INFO  o.b.s.BxWinLab.BaseLabel - 控件库Debug模式已开启
2026-01-30 15:51:56.427 [JavaFX Application Thread] INFO  o.b.s.BxWinLab.BaseLabel - 控件库Debug模式已开启
2026-01-30 15:51:56.427 [JavaFX Application Thread] INFO  o.b.s.BxWinLab.BaseLabel - 控件库Debug模式已开启
2026-01-30 15:51:56.427 [JavaFX Application Thread] INFO  o.b.s.BxWinLab.BaseLabel - 控件库Debug模式已开启
2026-01-30 15:51:56.427 [JavaFX Application Thread] INFO  o.b.s.BxWinLab.BaseLabel - 控件库Debug模式已开启
2026-01-30 15:51:56.427 [JavaFX Application Thread] INFO  o.b.s.BxWinLab.BaseLabel - 控件库Debug模式已开启
2026-01-30 15:51:56.427 [JavaFX Application Thread] INFO  o.b.s.BxWinLab.BaseLabel - 控件库Debug模式已开启
2026-01-30 15:51:56.427 [JavaFX Application Thread] INFO  o.b.s.BxWinLab.BaseLabel - 控件库Debug模式已开启
2026-01-30 15:51:56.427 [JavaFX Application Thread] INFO  o.b.s.BxWinLab.BaseLabel - 控件库Debug模式已开启
2026-01-30 15:51:56.427 [JavaFX Application Thread] INFO  o.b.s.BxWinLab.BaseLabel - 控件库Debug模式已开启
2026-01-30 15:51:56.428 [JavaFX Application Thread] INFO  o.b.s.BxWinLab.BaseLabel - 控件库Debug模式已开启
2026-01-30 15:51:56.429 [JavaFX Application Thread] INFO  o.b.s.Utils.FileUtil - 成功加载文件/org/bxwbb/spigotplugincreatertool/icon/Universal/Quit.png
2026-01-30 15:51:56.429 [JavaFX Application Thread] INFO  o.b.s.BxWinLab.BaseLabel - 控件库Debug模式已开启
2026-01-30 15:51:56.429 [JavaFX Application Thread] INFO  o.b.s.BxWinLab.BaseLabel - 控件库Debug模式已开启
2026-01-30 15:51:56.430 [JavaFX Application Thread] INFO  o.b.s.BxWinLab.BaseLabel - 控件库Debug模式已开启
2026-01-30 15:51:56.430 [JavaFX Application Thread] INFO  o.b.s.BxWinLab.BaseLabel - 控件库Debug模式已开启
2026-01-30 15:51:56.430 [JavaFX Application Thread] INFO  o.b.s.BxWinLab.BaseLabel - 控件库Debug模式已开启
2026-01-30 15:51:56.430 [JavaFX Application Thread] INFO  o.b.s.BxWinLab.BaseLabel - 控件库Debug模式已开启
2026-01-30 15:51:56.430 [JavaFX Application Thread] INFO  o.b.s.BxWinLab.BaseLabel - 控件库Debug模式已开启
2026-01-30 15:51:56.430 [JavaFX Application Thread] INFO  o.b.s.BxWinLab.BaseLabel - 控件库Debug模式已开启
2026-01-30 15:51:56.430 [JavaFX Application Thread] INFO  o.b.s.BxWinLab.BaseLabel - 控件库Debug模式已开启
2026-01-30 15:51:56.430 [JavaFX Application Thread] INFO  o.b.s.BxWinLab.BaseLabel - 控件库Debug模式已开启
2026-01-30 15:51:56.430 [JavaFX Application Thread] INFO  o.b.s.BxWinLab.BaseLabel - 控件库Debug模式已开启
2026-01-30 15:51:56.430 [JavaFX Application Thread] INFO  o.b.s.BxWinLab.BaseLabel - 控件库Debug模式已开启
2026-01-30 15:51:56.430 [JavaFX Application Thread] INFO  o.b.s.BxWinLab.BaseLabel - 控件库Debug模式已开启
2026-01-30 15:51:56.431 [JavaFX Application Thread] INFO  o.b.s.BxWinLab.BaseLabel - 控件库Debug模式已开启
2026-01-30 15:51:56.431 [JavaFX Application Thread] INFO  o.b.s.BxWinLab.BaseLabel - 控件库Debug模式已开启
2026-01-30 15:51:56.431 [JavaFX Application Thread] INFO  o.b.s.BxWinLab.BaseLabel - 控件库Debug模式已开启
2026-01-30 15:51:56.431 [JavaFX Application Thread] INFO  o.b.s.BxWinLab.BaseLabel - 控件库Debug模式已开启
2026-01-30 15:51:56.440 [JavaFX Application Thread] INFO  o.b.s.BxWinLab.BaseLabel - 控件库Debug模式已开启
2026-01-30 15:51:56.440 [JavaFX Application Thread] INFO  o.b.s.BxWinLab.BaseLabel - 控件库Debug模式已开启
2026-01-30 15:51:56.464 [JavaFX Application Thread] INFO  o.b.s.BxWinLab.BaseLabel - 控件库Debug模式已开启
2026-01-30 15:51:56.464 [JavaFX Application Thread] INFO  o.b.s.Utils.FileUtil - 成功加载文件/org/bxwbb/spigotplugincreatertool/icon/MiniWindowIcon/StartPage.png
2026-01-30 15:51:56.466 [JavaFX Application Thread] INFO  o.b.s.BxWinLab.BaseLabel - 控件库Debug模式已开启
2026-01-30 15:51:56.466 [JavaFX Application Thread] INFO  o.b.s.BxWinLab.BaseLabel - 控件库Debug模式已开启
2026-01-30 15:51:56.467 [JavaFX Application Thread] INFO  o.b.s.BxWinLab.BaseLabel - 控件库Debug模式已开启
2026-01-30 15:51:56.467 [JavaFX Application Thread] INFO  o.b.s.BxWinLab.BaseLabel - 控件库Debug模式已开启
2026-01-30 15:51:56.467 [JavaFX Application Thread] INFO  o.b.s.BxWinLab.BaseLabel - 控件库Debug模式已开启
2026-01-30 15:51:56.467 [JavaFX Application Thread] INFO  o.b.s.BxWinLab.BaseLabel - 控件库Debug模式已开启
2026-01-30 15:51:56.467 [JavaFX Application Thread] INFO  o.b.s.BxWinLab.BaseLabel - 控件库Debug模式已开启
2026-01-30 15:51:56.467 [JavaFX Application Thread] INFO  o.b.s.BxWinLab.BaseLabel - 控件库Debug模式已开启
2026-01-30 15:51:56.467 [JavaFX Application Thread] INFO  o.b.s.BxWinLab.BaseLabel - 控件库Debug模式已开启
2026-01-30 15:51:56.467 [JavaFX Application Thread] INFO  o.b.s.BxWinLab.BaseLabel - 控件库Debug模式已开启
2026-01-30 15:51:56.469 [JavaFX Application Thread] INFO  o.b.s.BxWinLab.BaseLabel - 控件库Debug模式已开启
2026-01-30 15:51:56.469 [JavaFX Application Thread] INFO  o.b.s.BxWinLab.BaseLabel - 控件库Debug模式已开启
2026-01-30 15:51:56.469 [JavaFX Application Thread] INFO  o.b.s.BxWinLab.BaseLabel - 控件库Debug模式已开启
2026-01-30 15:51:56.469 [JavaFX Application Thread] INFO  o.b.s.BxWinLab.BaseLabel - 控件库Debug模式已开启
2026-01-30 15:51:56.471 [JavaFX Application Thread] INFO  o.b.s.BxWinLab.BaseLabel - 控件库Debug模式已开启
2026-01-30 15:51:56.472 [JavaFX Application Thread] INFO  o.b.s.BxWinLab.BaseLabel - 控件库Debug模式已开启
2026-01-30 15:51:56.472 [JavaFX Application Thread] INFO  o.b.s.BxWinLab.BaseLabel - 控件库Debug模式已开启
2026-01-30 15:51:56.472 [JavaFX Application Thread] INFO  o.b.s.BxWinLab.BaseLabel - 控件库Debug模式已开启
2026-01-30 15:51:56.472 [JavaFX Application Thread] INFO  o.b.s.BxWinLab.BaseLabel - 控件库Debug模式已开启
2026-01-30 15:51:56.472 [JavaFX Application Thread] INFO  o.b.s.BxWinLab.BaseLabel - 控件库Debug模式已开启
2026-01-30 15:51:56.472 [JavaFX Application Thread] INFO  o.b.s.BxWinLab.BaseLabel - 控件库Debug模式已开启
2026-01-30 15:51:56.472 [JavaFX Application Thread] INFO  o.b.s.BxWinLab.BaseLabel - 控件库Debug模式已开启
2026-01-30 15:51:56.472 [JavaFX Application Thread] INFO  o.b.s.BxWinLab.BaseLabel - 控件库Debug模式已开启
2026-01-30 15:51:56.472 [JavaFX Application Thread] INFO  o.b.s.BxWinLab.BaseLabel - 控件库Debug模式已开启
2026-01-30 15:51:56.472 [JavaFX Application Thread] INFO  o.b.s.BxWinLab.BaseLabel - 控件库Debug模式已开启
2026-01-30 15:51:56.472 [JavaFX Application Thread] INFO  o.b.s.BxWinLab.BaseLabel - 控件库Debug模式已开启
2026-01-30 15:51:56.473 [JavaFX Application Thread] INFO  o.b.s.BxWinLab.BaseLabel - 控件库Debug模式已开启
2026-01-30 15:51:56.473 [JavaFX Application Thread] INFO  o.b.s.BxWinLab.BaseLabel - 控件库Debug模式已开启
2026-01-30 15:51:57.334 [JavaFX Application Thread] INFO  o.b.s.BxWinLab.BaseLabel - 控件焦点改变至 - org.bxwbb.spigotplugincreatertool.BxWinLab.SwitchBox@74cb56e0
2026-01-30 15:51:57.438 [JavaFX Application Thread] INFO  o.b.s.BxWinLab.BaseLabel - 控件库Debug模式已开启
2026-01-30 15:51:57.439 [JavaFX Application Thread] INFO  o.b.s.Utils.FileUtil - 成功加载文件/org/bxwbb/spigotplugincreatertool/icon/MiniWindowIcon/StartPage.png
2026-01-30 15:51:57.440 [JavaFX Application Thread] INFO  o.b.s.BxWinLab.BaseLabel - 控件库Debug模式已开启
2026-01-30 15:51:57.440 [JavaFX Application Thread] INFO  o.b.s.BxWinLab.BaseLabel - 控件库Debug模式已开启
2026-01-30 15:51:57.441 [JavaFX Application Thread] INFO  o.b.s.BxWinLab.BaseLabel - 控件库Debug模式已开启
2026-01-30 15:51:57.441 [JavaFX Application Thread] INFO  o.b.s.BxWinLab.BaseLabel - 控件库Debug模式已开启
2026-01-30 15:51:57.442 [JavaFX Application Thread] INFO  o.b.s.BxWinLab.BaseLabel - 控件库Debug模式已开启
2026-01-30 15:51:57.442 [JavaFX Application Thread] INFO  o.b.s.BxWinLab.BaseLabel - 控件库Debug模式已开启
2026-01-30 15:51:57.442 [JavaFX Application Thread] INFO  o.b.s.BxWinLab.BaseLabel - 控件库Debug模式已开启
2026-01-30 15:51:57.442 [JavaFX Application Thread] INFO  o.b.s.BxWinLab.BaseLabel - 控件库Debug模式已开启
2026-01-30 15:51:57.442 [JavaFX Application Thread] INFO  o.b.s.BxWinLab.BaseLabel - 控件库Debug模式已开启
2026-01-30 15:51:57.442 [JavaFX Application Thread] INFO  o.b.s.BxWinLab.BaseLabel - 控件库Debug模式已开启
2026-01-30 15:51:57.442 [JavaFX Application Thread] INFO  o.b.s.BxWinLab.BaseLabel - 控件库Debug模式已开启
2026-01-30 15:51:57.442 [JavaFX Application Thread] INFO  o.b.s.BxWinLab.BaseLabel - 控件库Debug模式已开启
2026-01-30 15:51:57.442 [JavaFX Application Thread] INFO  o.b.s.BxWinLab.BaseLabel - 控件库Debug模式已开启
2026-01-30 15:51:57.442 [JavaFX Application Thread] INFO  o.b.s.BxWinLab.BaseLabel - 控件库Debug模式已开启
2026-01-30 15:51:57.443 [JavaFX Application Thread] INFO  o.b.s.BxWinLab.BaseLabel - 控件库Debug模式已开启
2026-01-30 15:51:57.443 [JavaFX Application Thread] INFO  o.b.s.BxWinLab.BaseLabel - 控件库Debug模式已开启
2026-01-30 15:51:59.739 [JavaFX Application Thread] INFO  o.b.s.HelloApplication - 执行停止...
2026-01-30 15:52:19.862 [JavaFX-Launcher] INFO  o.b.s.HelloApplication - 执行初始化...
2026-01-30 15:52:19.868 [JavaFX Application Thread] INFO  o.b.s.HelloApplication - 工具开始启动并加载...
2026-01-30 15:52:19.903 [JavaFX Application Thread] INFO  o.b.s.BxWinLab.BaseLabel - 控件库Debug模式已开启
2026-01-30 15:52:19.908 [JavaFX Application Thread] INFO  o.b.s.BxWinLab.BaseLabel - 控件库Debug模式已开启
2026-01-30 15:52:19.910 [JavaFX Application Thread] INFO  o.b.s.BxWinLab.BaseLabel - 控件库Debug模式已开启
2026-01-30 15:52:19.911 [JavaFX Application Thread] INFO  o.b.s.Utils.FileUtil - 成功加载文件/org/bxwbb/spigotplugincreatertool/icon/icon.png
2026-01-30 15:52:20.054 [JavaFX Application Thread] INFO  o.b.s.BxWinLab.BaseLabel - 控件库Debug模式已开启
2026-01-30 15:52:20.056 [JavaFX Application Thread] INFO  o.b.s.BxWinLab.BaseLabel - 控件库Debug模式已开启
2026-01-30 15:52:20.057 [JavaFX Application Thread] INFO  o.b.s.BxWinLab.BaseLabel - 控件库Debug模式已开启
2026-01-30 15:52:20.057 [JavaFX Application Thread] INFO  o.b.s.BxWinLab.BaseLabel - 控件库Debug模式已开启
2026-01-30 15:52:20.057 [JavaFX Application Thread] INFO  o.b.s.BxWinLab.BaseLabel - 控件库Debug模式已开启
2026-01-30 15:52:20.075 [JavaFX Application Thread] INFO  o.b.s.BxWinLab.BaseLabel - 控件库Debug模式已开启
2026-01-30 15:52:20.093 [JavaFX Application Thread] INFO  o.b.s.BxWinLab.BaseLabel - 控件库Debug模式已开启
2026-01-30 15:52:20.094 [JavaFX Application Thread] INFO  o.b.s.BxWinLab.BaseLabel - 控件库Debug模式已开启
2026-01-30 15:52:20.094 [JavaFX Application Thread] INFO  o.b.s.BxWinLab.BaseLabel - 控件库Debug模式已开启
2026-01-30 15:52:20.094 [JavaFX Application Thread] INFO  o.b.s.BxWinLab.BaseLabel - 控件库Debug模式已开启
2026-01-30 15:52:20.095 [JavaFX Application Thread] INFO  o.b.s.BxWinLab.BaseLabel - 控件库Debug模式已开启
2026-01-30 15:52:20.097 [JavaFX Application Thread] INFO  o.b.s.BxWinLab.BaseLabel - 控件库Debug模式已开启
2026-01-30 15:52:20.097 [JavaFX Application Thread] INFO  o.b.s.Utils.FileUtil - 成功加载文件/org/bxwbb/spigotplugincreatertool/icon/Universal/OpenFolder.png
2026-01-30 15:52:20.098 [JavaFX Application Thread] INFO  o.b.s.BxWinLab.BaseLabel - 控件库Debug模式已开启
2026-01-30 15:52:20.098 [JavaFX Application Thread] INFO  o.b.s.BxWinLab.BaseLabel - 控件库Debug模式已开启
2026-01-30 15:52:20.098 [JavaFX Application Thread] INFO  o.b.s.BxWinLab.BaseLabel - 控件库Debug模式已开启
2026-01-30 15:52:20.100 [JavaFX Application Thread] INFO  o.b.s.BxWinLab.BaseLabel - 控件库Debug模式已开启
2026-01-30 15:52:20.100 [JavaFX Application Thread] INFO  o.b.s.BxWinLab.BaseLabel - 控件库Debug模式已开启
2026-01-30 15:52:20.101 [JavaFX Application Thread] INFO  o.b.s.BxWinLab.BaseLabel - 控件库Debug模式已开启
2026-01-30 15:52:20.101 [JavaFX Application Thread] INFO  o.b.s.BxWinLab.BaseLabel - 控件库Debug模式已开启
2026-01-30 15:52:20.101 [JavaFX Application Thread] INFO  o.b.s.BxWinLab.BaseLabel - 控件库Debug模式已开启
2026-01-30 15:52:20.101 [JavaFX Application Thread] INFO  o.b.s.BxWinLab.BaseLabel - 控件库Debug模式已开启
2026-01-30 15:52:20.101 [JavaFX Application Thread] INFO  o.b.s.BxWinLab.BaseLabel - 控件库Debug模式已开启
2026-01-30 15:52:20.102 [JavaFX Application Thread] INFO  o.b.s.BxWinLab.BaseLabel - 控件库Debug模式已开启
2026-01-30 15:52:20.102 [JavaFX Application Thread] INFO  o.b.s.BxWinLab.BaseLabel - 控件库Debug模式已开启
2026-01-30 15:52:20.102 [JavaFX Application Thread] INFO  o.b.s.BxWinLab.BaseLabel - 控件库Debug模式已开启
2026-01-30 15:52:20.102 [JavaFX Application Thread] INFO  o.b.s.BxWinLab.BaseLabel - 控件库Debug模式已开启
2026-01-30 15:52:20.102 [JavaFX Application Thread] INFO  o.b.s.BxWinLab.BaseLabel - 控件库Debug模式已开启
2026-01-30 15:52:20.103 [JavaFX Application Thread] INFO  o.b.s.BxWinLab.BaseLabel - 控件库Debug模式已开启
2026-01-30 15:52:20.103 [JavaFX Application Thread] INFO  o.b.s.BxWinLab.BaseLabel - 控件库Debug模式已开启
2026-01-30 15:52:20.106 [JavaFX Application Thread] INFO  o.b.s.Utils.FileUtil - 成功加载文件/org/bxwbb/spigotplugincreatertool/icon/Universal/NewProject.png
2026-01-30 15:52:20.107 [JavaFX Application Thread] INFO  o.b.s.BxWinLab.BaseLabel - 控件库Debug模式已开启
2026-01-30 15:52:20.107 [JavaFX Application Thread] INFO  o.b.s.BxWinLab.BaseLabel - 控件库Debug模式已开启
2026-01-30 15:52:20.107 [JavaFX Application Thread] INFO  o.b.s.BxWinLab.BaseLabel - 控件库Debug模式已开启
2026-01-30 15:52:20.108 [JavaFX Application Thread] INFO  o.b.s.BxWinLab.BaseLabel - 控件库Debug模式已开启
2026-01-30 15:52:20.108 [JavaFX Application Thread] INFO  o.b.s.BxWinLab.BaseLabel - 控件库Debug模式已开启
2026-01-30 15:52:20.108 [JavaFX Application Thread] INFO  o.b.s.BxWinLab.BaseLabel - 控件库Debug模式已开启
2026-01-30 15:52:20.108 [JavaFX Application Thread] INFO  o.b.s.BxWinLab.BaseLabel - 控件库Debug模式已开启
2026-01-30 15:52:20.109 [JavaFX Application Thread] INFO  o.b.s.BxWinLab.BaseLabel - 控件库Debug模式已开启
2026-01-30 15:52:20.109 [JavaFX Application Thread] INFO  o.b.s.BxWinLab.BaseLabel - 控件库Debug模式已开启
2026-01-30 15:52:20.109 [JavaFX Application Thread] INFO  o.b.s.BxWinLab.BaseLabel - 控件库Debug模式已开启
2026-01-30 15:52:20.109 [JavaFX Application Thread] INFO  o.b.s.BxWinLab.BaseLabel - 控件库Debug模式已开启
2026-01-30 15:52:20.109 [JavaFX Application Thread] INFO  o.b.s.BxWinLab.BaseLabel - 控件库Debug模式已开启
2026-01-30 15:52:20.109 [JavaFX Application Thread] INFO  o.b.s.BxWinLab.BaseLabel - 控件库Debug模式已开启
2026-01-30 15:52:20.109 [JavaFX Application Thread] INFO  o.b.s.BxWinLab.BaseLabel - 控件库Debug模式已开启
2026-01-30 15:52:20.110 [JavaFX Application Thread] INFO  o.b.s.BxWinLab.BaseLabel - 控件库Debug模式已开启
2026-01-30 15:52:20.110 [JavaFX Application Thread] INFO  o.b.s.BxWinLab.BaseLabel - 控件库Debug模式已开启
2026-01-30 15:52:20.110 [JavaFX Application Thread] INFO  o.b.s.BxWinLab.BaseLabel - 控件库Debug模式已开启
2026-01-30 15:52:20.111 [JavaFX Application Thread] INFO  o.b.s.Utils.FileUtil - 成功加载文件/org/bxwbb/spigotplugincreatertool/icon/Universal/Setting.png
2026-01-30 15:52:20.112 [JavaFX Application Thread] INFO  o.b.s.BxWinLab.BaseLabel - 控件库Debug模式已开启
2026-01-30 15:52:20.113 [JavaFX Application Thread] INFO  o.b.s.BxWinLab.BaseLabel - 控件库Debug模式已开启
2026-01-30 15:52:20.113 [JavaFX Application Thread] INFO  o.b.s.BxWinLab.BaseLabel - 控件库Debug模式已开启
2026-01-30 15:52:20.113 [JavaFX Application Thread] INFO  o.b.s.BxWinLab.BaseLabel - 控件库Debug模式已开启
2026-01-30 15:52:20.113 [JavaFX Application Thread] INFO  o.b.s.BxWinLab.BaseLabel - 控件库Debug模式已开启
2026-01-30 15:52:20.113 [JavaFX Application Thread] INFO  o.b.s.BxWinLab.BaseLabel - 控件库Debug模式已开启
2026-01-30 15:52:20.113 [JavaFX Application Thread] INFO  o.b.s.BxWinLab.BaseLabel - 控件库Debug模式已开启
2026-01-30 15:52:20.113 [JavaFX Application Thread] INFO  o.b.s.BxWinLab.BaseLabel - 控件库Debug模式已开启
2026-01-30 15:52:20.113 [JavaFX Application Thread] INFO  o.b.s.BxWinLab.BaseLabel - 控件库Debug模式已开启
2026-01-30 15:52:20.113 [JavaFX Application Thread] INFO  o.b.s.BxWinLab.BaseLabel - 控件库Debug模式已开启
2026-01-30 15:52:20.113 [JavaFX Application Thread] INFO  o.b.s.BxWinLab.BaseLabel - 控件库Debug模式已开启
2026-01-30 15:52:20.113 [JavaFX Application Thread] INFO  o.b.s.BxWinLab.BaseLabel - 控件库Debug模式已开启
2026-01-30 15:52:20.113 [JavaFX Application Thread] INFO  o.b.s.BxWinLab.BaseLabel - 控件库Debug模式已开启
2026-01-30 15:52:20.113 [JavaFX Application Thread] INFO  o.b.s.BxWinLab.BaseLabel - 控件库Debug模式已开启
2026-01-30 15:52:20.113 [JavaFX Application Thread] INFO  o.b.s.BxWinLab.BaseLabel - 控件库Debug模式已开启
2026-01-30 15:52:20.114 [JavaFX Application Thread] INFO  o.b.s.BxWinLab.BaseLabel - 控件库Debug模式已开启
2026-01-30 15:52:20.114 [JavaFX Application Thread] INFO  o.b.s.BxWinLab.BaseLabel - 控件库Debug模式已开启
2026-01-30 15:52:20.115 [JavaFX Application Thread] INFO  o.b.s.Utils.FileUtil - 成功加载文件/org/bxwbb/spigotplugincreatertool/icon/Universal/Learn.png
2026-01-30 15:52:20.115 [JavaFX Application Thread] INFO  o.b.s.BxWinLab.BaseLabel - 控件库Debug模式已开启
2026-01-30 15:52:20.115 [JavaFX Application Thread] INFO  o.b.s.BxWinLab.BaseLabel - 控件库Debug模式已开启
2026-01-30 15:52:20.115 [JavaFX Application Thread] INFO  o.b.s.BxWinLab.BaseLabel - 控件库Debug模式已开启
2026-01-30 15:52:20.115 [JavaFX Application Thread] INFO  o.b.s.BxWinLab.BaseLabel - 控件库Debug模式已开启
2026-01-30 15:52:20.115 [JavaFX Application Thread] INFO  o.b.s.BxWinLab.BaseLabel - 控件库Debug模式已开启
2026-01-30 15:52:20.115 [JavaFX Application Thread] INFO  o.b.s.BxWinLab.BaseLabel - 控件库Debug模式已开启
2026-01-30 15:52:20.117 [JavaFX Application Thread] INFO  o.b.s.BxWinLab.BaseLabel - 控件库Debug模式已开启
2026-01-30 15:52:20.117 [JavaFX Application Thread] INFO  o.b.s.BxWinLab.BaseLabel - 控件库Debug模式已开启
2026-01-30 15:52:20.117 [JavaFX Application Thread] INFO  o.b.s.BxWinLab.BaseLabel - 控件库Debug模式已开启
2026-01-30 15:52:20.117 [JavaFX Application Thread] INFO  o.b.s.BxWinLab.BaseLabel - 控件库Debug模式已开启
2026-01-30 15:52:20.117 [JavaFX Application Thread] INFO  o.b.s.BxWinLab.BaseLabel - 控件库Debug模式已开启
2026-01-30 15:52:20.117 [JavaFX Application Thread] INFO  o.b.s.BxWinLab.BaseLabel - 控件库Debug模式已开启
2026-01-30 15:52:20.117 [JavaFX Application Thread] INFO  o.b.s.BxWinLab.BaseLabel - 控件库Debug模式已开启
2026-01-30 15:52:20.117 [JavaFX Application Thread] INFO  o.b.s.BxWinLab.BaseLabel - 控件库Debug模式已开启
2026-01-30 15:52:20.117 [JavaFX Application Thread] INFO  o.b.s.BxWinLab.BaseLabel - 控件库Debug模式已开启
2026-01-30 15:52:20.118 [JavaFX Application Thread] INFO  o.b.s.BxWinLab.BaseLabel - 控件库Debug模式已开启
2026-01-30 15:52:20.118 [JavaFX Application Thread] INFO  o.b.s.BxWinLab.BaseLabel - 控件库Debug模式已开启
2026-01-30 15:52:20.119 [JavaFX Application Thread] INFO  o.b.s.Utils.FileUtil - 成功加载文件/org/bxwbb/spigotplugincreatertool/icon/Universal/Quit.png
2026-01-30 15:52:20.119 [JavaFX Application Thread] INFO  o.b.s.BxWinLab.BaseLabel - 控件库Debug模式已开启
2026-01-30 15:52:20.120 [JavaFX Application Thread] INFO  o.b.s.BxWinLab.BaseLabel - 控件库Debug模式已开启
2026-01-30 15:52:20.120 [JavaFX Application Thread] INFO  o.b.s.BxWinLab.BaseLabel - 控件库Debug模式已开启
2026-01-30 15:52:20.120 [JavaFX Application Thread] INFO  o.b.s.BxWinLab.BaseLabel - 控件库Debug模式已开启
2026-01-30 15:52:20.120 [JavaFX Application Thread] INFO  o.b.s.BxWinLab.BaseLabel - 控件库Debug模式已开启
2026-01-30 15:52:20.120 [JavaFX Application Thread] INFO  o.b.s.BxWinLab.BaseLabel - 控件库Debug模式已开启
2026-01-30 15:52:20.120 [JavaFX Application Thread] INFO  o.b.s.BxWinLab.BaseLabel - 控件库Debug模式已开启
2026-01-30 15:52:20.120 [JavaFX Application Thread] INFO  o.b.s.BxWinLab.BaseLabel - 控件库Debug模式已开启
2026-01-30 15:52:20.120 [JavaFX Application Thread] INFO  o.b.s.BxWinLab.BaseLabel - 控件库Debug模式已开启
2026-01-30 15:52:20.120 [JavaFX Application Thread] INFO  o.b.s.BxWinLab.BaseLabel - 控件库Debug模式已开启
2026-01-30 15:52:20.120 [JavaFX Application Thread] INFO  o.b.s.BxWinLab.BaseLabel - 控件库Debug模式已开启
2026-01-30 15:52:20.120 [JavaFX Application Thread] INFO  o.b.s.BxWinLab.BaseLabel - 控件库Debug模式已开启
2026-01-30 15:52:20.120 [JavaFX Application Thread] INFO  o.b.s.BxWinLab.BaseLabel - 控件库Debug模式已开启
2026-01-30 15:52:20.121 [JavaFX Application Thread] INFO  o.b.s.BxWinLab.BaseLabel - 控件库Debug模式已开启
2026-01-30 15:52:20.121 [JavaFX Application Thread] INFO  o.b.s.BxWinLab.BaseLabel - 控件库Debug模式已开启
2026-01-30 15:52:20.121 [JavaFX Application Thread] INFO  o.b.s.BxWinLab.BaseLabel - 控件库Debug模式已开启
2026-01-30 15:52:20.121 [JavaFX Application Thread] INFO  o.b.s.BxWinLab.BaseLabel - 控件库Debug模式已开启
2026-01-30 15:52:20.130 [JavaFX Application Thread] INFO  o.b.s.BxWinLab.BaseLabel - 控件库Debug模式已开启
2026-01-30 15:52:20.130 [JavaFX Application Thread] INFO  o.b.s.BxWinLab.BaseLabel - 控件库Debug模式已开启
2026-01-30 15:52:20.152 [JavaFX Application Thread] INFO  o.b.s.BxWinLab.BaseLabel - 控件库Debug模式已开启
2026-01-30 15:52:20.153 [JavaFX Application Thread] INFO  o.b.s.Utils.FileUtil - 成功加载文件/org/bxwbb/spigotplugincreatertool/icon/MiniWindowIcon/StartPage.png
2026-01-30 15:52:20.154 [JavaFX Application Thread] INFO  o.b.s.BxWinLab.BaseLabel - 控件库Debug模式已开启
2026-01-30 15:52:20.154 [JavaFX Application Thread] INFO  o.b.s.BxWinLab.BaseLabel - 控件库Debug模式已开启
2026-01-30 15:52:20.154 [JavaFX Application Thread] INFO  o.b.s.BxWinLab.BaseLabel - 控件库Debug模式已开启
2026-01-30 15:52:20.155 [JavaFX Application Thread] INFO  o.b.s.BxWinLab.BaseLabel - 控件库Debug模式已开启
2026-01-30 15:52:20.156 [JavaFX Application Thread] INFO  o.b.s.BxWinLab.BaseLabel - 控件库Debug模式已开启
2026-01-30 15:52:20.156 [JavaFX Application Thread] INFO  o.b.s.BxWinLab.BaseLabel - 控件库Debug模式已开启
2026-01-30 15:52:20.156 [JavaFX Application Thread] INFO  o.b.s.BxWinLab.BaseLabel - 控件库Debug模式已开启
2026-01-30 15:52:20.156 [JavaFX Application Thread] INFO  o.b.s.BxWinLab.BaseLabel - 控件库Debug模式已开启
2026-01-30 15:52:20.156 [JavaFX Application Thread] INFO  o.b.s.BxWinLab.BaseLabel - 控件库Debug模式已开启
2026-01-30 15:52:20.156 [JavaFX Application Thread] INFO  o.b.s.BxWinLab.BaseLabel - 控件库Debug模式已开启
2026-01-30 15:52:20.156 [JavaFX Application Thread] INFO  o.b.s.BxWinLab.BaseLabel - 控件库Debug模式已开启
2026-01-30 15:52:20.156 [JavaFX Application Thread] INFO  o.b.s.BxWinLab.BaseLabel - 控件库Debug模式已开启
2026-01-30 15:52:20.156 [JavaFX Application Thread] INFO  o.b.s.BxWinLab.BaseLabel - 控件库Debug模式已开启
2026-01-30 15:52:20.156 [JavaFX Application Thread] INFO  o.b.s.BxWinLab.BaseLabel - 控件库Debug模式已开启
2026-01-30 15:52:20.158 [JavaFX Application Thread] INFO  o.b.s.BxWinLab.BaseLabel - 控件库Debug模式已开启
2026-01-30 15:52:20.160 [JavaFX Application Thread] INFO  o.b.s.BxWinLab.BaseLabel - 控件库Debug模式已开启
2026-01-30 15:52:20.160 [JavaFX Application Thread] INFO  o.b.s.BxWinLab.BaseLabel - 控件库Debug模式已开启
2026-01-30 15:52:20.161 [JavaFX Application Thread] INFO  o.b.s.BxWinLab.BaseLabel - 控件库Debug模式已开启
2026-01-30 15:52:20.161 [JavaFX Application Thread] INFO  o.b.s.BxWinLab.BaseLabel - 控件库Debug模式已开启
2026-01-30 15:52:20.161 [JavaFX Application Thread] INFO  o.b.s.BxWinLab.BaseLabel - 控件库Debug模式已开启
2026-01-30 15:52:20.161 [JavaFX Application Thread] INFO  o.b.s.BxWinLab.BaseLabel - 控件库Debug模式已开启
2026-01-30 15:52:20.161 [JavaFX Application Thread] INFO  o.b.s.BxWinLab.BaseLabel - 控件库Debug模式已开启
2026-01-30 15:52:20.161 [JavaFX Application Thread] INFO  o.b.s.BxWinLab.BaseLabel - 控件库Debug模式已开启
2026-01-30 15:52:20.161 [JavaFX Application Thread] INFO  o.b.s.BxWinLab.BaseLabel - 控件库Debug模式已开启
2026-01-30 15:52:20.161 [JavaFX Application Thread] INFO  o.b.s.BxWinLab.BaseLabel - 控件库Debug模式已开启
2026-01-30 15:52:20.161 [JavaFX Application Thread] INFO  o.b.s.BxWinLab.BaseLabel - 控件库Debug模式已开启
2026-01-30 15:52:20.161 [JavaFX Application Thread] INFO  o.b.s.BxWinLab.BaseLabel - 控件库Debug模式已开启
2026-01-30 15:52:20.161 [JavaFX Application Thread] INFO  o.b.s.BxWinLab.BaseLabel - 控件库Debug模式已开启
2026-01-30 15:52:34.453 [JavaFX Application Thread] INFO  o.b.s.HelloApplication - 执行停止...
2026-01-30 15:54:46.501 [JavaFX-Launcher] INFO  o.b.s.HelloApplication - 执行初始化...
2026-01-30 15:54:46.506 [JavaFX Application Thread] INFO  o.b.s.HelloApplication - 工具开始启动并加载...
2026-01-30 15:54:46.549 [JavaFX Application Thread] INFO  o.b.s.Utils.FileUtil - 成功加载文件/org/bxwbb/spigotplugincreatertool/icon/icon.png
2026-01-30 15:54:46.726 [JavaFX Application Thread] INFO  o.b.s.Utils.FileUtil - 成功加载文件/org/bxwbb/spigotplugincreatertool/icon/Universal/OpenFolder.png
2026-01-30 15:54:46.738 [JavaFX Application Thread] INFO  o.b.s.Utils.FileUtil - 成功加载文件/org/bxwbb/spigotplugincreatertool/icon/Universal/NewProject.png
2026-01-30 15:54:46.742 [JavaFX Application Thread] INFO  o.b.s.Utils.FileUtil - 成功加载文件/org/bxwbb/spigotplugincreatertool/icon/Universal/Setting.png
2026-01-30 15:54:46.745 [JavaFX Application Thread] INFO  o.b.s.Utils.FileUtil - 成功加载文件/org/bxwbb/spigotplugincreatertool/icon/Universal/Learn.png
2026-01-30 15:54:46.748 [JavaFX Application Thread] INFO  o.b.s.Utils.FileUtil - 成功加载文件/org/bxwbb/spigotplugincreatertool/icon/Universal/Quit.png
2026-01-30 15:54:46.783 [JavaFX Application Thread] INFO  o.b.s.Utils.FileUtil - 成功加载文件/org/bxwbb/spigotplugincreatertool/icon/MiniWindowIcon/StartPage.png
2026-01-30 15:54:47.789 [JavaFX Application Thread] INFO  o.b.s.BxWinLab.BaseLabel - 控件焦点改变至 - org.bxwbb.spigotplugincreatertool.BxWinLab.SwitchBox@7f09eb7d
2026-01-30 15:54:47.854 [JavaFX Application Thread] INFO  o.b.s.Utils.FileUtil - 成功加载文件/org/bxwbb/spigotplugincreatertool/icon/MiniWindowIcon/StartPage.png
2026-01-30 15:55:01.150 [JavaFX Application Thread] INFO  o.b.s.HelloApplication - 执行停止...
2026-01-30 15:55:11.285 [JavaFX-Launcher] INFO  o.b.s.HelloApplication - 执行初始化...
2026-01-30 15:55:11.290 [JavaFX Application Thread] INFO  o.b.s.HelloApplication - 工具开始启动并加载...
2026-01-30 15:55:11.334 [JavaFX Application Thread] INFO  o.b.s.Utils.FileUtil - 成功加载文件/org/bxwbb/spigotplugincreatertool/icon/icon.png
2026-01-30 15:55:11.515 [JavaFX Application Thread] INFO  o.b.s.Utils.FileUtil - 成功加载文件/org/bxwbb/spigotplugincreatertool/icon/Universal/OpenFolder.png
2026-01-30 15:55:11.527 [JavaFX Application Thread] INFO  o.b.s.Utils.FileUtil - 成功加载文件/org/bxwbb/spigotplugincreatertool/icon/Universal/NewProject.png
2026-01-30 15:55:11.531 [JavaFX Application Thread] INFO  o.b.s.Utils.FileUtil - 成功加载文件/org/bxwbb/spigotplugincreatertool/icon/Universal/Setting.png
2026-01-30 15:55:11.535 [JavaFX Application Thread] INFO  o.b.s.Utils.FileUtil - 成功加载文件/org/bxwbb/spigotplugincreatertool/icon/Universal/Learn.png
2026-01-30 15:55:11.537 [JavaFX Application Thread] INFO  o.b.s.Utils.FileUtil - 成功加载文件/org/bxwbb/spigotplugincreatertool/icon/Universal/Quit.png
2026-01-30 15:55:11.573 [JavaFX Application Thread] INFO  o.b.s.Utils.FileUtil - 成功加载文件/org/bxwbb/spigotplugincreatertool/icon/MiniWindowIcon/StartPage.png
2026-01-30 15:55:12.222 [JavaFX Application Thread] INFO  o.b.s.BxWinLab.BaseLabel - 控件焦点改变至 - org.bxwbb.spigotplugincreatertool.BxWinLab.SwitchBox@7f09eb7d
2026-01-30 15:55:12.322 [JavaFX Application Thread] INFO  o.b.s.Utils.FileUtil - 成功加载文件/org/bxwbb/spigotplugincreatertool/icon/MiniWindowIcon/StartPage.png
2026-01-30 15:55:13.969 [JavaFX Application Thread] INFO  o.b.s.BxWinLab.BaseLabel - 控件焦点改变至 - org.bxwbb.spigotplugincreatertool.BxWinLab.ButtonBox@336ff60b
2026-01-30 15:55:15.431 [JavaFX Application Thread] INFO  o.b.s.BxWinLab.BaseLabel - 控件焦点改变至 - org.bxwbb.spigotplugincreatertool.BxWinLab.SwitchBox@7f09eb7d
2026-01-30 15:55:15.560 [JavaFX Application Thread] INFO  o.b.s.Utils.FileUtil - 成功加载文件/org/bxwbb/spigotplugincreatertool/icon/MiniWindowIcon/StartPage.png
2026-01-30 15:55:17.104 [JavaFX Application Thread] INFO  o.b.s.Utils.FileUtil - 成功加载文件/org/bxwbb/spigotplugincreatertool/icon/MiniWindowIcon/StartPage.png
2026-01-30 15:55:18.240 [JavaFX Application Thread] INFO  o.b.s.BxWinLab.BaseLabel - 控件焦点改变至 - org.bxwbb.spigotplugincreatertool.Window.StartPage@3d122efb
2026-01-30 15:55:18.887 [JavaFX Application Thread] INFO  o.b.s.BxWinLab.BaseLabel - 控件焦点改变至 - org.bxwbb.spigotplugincreatertool.BxWinLab.ButtonBox@2795081d
2026-01-30 15:55:21.687 [JavaFX Application Thread] INFO  o.b.s.BxWinLab.BaseLabel - 控件焦点改变至 - org.bxwbb.spigotplugincreatertool.BxWinLab.SwitchBox@7f09eb7d
2026-01-30 15:55:21.879 [JavaFX Application Thread] INFO  o.b.s.Utils.FileUtil - 成功加载文件/org/bxwbb/spigotplugincreatertool/icon/MiniWindowIcon/StartPage.png
2026-01-30 15:55:23.994 [JavaFX Application Thread] INFO  o.b.s.HelloApplication - 执行停止...
2026-01-30 15:55:55.261 [JavaFX-Launcher] INFO  o.b.s.HelloApplication - 执行初始化...
2026-01-30 15:55:55.267 [JavaFX Application Thread] INFO  o.b.s.HelloApplication - 工具开始启动并加载...
2026-01-30 15:55:55.317 [JavaFX Application Thread] INFO  o.b.s.Utils.FileUtil - 成功加载文件/org/bxwbb/spigotplugincreatertool/icon/icon.png
2026-01-30 15:55:55.506 [JavaFX Application Thread] INFO  o.b.s.Utils.FileUtil - 成功加载文件/org/bxwbb/spigotplugincreatertool/icon/Universal/OpenFolder.png
2026-01-30 15:55:55.513 [JavaFX Application Thread] INFO  o.b.s.Utils.FileUtil - 成功加载文件/org/bxwbb/spigotplugincreatertool/icon/Universal/NewProject.png
2026-01-30 15:55:55.516 [JavaFX Application Thread] INFO  o.b.s.Utils.FileUtil - 成功加载文件/org/bxwbb/spigotplugincreatertool/icon/Universal/Setting.png
2026-01-30 15:55:55.520 [JavaFX Application Thread] INFO  o.b.s.Utils.FileUtil - 成功加载文件/org/bxwbb/spigotplugincreatertool/icon/Universal/Learn.png
2026-01-30 15:55:55.523 [JavaFX Application Thread] INFO  o.b.s.Utils.FileUtil - 成功加载文件/org/bxwbb/spigotplugincreatertool/icon/Universal/Quit.png
2026-01-30 15:55:55.561 [JavaFX Application Thread] INFO  o.b.s.Utils.FileUtil - 成功加载文件/org/bxwbb/spigotplugincreatertool/icon/MiniWindowIcon/StartPage.png
2026-01-30 15:55:56.172 [JavaFX Application Thread] INFO  o.b.s.BxWinLab.BaseLabel - 控件焦点改变至 - org.bxwbb.spigotplugincreatertool.BxWinLab.SwitchBox@338026d4
2026-01-30 15:55:56.244 [JavaFX Application Thread] INFO  o.b.s.Utils.FileUtil - 成功加载文件/org/bxwbb/spigotplugincreatertool/icon/MiniWindowIcon/StartPage.png
2026-01-30 15:56:01.412 [JavaFX Application Thread] INFO  o.b.s.HelloApplication - 执行停止...
2026-01-30 15:56:06.693 [JavaFX-Launcher] INFO  o.b.s.HelloApplication - 执行初始化...
2026-01-30 15:56:06.699 [JavaFX Application Thread] INFO  o.b.s.HelloApplication - 工具开始启动并加载...
2026-01-30 15:56:06.741 [JavaFX Application Thread] INFO  o.b.s.Utils.FileUtil - 成功加载文件/org/bxwbb/spigotplugincreatertool/icon/icon.png
2026-01-30 15:56:06.926 [JavaFX Application Thread] INFO  o.b.s.Utils.FileUtil - 成功加载文件/org/bxwbb/spigotplugincreatertool/icon/Universal/OpenFolder.png
2026-01-30 15:56:06.934 [JavaFX Application Thread] INFO  o.b.s.Utils.FileUtil - 成功加载文件/org/bxwbb/spigotplugincreatertool/icon/Universal/NewProject.png
2026-01-30 15:56:06.938 [JavaFX Application Thread] INFO  o.b.s.Utils.FileUtil - 成功加载文件/org/bxwbb/spigotplugincreatertool/icon/Universal/Setting.png
2026-01-30 15:56:06.941 [JavaFX Application Thread] INFO  o.b.s.Utils.FileUtil - 成功加载文件/org/bxwbb/spigotplugincreatertool/icon/Universal/Learn.png
2026-01-30 15:56:06.945 [JavaFX Application Thread] INFO  o.b.s.Utils.FileUtil - 成功加载文件/org/bxwbb/spigotplugincreatertool/icon/Universal/Quit.png
2026-01-30 15:56:06.980 [JavaFX Application Thread] INFO  o.b.s.Utils.FileUtil - 成功加载文件/org/bxwbb/spigotplugincreatertool/icon/MiniWindowIcon/StartPage.png
2026-01-30 15:56:07.642 [JavaFX Application Thread] INFO  o.b.s.BxWinLab.BaseLabel - 控件焦点改变至 - org.bxwbb.spigotplugincreatertool.BxWinLab.SwitchBox@254cda60
2026-01-30 15:56:07.756 [JavaFX Application Thread] INFO  o.b.s.Utils.FileUtil - 成功加载文件/org/bxwbb/spigotplugincreatertool/icon/MiniWindowIcon/StartPage.png
2026-01-30 15:56:09.882 [JavaFX Application Thread] INFO  o.b.s.HelloApplication - 执行停止...
2026-01-30 15:56:15.600 [JavaFX-Launcher] INFO  o.b.s.HelloApplication - 执行初始化...
2026-01-30 15:56:15.606 [JavaFX Application Thread] INFO  o.b.s.HelloApplication - 工具开始启动并加载...
2026-01-30 15:56:15.648 [JavaFX Application Thread] INFO  o.b.s.Utils.FileUtil - 成功加载文件/org/bxwbb/spigotplugincreatertool/icon/icon.png
2026-01-30 15:56:15.830 [JavaFX Application Thread] INFO  o.b.s.Utils.FileUtil - 成功加载文件/org/bxwbb/spigotplugincreatertool/icon/Universal/OpenFolder.png
2026-01-30 15:56:15.839 [JavaFX Application Thread] INFO  o.b.s.Utils.FileUtil - 成功加载文件/org/bxwbb/spigotplugincreatertool/icon/Universal/NewProject.png
2026-01-30 15:56:15.843 [JavaFX Application Thread] INFO  o.b.s.Utils.FileUtil - 成功加载文件/org/bxwbb/spigotplugincreatertool/icon/Universal/Setting.png
2026-01-30 15:56:15.846 [JavaFX Application Thread] INFO  o.b.s.Utils.FileUtil - 成功加载文件/org/bxwbb/spigotplugincreatertool/icon/Universal/Learn.png
2026-01-30 15:56:15.849 [JavaFX Application Thread] INFO  o.b.s.Utils.FileUtil - 成功加载文件/org/bxwbb/spigotplugincreatertool/icon/Universal/Quit.png
2026-01-30 15:56:15.885 [JavaFX Application Thread] INFO  o.b.s.Utils.FileUtil - 成功加载文件/org/bxwbb/spigotplugincreatertool/icon/MiniWindowIcon/StartPage.png
2026-01-30 15:56:16.701 [JavaFX Application Thread] INFO  o.b.s.BxWinLab.BaseLabel - 控件焦点改变至 - org.bxwbb.spigotplugincreatertool.BxWinLab.SwitchBox@254cda60
2026-01-30 15:56:16.800 [JavaFX Application Thread] INFO  o.b.s.Utils.FileUtil - 成功加载文件/org/bxwbb/spigotplugincreatertool/icon/MiniWindowIcon/StartPage.png
2026-01-30 15:56:17.344 [JavaFX Application Thread] INFO  o.b.s.BxWinLab.BaseLabel - 控件焦点改变至 - org.bxwbb.spigotplugincreatertool.BxWinLab.ButtonBox@4cbef0c5
2026-01-30 15:56:18.144 [JavaFX Application Thread] INFO  o.b.s.BxWinLab.BaseLabel - 控件焦点改变至 - org.bxwbb.spigotplugincreatertool.BxWinLab.SwitchBox@254cda60
2026-01-30 15:56:18.249 [JavaFX Application Thread] INFO  o.b.s.Utils.FileUtil - 成功加载文件/org/bxwbb/spigotplugincreatertool/icon/MiniWindowIcon/StartPage.png
2026-01-30 15:56:19.160 [JavaFX Application Thread] INFO  o.b.s.BxWinLab.BaseLabel - 控件焦点改变至 - org.bxwbb.spigotplugincreatertool.BxWinLab.ButtonBox@1b0c1e0a
2026-01-30 15:56:19.665 [JavaFX Application Thread] INFO  o.b.s.BxWinLab.BaseLabel - 控件焦点改变至 - org.bxwbb.spigotplugincreatertool.BxWinLab.SwitchBox@254cda60
2026-01-30 15:56:19.776 [JavaFX Application Thread] INFO  o.b.s.Utils.FileUtil - 成功加载文件/org/bxwbb/spigotplugincreatertool/icon/MiniWindowIcon/StartPage.png
2026-01-30 15:56:20.280 [JavaFX Application Thread] INFO  o.b.s.BxWinLab.BaseLabel - 控件焦点改变至 - org.bxwbb.spigotplugincreatertool.BxWinLab.ButtonBox@66da3b4d
2026-01-30 15:56:21.609 [JavaFX Application Thread] INFO  o.b.s.HelloApplication - 执行停止...
2026-01-30 15:59:13.917 [JavaFX-Launcher] INFO  o.b.s.HelloApplication - 执行初始化...
2026-01-30 15:59:13.923 [JavaFX Application Thread] INFO  o.b.s.HelloApplication - 工具开始启动并加载...
2026-01-30 15:59:13.965 [JavaFX Application Thread] INFO  o.b.s.Utils.FileUtil - 成功加载文件/org/bxwbb/spigotplugincreatertool/icon/icon.png
2026-01-30 15:59:14.143 [JavaFX Application Thread] INFO  o.b.s.Utils.FileUtil - 成功加载文件/org/bxwbb/spigotplugincreatertool/icon/Universal/OpenFolder.png
2026-01-30 15:59:14.155 [JavaFX Application Thread] INFO  o.b.s.Utils.FileUtil - 成功加载文件/org/bxwbb/spigotplugincreatertool/icon/Universal/NewProject.png
2026-01-30 15:59:14.159 [JavaFX Application Thread] INFO  o.b.s.Utils.FileUtil - 成功加载文件/org/bxwbb/spigotplugincreatertool/icon/Universal/Setting.png
2026-01-30 15:59:14.162 [JavaFX Application Thread] INFO  o.b.s.Utils.FileUtil - 成功加载文件/org/bxwbb/spigotplugincreatertool/icon/Universal/Learn.png
2026-01-30 15:59:14.165 [JavaFX Application Thread] INFO  o.b.s.Utils.FileUtil - 成功加载文件/org/bxwbb/spigotplugincreatertool/icon/Universal/Quit.png
2026-01-30 15:59:14.202 [JavaFX Application Thread] INFO  o.b.s.Utils.FileUtil - 成功加载文件/org/bxwbb/spigotplugincreatertool/icon/MiniWindowIcon/StartPage.png
2026-01-30 15:59:14.887 [JavaFX Application Thread] INFO  o.b.s.BxWinLab.BaseLabel - 控件焦点改变至 - org.bxwbb.spigotplugincreatertool.BxWinLab.SwitchBox@7f09eb7d
2026-01-30 15:59:14.978 [JavaFX Application Thread] INFO  o.b.s.Utils.FileUtil - 成功加载文件/org/bxwbb/spigotplugincreatertool/icon/MiniWindowIcon/StartPage.png
2026-01-30 15:59:16.176 [JavaFX Application Thread] INFO  o.b.s.BxWinLab.BaseLabel - 控件焦点改变至 - org.bxwbb.spigotplugincreatertool.BxWinLab.ButtonBox@8323522
2026-01-30 15:59:17.614 [JavaFX Application Thread] INFO  o.b.s.HelloApplication - 执行停止...
2026-01-30 15:59:29.753 [JavaFX-Launcher] INFO  o.b.s.HelloApplication - 执行初始化...
2026-01-30 15:59:29.758 [JavaFX Application Thread] INFO  o.b.s.HelloApplication - 工具开始启动并加载...
2026-01-30 15:59:29.801 [JavaFX Application Thread] INFO  o.b.s.Utils.FileUtil - 成功加载文件/org/bxwbb/spigotplugincreatertool/icon/icon.png
2026-01-30 15:59:29.984 [JavaFX Application Thread] INFO  o.b.s.Utils.FileUtil - 成功加载文件/org/bxwbb/spigotplugincreatertool/icon/Universal/OpenFolder.png
2026-01-30 15:59:29.996 [JavaFX Application Thread] INFO  o.b.s.Utils.FileUtil - 成功加载文件/org/bxwbb/spigotplugincreatertool/icon/Universal/NewProject.png
2026-01-30 15:59:30.000 [JavaFX Application Thread] INFO  o.b.s.Utils.FileUtil - 成功加载文件/org/bxwbb/spigotplugincreatertool/icon/Universal/Setting.png
2026-01-30 15:59:30.003 [JavaFX Application Thread] INFO  o.b.s.Utils.FileUtil - 成功加载文件/org/bxwbb/spigotplugincreatertool/icon/Universal/Learn.png
2026-01-30 15:59:30.005 [JavaFX Application Thread] INFO  o.b.s.Utils.FileUtil - 成功加载文件/org/bxwbb/spigotplugincreatertool/icon/Universal/Quit.png
2026-01-30 15:59:30.041 [JavaFX Application Thread] INFO  o.b.s.Utils.FileUtil - 成功加载文件/org/bxwbb/spigotplugincreatertool/icon/MiniWindowIcon/StartPage.png
2026-01-30 15:59:31.063 [JavaFX Application Thread] INFO  o.b.s.BxWinLab.BaseLabel - 控件焦点改变至 - org.bxwbb.spigotplugincreatertool.BxWinLab.SwitchBox@7f09eb7d
2026-01-30 15:59:31.180 [JavaFX Application Thread] INFO  o.b.s.Utils.FileUtil - 成功加载文件/org/bxwbb/spigotplugincreatertool/icon/MiniWindowIcon/StartPage.png
2026-01-30 15:59:34.498 [JavaFX Application Thread] INFO  o.b.s.HelloApplication - 执行停止...
2026-01-30 16:00:00.459 [JavaFX-Launcher] INFO  o.b.s.HelloApplication - 执行初始化...
2026-01-30 16:00:00.464 [JavaFX Application Thread] INFO  o.b.s.HelloApplication - 工具开始启动并加载...
2026-01-30 16:00:00.506 [JavaFX Application Thread] INFO  o.b.s.Utils.FileUtil - 成功加载文件/org/bxwbb/spigotplugincreatertool/icon/icon.png
2026-01-30 16:00:00.690 [JavaFX Application Thread] INFO  o.b.s.Utils.FileUtil - 成功加载文件/org/bxwbb/spigotplugincreatertool/icon/Universal/OpenFolder.png
2026-01-30 16:00:00.698 [JavaFX Application Thread] INFO  o.b.s.Utils.FileUtil - 成功加载文件/org/bxwbb/spigotplugincreatertool/icon/Universal/NewProject.png
2026-01-30 16:00:00.702 [JavaFX Application Thread] INFO  o.b.s.Utils.FileUtil - 成功加载文件/org/bxwbb/spigotplugincreatertool/icon/Universal/Setting.png
2026-01-30 16:00:00.705 [JavaFX Application Thread] INFO  o.b.s.Utils.FileUtil - 成功加载文件/org/bxwbb/spigotplugincreatertool/icon/Universal/Learn.png
2026-01-30 16:00:00.708 [JavaFX Application Thread] INFO  o.b.s.Utils.FileUtil - 成功加载文件/org/bxwbb/spigotplugincreatertool/icon/Universal/Quit.png
2026-01-30 16:00:00.743 [JavaFX Application Thread] INFO  o.b.s.Utils.FileUtil - 成功加载文件/org/bxwbb/spigotplugincreatertool/icon/MiniWindowIcon/StartPage.png
2026-01-30 16:00:01.858 [JavaFX Application Thread] INFO  o.b.s.BxWinLab.BaseLabel - 控件焦点改变至 - org.bxwbb.spigotplugincreatertool.BxWinLab.SwitchBox@254cda60
2026-01-30 16:00:01.936 [JavaFX Application Thread] INFO  o.b.s.Utils.FileUtil - 成功加载文件/org/bxwbb/spigotplugincreatertool/icon/MiniWindowIcon/StartPage.png
2026-01-30 16:00:05.777 [JavaFX Application Thread] INFO  o.b.s.HelloApplication - 执行停止...
2026-01-30 16:00:12.479 [JavaFX-Launcher] INFO  o.b.s.HelloApplication - 执行初始化...
2026-01-30 16:00:12.485 [JavaFX Application Thread] INFO  o.b.s.HelloApplication - 工具开始启动并加载...
2026-01-30 16:00:12.527 [JavaFX Application Thread] INFO  o.b.s.Utils.FileUtil - 成功加载文件/org/bxwbb/spigotplugincreatertool/icon/icon.png
2026-01-30 16:00:12.710 [JavaFX Application Thread] INFO  o.b.s.Utils.FileUtil - 成功加载文件/org/bxwbb/spigotplugincreatertool/icon/Universal/OpenFolder.png
2026-01-30 16:00:12.717 [JavaFX Application Thread] INFO  o.b.s.Utils.FileUtil - 成功加载文件/org/bxwbb/spigotplugincreatertool/icon/Universal/NewProject.png
2026-01-30 16:00:12.721 [JavaFX Application Thread] INFO  o.b.s.Utils.FileUtil - 成功加载文件/org/bxwbb/spigotplugincreatertool/icon/Universal/Setting.png
2026-01-30 16:00:12.725 [JavaFX Application Thread] INFO  o.b.s.Utils.FileUtil - 成功加载文件/org/bxwbb/spigotplugincreatertool/icon/Universal/Learn.png
2026-01-30 16:00:12.727 [JavaFX Application Thread] INFO  o.b.s.Utils.FileUtil - 成功加载文件/org/bxwbb/spigotplugincreatertool/icon/Universal/Quit.png
2026-01-30 16:00:12.763 [JavaFX Application Thread] INFO  o.b.s.Utils.FileUtil - 成功加载文件/org/bxwbb/spigotplugincreatertool/icon/MiniWindowIcon/StartPage.png
2026-01-30 16:00:13.284 [JavaFX Application Thread] INFO  o.b.s.BxWinLab.BaseLabel - 控件焦点改变至 - org.bxwbb.spigotplugincreatertool.BxWinLab.SwitchBox@254cda60
2026-01-30 16:00:13.374 [JavaFX Application Thread] INFO  o.b.s.Utils.FileUtil - 成功加载文件/org/bxwbb/spigotplugincreatertool/icon/MiniWindowIcon/StartPage.png
2026-01-30 16:00:15.052 [JavaFX Application Thread] INFO  o.b.s.BxWinLab.BaseLabel - 控件焦点改变至 - org.bxwbb.spigotplugincreatertool.BxWinLab.ButtonBox@4073439c
2026-01-30 16:00:16.533 [JavaFX Application Thread] INFO  o.b.s.HelloApplication - 执行停止...
2026-01-30 16:00:51.808 [JavaFX-Launcher] INFO  o.b.s.HelloApplication - 执行初始化...
2026-01-30 16:00:51.813 [JavaFX Application Thread] INFO  o.b.s.HelloApplication - 工具开始启动并加载...
2026-01-30 16:00:51.854 [JavaFX Application Thread] INFO  o.b.s.Utils.FileUtil - 成功加载文件/org/bxwbb/spigotplugincreatertool/icon/icon.png
2026-01-30 16:00:52.029 [JavaFX Application Thread] INFO  o.b.s.Utils.FileUtil - 成功加载文件/org/bxwbb/spigotplugincreatertool/icon/Universal/OpenFolder.png
2026-01-30 16:00:52.041 [JavaFX Application Thread] INFO  o.b.s.Utils.FileUtil - 成功加载文件/org/bxwbb/spigotplugincreatertool/icon/Universal/NewProject.png
2026-01-30 16:00:52.045 [JavaFX Application Thread] INFO  o.b.s.Utils.FileUtil - 成功加载文件/org/bxwbb/spigotplugincreatertool/icon/Universal/Setting.png
2026-01-30 16:00:52.048 [JavaFX Application Thread] INFO  o.b.s.Utils.FileUtil - 成功加载文件/org/bxwbb/spigotplugincreatertool/icon/Universal/Learn.png
2026-01-30 16:00:52.051 [JavaFX Application Thread] INFO  o.b.s.Utils.FileUtil - 成功加载文件/org/bxwbb/spigotplugincreatertool/icon/Universal/Quit.png
2026-01-30 16:00:52.086 [JavaFX Application Thread] INFO  o.b.s.Utils.FileUtil - 成功加载文件/org/bxwbb/spigotplugincreatertool/icon/MiniWindowIcon/StartPage.png
2026-01-30 16:00:52.121 [JavaFX Application Thread] INFO  o.b.s.Utils.FileUtil - 成功加载文件/org/bxwbb/spigotplugincreatertool/icon/MiniWindowIcon/FileManager.png
2026-01-30 16:00:55.005 [JavaFX Application Thread] INFO  o.b.s.BxWinLab.BaseLabel - 控件焦点改变至 - org.bxwbb.spigotplugincreatertool.BxWinLab.SwitchBox@27987858
2026-01-30 16:00:55.098 [JavaFX Application Thread] INFO  o.b.s.Utils.FileUtil - 成功加载文件/org/bxwbb/spigotplugincreatertool/icon/MiniWindowIcon/StartPage.png
2026-01-30 16:00:55.101 [JavaFX Application Thread] INFO  o.b.s.Utils.FileUtil - 成功加载文件/org/bxwbb/spigotplugincreatertool/icon/MiniWindowIcon/FileManager.png
2026-01-30 16:00:57.578 [JavaFX Application Thread] INFO  o.b.s.BxWinLab.BaseLabel - 控件焦点改变至 - org.bxwbb.spigotplugincreatertool.BxWinLab.SwitchBox@30e42e96
2026-01-30 16:00:57.681 [JavaFX Application Thread] INFO  o.b.s.Utils.FileUtil - 成功加载文件/org/bxwbb/spigotplugincreatertool/icon/MiniWindowIcon/StartPage.png
2026-01-30 16:00:57.683 [JavaFX Application Thread] INFO  o.b.s.Utils.FileUtil - 成功加载文件/org/bxwbb/spigotplugincreatertool/icon/MiniWindowIcon/FileManager.png
2026-01-30 16:00:58.705 [JavaFX Application Thread] INFO  o.b.s.BxWinLab.BaseLabel - 控件焦点改变至 - org.bxwbb.spigotplugincreatertool.BxWinLab.ButtonBox@6dfbe487
2026-01-30 16:00:59.528 [JavaFX Application Thread] INFO  o.b.s.BxWinLab.BaseLabel - 控件焦点改变至 - org.bxwbb.spigotplugincreatertool.BxWinLab.SwitchBox@30e42e96
2026-01-30 16:00:59.632 [JavaFX Application Thread] INFO  o.b.s.Utils.FileUtil - 成功加载文件/org/bxwbb/spigotplugincreatertool/icon/MiniWindowIcon/StartPage.png
2026-01-30 16:00:59.634 [JavaFX Application Thread] INFO  o.b.s.Utils.FileUtil - 成功加载文件/org/bxwbb/spigotplugincreatertool/icon/MiniWindowIcon/FileManager.png
2026-01-30 16:01:10.465 [JavaFX Application Thread] INFO  o.b.s.HelloApplication - 执行停止...
2026-01-30 16:01:35.275 [JavaFX-Launcher] INFO  o.b.s.HelloApplication - 执行初始化...
2026-01-30 16:01:35.281 [JavaFX Application Thread] INFO  o.b.s.HelloApplication - 工具开始启动并加载...
2026-01-30 16:01:35.322 [JavaFX Application Thread] INFO  o.b.s.Utils.FileUtil - 成功加载文件/org/bxwbb/spigotplugincreatertool/icon/icon.png
2026-01-30 16:01:35.502 [JavaFX Application Thread] INFO  o.b.s.Utils.FileUtil - 成功加载文件/org/bxwbb/spigotplugincreatertool/icon/Universal/OpenFolder.png
2026-01-30 16:01:35.513 [JavaFX Application Thread] INFO  o.b.s.Utils.FileUtil - 成功加载文件/org/bxwbb/spigotplugincreatertool/icon/Universal/NewProject.png
2026-01-30 16:01:35.517 [JavaFX Application Thread] INFO  o.b.s.Utils.FileUtil - 成功加载文件/org/bxwbb/spigotplugincreatertool/icon/Universal/Setting.png
2026-01-30 16:01:35.520 [JavaFX Application Thread] INFO  o.b.s.Utils.FileUtil - 成功加载文件/org/bxwbb/spigotplugincreatertool/icon/Universal/Learn.png
2026-01-30 16:01:35.523 [JavaFX Application Thread] INFO  o.b.s.Utils.FileUtil - 成功加载文件/org/bxwbb/spigotplugincreatertool/icon/Universal/Quit.png
2026-01-30 16:01:35.560 [JavaFX Application Thread] INFO  o.b.s.Utils.FileUtil - 成功加载文件/org/bxwbb/spigotplugincreatertool/icon/MiniWindowIcon/StartPage.png
2026-01-30 16:01:35.570 [JavaFX Application Thread] INFO  o.b.s.Utils.FileUtil - 成功加载文件/org/bxwbb/spigotplugincreatertool/icon/MiniWindowIcon/StartPage.png
2026-01-30 16:01:35.606 [JavaFX Application Thread] INFO  o.b.s.Utils.FileUtil - 成功加载文件/org/bxwbb/spigotplugincreatertool/icon/MiniWindowIcon/FileManager.png
2026-01-30 16:01:35.608 [JavaFX Application Thread] INFO  o.b.s.Utils.FileUtil - 成功加载文件/org/bxwbb/spigotplugincreatertool/icon/MiniWindowIcon/StartPage.png
2026-01-30 16:01:35.609 [JavaFX Application Thread] INFO  o.b.s.Utils.FileUtil - 成功加载文件/org/bxwbb/spigotplugincreatertool/icon/MiniWindowIcon/FileManager.png
2026-01-30 16:01:38.407 [JavaFX Application Thread] INFO  o.b.s.BxWinLab.BaseLabel - 控件焦点改变至 - org.bxwbb.spigotplugincreatertool.BxWinLab.SwitchBox@55351a11
2026-01-30 16:01:42.272 [JavaFX Application Thread] INFO  o.b.s.BxWinLab.BaseLabel - 控件焦点改变至 - org.bxwbb.spigotplugincreatertool.BxWinLab.SwitchBox@5ca21bc7
2026-01-30 16:01:45.707 [JavaFX Application Thread] INFO  o.b.s.BxWinLab.BaseLabel - 控件焦点改变至 - org.bxwbb.spigotplugincreatertool.BxWinLab.ImageTextButtonBox@fec5d8e
2026-01-30 16:01:46.467 [JavaFX Application Thread] INFO  o.b.s.BxWinLab.BaseLabel - 控件焦点改变至 - org.bxwbb.spigotplugincreatertool.BxWinLab.ImageTextButtonBox@1d1d437f
2026-01-30 16:01:56.835 [JavaFX Application Thread] INFO  o.b.s.HelloApplication - 执行停止...
2026-01-30 16:03:16.493 [JavaFX-Launcher] INFO  o.b.s.HelloApplication - 执行初始化...
2026-01-30 16:03:16.499 [JavaFX Application Thread] INFO  o.b.s.HelloApplication - 工具开始启动并加载...
2026-01-30 16:03:16.540 [JavaFX Application Thread] INFO  o.b.s.Utils.FileUtil - 成功加载文件/org/bxwbb/spigotplugincreatertool/icon/icon.png
2026-01-30 16:03:16.715 [JavaFX Application Thread] INFO  o.b.s.Utils.FileUtil - 成功加载文件/org/bxwbb/spigotplugincreatertool/icon/Universal/OpenFolder.png
2026-01-30 16:03:16.724 [JavaFX Application Thread] INFO  o.b.s.Utils.FileUtil - 成功加载文件/org/bxwbb/spigotplugincreatertool/icon/Universal/NewProject.png
2026-01-30 16:03:16.728 [JavaFX Application Thread] INFO  o.b.s.Utils.FileUtil - 成功加载文件/org/bxwbb/spigotplugincreatertool/icon/Universal/Setting.png
2026-01-30 16:03:16.732 [JavaFX Application Thread] INFO  o.b.s.Utils.FileUtil - 成功加载文件/org/bxwbb/spigotplugincreatertool/icon/Universal/Learn.png
2026-01-30 16:03:16.734 [JavaFX Application Thread] INFO  o.b.s.Utils.FileUtil - 成功加载文件/org/bxwbb/spigotplugincreatertool/icon/Universal/Quit.png
2026-01-30 16:03:16.769 [JavaFX Application Thread] INFO  o.b.s.Utils.FileUtil - 成功加载文件/org/bxwbb/spigotplugincreatertool/icon/MiniWindowIcon/StartPage.png
2026-01-30 16:03:16.806 [JavaFX Application Thread] INFO  o.b.s.Utils.FileUtil - 成功加载文件/org/bxwbb/spigotplugincreatertool/icon/MiniWindowIcon/FileManager.png
2026-01-30 16:03:17.813 [JavaFX Application Thread] INFO  o.b.s.BxWinLab.BaseLabel - 控件焦点改变至 - org.bxwbb.spigotplugincreatertool.BxWinLab.SwitchBox@2a8cd231
2026-01-30 16:03:17.963 [JavaFX Application Thread] INFO  o.b.s.Utils.FileUtil - 成功加载文件/org/bxwbb/spigotplugincreatertool/icon/MiniWindowIcon/StartPage.png
2026-01-30 16:03:17.966 [JavaFX Application Thread] INFO  o.b.s.Utils.FileUtil - 成功加载文件/org/bxwbb/spigotplugincreatertool/icon/MiniWindowIcon/FileManager.png
2026-01-30 16:03:21.736 [JavaFX Application Thread] INFO  o.b.s.HelloApplication - 执行停止...
2026-01-30 16:03:41.432 [JavaFX-Launcher] INFO  o.b.s.HelloApplication - 执行初始化...
2026-01-30 16:03:41.438 [JavaFX Application Thread] INFO  o.b.s.HelloApplication - 工具开始启动并加载...
2026-01-30 16:03:41.482 [JavaFX Application Thread] INFO  o.b.s.Utils.FileUtil - 成功加载文件/org/bxwbb/spigotplugincreatertool/icon/icon.png
2026-01-30 16:03:41.655 [JavaFX Application Thread] INFO  o.b.s.Utils.FileUtil - 成功加载文件/org/bxwbb/spigotplugincreatertool/icon/Universal/OpenFolder.png
2026-01-30 16:03:41.666 [JavaFX Application Thread] INFO  o.b.s.Utils.FileUtil - 成功加载文件/org/bxwbb/spigotplugincreatertool/icon/Universal/NewProject.png
2026-01-30 16:03:41.670 [JavaFX Application Thread] INFO  o.b.s.Utils.FileUtil - 成功加载文件/org/bxwbb/spigotplugincreatertool/icon/Universal/Setting.png
2026-01-30 16:03:41.673 [JavaFX Application Thread] INFO  o.b.s.Utils.FileUtil - 成功加载文件/org/bxwbb/spigotplugincreatertool/icon/Universal/Learn.png
2026-01-30 16:03:41.676 [JavaFX Application Thread] INFO  o.b.s.Utils.FileUtil - 成功加载文件/org/bxwbb/spigotplugincreatertool/icon/Universal/Quit.png
2026-01-30 16:03:41.714 [JavaFX Application Thread] INFO  o.b.s.Utils.FileUtil - 成功加载文件/org/bxwbb/spigotplugincreatertool/icon/MiniWindowIcon/StartPage.png
2026-01-30 16:03:41.754 [JavaFX Application Thread] INFO  o.b.s.Utils.FileUtil - 成功加载文件/org/bxwbb/spigotplugincreatertool/icon/MiniWindowIcon/FileManager.png
2026-01-30 16:03:43.454 [JavaFX Application Thread] INFO  o.b.s.BxWinLab.BaseLabel - 控件焦点改变至 - org.bxwbb.spigotplugincreatertool.BxWinLab.SwitchBox@15dda503
2026-01-30 16:03:43.587 [JavaFX Application Thread] INFO  o.b.s.Utils.FileUtil - 成功加载文件/org/bxwbb/spigotplugincreatertool/icon/MiniWindowIcon/StartPage.png
2026-01-30 16:03:43.589 [JavaFX Application Thread] INFO  o.b.s.Utils.FileUtil - 成功加载文件/org/bxwbb/spigotplugincreatertool/icon/MiniWindowIcon/FileManager.png
2026-01-30 16:03:46.245 [JavaFX Application Thread] INFO  o.b.s.HelloApplication - 执行停止...
2026-01-30 16:10:46.307 [JavaFX-Launcher] INFO  o.b.s.HelloApplication - 执行初始化...
2026-01-30 16:10:46.313 [JavaFX Application Thread] INFO  o.b.s.HelloApplication - 工具开始启动并加载...
2026-01-30 16:10:46.362 [JavaFX Application Thread] INFO  o.b.s.Utils.FileUtil - 成功加载文件/org/bxwbb/spigotplugincreatertool/icon/icon.png
2026-01-30 16:10:46.561 [JavaFX Application Thread] INFO  o.b.s.Utils.FileUtil - 成功加载文件/org/bxwbb/spigotplugincreatertool/icon/Universal/OpenFolder.png
2026-01-30 16:10:46.570 [JavaFX Application Thread] INFO  o.b.s.Utils.FileUtil - 成功加载文件/org/bxwbb/spigotplugincreatertool/icon/Universal/NewProject.png
2026-01-30 16:10:46.573 [JavaFX Application Thread] INFO  o.b.s.Utils.FileUtil - 成功加载文件/org/bxwbb/spigotplugincreatertool/icon/Universal/Setting.png
2026-01-30 16:10:46.577 [JavaFX Application Thread] INFO  o.b.s.Utils.FileUtil - 成功加载文件/org/bxwbb/spigotplugincreatertool/icon/Universal/Learn.png
2026-01-30 16:10:46.579 [JavaFX Application Thread] INFO  o.b.s.Utils.FileUtil - 成功加载文件/org/bxwbb/spigotplugincreatertool/icon/Universal/Quit.png
2026-01-30 16:10:46.626 [JavaFX Application Thread] INFO  o.b.s.Utils.FileUtil - 成功加载文件/org/bxwbb/spigotplugincreatertool/icon/MiniWindowIcon/StartPage.png
2026-01-30 16:10:46.666 [JavaFX Application Thread] INFO  o.b.s.Utils.FileUtil - 成功加载文件/org/bxwbb/spigotplugincreatertool/icon/MiniWindowIcon/FileManager.png
2026-01-30 16:10:51.693 [JavaFX Application Thread] INFO  o.b.s.HelloApplication - 执行停止...
2026-01-30 16:11:08.498 [JavaFX-Launcher] INFO  o.b.s.HelloApplication - 执行初始化...
2026-01-30 16:11:08.504 [JavaFX Application Thread] INFO  o.b.s.HelloApplication - 工具开始启动并加载...
2026-01-30 16:11:08.545 [JavaFX Application Thread] INFO  o.b.s.Utils.FileUtil - 成功加载文件/org/bxwbb/spigotplugincreatertool/icon/icon.png
2026-01-30 16:11:08.725 [JavaFX Application Thread] INFO  o.b.s.Utils.FileUtil - 成功加载文件/org/bxwbb/spigotplugincreatertool/icon/Universal/OpenFolder.png
2026-01-30 16:11:08.736 [JavaFX Application Thread] INFO  o.b.s.Utils.FileUtil - 成功加载文件/org/bxwbb/spigotplugincreatertool/icon/Universal/NewProject.png
2026-01-30 16:11:08.739 [JavaFX Application Thread] INFO  o.b.s.Utils.FileUtil - 成功加载文件/org/bxwbb/spigotplugincreatertool/icon/Universal/Setting.png
2026-01-30 16:11:08.743 [JavaFX Application Thread] INFO  o.b.s.Utils.FileUtil - 成功加载文件/org/bxwbb/spigotplugincreatertool/icon/Universal/Learn.png
2026-01-30 16:11:08.746 [JavaFX Application Thread] INFO  o.b.s.Utils.FileUtil - 成功加载文件/org/bxwbb/spigotplugincreatertool/icon/Universal/Quit.png
2026-01-30 16:11:08.789 [JavaFX Application Thread] INFO  o.b.s.Utils.FileUtil - 成功加载文件/org/bxwbb/spigotplugincreatertool/icon/MiniWindowIcon/StartPage.png
2026-01-30 16:11:08.828 [JavaFX Application Thread] INFO  o.b.s.Utils.FileUtil - 成功加载文件/org/bxwbb/spigotplugincreatertool/icon/MiniWindowIcon/FileManager.png
2026-01-30 16:11:17.624 [JavaFX Application Thread] INFO  o.b.s.BxWinLab.BaseLabel - 控件焦点改变至 - org.bxwbb.spigotplugincreatertool.BxWinLab.SwitchBox@38fd738e
2026-01-30 16:11:17.822 [JavaFX Application Thread] INFO  o.b.s.Utils.FileUtil - 成功加载文件/org/bxwbb/spigotplugincreatertool/icon/MiniWindowIcon/StartPage.png
2026-01-30 16:11:17.825 [JavaFX Application Thread] INFO  o.b.s.Utils.FileUtil - 成功加载文件/org/bxwbb/spigotplugincreatertool/icon/MiniWindowIcon/FileManager.png
2026-01-30 16:11:26.123 [JavaFX Application Thread] INFO  o.b.s.BxWinLab.BaseLabel - 控件焦点改变至 - org.bxwbb.spigotplugincreatertool.BxWinLab.ButtonBox@52ea0734
2026-01-30 16:11:28.432 [JavaFX Application Thread] INFO  o.b.s.BxWinLab.BaseLabel - 控件焦点改变至 - org.bxwbb.spigotplugincreatertool.BxWinLab.SwitchBox@38fd738e
2026-01-30 16:11:28.569 [JavaFX Application Thread] INFO  o.b.s.Utils.FileUtil - 成功加载文件/org/bxwbb/spigotplugincreatertool/icon/MiniWindowIcon/StartPage.png
2026-01-30 16:11:28.572 [JavaFX Application Thread] INFO  o.b.s.Utils.FileUtil - 成功加载文件/org/bxwbb/spigotplugincreatertool/icon/MiniWindowIcon/FileManager.png
2026-01-30 16:11:29.474 [JavaFX Application Thread] INFO  o.b.s.BxWinLab.BaseLabel - 控件焦点改变至 - org.bxwbb.spigotplugincreatertool.BxWinLab.ButtonBox@1035bb61
2026-01-30 16:11:30.368 [JavaFX Application Thread] INFO  o.b.s.BxWinLab.BaseLabel - 控件焦点改变至 - org.bxwbb.spigotplugincreatertool.BxWinLab.SwitchBox@38fd738e
2026-01-30 16:11:30.489 [JavaFX Application Thread] INFO  o.b.s.Utils.FileUtil - 成功加载文件/org/bxwbb/spigotplugincreatertool/icon/MiniWindowIcon/StartPage.png
2026-01-30 16:11:30.491 [JavaFX Application Thread] INFO  o.b.s.Utils.FileUtil - 成功加载文件/org/bxwbb/spigotplugincreatertool/icon/MiniWindowIcon/FileManager.png
2026-01-30 16:11:31.465 [JavaFX Application Thread] INFO  o.b.s.BxWinLab.BaseLabel - 控件焦点改变至 - org.bxwbb.spigotplugincreatertool.BxWinLab.ButtonBox@2a63f69f
2026-01-30 16:11:32.472 [JavaFX Application Thread] INFO  o.b.s.BxWinLab.BaseLabel - 控件焦点改变至 - org.bxwbb.spigotplugincreatertool.BxWinLab.SwitchBox@38fd738e
2026-01-30 16:11:32.592 [JavaFX Application Thread] INFO  o.b.s.Utils.FileUtil - 成功加载文件/org/bxwbb/spigotplugincreatertool/icon/MiniWindowIcon/StartPage.png
2026-01-30 16:11:32.595 [JavaFX Application Thread] INFO  o.b.s.Utils.FileUtil - 成功加载文件/org/bxwbb/spigotplugincreatertool/icon/MiniWindowIcon/FileManager.png
2026-01-30 16:11:33.657 [JavaFX Application Thread] INFO  o.b.s.BxWinLab.BaseLabel - 控件焦点改变至 - org.bxwbb.spigotplugincreatertool.BxWinLab.ButtonBox@1b17a2fe
2026-01-30 16:11:49.723 [JavaFX Application Thread] INFO  o.b.s.HelloApplication - 执行停止...
2026-01-30 16:15:46.036 [JavaFX-Launcher] INFO  o.b.s.HelloApplication - 执行初始化...
2026-01-30 16:15:46.042 [JavaFX Application Thread] INFO  o.b.s.HelloApplication - 工具开始启动并加载...
2026-01-30 16:15:46.083 [JavaFX Application Thread] INFO  o.b.s.Utils.FileUtil - 成功加载文件/org/bxwbb/spigotplugincreatertool/icon/icon.png
2026-01-30 16:15:46.274 [JavaFX Application Thread] INFO  o.b.s.Utils.FileUtil - 成功加载文件/org/bxwbb/spigotplugincreatertool/icon/Universal/OpenFolder.png
2026-01-30 16:15:46.283 [JavaFX Application Thread] INFO  o.b.s.Utils.FileUtil - 成功加载文件/org/bxwbb/spigotplugincreatertool/icon/Universal/NewProject.png
2026-01-30 16:15:46.287 [JavaFX Application Thread] INFO  o.b.s.Utils.FileUtil - 成功加载文件/org/bxwbb/spigotplugincreatertool/icon/Universal/Setting.png
2026-01-30 16:15:46.290 [JavaFX Application Thread] INFO  o.b.s.Utils.FileUtil - 成功加载文件/org/bxwbb/spigotplugincreatertool/icon/Universal/Learn.png
2026-01-30 16:15:46.293 [JavaFX Application Thread] INFO  o.b.s.Utils.FileUtil - 成功加载文件/org/bxwbb/spigotplugincreatertool/icon/Universal/Quit.png
2026-01-30 16:15:46.336 [JavaFX Application Thread] INFO  o.b.s.Utils.FileUtil - 成功加载文件/org/bxwbb/spigotplugincreatertool/icon/MiniWindowIcon/StartPage.png
2026-01-30 16:15:46.384 [JavaFX Application Thread] INFO  o.b.s.Utils.FileUtil - 成功加载文件/org/bxwbb/spigotplugincreatertool/icon/MiniWindowIcon/FileManager.png
2026-01-30 16:15:49.237 [JavaFX Application Thread] INFO  o.b.s.BxWinLab.BaseLabel - 控件焦点改变至 - org.bxwbb.spigotplugincreatertool.BxWinLab.SwitchBox@415879b
2026-01-30 16:15:49.366 [JavaFX Application Thread] INFO  o.b.s.Utils.FileUtil - 成功加载文件/org/bxwbb/spigotplugincreatertool/icon/MiniWindowIcon/StartPage.png
2026-01-30 16:15:49.369 [JavaFX Application Thread] INFO  o.b.s.Utils.FileUtil - 成功加载文件/org/bxwbb/spigotplugincreatertool/icon/MiniWindowIcon/FileManager.png
2026-01-30 16:15:53.480 [JavaFX Application Thread] INFO  o.b.s.Utils.FileUtil - 成功加载文件/org/bxwbb/spigotplugincreatertool/icon/MiniWindowIcon/StartPage.png
2026-01-30 16:15:53.482 [JavaFX Application Thread] INFO  o.b.s.Utils.FileUtil - 成功加载文件/org/bxwbb/spigotplugincreatertool/icon/MiniWindowIcon/FileManager.png
2026-01-30 16:15:53.994 [JavaFX Application Thread] INFO  o.b.s.Utils.FileUtil - 成功加载文件/org/bxwbb/spigotplugincreatertool/icon/MiniWindowIcon/StartPage.png
2026-01-30 16:15:53.996 [JavaFX Application Thread] INFO  o.b.s.Utils.FileUtil - 成功加载文件/org/bxwbb/spigotplugincreatertool/icon/MiniWindowIcon/FileManager.png
2026-01-30 16:15:54.360 [JavaFX Application Thread] INFO  o.b.s.Utils.FileUtil - 成功加载文件/org/bxwbb/spigotplugincreatertool/icon/MiniWindowIcon/StartPage.png
2026-01-30 16:15:54.362 [JavaFX Application Thread] INFO  o.b.s.Utils.FileUtil - 成功加载文件/org/bxwbb/spigotplugincreatertool/icon/MiniWindowIcon/FileManager.png
2026-01-30 16:15:54.682 [JavaFX Application Thread] INFO  o.b.s.Utils.FileUtil - 成功加载文件/org/bxwbb/spigotplugincreatertool/icon/MiniWindowIcon/StartPage.png
2026-01-30 16:15:54.684 [JavaFX Application Thread] INFO  o.b.s.Utils.FileUtil - 成功加载文件/org/bxwbb/spigotplugincreatertool/icon/MiniWindowIcon/FileManager.png
2026-01-30 16:15:55.779 [JavaFX Application Thread] INFO  o.b.s.Utils.FileUtil - 成功加载文件/org/bxwbb/spigotplugincreatertool/icon/MiniWindowIcon/StartPage.png
2026-01-30 16:15:55.780 [JavaFX Application Thread] INFO  o.b.s.Utils.FileUtil - 成功加载文件/org/bxwbb/spigotplugincreatertool/icon/MiniWindowIcon/FileManager.png
2026-01-30 16:16:01.703 [JavaFX Application Thread] INFO  o.b.s.BxWinLab.BaseLabel - 控件焦点改变至 - org.bxwbb.spigotplugincreatertool.BxWinLab.SwitchBox@1590c6b1
2026-01-30 16:16:01.823 [JavaFX Application Thread] INFO  o.b.s.Utils.FileUtil - 成功加载文件/org/bxwbb/spigotplugincreatertool/icon/MiniWindowIcon/StartPage.png
2026-01-30 16:16:01.824 [JavaFX Application Thread] INFO  o.b.s.Utils.FileUtil - 成功加载文件/org/bxwbb/spigotplugincreatertool/icon/MiniWindowIcon/FileManager.png
2026-01-30 16:16:03.279 [JavaFX Application Thread] INFO  o.b.s.Utils.FileUtil - 成功加载文件/org/bxwbb/spigotplugincreatertool/icon/MiniWindowIcon/StartPage.png
2026-01-30 16:16:03.280 [JavaFX Application Thread] INFO  o.b.s.Utils.FileUtil - 成功加载文件/org/bxwbb/spigotplugincreatertool/icon/MiniWindowIcon/FileManager.png
2026-01-30 16:16:19.214 [JavaFX Application Thread] INFO  o.b.s.BxWinLab.BaseLabel - 控件焦点改变至 - org.bxwbb.spigotplugincreatertool.BxWinLab.SwitchBox@415879b
2026-01-30 16:16:19.333 [JavaFX Application Thread] INFO  o.b.s.Utils.FileUtil - 成功加载文件/org/bxwbb/spigotplugincreatertool/icon/MiniWindowIcon/StartPage.png
2026-01-30 16:16:19.334 [JavaFX Application Thread] INFO  o.b.s.Utils.FileUtil - 成功加载文件/org/bxwbb/spigotplugincreatertool/icon/MiniWindowIcon/FileManager.png
2026-01-30 16:16:29.159 [JavaFX Application Thread] INFO  o.b.s.HelloApplication - 执行停止...
2026-01-30 16:17:21.333 [JavaFX-Launcher] INFO  o.b.s.HelloApplication - 执行初始化...
2026-01-30 16:17:21.338 [JavaFX Application Thread] INFO  o.b.s.HelloApplication - 工具开始启动并加载...
2026-01-30 16:17:21.380 [JavaFX Application Thread] INFO  o.b.s.Utils.FileUtil - 成功加载文件/org/bxwbb/spigotplugincreatertool/icon/icon.png
2026-01-30 16:17:21.562 [JavaFX Application Thread] INFO  o.b.s.Utils.FileUtil - 成功加载文件/org/bxwbb/spigotplugincreatertool/icon/Universal/OpenFolder.png
2026-01-30 16:17:21.572 [JavaFX Application Thread] INFO  o.b.s.Utils.FileUtil - 成功加载文件/org/bxwbb/spigotplugincreatertool/icon/Universal/NewProject.png
2026-01-30 16:17:21.576 [JavaFX Application Thread] INFO  o.b.s.Utils.FileUtil - 成功加载文件/org/bxwbb/spigotplugincreatertool/icon/Universal/Setting.png
2026-01-30 16:17:21.579 [JavaFX Application Thread] INFO  o.b.s.Utils.FileUtil - 成功加载文件/org/bxwbb/spigotplugincreatertool/icon/Universal/Learn.png
2026-01-30 16:17:21.581 [JavaFX Application Thread] INFO  o.b.s.Utils.FileUtil - 成功加载文件/org/bxwbb/spigotplugincreatertool/icon/Universal/Quit.png
2026-01-30 16:17:21.625 [JavaFX Application Thread] INFO  o.b.s.Utils.FileUtil - 成功加载文件/org/bxwbb/spigotplugincreatertool/icon/MiniWindowIcon/StartPage.png
2026-01-30 16:17:21.671 [JavaFX Application Thread] INFO  o.b.s.Utils.FileUtil - 成功加载文件/org/bxwbb/spigotplugincreatertool/icon/MiniWindowIcon/FileManager.png
2026-01-30 16:17:22.430 [JavaFX Application Thread] INFO  o.b.s.BxWinLab.BaseLabel - 控件焦点改变至 - org.bxwbb.spigotplugincreatertool.BxWinLab.SwitchBox@38fd738e
2026-01-30 16:17:22.540 [JavaFX Application Thread] INFO  o.b.s.Utils.FileUtil - 成功加载文件/org/bxwbb/spigotplugincreatertool/icon/MiniWindowIcon/StartPage.png
2026-01-30 16:17:22.544 [JavaFX Application Thread] INFO  o.b.s.Utils.FileUtil - 成功加载文件/org/bxwbb/spigotplugincreatertool/icon/MiniWindowIcon/FileManager.png
2026-01-30 16:17:24.861 [JavaFX Application Thread] INFO  o.b.s.BxWinLab.BaseLabel - 控件焦点改变至 - org.bxwbb.spigotplugincreatertool.BxWinLab.ButtonBox@52ea0734
2026-01-30 16:17:34.815 [JavaFX Application Thread] INFO  o.b.s.HelloApplication - 执行停止...
2026-01-30 16:17:49.083 [JavaFX-Launcher] INFO  o.b.s.HelloApplication - 执行初始化...
2026-01-30 16:17:49.090 [JavaFX Application Thread] INFO  o.b.s.HelloApplication - 工具开始启动并加载...
2026-01-30 16:17:49.143 [JavaFX Application Thread] INFO  o.b.s.Utils.FileUtil - 成功加载文件/org/bxwbb/spigotplugincreatertool/icon/icon.png
2026-01-30 16:17:49.352 [JavaFX Application Thread] INFO  o.b.s.Utils.FileUtil - 成功加载文件/org/bxwbb/spigotplugincreatertool/icon/Universal/OpenFolder.png
2026-01-30 16:17:49.363 [JavaFX Application Thread] INFO  o.b.s.Utils.FileUtil - 成功加载文件/org/bxwbb/spigotplugincreatertool/icon/Universal/NewProject.png
2026-01-30 16:17:49.367 [JavaFX Application Thread] INFO  o.b.s.Utils.FileUtil - 成功加载文件/org/bxwbb/spigotplugincreatertool/icon/Universal/Setting.png
2026-01-30 16:17:49.371 [JavaFX Application Thread] INFO  o.b.s.Utils.FileUtil - 成功加载文件/org/bxwbb/spigotplugincreatertool/icon/Universal/Learn.png
2026-01-30 16:17:49.374 [JavaFX Application Thread] INFO  o.b.s.Utils.FileUtil - 成功加载文件/org/bxwbb/spigotplugincreatertool/icon/Universal/Quit.png
2026-01-30 16:17:49.407 [JavaFX Application Thread] INFO  o.b.s.Utils.FileUtil - 成功加载文件/org/bxwbb/spigotplugincreatertool/icon/MiniWindowIcon/StartPage.png
2026-01-30 16:17:49.446 [JavaFX Application Thread] INFO  o.b.s.Utils.FileUtil - 成功加载文件/org/bxwbb/spigotplugincreatertool/icon/MiniWindowIcon/FileManager.png
2026-01-30 16:17:52.661 [JavaFX Application Thread] INFO  o.b.s.BxWinLab.BaseLabel - 控件焦点改变至 - org.bxwbb.spigotplugincreatertool.BxWinLab.SwitchBox@27992867
2026-01-30 16:17:52.694 [JavaFX Application Thread] INFO  o.b.s.Utils.FileUtil - 成功加载文件/org/bxwbb/spigotplugincreatertool/icon/MiniWindowIcon/StartPage.png
2026-01-30 16:17:54.368 [JavaFX Application Thread] INFO  o.b.s.Utils.FileUtil - 成功加载文件/org/bxwbb/spigotplugincreatertool/icon/MiniWindowIcon/FileManager.png
2026-01-30 16:20:39.927 [JavaFX Application Thread] INFO  o.b.s.Utils.FileUtil - 成功加载文件/org/bxwbb/spigotplugincreatertool/icon/MiniWindowIcon/StartPage.png
2026-01-30 16:20:39.931 [JavaFX Application Thread] INFO  o.b.s.Utils.FileUtil - 成功加载文件/org/bxwbb/spigotplugincreatertool/icon/MiniWindowIcon/FileManager.png
2026-01-30 16:21:38.509 [JavaFX-Launcher] INFO  o.b.s.HelloApplication - 执行初始化...
2026-01-30 16:21:38.514 [JavaFX Application Thread] INFO  o.b.s.HelloApplication - 工具开始启动并加载...
2026-01-30 16:21:38.554 [JavaFX Application Thread] INFO  o.b.s.Utils.FileUtil - 成功加载文件/org/bxwbb/spigotplugincreatertool/icon/icon.png
2026-01-30 16:21:38.724 [JavaFX Application Thread] INFO  o.b.s.Utils.FileUtil - 成功加载文件/org/bxwbb/spigotplugincreatertool/icon/Universal/OpenFolder.png
2026-01-30 16:21:38.737 [JavaFX Application Thread] INFO  o.b.s.Utils.FileUtil - 成功加载文件/org/bxwbb/spigotplugincreatertool/icon/Universal/NewProject.png
2026-01-30 16:21:38.741 [JavaFX Application Thread] INFO  o.b.s.Utils.FileUtil - 成功加载文件/org/bxwbb/spigotplugincreatertool/icon/Universal/Setting.png
2026-01-30 16:21:38.743 [JavaFX Application Thread] INFO  o.b.s.Utils.FileUtil - 成功加载文件/org/bxwbb/spigotplugincreatertool/icon/Universal/Learn.png
2026-01-30 16:21:38.746 [JavaFX Application Thread] INFO  o.b.s.Utils.FileUtil - 成功加载文件/org/bxwbb/spigotplugincreatertool/icon/Universal/Quit.png
2026-01-30 16:21:38.783 [JavaFX Application Thread] INFO  o.b.s.Utils.FileUtil - 成功加载文件/org/bxwbb/spigotplugincreatertool/icon/MiniWindowIcon/StartPage.png
2026-01-30 16:21:38.801 [JavaFX Application Thread] INFO  o.b.s.HelloApplication - 执行停止...
2026-01-30 16:22:40.492 [JavaFX-Launcher] INFO  o.b.s.HelloApplication - 执行初始化...
2026-01-30 16:22:40.497 [JavaFX Application Thread] INFO  o.b.s.HelloApplication - 工具开始启动并加载...
2026-01-30 16:22:40.538 [JavaFX Application Thread] INFO  o.b.s.Utils.FileUtil - 成功加载文件/org/bxwbb/spigotplugincreatertool/icon/icon.png
2026-01-30 16:22:40.712 [JavaFX Application Thread] INFO  o.b.s.Utils.FileUtil - 成功加载文件/org/bxwbb/spigotplugincreatertool/icon/Universal/OpenFolder.png
2026-01-30 16:22:40.722 [JavaFX Application Thread] INFO  o.b.s.Utils.FileUtil - 成功加载文件/org/bxwbb/spigotplugincreatertool/icon/Universal/NewProject.png
2026-01-30 16:22:40.726 [JavaFX Application Thread] INFO  o.b.s.Utils.FileUtil - 成功加载文件/org/bxwbb/spigotplugincreatertool/icon/Universal/Setting.png
2026-01-30 16:22:40.729 [JavaFX Application Thread] INFO  o.b.s.Utils.FileUtil - 成功加载文件/org/bxwbb/spigotplugincreatertool/icon/Universal/Learn.png
2026-01-30 16:22:40.732 [JavaFX Application Thread] INFO  o.b.s.Utils.FileUtil - 成功加载文件/org/bxwbb/spigotplugincreatertool/icon/Universal/Quit.png
2026-01-30 16:22:40.767 [JavaFX Application Thread] INFO  o.b.s.Utils.FileUtil - 成功加载文件/org/bxwbb/spigotplugincreatertool/icon/MiniWindowIcon/StartPage.png
2026-01-30 16:25:40.023 [JavaFX-Launcher] INFO  o.b.s.HelloApplication - 执行初始化...
2026-01-30 16:25:40.029 [JavaFX Application Thread] INFO  o.b.s.HelloApplication - 工具开始启动并加载...
2026-01-30 16:25:40.071 [JavaFX Application Thread] INFO  o.b.s.Utils.FileUtil - 成功加载文件/org/bxwbb/spigotplugincreatertool/icon/icon.png
2026-01-30 16:25:40.245 [JavaFX Application Thread] INFO  o.b.s.Utils.FileUtil - 成功加载文件/org/bxwbb/spigotplugincreatertool/icon/Universal/OpenFolder.png
2026-01-30 16:25:40.254 [JavaFX Application Thread] INFO  o.b.s.Utils.FileUtil - 成功加载文件/org/bxwbb/spigotplugincreatertool/icon/Universal/NewProject.png
2026-01-30 16:25:40.258 [JavaFX Application Thread] INFO  o.b.s.Utils.FileUtil - 成功加载文件/org/bxwbb/spigotplugincreatertool/icon/Universal/Setting.png
2026-01-30 16:25:40.262 [JavaFX Application Thread] INFO  o.b.s.Utils.FileUtil - 成功加载文件/org/bxwbb/spigotplugincreatertool/icon/Universal/Learn.png
2026-01-30 16:25:40.264 [JavaFX Application Thread] INFO  o.b.s.Utils.FileUtil - 成功加载文件/org/bxwbb/spigotplugincreatertool/icon/Universal/Quit.png
2026-01-30 16:25:40.299 [JavaFX Application Thread] INFO  o.b.s.Utils.FileUtil - 成功加载文件/org/bxwbb/spigotplugincreatertool/icon/MiniWindowIcon/StartPage.png
2026-01-30 16:25:57.382 [JavaFX-Launcher] INFO  o.b.s.HelloApplication - 执行初始化...
2026-01-30 16:25:57.387 [JavaFX Application Thread] INFO  o.b.s.HelloApplication - 工具开始启动并加载...
2026-01-30 16:25:57.428 [JavaFX Application Thread] INFO  o.b.s.Utils.FileUtil - 成功加载文件/org/bxwbb/spigotplugincreatertool/icon/icon.png
2026-01-30 16:25:57.612 [JavaFX Application Thread] INFO  o.b.s.Utils.FileUtil - 成功加载文件/org/bxwbb/spigotplugincreatertool/icon/Universal/OpenFolder.png
2026-01-30 16:25:57.622 [JavaFX Application Thread] INFO  o.b.s.Utils.FileUtil - 成功加载文件/org/bxwbb/spigotplugincreatertool/icon/Universal/NewProject.png
2026-01-30 16:25:57.625 [JavaFX Application Thread] INFO  o.b.s.Utils.FileUtil - 成功加载文件/org/bxwbb/spigotplugincreatertool/icon/Universal/Setting.png
2026-01-30 16:25:57.629 [JavaFX Application Thread] INFO  o.b.s.Utils.FileUtil - 成功加载文件/org/bxwbb/spigotplugincreatertool/icon/Universal/Learn.png
2026-01-30 16:25:57.631 [JavaFX Application Thread] INFO  o.b.s.Utils.FileUtil - 成功加载文件/org/bxwbb/spigotplugincreatertool/icon/Universal/Quit.png
2026-01-30 16:25:57.669 [JavaFX Application Thread] INFO  o.b.s.Utils.FileUtil - 成功加载文件/org/bxwbb/spigotplugincreatertool/icon/MiniWindowIcon/StartPage.png
2026-01-30 16:25:57.715 [JavaFX Application Thread] INFO  o.b.s.Utils.FileUtil - 成功加载文件/org/bxwbb/spigotplugincreatertool/icon/MiniWindowIcon/FileManager.png
2026-01-30 16:26:00.011 [JavaFX Application Thread] INFO  o.b.s.HelloApplication - 执行停止...
2026-01-30 16:26:07.134 [JavaFX-Launcher] INFO  o.b.s.HelloApplication - 执行初始化...
2026-01-30 16:26:07.142 [JavaFX Application Thread] INFO  o.b.s.HelloApplication - 工具开始启动并加载...
2026-01-30 16:26:07.221 [JavaFX Application Thread] INFO  o.b.s.Utils.FileUtil - 成功加载文件/org/bxwbb/spigotplugincreatertool/icon/icon.png
2026-01-30 16:26:07.416 [JavaFX Application Thread] INFO  o.b.s.Utils.FileUtil - 成功加载文件/org/bxwbb/spigotplugincreatertool/icon/Universal/OpenFolder.png
2026-01-30 16:26:07.427 [JavaFX Application Thread] INFO  o.b.s.Utils.FileUtil - 成功加载文件/org/bxwbb/spigotplugincreatertool/icon/Universal/NewProject.png
2026-01-30 16:26:07.431 [JavaFX Application Thread] INFO  o.b.s.Utils.FileUtil - 成功加载文件/org/bxwbb/spigotplugincreatertool/icon/Universal/Setting.png
2026-01-30 16:26:07.435 [JavaFX Application Thread] INFO  o.b.s.Utils.FileUtil - 成功加载文件/org/bxwbb/spigotplugincreatertool/icon/Universal/Learn.png
2026-01-30 16:26:07.439 [JavaFX Application Thread] INFO  o.b.s.Utils.FileUtil - 成功加载文件/org/bxwbb/spigotplugincreatertool/icon/Universal/Quit.png
2026-01-30 16:26:07.507 [JavaFX Application Thread] INFO  o.b.s.Utils.FileUtil - 成功加载文件/org/bxwbb/spigotplugincreatertool/icon/MiniWindowIcon/StartPage.png
2026-01-30 16:27:31.664 [JavaFX-Launcher] INFO  o.b.s.HelloApplication - 执行初始化...
2026-01-30 16:27:31.669 [JavaFX Application Thread] INFO  o.b.s.HelloApplication - 工具开始启动并加载...
2026-01-30 16:27:31.710 [JavaFX Application Thread] INFO  o.b.s.Utils.FileUtil - 成功加载文件/org/bxwbb/spigotplugincreatertool/icon/icon.png
2026-01-30 16:27:31.884 [JavaFX Application Thread] INFO  o.b.s.Utils.FileUtil - 成功加载文件/org/bxwbb/spigotplugincreatertool/icon/Universal/OpenFolder.png
2026-01-30 16:27:31.894 [JavaFX Application Thread] INFO  o.b.s.Utils.FileUtil - 成功加载文件/org/bxwbb/spigotplugincreatertool/icon/Universal/NewProject.png
2026-01-30 16:27:31.897 [JavaFX Application Thread] INFO  o.b.s.Utils.FileUtil - 成功加载文件/org/bxwbb/spigotplugincreatertool/icon/Universal/Setting.png
2026-01-30 16:27:31.900 [JavaFX Application Thread] INFO  o.b.s.Utils.FileUtil - 成功加载文件/org/bxwbb/spigotplugincreatertool/icon/Universal/Learn.png
2026-01-30 16:27:31.903 [JavaFX Application Thread] INFO  o.b.s.Utils.FileUtil - 成功加载文件/org/bxwbb/spigotplugincreatertool/icon/Universal/Quit.png
2026-01-30 16:27:31.939 [JavaFX Application Thread] INFO  o.b.s.Utils.FileUtil - 成功加载文件/org/bxwbb/spigotplugincreatertool/icon/MiniWindowIcon/StartPage.png
2026-01-30 16:27:31.945 [JavaFX Application Thread] INFO  o.b.s.HelloApplication - 执行停止...
2026-01-30 16:29:25.608 [JavaFX-Launcher] INFO  o.b.s.HelloApplication - 执行初始化...
2026-01-30 16:29:25.613 [JavaFX Application Thread] INFO  o.b.s.HelloApplication - 工具开始启动并加载...
2026-01-30 16:29:25.655 [JavaFX Application Thread] INFO  o.b.s.Utils.FileUtil - 成功加载文件/org/bxwbb/spigotplugincreatertool/icon/icon.png
2026-01-30 16:29:25.843 [JavaFX Application Thread] INFO  o.b.s.Utils.FileUtil - 成功加载文件/org/bxwbb/spigotplugincreatertool/icon/Universal/OpenFolder.png
2026-01-30 16:29:25.852 [JavaFX Application Thread] INFO  o.b.s.Utils.FileUtil - 成功加载文件/org/bxwbb/spigotplugincreatertool/icon/Universal/NewProject.png
2026-01-30 16:29:25.856 [JavaFX Application Thread] INFO  o.b.s.Utils.FileUtil - 成功加载文件/org/bxwbb/spigotplugincreatertool/icon/Universal/Setting.png
2026-01-30 16:29:25.859 [JavaFX Application Thread] INFO  o.b.s.Utils.FileUtil - 成功加载文件/org/bxwbb/spigotplugincreatertool/icon/Universal/Learn.png
2026-01-30 16:29:25.862 [JavaFX Application Thread] INFO  o.b.s.Utils.FileUtil - 成功加载文件/org/bxwbb/spigotplugincreatertool/icon/Universal/Quit.png
2026-01-30 16:29:25.899 [JavaFX Application Thread] INFO  o.b.s.Utils.FileUtil - 成功加载文件/org/bxwbb/spigotplugincreatertool/icon/MiniWindowIcon/StartPage.png
2026-01-30 16:29:25.904 [JavaFX Application Thread] INFO  o.b.s.HelloApplication - 执行停止...
2026-01-30 16:30:37.989 [JavaFX-Launcher] INFO  o.b.s.HelloApplication - 执行初始化...
2026-01-30 16:30:37.995 [JavaFX Application Thread] INFO  o.b.s.HelloApplication - 工具开始启动并加载...
2026-01-30 16:30:38.034 [JavaFX Application Thread] INFO  o.b.s.Utils.FileUtil - 成功加载文件/org/bxwbb/spigotplugincreatertool/icon/icon.png
2026-01-30 16:30:38.212 [JavaFX Application Thread] INFO  o.b.s.Utils.FileUtil - 成功加载文件/org/bxwbb/spigotplugincreatertool/icon/Universal/OpenFolder.png
2026-01-30 16:30:38.221 [JavaFX Application Thread] INFO  o.b.s.Utils.FileUtil - 成功加载文件/org/bxwbb/spigotplugincreatertool/icon/Universal/NewProject.png
2026-01-30 16:30:38.225 [JavaFX Application Thread] INFO  o.b.s.Utils.FileUtil - 成功加载文件/org/bxwbb/spigotplugincreatertool/icon/Universal/Setting.png
2026-01-30 16:30:38.228 [JavaFX Application Thread] INFO  o.b.s.Utils.FileUtil - 成功加载文件/org/bxwbb/spigotplugincreatertool/icon/Universal/Learn.png
2026-01-30 16:30:38.230 [JavaFX Application Thread] INFO  o.b.s.Utils.FileUtil - 成功加载文件/org/bxwbb/spigotplugincreatertool/icon/Universal/Quit.png
2026-01-30 16:30:38.267 [JavaFX Application Thread] INFO  o.b.s.Utils.FileUtil - 成功加载文件/org/bxwbb/spigotplugincreatertool/icon/MiniWindowIcon/StartPage.png
2026-01-30 16:30:38.270 [JavaFX Application Thread] WARN  o.b.s.BxWinLab.BaseLabel - 无法包裹元素(org.bxwbb.spigotplugincreatertool.BxWinLab.HorizontalLayout@4889f6dc,无法初始化值yChange) - 尝试包裹浮动体
2026-01-30 16:30:38.271 [JavaFX Application Thread] WARN  o.b.s.BxWinLab.BaseLabel - 无法包裹元素(org.bxwbb.spigotplugincreatertool.BxWinLab.HorizontalLayout@4889f6dc,无法初始化值yChange) - 尝试包裹浮动体
2026-01-30 16:30:38.271 [JavaFX Application Thread] WARN  o.b.s.BxWinLab.BaseLabel - 无法包裹元素(org.bxwbb.spigotplugincreatertool.BxWinLab.HorizontalLayout@4889f6dc,无法初始化值yChange) - 尝试包裹浮动体
2026-01-30 16:30:38.271 [JavaFX Application Thread] WARN  o.b.s.BxWinLab.BaseLabel - 无法包裹元素(org.bxwbb.spigotplugincreatertool.BxWinLab.HorizontalLayout@4889f6dc,无法初始化值yChange) - 尝试包裹浮动体
2026-01-30 16:30:38.271 [JavaFX Application Thread] WARN  o.b.s.BxWinLab.BaseLabel - 无法包裹元素(org.bxwbb.spigotplugincreatertool.BxWinLab.HorizontalLayout@4889f6dc,无法初始化值yChange) - 尝试包裹浮动体
2026-01-30 16:30:38.271 [JavaFX Application Thread] WARN  o.b.s.BxWinLab.BaseLabel - 无法包裹元素(org.bxwbb.spigotplugincreatertool.BxWinLab.HorizontalLayout@4889f6dc,无法初始化值yChange) - 尝试包裹浮动体
2026-01-30 16:30:38.271 [JavaFX Application Thread] WARN  o.b.s.BxWinLab.BaseLabel - 无法包裹元素(org.bxwbb.spigotplugincreatertool.BxWinLab.HorizontalLayout@4889f6dc,无法初始化值yChange) - 尝试包裹浮动体
2026-01-30 16:30:38.271 [JavaFX Application Thread] WARN  o.b.s.BxWinLab.BaseLabel - 无法包裹元素(org.bxwbb.spigotplugincreatertool.BxWinLab.HorizontalLayout@4889f6dc,无法初始化值yChange) - 尝试包裹浮动体
2026-01-30 16:30:38.271 [JavaFX Application Thread] WARN  o.b.s.BxWinLab.BaseLabel - 无法包裹元素(org.bxwbb.spigotplugincreatertool.BxWinLab.HorizontalLayout@4889f6dc,无法初始化值yChange) - 尝试包裹浮动体
2026-01-30 16:30:38.271 [JavaFX Application Thread] WARN  o.b.s.BxWinLab.BaseLabel - 无法包裹元素(org.bxwbb.spigotplugincreatertool.BxWinLab.HorizontalLayout@4889f6dc,无法初始化值yChange) - 尝试包裹浮动体
2026-01-30 16:30:38.271 [JavaFX Application Thread] WARN  o.b.s.BxWinLab.BaseLabel - 无法包裹元素(org.bxwbb.spigotplugincreatertool.BxWinLab.HorizontalLayout@4889f6dc,无法初始化值yChange) - 尝试包裹浮动体
2026-01-30 16:30:38.271 [JavaFX Application Thread] WARN  o.b.s.BxWinLab.BaseLabel - 无法包裹元素(org.bxwbb.spigotplugincreatertool.BxWinLab.HorizontalLayout@4889f6dc,无法初始化值yChange) - 尝试包裹浮动体
2026-01-30 16:30:38.271 [JavaFX Application Thread] WARN  o.b.s.BxWinLab.BaseLabel - 无法包裹元素(org.bxwbb.spigotplugincreatertool.BxWinLab.HorizontalLayout@4889f6dc,无法初始化值yChange) - 尝试包裹浮动体
2026-01-30 16:30:38.271 [JavaFX Application Thread] WARN  o.b.s.BxWinLab.BaseLabel - 无法包裹元素(org.bxwbb.spigotplugincreatertool.BxWinLab.HorizontalLayout@4889f6dc,无法初始化值yChange) - 尝试包裹浮动体
2026-01-30 16:30:38.271 [JavaFX Application Thread] WARN  o.b.s.BxWinLab.BaseLabel - 无法包裹元素(org.bxwbb.spigotplugincreatertool.BxWinLab.HorizontalLayout@4889f6dc,无法初始化值yChange) - 尝试包裹浮动体
2026-01-30 16:30:38.272 [JavaFX Application Thread] WARN  o.b.s.BxWinLab.BaseLabel - 无法包裹元素(org.bxwbb.spigotplugincreatertool.BxWinLab.HorizontalLayout@4889f6dc,无法初始化值yChange) - 尝试包裹浮动体
2026-01-30 16:30:38.272 [JavaFX Application Thread] WARN  o.b.s.BxWinLab.BaseLabel - 无法包裹元素(org.bxwbb.spigotplugincreatertool.BxWinLab.MarginsBox@1178d303,无法初始化值xChange & yChange) - 尝试包裹浮动体
2026-01-30 16:30:38.272 [JavaFX Application Thread] WARN  o.b.s.BxWinLab.BaseLabel - 无法包裹元素(org.bxwbb.spigotplugincreatertool.BxWinLab.HorizontalLayout@4889f6dc,无法初始化值yChange) - 尝试包裹浮动体
2026-01-30 16:30:38.272 [JavaFX Application Thread] WARN  o.b.s.BxWinLab.BaseLabel - 无法包裹元素(org.bxwbb.spigotplugincreatertool.BxWinLab.MarginsBox@1178d303,无法初始化值xChange & yChange) - 尝试包裹浮动体
2026-01-30 16:30:38.272 [JavaFX Application Thread] WARN  o.b.s.BxWinLab.BaseLabel - 无法包裹元素(org.bxwbb.spigotplugincreatertool.BxWinLab.HorizontalLayout@4889f6dc,无法初始化值yChange) - 尝试包裹浮动体
2026-01-30 16:30:38.272 [JavaFX Application Thread] WARN  o.b.s.BxWinLab.BaseLabel - 无法包裹元素(org.bxwbb.spigotplugincreatertool.BxWinLab.MarginsBox@1178d303,无法初始化值xChange & yChange) - 尝试包裹浮动体
2026-01-30 16:30:38.272 [JavaFX Application Thread] WARN  o.b.s.BxWinLab.BaseLabel - 无法包裹元素(org.bxwbb.spigotplugincreatertool.BxWinLab.HorizontalLayout@4889f6dc,无法初始化值yChange) - 尝试包裹浮动体
2026-01-30 16:30:38.272 [JavaFX Application Thread] WARN  o.b.s.BxWinLab.BaseLabel - 无法包裹元素(org.bxwbb.spigotplugincreatertool.BxWinLab.MarginsBox@1178d303,无法初始化值xChange & yChange) - 尝试包裹浮动体
2026-01-30 16:30:38.272 [JavaFX Application Thread] WARN  o.b.s.BxWinLab.BaseLabel - 无法包裹元素(org.bxwbb.spigotplugincreatertool.BxWinLab.HorizontalLayout@4889f6dc,无法初始化值yChange) - 尝试包裹浮动体
2026-01-30 16:30:38.272 [JavaFX Application Thread] WARN  o.b.s.BxWinLab.BaseLabel - 无法包裹元素(org.bxwbb.spigotplugincreatertool.BxWinLab.MarginsBox@1178d303,无法初始化值xChange & yChange) - 尝试包裹浮动体
2026-01-30 16:30:38.272 [JavaFX Application Thread] WARN  o.b.s.BxWinLab.BaseLabel - 无法包裹元素(org.bxwbb.spigotplugincreatertool.BxWinLab.HorizontalLayout@4889f6dc,无法初始化值yChange) - 尝试包裹浮动体
2026-01-30 16:30:38.272 [JavaFX Application Thread] WARN  o.b.s.BxWinLab.BaseLabel - 无法包裹元素(org.bxwbb.spigotplugincreatertool.BxWinLab.MarginsBox@1178d303,无法初始化值xChange & yChange) - 尝试包裹浮动体
2026-01-30 16:30:38.272 [JavaFX Application Thread] WARN  o.b.s.BxWinLab.BaseLabel - 无法包裹元素(org.bxwbb.spigotplugincreatertool.BxWinLab.HorizontalLayout@4889f6dc,无法初始化值yChange) - 尝试包裹浮动体
2026-01-30 16:30:38.272 [JavaFX Application Thread] WARN  o.b.s.BxWinLab.BaseLabel - 无法包裹元素(org.bxwbb.spigotplugincreatertool.BxWinLab.MarginsBox@1178d303,无法初始化值xChange & yChange) - 尝试包裹浮动体
2026-01-30 16:30:38.272 [JavaFX Application Thread] WARN  o.b.s.BxWinLab.BaseLabel - 无法包裹元素(org.bxwbb.spigotplugincreatertool.BxWinLab.HorizontalLayout@4889f6dc,无法初始化值yChange) - 尝试包裹浮动体
2026-01-30 16:30:38.272 [JavaFX Application Thread] WARN  o.b.s.BxWinLab.BaseLabel - 无法包裹元素(org.bxwbb.spigotplugincreatertool.BxWinLab.MarginsBox@1178d303,无法初始化值xChange & yChange) - 尝试包裹浮动体
2026-01-30 16:30:38.272 [JavaFX Application Thread] WARN  o.b.s.BxWinLab.BaseLabel - 无法包裹元素(org.bxwbb.spigotplugincreatertool.BxWinLab.HorizontalLayout@4889f6dc,无法初始化值yChange) - 尝试包裹浮动体
2026-01-30 16:30:38.272 [JavaFX Application Thread] WARN  o.b.s.BxWinLab.BaseLabel - 无法包裹元素(org.bxwbb.spigotplugincreatertool.BxWinLab.MarginsBox@1178d303,无法初始化值xChange & yChange) - 尝试包裹浮动体
2026-01-30 16:30:38.273 [JavaFX Application Thread] WARN  o.b.s.BxWinLab.BaseLabel - 无法包裹元素(org.bxwbb.spigotplugincreatertool.BxWinLab.HorizontalLayout@4889f6dc,无法初始化值yChange) - 尝试包裹浮动体
2026-01-30 16:30:38.273 [JavaFX Application Thread] WARN  o.b.s.BxWinLab.BaseLabel - 无法包裹元素(org.bxwbb.spigotplugincreatertool.BxWinLab.MarginsBox@1178d303,无法初始化值xChange & yChange) - 尝试包裹浮动体
2026-01-30 16:30:38.273 [JavaFX Application Thread] WARN  o.b.s.BxWinLab.BaseLabel - 无法包裹元素(org.bxwbb.spigotplugincreatertool.BxWinLab.HorizontalLayout@4889f6dc,无法初始化值yChange) - 尝试包裹浮动体
2026-01-30 16:30:38.273 [JavaFX Application Thread] WARN  o.b.s.BxWinLab.BaseLabel - 无法包裹元素(org.bxwbb.spigotplugincreatertool.BxWinLab.MarginsBox@1178d303,无法初始化值xChange & yChange) - 尝试包裹浮动体
2026-01-30 16:30:38.273 [JavaFX Application Thread] WARN  o.b.s.BxWinLab.BaseLabel - 无法包裹元素(org.bxwbb.spigotplugincreatertool.BxWinLab.HorizontalLayout@4889f6dc,无法初始化值yChange) - 尝试包裹浮动体
2026-01-30 16:30:38.273 [JavaFX Application Thread] WARN  o.b.s.BxWinLab.BaseLabel - 无法包裹元素(org.bxwbb.spigotplugincreatertool.BxWinLab.MarginsBox@1178d303,无法初始化值xChange & yChange) - 尝试包裹浮动体
2026-01-30 16:30:38.273 [JavaFX Application Thread] WARN  o.b.s.BxWinLab.BaseLabel - 无法包裹元素(org.bxwbb.spigotplugincreatertool.BxWinLab.HorizontalLayout@4889f6dc,无法初始化值yChange) - 尝试包裹浮动体
2026-01-30 16:30:38.273 [JavaFX Application Thread] WARN  o.b.s.BxWinLab.BaseLabel - 无法包裹元素(org.bxwbb.spigotplugincreatertool.BxWinLab.MarginsBox@1178d303,无法初始化值xChange & yChange) - 尝试包裹浮动体
2026-01-30 16:30:38.273 [JavaFX Application Thread] WARN  o.b.s.BxWinLab.BaseLabel - 无法包裹元素(org.bxwbb.spigotplugincreatertool.BxWinLab.HorizontalLayout@4889f6dc,无法初始化值yChange) - 尝试包裹浮动体
2026-01-30 16:30:38.273 [JavaFX Application Thread] WARN  o.b.s.BxWinLab.BaseLabel - 无法包裹元素(org.bxwbb.spigotplugincreatertool.BxWinLab.MarginsBox@1178d303,无法初始化值xChange & yChange) - 尝试包裹浮动体
2026-01-30 16:30:38.273 [JavaFX Application Thread] WARN  o.b.s.BxWinLab.BaseLabel - 无法包裹元素(org.bxwbb.spigotplugincreatertool.BxWinLab.HorizontalLayout@4889f6dc,无法初始化值yChange) - 尝试包裹浮动体
2026-01-30 16:30:38.273 [JavaFX Application Thread] WARN  o.b.s.BxWinLab.BaseLabel - 无法包裹元素(org.bxwbb.spigotplugincreatertool.BxWinLab.MarginsBox@1178d303,无法初始化值xChange & yChange) - 尝试包裹浮动体
2026-01-30 16:30:38.273 [JavaFX Application Thread] WARN  o.b.s.BxWinLab.BaseLabel - 无法包裹元素(org.bxwbb.spigotplugincreatertool.BxWinLab.HorizontalLayout@4889f6dc,无法初始化值yChange) - 尝试包裹浮动体
2026-01-30 16:30:38.273 [JavaFX Application Thread] WARN  o.b.s.BxWinLab.BaseLabel - 无法包裹元素(org.bxwbb.spigotplugincreatertool.BxWinLab.MarginsBox@1178d303,无法初始化值xChange & yChange) - 尝试包裹浮动体
2026-01-30 16:30:38.273 [JavaFX Application Thread] WARN  o.b.s.BxWinLab.BaseLabel - 无法包裹元素(org.bxwbb.spigotplugincreatertool.BxWinLab.HorizontalLayout@4889f6dc,无法初始化值yChange) - 尝试包裹浮动体
2026-01-30 16:30:38.273 [JavaFX Application Thread] WARN  o.b.s.BxWinLab.BaseLabel - 无法包裹元素(org.bxwbb.spigotplugincreatertool.BxWinLab.MarginsBox@1178d303,无法初始化值xChange & yChange) - 尝试包裹浮动体
2026-01-30 16:30:38.273 [JavaFX Application Thread] WARN  o.b.s.BxWinLab.BaseLabel - 无法包裹元素(org.bxwbb.spigotplugincreatertool.BxWinLab.HorizontalLayout@4889f6dc,无法初始化值yChange) - 尝试包裹浮动体
2026-01-30 16:30:38.273 [JavaFX Application Thread] WARN  o.b.s.BxWinLab.BaseLabel - 无法包裹元素(org.bxwbb.spigotplugincreatertool.BxWinLab.MarginsBox@1178d303,无法初始化值xChange & yChange) - 尝试包裹浮动体
2026-01-30 16:30:38.273 [JavaFX Application Thread] WARN  o.b.s.BxWinLab.BaseLabel - 无法包裹元素(org.bxwbb.spigotplugincreatertool.BxWinLab.HorizontalLayout@4889f6dc,无法初始化值yChange) - 尝试包裹浮动体
2026-01-30 16:30:38.273 [JavaFX Application Thread] WARN  o.b.s.BxWinLab.BaseLabel - 无法包裹元素(org.bxwbb.spigotplugincreatertool.BxWinLab.MarginsBox@1178d303,无法初始化值xChange & yChange) - 尝试包裹浮动体
2026-01-30 16:30:38.273 [JavaFX Application Thread] WARN  o.b.s.BxWinLab.BaseLabel - 无法包裹元素(org.bxwbb.spigotplugincreatertool.BxWinLab.HorizontalLayout@4889f6dc,无法初始化值yChange) - 尝试包裹浮动体
2026-01-30 16:30:38.273 [JavaFX Application Thread] WARN  o.b.s.BxWinLab.BaseLabel - 无法包裹元素(org.bxwbb.spigotplugincreatertool.BxWinLab.MarginsBox@1178d303,无法初始化值xChange & yChange) - 尝试包裹浮动体
2026-01-30 16:30:38.274 [JavaFX Application Thread] WARN  o.b.s.BxWinLab.BaseLabel - 无法包裹元素(org.bxwbb.spigotplugincreatertool.BxWinLab.HorizontalLayout@4889f6dc,无法初始化值yChange) - 尝试包裹浮动体
2026-01-30 16:30:38.274 [JavaFX Application Thread] WARN  o.b.s.BxWinLab.BaseLabel - 无法包裹元素(org.bxwbb.spigotplugincreatertool.BxWinLab.MarginsBox@1178d303,无法初始化值xChange & yChange) - 尝试包裹浮动体
2026-01-30 16:30:38.274 [JavaFX Application Thread] WARN  o.b.s.BxWinLab.BaseLabel - 无法包裹元素(org.bxwbb.spigotplugincreatertool.BxWinLab.HorizontalLayout@4889f6dc,无法初始化值yChange) - 尝试包裹浮动体
2026-01-30 16:30:38.274 [JavaFX Application Thread] WARN  o.b.s.BxWinLab.BaseLabel - 无法包裹元素(org.bxwbb.spigotplugincreatertool.BxWinLab.MarginsBox@1178d303,无法初始化值xChange & yChange) - 尝试包裹浮动体
2026-01-30 16:30:38.274 [JavaFX Application Thread] WARN  o.b.s.BxWinLab.BaseLabel - 无法包裹元素(org.bxwbb.spigotplugincreatertool.BxWinLab.HorizontalLayout@4889f6dc,无法初始化值yChange) - 尝试包裹浮动体
2026-01-30 16:30:38.274 [JavaFX Application Thread] WARN  o.b.s.BxWinLab.BaseLabel - 无法包裹元素(org.bxwbb.spigotplugincreatertool.BxWinLab.MarginsBox@1178d303,无法初始化值xChange & yChange) - 尝试包裹浮动体
2026-01-30 16:30:38.274 [JavaFX Application Thread] WARN  o.b.s.BxWinLab.BaseLabel - 无法包裹元素(org.bxwbb.spigotplugincreatertool.BxWinLab.HorizontalLayout@4889f6dc,无法初始化值yChange) - 尝试包裹浮动体
2026-01-30 16:30:38.274 [JavaFX Application Thread] WARN  o.b.s.BxWinLab.BaseLabel - 无法包裹元素(org.bxwbb.spigotplugincreatertool.BxWinLab.MarginsBox@1178d303,无法初始化值xChange & yChange) - 尝试包裹浮动体
2026-01-30 16:30:38.274 [JavaFX Application Thread] WARN  o.b.s.BxWinLab.BaseLabel - 无法包裹元素(org.bxwbb.spigotplugincreatertool.BxWinLab.HorizontalLayout@4889f6dc,无法初始化值yChange) - 尝试包裹浮动体
2026-01-30 16:30:38.274 [JavaFX Application Thread] WARN  o.b.s.BxWinLab.BaseLabel - 无法包裹元素(org.bxwbb.spigotplugincreatertool.BxWinLab.MarginsBox@1178d303,无法初始化值xChange & yChange) - 尝试包裹浮动体
2026-01-30 16:30:38.274 [JavaFX Application Thread] WARN  o.b.s.BxWinLab.BaseLabel - 无法包裹元素(org.bxwbb.spigotplugincreatertool.BxWinLab.HorizontalLayout@4889f6dc,无法初始化值yChange) - 尝试包裹浮动体
2026-01-30 16:30:38.274 [JavaFX Application Thread] WARN  o.b.s.BxWinLab.BaseLabel - 无法包裹元素(org.bxwbb.spigotplugincreatertool.BxWinLab.MarginsBox@1178d303,无法初始化值xChange & yChange) - 尝试包裹浮动体
2026-01-30 16:30:38.274 [JavaFX Application Thread] WARN  o.b.s.BxWinLab.BaseLabel - 无法包裹元素(org.bxwbb.spigotplugincreatertool.BxWinLab.HorizontalLayout@4889f6dc,无法初始化值yChange) - 尝试包裹浮动体
2026-01-30 16:30:38.274 [JavaFX Application Thread] WARN  o.b.s.BxWinLab.BaseLabel - 无法包裹元素(org.bxwbb.spigotplugincreatertool.BxWinLab.MarginsBox@1178d303,无法初始化值xChange & yChange) - 尝试包裹浮动体
2026-01-30 16:30:38.274 [JavaFX Application Thread] WARN  o.b.s.BxWinLab.BaseLabel - 无法包裹元素(org.bxwbb.spigotplugincreatertool.BxWinLab.HorizontalLayout@4889f6dc,无法初始化值yChange) - 尝试包裹浮动体
2026-01-30 16:30:38.274 [JavaFX Application Thread] WARN  o.b.s.BxWinLab.BaseLabel - 无法包裹元素(org.bxwbb.spigotplugincreatertool.BxWinLab.MarginsBox@1178d303,无法初始化值xChange & yChange) - 尝试包裹浮动体
2026-01-30 16:30:38.274 [JavaFX Application Thread] WARN  o.b.s.BxWinLab.BaseLabel - 无法包裹元素(org.bxwbb.spigotplugincreatertool.BxWinLab.HorizontalLayout@4889f6dc,无法初始化值yChange) - 尝试包裹浮动体
2026-01-30 16:30:38.274 [JavaFX Application Thread] WARN  o.b.s.BxWinLab.BaseLabel - 无法包裹元素(org.bxwbb.spigotplugincreatertool.BxWinLab.MarginsBox@1178d303,无法初始化值xChange & yChange) - 尝试包裹浮动体
2026-01-30 16:30:38.274 [JavaFX Application Thread] WARN  o.b.s.BxWinLab.BaseLabel - 无法包裹元素(org.bxwbb.spigotplugincreatertool.BxWinLab.HorizontalLayout@4889f6dc,无法初始化值yChange) - 尝试包裹浮动体
2026-01-30 16:30:38.274 [JavaFX Application Thread] WARN  o.b.s.BxWinLab.BaseLabel - 无法包裹元素(org.bxwbb.spigotplugincreatertool.BxWinLab.MarginsBox@1178d303,无法初始化值xChange & yChange) - 尝试包裹浮动体
2026-01-30 16:30:38.275 [JavaFX Application Thread] WARN  o.b.s.BxWinLab.BaseLabel - 无法包裹元素(org.bxwbb.spigotplugincreatertool.BxWinLab.MarginsBox@1178d303,无法初始化值xChange & yChange) - 尝试包裹浮动体
2026-01-30 16:30:38.275 [JavaFX Application Thread] WARN  o.b.s.BxWinLab.BaseLabel - 无法包裹元素(org.bxwbb.spigotplugincreatertool.BxWinLab.MarginsBox@1178d303,无法初始化值xChange & yChange) - 尝试包裹浮动体
2026-01-30 16:30:38.278 [JavaFX Application Thread] INFO  o.b.s.HelloApplication - 执行停止...
2026-01-30 16:31:32.330 [JavaFX-Launcher] INFO  o.b.s.HelloApplication - 执行初始化...
2026-01-30 16:31:32.336 [JavaFX Application Thread] INFO  o.b.s.HelloApplication - 工具开始启动并加载...
2026-01-30 16:31:32.379 [JavaFX Application Thread] INFO  o.b.s.Utils.FileUtil - 成功加载文件/org/bxwbb/spigotplugincreatertool/icon/icon.png
2026-01-30 16:31:32.564 [JavaFX Application Thread] INFO  o.b.s.Utils.FileUtil - 成功加载文件/org/bxwbb/spigotplugincreatertool/icon/Universal/OpenFolder.png
2026-01-30 16:31:32.573 [JavaFX Application Thread] INFO  o.b.s.Utils.FileUtil - 成功加载文件/org/bxwbb/spigotplugincreatertool/icon/Universal/NewProject.png
2026-01-30 16:31:32.577 [JavaFX Application Thread] INFO  o.b.s.Utils.FileUtil - 成功加载文件/org/bxwbb/spigotplugincreatertool/icon/Universal/Setting.png
2026-01-30 16:31:32.580 [JavaFX Application Thread] INFO  o.b.s.Utils.FileUtil - 成功加载文件/org/bxwbb/spigotplugincreatertool/icon/Universal/Learn.png
2026-01-30 16:31:32.583 [JavaFX Application Thread] INFO  o.b.s.Utils.FileUtil - 成功加载文件/org/bxwbb/spigotplugincreatertool/icon/Universal/Quit.png
2026-01-30 16:31:32.620 [JavaFX Application Thread] INFO  o.b.s.Utils.FileUtil - 成功加载文件/org/bxwbb/spigotplugincreatertool/icon/MiniWindowIcon/StartPage.png
2026-01-30 16:31:32.623 [JavaFX Application Thread] WARN  o.b.s.BxWinLab.BaseLabel - 无法包裹元素(org.bxwbb.spigotplugincreatertool.BxWinLab.HorizontalLayout@4889f6dc,无法初始化值yChange) - 尝试包裹浮动体
2026-01-30 16:31:32.623 [JavaFX Application Thread] WARN  o.b.s.BxWinLab.BaseLabel - 无法包裹元素(org.bxwbb.spigotplugincreatertool.BxWinLab.HorizontalLayout@4889f6dc,无法初始化值yChange) - 尝试包裹浮动体
2026-01-30 16:31:32.623 [JavaFX Application Thread] WARN  o.b.s.BxWinLab.BaseLabel - 无法包裹元素(org.bxwbb.spigotplugincreatertool.BxWinLab.HorizontalLayout@4889f6dc,无法初始化值yChange) - 尝试包裹浮动体
2026-01-30 16:31:32.623 [JavaFX Application Thread] WARN  o.b.s.BxWinLab.BaseLabel - 无法包裹元素(org.bxwbb.spigotplugincreatertool.BxWinLab.HorizontalLayout@4889f6dc,无法初始化值yChange) - 尝试包裹浮动体
2026-01-30 16:31:32.623 [JavaFX Application Thread] WARN  o.b.s.BxWinLab.BaseLabel - 无法包裹元素(org.bxwbb.spigotplugincreatertool.BxWinLab.HorizontalLayout@4889f6dc,无法初始化值yChange) - 尝试包裹浮动体
2026-01-30 16:31:32.623 [JavaFX Application Thread] WARN  o.b.s.BxWinLab.BaseLabel - 无法包裹元素(org.bxwbb.spigotplugincreatertool.BxWinLab.HorizontalLayout@4889f6dc,无法初始化值yChange) - 尝试包裹浮动体
2026-01-30 16:31:32.624 [JavaFX Application Thread] WARN  o.b.s.BxWinLab.BaseLabel - 无法包裹元素(org.bxwbb.spigotplugincreatertool.BxWinLab.HorizontalLayout@4889f6dc,无法初始化值yChange) - 尝试包裹浮动体
2026-01-30 16:31:32.624 [JavaFX Application Thread] WARN  o.b.s.BxWinLab.BaseLabel - 无法包裹元素(org.bxwbb.spigotplugincreatertool.BxWinLab.HorizontalLayout@4889f6dc,无法初始化值yChange) - 尝试包裹浮动体
2026-01-30 16:31:32.624 [JavaFX Application Thread] WARN  o.b.s.BxWinLab.BaseLabel - 无法包裹元素(org.bxwbb.spigotplugincreatertool.BxWinLab.HorizontalLayout@4889f6dc,无法初始化值yChange) - 尝试包裹浮动体
2026-01-30 16:31:32.624 [JavaFX Application Thread] WARN  o.b.s.BxWinLab.BaseLabel - 无法包裹元素(org.bxwbb.spigotplugincreatertool.BxWinLab.HorizontalLayout@4889f6dc,无法初始化值yChange) - 尝试包裹浮动体
2026-01-30 16:31:32.624 [JavaFX Application Thread] WARN  o.b.s.BxWinLab.BaseLabel - 无法包裹元素(org.bxwbb.spigotplugincreatertool.BxWinLab.HorizontalLayout@4889f6dc,无法初始化值yChange) - 尝试包裹浮动体
2026-01-30 16:31:32.624 [JavaFX Application Thread] WARN  o.b.s.BxWinLab.BaseLabel - 无法包裹元素(org.bxwbb.spigotplugincreatertool.BxWinLab.HorizontalLayout@4889f6dc,无法初始化值yChange) - 尝试包裹浮动体
2026-01-30 16:31:32.624 [JavaFX Application Thread] WARN  o.b.s.BxWinLab.BaseLabel - 无法包裹元素(org.bxwbb.spigotplugincreatertool.BxWinLab.HorizontalLayout@4889f6dc,无法初始化值yChange) - 尝试包裹浮动体
2026-01-30 16:31:32.624 [JavaFX Application Thread] WARN  o.b.s.BxWinLab.BaseLabel - 无法包裹元素(org.bxwbb.spigotplugincreatertool.BxWinLab.HorizontalLayout@4889f6dc,无法初始化值yChange) - 尝试包裹浮动体
2026-01-30 16:31:32.624 [JavaFX Application Thread] WARN  o.b.s.BxWinLab.BaseLabel - 无法包裹元素(org.bxwbb.spigotplugincreatertool.BxWinLab.HorizontalLayout@4889f6dc,无法初始化值yChange) - 尝试包裹浮动体
2026-01-30 16:31:32.625 [JavaFX Application Thread] WARN  o.b.s.BxWinLab.BaseLabel - 无法包裹元素(org.bxwbb.spigotplugincreatertool.BxWinLab.HorizontalLayout@4889f6dc,无法初始化值yChange) - 尝试包裹浮动体
2026-01-30 16:31:32.625 [JavaFX Application Thread] WARN  o.b.s.BxWinLab.BaseLabel - 无法包裹元素(org.bxwbb.spigotplugincreatertool.BxWinLab.MarginsBox@1178d303,无法初始化值xChange & yChange) - 尝试包裹浮动体
2026-01-30 16:31:32.625 [JavaFX Application Thread] WARN  o.b.s.BxWinLab.BaseLabel - 无法包裹元素(org.bxwbb.spigotplugincreatertool.BxWinLab.HorizontalLayout@4889f6dc,无法初始化值yChange) - 尝试包裹浮动体
2026-01-30 16:31:32.625 [JavaFX Application Thread] WARN  o.b.s.BxWinLab.BaseLabel - 无法包裹元素(org.bxwbb.spigotplugincreatertool.BxWinLab.MarginsBox@1178d303,无法初始化值xChange & yChange) - 尝试包裹浮动体
2026-01-30 16:31:32.625 [JavaFX Application Thread] WARN  o.b.s.BxWinLab.BaseLabel - 无法包裹元素(org.bxwbb.spigotplugincreatertool.BxWinLab.HorizontalLayout@4889f6dc,无法初始化值yChange) - 尝试包裹浮动体
2026-01-30 16:31:32.625 [JavaFX Application Thread] WARN  o.b.s.BxWinLab.BaseLabel - 无法包裹元素(org.bxwbb.spigotplugincreatertool.BxWinLab.MarginsBox@1178d303,无法初始化值xChange & yChange) - 尝试包裹浮动体
2026-01-30 16:31:32.625 [JavaFX Application Thread] WARN  o.b.s.BxWinLab.BaseLabel - 无法包裹元素(org.bxwbb.spigotplugincreatertool.BxWinLab.HorizontalLayout@4889f6dc,无法初始化值yChange) - 尝试包裹浮动体
2026-01-30 16:31:32.625 [JavaFX Application Thread] WARN  o.b.s.BxWinLab.BaseLabel - 无法包裹元素(org.bxwbb.spigotplugincreatertool.BxWinLab.MarginsBox@1178d303,无法初始化值xChange & yChange) - 尝试包裹浮动体
2026-01-30 16:31:32.625 [JavaFX Application Thread] WARN  o.b.s.BxWinLab.BaseLabel - 无法包裹元素(org.bxwbb.spigotplugincreatertool.BxWinLab.HorizontalLayout@4889f6dc,无法初始化值yChange) - 尝试包裹浮动体
2026-01-30 16:31:32.626 [JavaFX Application Thread] WARN  o.b.s.BxWinLab.BaseLabel - 无法包裹元素(org.bxwbb.spigotplugincreatertool.BxWinLab.MarginsBox@1178d303,无法初始化值xChange & yChange) - 尝试包裹浮动体
2026-01-30 16:31:32.626 [JavaFX Application Thread] WARN  o.b.s.BxWinLab.BaseLabel - 无法包裹元素(org.bxwbb.spigotplugincreatertool.BxWinLab.HorizontalLayout@4889f6dc,无法初始化值yChange) - 尝试包裹浮动体
2026-01-30 16:31:32.626 [JavaFX Application Thread] WARN  o.b.s.BxWinLab.BaseLabel - 无法包裹元素(org.bxwbb.spigotplugincreatertool.BxWinLab.MarginsBox@1178d303,无法初始化值xChange & yChange) - 尝试包裹浮动体
2026-01-30 16:31:32.626 [JavaFX Application Thread] WARN  o.b.s.BxWinLab.BaseLabel - 无法包裹元素(org.bxwbb.spigotplugincreatertool.BxWinLab.HorizontalLayout@4889f6dc,无法初始化值yChange) - 尝试包裹浮动体
2026-01-30 16:31:32.626 [JavaFX Application Thread] WARN  o.b.s.BxWinLab.BaseLabel - 无法包裹元素(org.bxwbb.spigotplugincreatertool.BxWinLab.MarginsBox@1178d303,无法初始化值xChange & yChange) - 尝试包裹浮动体
2026-01-30 16:31:32.626 [JavaFX Application Thread] WARN  o.b.s.BxWinLab.BaseLabel - 无法包裹元素(org.bxwbb.spigotplugincreatertool.BxWinLab.HorizontalLayout@4889f6dc,无法初始化值yChange) - 尝试包裹浮动体
2026-01-30 16:31:32.626 [JavaFX Application Thread] WARN  o.b.s.BxWinLab.BaseLabel - 无法包裹元素(org.bxwbb.spigotplugincreatertool.BxWinLab.MarginsBox@1178d303,无法初始化值xChange & yChange) - 尝试包裹浮动体
2026-01-30 16:31:32.626 [JavaFX Application Thread] WARN  o.b.s.BxWinLab.BaseLabel - 无法包裹元素(org.bxwbb.spigotplugincreatertool.BxWinLab.HorizontalLayout@4889f6dc,无法初始化值yChange) - 尝试包裹浮动体
2026-01-30 16:31:32.626 [JavaFX Application Thread] WARN  o.b.s.BxWinLab.BaseLabel - 无法包裹元素(org.bxwbb.spigotplugincreatertool.BxWinLab.MarginsBox@1178d303,无法初始化值xChange & yChange) - 尝试包裹浮动体
2026-01-30 16:31:32.626 [JavaFX Application Thread] WARN  o.b.s.BxWinLab.BaseLabel - 无法包裹元素(org.bxwbb.spigotplugincreatertool.BxWinLab.HorizontalLayout@4889f6dc,无法初始化值yChange) - 尝试包裹浮动体
2026-01-30 16:31:32.626 [JavaFX Application Thread] WARN  o.b.s.BxWinLab.BaseLabel - 无法包裹元素(org.bxwbb.spigotplugincreatertool.BxWinLab.MarginsBox@1178d303,无法初始化值xChange & yChange) - 尝试包裹浮动体
2026-01-30 16:31:32.626 [JavaFX Application Thread] WARN  o.b.s.BxWinLab.BaseLabel - 无法包裹元素(org.bxwbb.spigotplugincreatertool.BxWinLab.HorizontalLayout@4889f6dc,无法初始化值yChange) - 尝试包裹浮动体
2026-01-30 16:31:32.626 [JavaFX Application Thread] WARN  o.b.s.BxWinLab.BaseLabel - 无法包裹元素(org.bxwbb.spigotplugincreatertool.BxWinLab.MarginsBox@1178d303,无法初始化值xChange & yChange) - 尝试包裹浮动体
2026-01-30 16:31:32.626 [JavaFX Application Thread] WARN  o.b.s.BxWinLab.BaseLabel - 无法包裹元素(org.bxwbb.spigotplugincreatertool.BxWinLab.HorizontalLayout@4889f6dc,无法初始化值yChange) - 尝试包裹浮动体
2026-01-30 16:31:32.626 [JavaFX Application Thread] WARN  o.b.s.BxWinLab.BaseLabel - 无法包裹元素(org.bxwbb.spigotplugincreatertool.BxWinLab.MarginsBox@1178d303,无法初始化值xChange & yChange) - 尝试包裹浮动体
2026-01-30 16:31:32.626 [JavaFX Application Thread] WARN  o.b.s.BxWinLab.BaseLabel - 无法包裹元素(org.bxwbb.spigotplugincreatertool.BxWinLab.HorizontalLayout@4889f6dc,无法初始化值yChange) - 尝试包裹浮动体
2026-01-30 16:31:32.626 [JavaFX Application Thread] WARN  o.b.s.BxWinLab.BaseLabel - 无法包裹元素(org.bxwbb.spigotplugincreatertool.BxWinLab.MarginsBox@1178d303,无法初始化值xChange & yChange) - 尝试包裹浮动体
2026-01-30 16:31:32.626 [JavaFX Application Thread] WARN  o.b.s.BxWinLab.BaseLabel - 无法包裹元素(org.bxwbb.spigotplugincreatertool.BxWinLab.HorizontalLayout@4889f6dc,无法初始化值yChange) - 尝试包裹浮动体
2026-01-30 16:31:32.626 [JavaFX Application Thread] WARN  o.b.s.BxWinLab.BaseLabel - 无法包裹元素(org.bxwbb.spigotplugincreatertool.BxWinLab.MarginsBox@1178d303,无法初始化值xChange & yChange) - 尝试包裹浮动体
2026-01-30 16:31:32.627 [JavaFX Application Thread] WARN  o.b.s.BxWinLab.BaseLabel - 无法包裹元素(org.bxwbb.spigotplugincreatertool.BxWinLab.HorizontalLayout@4889f6dc,无法初始化值yChange) - 尝试包裹浮动体
2026-01-30 16:31:32.627 [JavaFX Application Thread] WARN  o.b.s.BxWinLab.BaseLabel - 无法包裹元素(org.bxwbb.spigotplugincreatertool.BxWinLab.MarginsBox@1178d303,无法初始化值xChange & yChange) - 尝试包裹浮动体
2026-01-30 16:31:32.627 [JavaFX Application Thread] WARN  o.b.s.BxWinLab.BaseLabel - 无法包裹元素(org.bxwbb.spigotplugincreatertool.BxWinLab.HorizontalLayout@4889f6dc,无法初始化值yChange) - 尝试包裹浮动体
2026-01-30 16:31:32.627 [JavaFX Application Thread] WARN  o.b.s.BxWinLab.BaseLabel - 无法包裹元素(org.bxwbb.spigotplugincreatertool.BxWinLab.MarginsBox@1178d303,无法初始化值xChange & yChange) - 尝试包裹浮动体
2026-01-30 16:31:32.627 [JavaFX Application Thread] WARN  o.b.s.BxWinLab.BaseLabel - 无法包裹元素(org.bxwbb.spigotplugincreatertool.BxWinLab.HorizontalLayout@4889f6dc,无法初始化值yChange) - 尝试包裹浮动体
2026-01-30 16:31:32.627 [JavaFX Application Thread] WARN  o.b.s.BxWinLab.BaseLabel - 无法包裹元素(org.bxwbb.spigotplugincreatertool.BxWinLab.MarginsBox@1178d303,无法初始化值xChange & yChange) - 尝试包裹浮动体
2026-01-30 16:31:32.627 [JavaFX Application Thread] WARN  o.b.s.BxWinLab.BaseLabel - 无法包裹元素(org.bxwbb.spigotplugincreatertool.BxWinLab.HorizontalLayout@4889f6dc,无法初始化值yChange) - 尝试包裹浮动体
2026-01-30 16:31:32.627 [JavaFX Application Thread] WARN  o.b.s.BxWinLab.BaseLabel - 无法包裹元素(org.bxwbb.spigotplugincreatertool.BxWinLab.MarginsBox@1178d303,无法初始化值xChange & yChange) - 尝试包裹浮动体
2026-01-30 16:31:32.627 [JavaFX Application Thread] WARN  o.b.s.BxWinLab.BaseLabel - 无法包裹元素(org.bxwbb.spigotplugincreatertool.BxWinLab.HorizontalLayout@4889f6dc,无法初始化值yChange) - 尝试包裹浮动体
2026-01-30 16:31:32.627 [JavaFX Application Thread] WARN  o.b.s.BxWinLab.BaseLabel - 无法包裹元素(org.bxwbb.spigotplugincreatertool.BxWinLab.MarginsBox@1178d303,无法初始化值xChange & yChange) - 尝试包裹浮动体
2026-01-30 16:31:32.627 [JavaFX Application Thread] WARN  o.b.s.BxWinLab.BaseLabel - 无法包裹元素(org.bxwbb.spigotplugincreatertool.BxWinLab.HorizontalLayout@4889f6dc,无法初始化值yChange) - 尝试包裹浮动体
2026-01-30 16:31:32.627 [JavaFX Application Thread] WARN  o.b.s.BxWinLab.BaseLabel - 无法包裹元素(org.bxwbb.spigotplugincreatertool.BxWinLab.MarginsBox@1178d303,无法初始化值xChange & yChange) - 尝试包裹浮动体
2026-01-30 16:31:32.627 [JavaFX Application Thread] WARN  o.b.s.BxWinLab.BaseLabel - 无法包裹元素(org.bxwbb.spigotplugincreatertool.BxWinLab.HorizontalLayout@4889f6dc,无法初始化值yChange) - 尝试包裹浮动体
2026-01-30 16:31:32.627 [JavaFX Application Thread] WARN  o.b.s.BxWinLab.BaseLabel - 无法包裹元素(org.bxwbb.spigotplugincreatertool.BxWinLab.MarginsBox@1178d303,无法初始化值xChange & yChange) - 尝试包裹浮动体
2026-01-30 16:31:32.627 [JavaFX Application Thread] WARN  o.b.s.BxWinLab.BaseLabel - 无法包裹元素(org.bxwbb.spigotplugincreatertool.BxWinLab.HorizontalLayout@4889f6dc,无法初始化值yChange) - 尝试包裹浮动体
2026-01-30 16:31:32.627 [JavaFX Application Thread] WARN  o.b.s.BxWinLab.BaseLabel - 无法包裹元素(org.bxwbb.spigotplugincreatertool.BxWinLab.MarginsBox@1178d303,无法初始化值xChange & yChange) - 尝试包裹浮动体
2026-01-30 16:31:32.627 [JavaFX Application Thread] WARN  o.b.s.BxWinLab.BaseLabel - 无法包裹元素(org.bxwbb.spigotplugincreatertool.BxWinLab.HorizontalLayout@4889f6dc,无法初始化值yChange) - 尝试包裹浮动体
2026-01-30 16:31:32.628 [JavaFX Application Thread] WARN  o.b.s.BxWinLab.BaseLabel - 无法包裹元素(org.bxwbb.spigotplugincreatertool.BxWinLab.MarginsBox@1178d303,无法初始化值xChange & yChange) - 尝试包裹浮动体
2026-01-30 16:31:32.628 [JavaFX Application Thread] WARN  o.b.s.BxWinLab.BaseLabel - 无法包裹元素(org.bxwbb.spigotplugincreatertool.BxWinLab.HorizontalLayout@4889f6dc,无法初始化值yChange) - 尝试包裹浮动体
2026-01-30 16:31:32.628 [JavaFX Application Thread] WARN  o.b.s.BxWinLab.BaseLabel - 无法包裹元素(org.bxwbb.spigotplugincreatertool.BxWinLab.MarginsBox@1178d303,无法初始化值xChange & yChange) - 尝试包裹浮动体
2026-01-30 16:31:32.628 [JavaFX Application Thread] WARN  o.b.s.BxWinLab.BaseLabel - 无法包裹元素(org.bxwbb.spigotplugincreatertool.BxWinLab.HorizontalLayout@4889f6dc,无法初始化值yChange) - 尝试包裹浮动体
2026-01-30 16:31:32.628 [JavaFX Application Thread] WARN  o.b.s.BxWinLab.BaseLabel - 无法包裹元素(org.bxwbb.spigotplugincreatertool.BxWinLab.MarginsBox@1178d303,无法初始化值xChange & yChange) - 尝试包裹浮动体
2026-01-30 16:31:32.628 [JavaFX Application Thread] WARN  o.b.s.BxWinLab.BaseLabel - 无法包裹元素(org.bxwbb.spigotplugincreatertool.BxWinLab.HorizontalLayout@4889f6dc,无法初始化值yChange) - 尝试包裹浮动体
2026-01-30 16:31:32.628 [JavaFX Application Thread] WARN  o.b.s.BxWinLab.BaseLabel - 无法包裹元素(org.bxwbb.spigotplugincreatertool.BxWinLab.MarginsBox@1178d303,无法初始化值xChange & yChange) - 尝试包裹浮动体
2026-01-30 16:31:32.628 [JavaFX Application Thread] WARN  o.b.s.BxWinLab.BaseLabel - 无法包裹元素(org.bxwbb.spigotplugincreatertool.BxWinLab.HorizontalLayout@4889f6dc,无法初始化值yChange) - 尝试包裹浮动体
2026-01-30 16:31:32.628 [JavaFX Application Thread] WARN  o.b.s.BxWinLab.BaseLabel - 无法包裹元素(org.bxwbb.spigotplugincreatertool.BxWinLab.MarginsBox@1178d303,无法初始化值xChange & yChange) - 尝试包裹浮动体
2026-01-30 16:31:32.628 [JavaFX Application Thread] WARN  o.b.s.BxWinLab.BaseLabel - 无法包裹元素(org.bxwbb.spigotplugincreatertool.BxWinLab.HorizontalLayout@4889f6dc,无法初始化值yChange) - 尝试包裹浮动体
2026-01-30 16:31:32.628 [JavaFX Application Thread] WARN  o.b.s.BxWinLab.BaseLabel - 无法包裹元素(org.bxwbb.spigotplugincreatertool.BxWinLab.MarginsBox@1178d303,无法初始化值xChange & yChange) - 尝试包裹浮动体
2026-01-30 16:31:32.628 [JavaFX Application Thread] WARN  o.b.s.BxWinLab.BaseLabel - 无法包裹元素(org.bxwbb.spigotplugincreatertool.BxWinLab.HorizontalLayout@4889f6dc,无法初始化值yChange) - 尝试包裹浮动体
2026-01-30 16:31:32.628 [JavaFX Application Thread] WARN  o.b.s.BxWinLab.BaseLabel - 无法包裹元素(org.bxwbb.spigotplugincreatertool.BxWinLab.MarginsBox@1178d303,无法初始化值xChange & yChange) - 尝试包裹浮动体
2026-01-30 16:31:32.628 [JavaFX Application Thread] WARN  o.b.s.BxWinLab.BaseLabel - 无法包裹元素(org.bxwbb.spigotplugincreatertool.BxWinLab.HorizontalLayout@4889f6dc,无法初始化值yChange) - 尝试包裹浮动体
2026-01-30 16:31:32.628 [JavaFX Application Thread] WARN  o.b.s.BxWinLab.BaseLabel - 无法包裹元素(org.bxwbb.spigotplugincreatertool.BxWinLab.MarginsBox@1178d303,无法初始化值xChange & yChange) - 尝试包裹浮动体
2026-01-30 16:31:32.628 [JavaFX Application Thread] WARN  o.b.s.BxWinLab.BaseLabel - 无法包裹元素(org.bxwbb.spigotplugincreatertool.BxWinLab.MarginsBox@1178d303,无法初始化值xChange & yChange) - 尝试包裹浮动体
2026-01-30 16:31:32.628 [JavaFX Application Thread] WARN  o.b.s.BxWinLab.BaseLabel - 无法包裹元素(org.bxwbb.spigotplugincreatertool.BxWinLab.MarginsBox@1178d303,无法初始化值xChange & yChange) - 尝试包裹浮动体
2026-01-30 16:31:32.632 [JavaFX Application Thread] WARN  o.b.s.BxWinLab.BaseLabel - 无法包裹元素(org.bxwbb.spigotplugincreatertool.BxWinLab.HorizontalLayout@ea7983b,无法初始化值yChange) - 尝试包裹浮动体
2026-01-30 16:31:32.632 [JavaFX Application Thread] WARN  o.b.s.BxWinLab.BaseLabel - 无法包裹元素(org.bxwbb.spigotplugincreatertool.BxWinLab.HorizontalLayout@ea7983b,无法初始化值yChange) - 尝试包裹浮动体
2026-01-30 16:31:32.632 [JavaFX Application Thread] WARN  o.b.s.BxWinLab.BaseLabel - 无法包裹元素(org.bxwbb.spigotplugincreatertool.BxWinLab.HorizontalLayout@ea7983b,无法初始化值yChange) - 尝试包裹浮动体
2026-01-30 16:31:32.632 [JavaFX Application Thread] WARN  o.b.s.BxWinLab.BaseLabel - 无法包裹元素(org.bxwbb.spigotplugincreatertool.BxWinLab.HorizontalLayout@ea7983b,无法初始化值yChange) - 尝试包裹浮动体
2026-01-30 16:31:32.632 [JavaFX Application Thread] WARN  o.b.s.BxWinLab.BaseLabel - 无法包裹元素(org.bxwbb.spigotplugincreatertool.BxWinLab.HorizontalLayout@ea7983b,无法初始化值yChange) - 尝试包裹浮动体
2026-01-30 16:31:32.632 [JavaFX Application Thread] WARN  o.b.s.BxWinLab.BaseLabel - 无法包裹元素(org.bxwbb.spigotplugincreatertool.BxWinLab.HorizontalLayout@ea7983b,无法初始化值yChange) - 尝试包裹浮动体
2026-01-30 16:31:32.632 [JavaFX Application Thread] WARN  o.b.s.BxWinLab.BaseLabel - 无法包裹元素(org.bxwbb.spigotplugincreatertool.BxWinLab.HorizontalLayout@ea7983b,无法初始化值yChange) - 尝试包裹浮动体
2026-01-30 16:31:32.632 [JavaFX Application Thread] WARN  o.b.s.BxWinLab.BaseLabel - 无法包裹元素(org.bxwbb.spigotplugincreatertool.BxWinLab.HorizontalLayout@ea7983b,无法初始化值yChange) - 尝试包裹浮动体
2026-01-30 16:31:32.633 [JavaFX Application Thread] WARN  o.b.s.BxWinLab.BaseLabel - 无法包裹元素(org.bxwbb.spigotplugincreatertool.BxWinLab.HorizontalLayout@ea7983b,无法初始化值yChange) - 尝试包裹浮动体
2026-01-30 16:31:32.633 [JavaFX Application Thread] WARN  o.b.s.BxWinLab.BaseLabel - 无法包裹元素(org.bxwbb.spigotplugincreatertool.BxWinLab.HorizontalLayout@ea7983b,无法初始化值yChange) - 尝试包裹浮动体
2026-01-30 16:31:32.633 [JavaFX Application Thread] WARN  o.b.s.BxWinLab.BaseLabel - 无法包裹元素(org.bxwbb.spigotplugincreatertool.BxWinLab.HorizontalLayout@ea7983b,无法初始化值yChange) - 尝试包裹浮动体
2026-01-30 16:31:32.633 [JavaFX Application Thread] WARN  o.b.s.BxWinLab.BaseLabel - 无法包裹元素(org.bxwbb.spigotplugincreatertool.BxWinLab.HorizontalLayout@ea7983b,无法初始化值yChange) - 尝试包裹浮动体
2026-01-30 16:31:32.633 [JavaFX Application Thread] WARN  o.b.s.BxWinLab.BaseLabel - 无法包裹元素(org.bxwbb.spigotplugincreatertool.BxWinLab.HorizontalLayout@ea7983b,无法初始化值yChange) - 尝试包裹浮动体
2026-01-30 16:31:32.633 [JavaFX Application Thread] WARN  o.b.s.BxWinLab.BaseLabel - 无法包裹元素(org.bxwbb.spigotplugincreatertool.BxWinLab.HorizontalLayout@ea7983b,无法初始化值yChange) - 尝试包裹浮动体
2026-01-30 16:31:32.633 [JavaFX Application Thread] WARN  o.b.s.BxWinLab.BaseLabel - 无法包裹元素(org.bxwbb.spigotplugincreatertool.BxWinLab.HorizontalLayout@ea7983b,无法初始化值yChange) - 尝试包裹浮动体
2026-01-30 16:31:32.633 [JavaFX Application Thread] WARN  o.b.s.BxWinLab.BaseLabel - 无法包裹元素(org.bxwbb.spigotplugincreatertool.BxWinLab.HorizontalLayout@ea7983b,无法初始化值yChange) - 尝试包裹浮动体
2026-01-30 16:31:32.633 [JavaFX Application Thread] WARN  o.b.s.BxWinLab.BaseLabel - 无法包裹元素(org.bxwbb.spigotplugincreatertool.BxWinLab.MarginsBox@f819d73,无法初始化值xChange & yChange) - 尝试包裹浮动体
2026-01-30 16:31:32.633 [JavaFX Application Thread] WARN  o.b.s.BxWinLab.BaseLabel - 无法包裹元素(org.bxwbb.spigotplugincreatertool.BxWinLab.HorizontalLayout@ea7983b,无法初始化值yChange) - 尝试包裹浮动体
2026-01-30 16:31:32.633 [JavaFX Application Thread] WARN  o.b.s.BxWinLab.BaseLabel - 无法包裹元素(org.bxwbb.spigotplugincreatertool.BxWinLab.MarginsBox@f819d73,无法初始化值xChange & yChange) - 尝试包裹浮动体
2026-01-30 16:31:32.633 [JavaFX Application Thread] WARN  o.b.s.BxWinLab.BaseLabel - 无法包裹元素(org.bxwbb.spigotplugincreatertool.BxWinLab.HorizontalLayout@ea7983b,无法初始化值yChange) - 尝试包裹浮动体
2026-01-30 16:31:32.633 [JavaFX Application Thread] WARN  o.b.s.BxWinLab.BaseLabel - 无法包裹元素(org.bxwbb.spigotplugincreatertool.BxWinLab.MarginsBox@f819d73,无法初始化值xChange & yChange) - 尝试包裹浮动体
2026-01-30 16:31:32.633 [JavaFX Application Thread] WARN  o.b.s.BxWinLab.BaseLabel - 无法包裹元素(org.bxwbb.spigotplugincreatertool.BxWinLab.HorizontalLayout@ea7983b,无法初始化值yChange) - 尝试包裹浮动体
2026-01-30 16:31:32.633 [JavaFX Application Thread] WARN  o.b.s.BxWinLab.BaseLabel - 无法包裹元素(org.bxwbb.spigotplugincreatertool.BxWinLab.MarginsBox@f819d73,无法初始化值xChange & yChange) - 尝试包裹浮动体
2026-01-30 16:31:32.633 [JavaFX Application Thread] WARN  o.b.s.BxWinLab.BaseLabel - 无法包裹元素(org.bxwbb.spigotplugincreatertool.BxWinLab.HorizontalLayout@ea7983b,无法初始化值yChange) - 尝试包裹浮动体
2026-01-30 16:31:32.633 [JavaFX Application Thread] WARN  o.b.s.BxWinLab.BaseLabel - 无法包裹元素(org.bxwbb.spigotplugincreatertool.BxWinLab.MarginsBox@f819d73,无法初始化值xChange & yChange) - 尝试包裹浮动体
2026-01-30 16:31:32.633 [JavaFX Application Thread] WARN  o.b.s.BxWinLab.BaseLabel - 无法包裹元素(org.bxwbb.spigotplugincreatertool.BxWinLab.HorizontalLayout@ea7983b,无法初始化值yChange) - 尝试包裹浮动体
2026-01-30 16:31:32.633 [JavaFX Application Thread] WARN  o.b.s.BxWinLab.BaseLabel - 无法包裹元素(org.bxwbb.spigotplugincreatertool.BxWinLab.MarginsBox@f819d73,无法初始化值xChange & yChange) - 尝试包裹浮动体
2026-01-30 16:31:32.633 [JavaFX Application Thread] WARN  o.b.s.BxWinLab.BaseLabel - 无法包裹元素(org.bxwbb.spigotplugincreatertool.BxWinLab.HorizontalLayout@ea7983b,无法初始化值yChange) - 尝试包裹浮动体
2026-01-30 16:31:32.633 [JavaFX Application Thread] WARN  o.b.s.BxWinLab.BaseLabel - 无法包裹元素(org.bxwbb.spigotplugincreatertool.BxWinLab.MarginsBox@f819d73,无法初始化值xChange & yChange) - 尝试包裹浮动体
2026-01-30 16:31:32.633 [JavaFX Application Thread] WARN  o.b.s.BxWinLab.BaseLabel - 无法包裹元素(org.bxwbb.spigotplugincreatertool.BxWinLab.HorizontalLayout@ea7983b,无法初始化值yChange) - 尝试包裹浮动体
2026-01-30 16:31:32.633 [JavaFX Application Thread] WARN  o.b.s.BxWinLab.BaseLabel - 无法包裹元素(org.bxwbb.spigotplugincreatertool.BxWinLab.MarginsBox@f819d73,无法初始化值xChange & yChange) - 尝试包裹浮动体
2026-01-30 16:31:32.633 [JavaFX Application Thread] WARN  o.b.s.BxWinLab.BaseLabel - 无法包裹元素(org.bxwbb.spigotplugincreatertool.BxWinLab.HorizontalLayout@ea7983b,无法初始化值yChange) - 尝试包裹浮动体
2026-01-30 16:31:32.633 [JavaFX Application Thread] WARN  o.b.s.BxWinLab.BaseLabel - 无法包裹元素(org.bxwbb.spigotplugincreatertool.BxWinLab.MarginsBox@f819d73,无法初始化值xChange & yChange) - 尝试包裹浮动体
2026-01-30 16:31:32.633 [JavaFX Application Thread] WARN  o.b.s.BxWinLab.BaseLabel - 无法包裹元素(org.bxwbb.spigotplugincreatertool.BxWinLab.HorizontalLayout@ea7983b,无法初始化值yChange) - 尝试包裹浮动体
2026-01-30 16:31:32.633 [JavaFX Application Thread] WARN  o.b.s.BxWinLab.BaseLabel - 无法包裹元素(org.bxwbb.spigotplugincreatertool.BxWinLab.MarginsBox@f819d73,无法初始化值xChange & yChange) - 尝试包裹浮动体
2026-01-30 16:31:32.633 [JavaFX Application Thread] WARN  o.b.s.BxWinLab.BaseLabel - 无法包裹元素(org.bxwbb.spigotplugincreatertool.BxWinLab.HorizontalLayout@ea7983b,无法初始化值yChange) - 尝试包裹浮动体
2026-01-30 16:31:32.633 [JavaFX Application Thread] WARN  o.b.s.BxWinLab.BaseLabel - 无法包裹元素(org.bxwbb.spigotplugincreatertool.BxWinLab.MarginsBox@f819d73,无法初始化值xChange & yChange) - 尝试包裹浮动体
2026-01-30 16:31:32.633 [JavaFX Application Thread] WARN  o.b.s.BxWinLab.BaseLabel - 无法包裹元素(org.bxwbb.spigotplugincreatertool.BxWinLab.HorizontalLayout@ea7983b,无法初始化值yChange) - 尝试包裹浮动体
2026-01-30 16:31:32.633 [JavaFX Application Thread] WARN  o.b.s.BxWinLab.BaseLabel - 无法包裹元素(org.bxwbb.spigotplugincreatertool.BxWinLab.MarginsBox@f819d73,无法初始化值xChange & yChange) - 尝试包裹浮动体
2026-01-30 16:31:32.633 [JavaFX Application Thread] WARN  o.b.s.BxWinLab.BaseLabel - 无法包裹元素(org.bxwbb.spigotplugincreatertool.BxWinLab.HorizontalLayout@ea7983b,无法初始化值yChange) - 尝试包裹浮动体
2026-01-30 16:31:32.633 [JavaFX Application Thread] WARN  o.b.s.BxWinLab.BaseLabel - 无法包裹元素(org.bxwbb.spigotplugincreatertool.BxWinLab.MarginsBox@f819d73,无法初始化值xChange & yChange) - 尝试包裹浮动体
2026-01-30 16:31:32.634 [JavaFX Application Thread] WARN  o.b.s.BxWinLab.BaseLabel - 无法包裹元素(org.bxwbb.spigotplugincreatertool.BxWinLab.HorizontalLayout@ea7983b,无法初始化值yChange) - 尝试包裹浮动体
2026-01-30 16:31:32.634 [JavaFX Application Thread] WARN  o.b.s.BxWinLab.BaseLabel - 无法包裹元素(org.bxwbb.spigotplugincreatertool.BxWinLab.MarginsBox@f819d73,无法初始化值xChange & yChange) - 尝试包裹浮动体
2026-01-30 16:31:32.634 [JavaFX Application Thread] WARN  o.b.s.BxWinLab.BaseLabel - 无法包裹元素(org.bxwbb.spigotplugincreatertool.BxWinLab.HorizontalLayout@ea7983b,无法初始化值yChange) - 尝试包裹浮动体
2026-01-30 16:31:32.634 [JavaFX Application Thread] WARN  o.b.s.BxWinLab.BaseLabel - 无法包裹元素(org.bxwbb.spigotplugincreatertool.BxWinLab.MarginsBox@f819d73,无法初始化值xChange & yChange) - 尝试包裹浮动体
2026-01-30 16:31:32.634 [JavaFX Application Thread] WARN  o.b.s.BxWinLab.BaseLabel - 无法包裹元素(org.bxwbb.spigotplugincreatertool.BxWinLab.HorizontalLayout@ea7983b,无法初始化值yChange) - 尝试包裹浮动体
2026-01-30 16:31:32.634 [JavaFX Application Thread] WARN  o.b.s.BxWinLab.BaseLabel - 无法包裹元素(org.bxwbb.spigotplugincreatertool.BxWinLab.MarginsBox@f819d73,无法初始化值xChange & yChange) - 尝试包裹浮动体
2026-01-30 16:31:32.634 [JavaFX Application Thread] WARN  o.b.s.BxWinLab.BaseLabel - 无法包裹元素(org.bxwbb.spigotplugincreatertool.BxWinLab.HorizontalLayout@ea7983b,无法初始化值yChange) - 尝试包裹浮动体
2026-01-30 16:31:32.634 [JavaFX Application Thread] WARN  o.b.s.BxWinLab.BaseLabel - 无法包裹元素(org.bxwbb.spigotplugincreatertool.BxWinLab.MarginsBox@f819d73,无法初始化值xChange & yChange) - 尝试包裹浮动体
2026-01-30 16:31:32.634 [JavaFX Application Thread] WARN  o.b.s.BxWinLab.BaseLabel - 无法包裹元素(org.bxwbb.spigotplugincreatertool.BxWinLab.HorizontalLayout@ea7983b,无法初始化值yChange) - 尝试包裹浮动体
2026-01-30 16:31:32.634 [JavaFX Application Thread] WARN  o.b.s.BxWinLab.BaseLabel - 无法包裹元素(org.bxwbb.spigotplugincreatertool.BxWinLab.MarginsBox@f819d73,无法初始化值xChange & yChange) - 尝试包裹浮动体
2026-01-30 16:31:32.634 [JavaFX Application Thread] WARN  o.b.s.BxWinLab.BaseLabel - 无法包裹元素(org.bxwbb.spigotplugincreatertool.BxWinLab.HorizontalLayout@ea7983b,无法初始化值yChange) - 尝试包裹浮动体
2026-01-30 16:31:32.634 [JavaFX Application Thread] WARN  o.b.s.BxWinLab.BaseLabel - 无法包裹元素(org.bxwbb.spigotplugincreatertool.BxWinLab.MarginsBox@f819d73,无法初始化值xChange & yChange) - 尝试包裹浮动体
2026-01-30 16:31:32.634 [JavaFX Application Thread] WARN  o.b.s.BxWinLab.BaseLabel - 无法包裹元素(org.bxwbb.spigotplugincreatertool.BxWinLab.HorizontalLayout@ea7983b,无法初始化值yChange) - 尝试包裹浮动体
2026-01-30 16:31:32.634 [JavaFX Application Thread] WARN  o.b.s.BxWinLab.BaseLabel - 无法包裹元素(org.bxwbb.spigotplugincreatertool.BxWinLab.MarginsBox@f819d73,无法初始化值xChange & yChange) - 尝试包裹浮动体
2026-01-30 16:31:32.634 [JavaFX Application Thread] WARN  o.b.s.BxWinLab.BaseLabel - 无法包裹元素(org.bxwbb.spigotplugincreatertool.BxWinLab.MarginsBox@f819d73,无法初始化值xChange & yChange) - 尝试包裹浮动体
2026-01-30 16:31:32.634 [JavaFX Application Thread] WARN  o.b.s.BxWinLab.BaseLabel - 无法包裹元素(org.bxwbb.spigotplugincreatertool.BxWinLab.MarginsBox@f819d73,无法初始化值xChange & yChange) - 尝试包裹浮动体
2026-01-30 16:31:32.647 [JavaFX Application Thread] WARN  o.b.s.BxWinLab.BaseLabel - 无法包裹元素(org.bxwbb.spigotplugincreatertool.BxWinLab.VerticalLayout@759c0716,无法初始化值xChange) - 尝试包裹浮动体
2026-01-30 16:31:32.647 [JavaFX Application Thread] WARN  o.b.s.BxWinLab.BaseLabel - 无法包裹元素(org.bxwbb.spigotplugincreatertool.BxWinLab.VerticalLayout@759c0716,无法初始化值xChange) - 尝试包裹浮动体
2026-01-30 16:31:32.647 [JavaFX Application Thread] WARN  o.b.s.BxWinLab.BaseLabel - 无法包裹元素(org.bxwbb.spigotplugincreatertool.BxWinLab.VerticalLayout@759c0716,无法初始化值xChange) - 尝试包裹浮动体
2026-01-30 16:31:32.647 [JavaFX Application Thread] WARN  o.b.s.BxWinLab.BaseLabel - 无法包裹元素(org.bxwbb.spigotplugincreatertool.BxWinLab.VerticalLayout@759c0716,无法初始化值xChange) - 尝试包裹浮动体
2026-01-30 16:31:32.647 [JavaFX Application Thread] WARN  o.b.s.BxWinLab.BaseLabel - 无法包裹元素(org.bxwbb.spigotplugincreatertool.BxWinLab.VerticalLayout@759c0716,无法初始化值xChange) - 尝试包裹浮动体
2026-01-30 16:31:32.647 [JavaFX Application Thread] WARN  o.b.s.BxWinLab.BaseLabel - 无法包裹元素(org.bxwbb.spigotplugincreatertool.BxWinLab.VerticalLayout@759c0716,无法初始化值xChange) - 尝试包裹浮动体
2026-01-30 16:31:32.647 [JavaFX Application Thread] WARN  o.b.s.BxWinLab.BaseLabel - 无法包裹元素(org.bxwbb.spigotplugincreatertool.BxWinLab.VerticalLayout@759c0716,无法初始化值xChange) - 尝试包裹浮动体
2026-01-30 16:31:32.647 [JavaFX Application Thread] WARN  o.b.s.BxWinLab.BaseLabel - 无法包裹元素(org.bxwbb.spigotplugincreatertool.BxWinLab.VerticalLayout@759c0716,无法初始化值xChange) - 尝试包裹浮动体
2026-01-30 16:31:32.647 [JavaFX Application Thread] WARN  o.b.s.BxWinLab.BaseLabel - 无法包裹元素(org.bxwbb.spigotplugincreatertool.BxWinLab.VerticalLayout@759c0716,无法初始化值xChange) - 尝试包裹浮动体
2026-01-30 16:31:32.647 [JavaFX Application Thread] WARN  o.b.s.BxWinLab.BaseLabel - 无法包裹元素(org.bxwbb.spigotplugincreatertool.BxWinLab.VerticalLayout@759c0716,无法初始化值xChange) - 尝试包裹浮动体
2026-01-30 16:31:32.647 [JavaFX Application Thread] WARN  o.b.s.BxWinLab.BaseLabel - 无法包裹元素(org.bxwbb.spigotplugincreatertool.BxWinLab.VerticalLayout@759c0716,无法初始化值xChange) - 尝试包裹浮动体
2026-01-30 16:31:32.647 [JavaFX Application Thread] WARN  o.b.s.BxWinLab.BaseLabel - 无法包裹元素(org.bxwbb.spigotplugincreatertool.BxWinLab.VerticalLayout@759c0716,无法初始化值xChange) - 尝试包裹浮动体
2026-01-30 16:31:32.647 [JavaFX Application Thread] WARN  o.b.s.BxWinLab.BaseLabel - 无法包裹元素(org.bxwbb.spigotplugincreatertool.BxWinLab.VerticalLayout@759c0716,无法初始化值xChange) - 尝试包裹浮动体
2026-01-30 16:31:32.647 [JavaFX Application Thread] WARN  o.b.s.BxWinLab.BaseLabel - 无法包裹元素(org.bxwbb.spigotplugincreatertool.BxWinLab.VerticalLayout@759c0716,无法初始化值xChange) - 尝试包裹浮动体
2026-01-30 16:31:32.647 [JavaFX Application Thread] WARN  o.b.s.BxWinLab.BaseLabel - 无法包裹元素(org.bxwbb.spigotplugincreatertool.BxWinLab.VerticalLayout@759c0716,无法初始化值xChange) - 尝试包裹浮动体
2026-01-30 16:31:32.647 [JavaFX Application Thread] WARN  o.b.s.BxWinLab.BaseLabel - 无法包裹元素(org.bxwbb.spigotplugincreatertool.BxWinLab.VerticalLayout@759c0716,无法初始化值xChange) - 尝试包裹浮动体
2026-01-30 16:31:32.648 [JavaFX Application Thread] WARN  o.b.s.BxWinLab.BaseLabel - 无法包裹元素(org.bxwbb.spigotplugincreatertool.BxWinLab.VerticalLayout@759c0716,无法初始化值xChange) - 尝试包裹浮动体
2026-01-30 16:31:32.648 [JavaFX Application Thread] WARN  o.b.s.BxWinLab.BaseLabel - 无法包裹元素(org.bxwbb.spigotplugincreatertool.BxWinLab.VerticalLayout@759c0716,无法初始化值xChange) - 尝试包裹浮动体
2026-01-30 16:31:32.648 [JavaFX Application Thread] WARN  o.b.s.BxWinLab.BaseLabel - 无法包裹元素(org.bxwbb.spigotplugincreatertool.BxWinLab.VerticalLayout@759c0716,无法初始化值xChange) - 尝试包裹浮动体
2026-01-30 16:31:32.648 [JavaFX Application Thread] WARN  o.b.s.BxWinLab.BaseLabel - 无法包裹元素(org.bxwbb.spigotplugincreatertool.BxWinLab.VerticalLayout@759c0716,无法初始化值xChange) - 尝试包裹浮动体
2026-01-30 16:31:32.648 [JavaFX Application Thread] WARN  o.b.s.BxWinLab.BaseLabel - 无法包裹元素(org.bxwbb.spigotplugincreatertool.BxWinLab.VerticalLayout@759c0716,无法初始化值xChange) - 尝试包裹浮动体
2026-01-30 16:31:32.648 [JavaFX Application Thread] WARN  o.b.s.BxWinLab.BaseLabel - 无法包裹元素(org.bxwbb.spigotplugincreatertool.BxWinLab.VerticalLayout@759c0716,无法初始化值xChange) - 尝试包裹浮动体
2026-01-30 16:31:32.648 [JavaFX Application Thread] WARN  o.b.s.BxWinLab.BaseLabel - 无法包裹元素(org.bxwbb.spigotplugincreatertool.BxWinLab.VerticalLayout@759c0716,无法初始化值xChange) - 尝试包裹浮动体
2026-01-30 16:31:32.648 [JavaFX Application Thread] WARN  o.b.s.BxWinLab.BaseLabel - 无法包裹元素(org.bxwbb.spigotplugincreatertool.BxWinLab.VerticalLayout@759c0716,无法初始化值xChange) - 尝试包裹浮动体
2026-01-30 16:31:32.648 [JavaFX Application Thread] WARN  o.b.s.BxWinLab.BaseLabel - 无法包裹元素(org.bxwbb.spigotplugincreatertool.BxWinLab.VerticalLayout@759c0716,无法初始化值xChange) - 尝试包裹浮动体
2026-01-30 16:31:32.648 [JavaFX Application Thread] WARN  o.b.s.BxWinLab.BaseLabel - 无法包裹元素(org.bxwbb.spigotplugincreatertool.BxWinLab.VerticalLayout@759c0716,无法初始化值xChange) - 尝试包裹浮动体
2026-01-30 16:31:32.648 [JavaFX Application Thread] WARN  o.b.s.BxWinLab.BaseLabel - 无法包裹元素(org.bxwbb.spigotplugincreatertool.BxWinLab.VerticalLayout@759c0716,无法初始化值xChange) - 尝试包裹浮动体
2026-01-30 16:31:32.648 [JavaFX Application Thread] WARN  o.b.s.BxWinLab.BaseLabel - 无法包裹元素(org.bxwbb.spigotplugincreatertool.BxWinLab.VerticalLayout@759c0716,无法初始化值xChange) - 尝试包裹浮动体
2026-01-30 16:31:32.648 [JavaFX Application Thread] WARN  o.b.s.BxWinLab.BaseLabel - 无法包裹元素(org.bxwbb.spigotplugincreatertool.BxWinLab.VerticalLayout@759c0716,无法初始化值xChange) - 尝试包裹浮动体
2026-01-30 16:31:32.648 [JavaFX Application Thread] WARN  o.b.s.BxWinLab.BaseLabel - 无法包裹元素(org.bxwbb.spigotplugincreatertool.BxWinLab.VerticalLayout@759c0716,无法初始化值xChange) - 尝试包裹浮动体
2026-01-30 16:31:32.648 [JavaFX Application Thread] WARN  o.b.s.BxWinLab.BaseLabel - 无法包裹元素(org.bxwbb.spigotplugincreatertool.BxWinLab.VerticalLayout@759c0716,无法初始化值xChange) - 尝试包裹浮动体
2026-01-30 16:31:32.648 [JavaFX Application Thread] WARN  o.b.s.BxWinLab.BaseLabel - 无法包裹元素(org.bxwbb.spigotplugincreatertool.BxWinLab.VerticalLayout@759c0716,无法初始化值xChange) - 尝试包裹浮动体
2026-01-30 16:31:32.648 [JavaFX Application Thread] WARN  o.b.s.BxWinLab.BaseLabel - 无法包裹元素(org.bxwbb.spigotplugincreatertool.BxWinLab.VerticalLayout@759c0716,无法初始化值xChange) - 尝试包裹浮动体
2026-01-30 16:31:32.648 [JavaFX Application Thread] WARN  o.b.s.BxWinLab.BaseLabel - 无法包裹元素(org.bxwbb.spigotplugincreatertool.BxWinLab.VerticalLayout@759c0716,无法初始化值xChange) - 尝试包裹浮动体
2026-01-30 16:31:32.648 [JavaFX Application Thread] WARN  o.b.s.BxWinLab.BaseLabel - 无法包裹元素(org.bxwbb.spigotplugincreatertool.BxWinLab.VerticalLayout@759c0716,无法初始化值xChange) - 尝试包裹浮动体
2026-01-30 16:31:32.648 [JavaFX Application Thread] WARN  o.b.s.BxWinLab.BaseLabel - 无法包裹元素(org.bxwbb.spigotplugincreatertool.BxWinLab.VerticalLayout@759c0716,无法初始化值xChange) - 尝试包裹浮动体
2026-01-30 16:31:32.648 [JavaFX Application Thread] WARN  o.b.s.BxWinLab.BaseLabel - 无法包裹元素(org.bxwbb.spigotplugincreatertool.BxWinLab.VerticalLayout@759c0716,无法初始化值xChange) - 尝试包裹浮动体
2026-01-30 16:31:32.648 [JavaFX Application Thread] WARN  o.b.s.BxWinLab.BaseLabel - 无法包裹元素(org.bxwbb.spigotplugincreatertool.BxWinLab.VerticalLayout@759c0716,无法初始化值xChange) - 尝试包裹浮动体
2026-01-30 16:31:32.648 [JavaFX Application Thread] WARN  o.b.s.BxWinLab.BaseLabel - 无法包裹元素(org.bxwbb.spigotplugincreatertool.BxWinLab.VerticalLayout@759c0716,无法初始化值xChange) - 尝试包裹浮动体
2026-01-30 16:31:32.648 [JavaFX Application Thread] WARN  o.b.s.BxWinLab.BaseLabel - 无法包裹元素(org.bxwbb.spigotplugincreatertool.BxWinLab.VerticalLayout@759c0716,无法初始化值xChange) - 尝试包裹浮动体
2026-01-30 16:31:32.648 [JavaFX Application Thread] WARN  o.b.s.BxWinLab.BaseLabel - 无法包裹元素(org.bxwbb.spigotplugincreatertool.BxWinLab.VerticalLayout@759c0716,无法初始化值xChange) - 尝试包裹浮动体
2026-01-30 16:31:32.648 [JavaFX Application Thread] WARN  o.b.s.BxWinLab.BaseLabel - 无法包裹元素(org.bxwbb.spigotplugincreatertool.BxWinLab.VerticalLayout@759c0716,无法初始化值xChange) - 尝试包裹浮动体
2026-01-30 16:31:32.648 [JavaFX Application Thread] WARN  o.b.s.BxWinLab.BaseLabel - 无法包裹元素(org.bxwbb.spigotplugincreatertool.BxWinLab.VerticalLayout@759c0716,无法初始化值xChange) - 尝试包裹浮动体
2026-01-30 16:31:32.656 [JavaFX Application Thread] WARN  o.b.s.BxWinLab.BaseLabel - 无法包裹元素(org.bxwbb.spigotplugincreatertool.BxWinLab.VerticalLayout@759c0716,无法初始化值xChange) - 尝试包裹浮动体
2026-01-30 16:31:32.657 [JavaFX Application Thread] WARN  o.b.s.BxWinLab.BaseLabel - 无法包裹元素(org.bxwbb.spigotplugincreatertool.BxWinLab.VerticalLayout@759c0716,无法初始化值xChange) - 尝试包裹浮动体
2026-01-30 16:31:32.657 [JavaFX Application Thread] WARN  o.b.s.BxWinLab.BaseLabel - 无法包裹元素(org.bxwbb.spigotplugincreatertool.BxWinLab.VerticalLayout@759c0716,无法初始化值xChange) - 尝试包裹浮动体
2026-01-30 16:31:32.657 [JavaFX Application Thread] WARN  o.b.s.BxWinLab.BaseLabel - 无法包裹元素(org.bxwbb.spigotplugincreatertool.BxWinLab.VerticalLayout@759c0716,无法初始化值xChange) - 尝试包裹浮动体
2026-01-30 16:31:32.657 [JavaFX Application Thread] WARN  o.b.s.BxWinLab.BaseLabel - 无法包裹元素(org.bxwbb.spigotplugincreatertool.BxWinLab.VerticalLayout@759c0716,无法初始化值xChange) - 尝试包裹浮动体
2026-01-30 16:31:32.657 [JavaFX Application Thread] WARN  o.b.s.BxWinLab.BaseLabel - 无法包裹元素(org.bxwbb.spigotplugincreatertool.BxWinLab.VerticalLayout@759c0716,无法初始化值xChange) - 尝试包裹浮动体
2026-01-30 16:31:32.657 [JavaFX Application Thread] WARN  o.b.s.BxWinLab.BaseLabel - 无法包裹元素(org.bxwbb.spigotplugincreatertool.BxWinLab.VerticalLayout@759c0716,无法初始化值xChange) - 尝试包裹浮动体
2026-01-30 16:31:32.657 [JavaFX Application Thread] WARN  o.b.s.BxWinLab.BaseLabel - 无法包裹元素(org.bxwbb.spigotplugincreatertool.BxWinLab.VerticalLayout@759c0716,无法初始化值xChange) - 尝试包裹浮动体
2026-01-30 16:31:32.657 [JavaFX Application Thread] WARN  o.b.s.BxWinLab.BaseLabel - 无法包裹元素(org.bxwbb.spigotplugincreatertool.BxWinLab.VerticalLayout@759c0716,无法初始化值xChange) - 尝试包裹浮动体
2026-01-30 16:31:32.657 [JavaFX Application Thread] WARN  o.b.s.BxWinLab.BaseLabel - 无法包裹元素(org.bxwbb.spigotplugincreatertool.BxWinLab.VerticalLayout@759c0716,无法初始化值xChange) - 尝试包裹浮动体
2026-01-30 16:31:32.657 [JavaFX Application Thread] WARN  o.b.s.BxWinLab.BaseLabel - 无法包裹元素(org.bxwbb.spigotplugincreatertool.BxWinLab.VerticalLayout@759c0716,无法初始化值xChange) - 尝试包裹浮动体
2026-01-30 16:31:32.657 [JavaFX Application Thread] WARN  o.b.s.BxWinLab.BaseLabel - 无法包裹元素(org.bxwbb.spigotplugincreatertool.BxWinLab.VerticalLayout@759c0716,无法初始化值xChange) - 尝试包裹浮动体
2026-01-30 16:31:32.657 [JavaFX Application Thread] WARN  o.b.s.BxWinLab.BaseLabel - 无法包裹元素(org.bxwbb.spigotplugincreatertool.BxWinLab.VerticalLayout@759c0716,无法初始化值xChange) - 尝试包裹浮动体
2026-01-30 16:31:32.657 [JavaFX Application Thread] WARN  o.b.s.BxWinLab.BaseLabel - 无法包裹元素(org.bxwbb.spigotplugincreatertool.BxWinLab.VerticalLayout@759c0716,无法初始化值xChange) - 尝试包裹浮动体
2026-01-30 16:31:32.657 [JavaFX Application Thread] WARN  o.b.s.BxWinLab.BaseLabel - 无法包裹元素(org.bxwbb.spigotplugincreatertool.BxWinLab.VerticalLayout@759c0716,无法初始化值xChange) - 尝试包裹浮动体
2026-01-30 16:31:32.657 [JavaFX Application Thread] WARN  o.b.s.BxWinLab.BaseLabel - 无法包裹元素(org.bxwbb.spigotplugincreatertool.BxWinLab.VerticalLayout@759c0716,无法初始化值xChange) - 尝试包裹浮动体
2026-01-30 16:31:32.657 [JavaFX Application Thread] WARN  o.b.s.BxWinLab.BaseLabel - 无法包裹元素(org.bxwbb.spigotplugincreatertool.BxWinLab.VerticalLayout@759c0716,无法初始化值xChange) - 尝试包裹浮动体
2026-01-30 16:31:32.657 [JavaFX Application Thread] WARN  o.b.s.BxWinLab.BaseLabel - 无法包裹元素(org.bxwbb.spigotplugincreatertool.BxWinLab.VerticalLayout@759c0716,无法初始化值xChange) - 尝试包裹浮动体
2026-01-30 16:31:32.657 [JavaFX Application Thread] WARN  o.b.s.BxWinLab.BaseLabel - 无法包裹元素(org.bxwbb.spigotplugincreatertool.BxWinLab.VerticalLayout@759c0716,无法初始化值xChange) - 尝试包裹浮动体
2026-01-30 16:31:32.657 [JavaFX Application Thread] WARN  o.b.s.BxWinLab.BaseLabel - 无法包裹元素(org.bxwbb.spigotplugincreatertool.BxWinLab.VerticalLayout@759c0716,无法初始化值xChange) - 尝试包裹浮动体
2026-01-30 16:31:32.657 [JavaFX Application Thread] WARN  o.b.s.BxWinLab.BaseLabel - 无法包裹元素(org.bxwbb.spigotplugincreatertool.BxWinLab.VerticalLayout@759c0716,无法初始化值xChange) - 尝试包裹浮动体
2026-01-30 16:31:32.657 [JavaFX Application Thread] WARN  o.b.s.BxWinLab.BaseLabel - 无法包裹元素(org.bxwbb.spigotplugincreatertool.BxWinLab.VerticalLayout@759c0716,无法初始化值xChange) - 尝试包裹浮动体
2026-01-30 16:31:32.657 [JavaFX Application Thread] WARN  o.b.s.BxWinLab.BaseLabel - 无法包裹元素(org.bxwbb.spigotplugincreatertool.BxWinLab.VerticalLayout@759c0716,无法初始化值xChange) - 尝试包裹浮动体
2026-01-30 16:31:32.657 [JavaFX Application Thread] WARN  o.b.s.BxWinLab.BaseLabel - 无法包裹元素(org.bxwbb.spigotplugincreatertool.BxWinLab.VerticalLayout@759c0716,无法初始化值xChange) - 尝试包裹浮动体
2026-01-30 16:31:32.657 [JavaFX Application Thread] WARN  o.b.s.BxWinLab.BaseLabel - 无法包裹元素(org.bxwbb.spigotplugincreatertool.BxWinLab.VerticalLayout@759c0716,无法初始化值xChange) - 尝试包裹浮动体
2026-01-30 16:31:32.657 [JavaFX Application Thread] WARN  o.b.s.BxWinLab.BaseLabel - 无法包裹元素(org.bxwbb.spigotplugincreatertool.BxWinLab.VerticalLayout@759c0716,无法初始化值xChange) - 尝试包裹浮动体
2026-01-30 16:31:32.657 [JavaFX Application Thread] WARN  o.b.s.BxWinLab.BaseLabel - 无法包裹元素(org.bxwbb.spigotplugincreatertool.BxWinLab.VerticalLayout@759c0716,无法初始化值xChange) - 尝试包裹浮动体
2026-01-30 16:31:32.657 [JavaFX Application Thread] WARN  o.b.s.BxWinLab.BaseLabel - 无法包裹元素(org.bxwbb.spigotplugincreatertool.BxWinLab.VerticalLayout@759c0716,无法初始化值xChange) - 尝试包裹浮动体
2026-01-30 16:31:32.657 [JavaFX Application Thread] WARN  o.b.s.BxWinLab.BaseLabel - 无法包裹元素(org.bxwbb.spigotplugincreatertool.BxWinLab.VerticalLayout@759c0716,无法初始化值xChange) - 尝试包裹浮动体
2026-01-30 16:31:32.657 [JavaFX Application Thread] WARN  o.b.s.BxWinLab.BaseLabel - 无法包裹元素(org.bxwbb.spigotplugincreatertool.BxWinLab.VerticalLayout@759c0716,无法初始化值xChange) - 尝试包裹浮动体
2026-01-30 16:31:32.658 [JavaFX Application Thread] WARN  o.b.s.BxWinLab.BaseLabel - 无法包裹元素(org.bxwbb.spigotplugincreatertool.BxWinLab.VerticalLayout@759c0716,无法初始化值xChange) - 尝试包裹浮动体
2026-01-30 16:31:32.658 [JavaFX Application Thread] WARN  o.b.s.BxWinLab.BaseLabel - 无法包裹元素(org.bxwbb.spigotplugincreatertool.BxWinLab.VerticalLayout@759c0716,无法初始化值xChange) - 尝试包裹浮动体
2026-01-30 16:31:32.658 [JavaFX Application Thread] WARN  o.b.s.BxWinLab.BaseLabel - 无法包裹元素(org.bxwbb.spigotplugincreatertool.BxWinLab.VerticalLayout@759c0716,无法初始化值xChange) - 尝试包裹浮动体
2026-01-30 16:31:32.658 [JavaFX Application Thread] WARN  o.b.s.BxWinLab.BaseLabel - 无法包裹元素(org.bxwbb.spigotplugincreatertool.BxWinLab.VerticalLayout@759c0716,无法初始化值xChange) - 尝试包裹浮动体
2026-01-30 16:31:32.658 [JavaFX Application Thread] WARN  o.b.s.BxWinLab.BaseLabel - 无法包裹元素(org.bxwbb.spigotplugincreatertool.BxWinLab.VerticalLayout@759c0716,无法初始化值xChange) - 尝试包裹浮动体
2026-01-30 16:31:32.658 [JavaFX Application Thread] WARN  o.b.s.BxWinLab.BaseLabel - 无法包裹元素(org.bxwbb.spigotplugincreatertool.BxWinLab.VerticalLayout@759c0716,无法初始化值xChange) - 尝试包裹浮动体
2026-01-30 16:31:32.658 [JavaFX Application Thread] WARN  o.b.s.BxWinLab.BaseLabel - 无法包裹元素(org.bxwbb.spigotplugincreatertool.BxWinLab.VerticalLayout@759c0716,无法初始化值xChange) - 尝试包裹浮动体
2026-01-30 16:31:32.658 [JavaFX Application Thread] WARN  o.b.s.BxWinLab.BaseLabel - 无法包裹元素(org.bxwbb.spigotplugincreatertool.BxWinLab.VerticalLayout@759c0716,无法初始化值xChange) - 尝试包裹浮动体
2026-01-30 16:31:32.658 [JavaFX Application Thread] WARN  o.b.s.BxWinLab.BaseLabel - 无法包裹元素(org.bxwbb.spigotplugincreatertool.BxWinLab.VerticalLayout@759c0716,无法初始化值xChange) - 尝试包裹浮动体
2026-01-30 16:31:32.658 [JavaFX Application Thread] WARN  o.b.s.BxWinLab.BaseLabel - 无法包裹元素(org.bxwbb.spigotplugincreatertool.BxWinLab.VerticalLayout@759c0716,无法初始化值xChange) - 尝试包裹浮动体
2026-01-30 16:31:32.658 [JavaFX Application Thread] WARN  o.b.s.BxWinLab.BaseLabel - 无法包裹元素(org.bxwbb.spigotplugincreatertool.BxWinLab.VerticalLayout@759c0716,无法初始化值xChange) - 尝试包裹浮动体
2026-01-30 16:31:32.658 [JavaFX Application Thread] WARN  o.b.s.BxWinLab.BaseLabel - 无法包裹元素(org.bxwbb.spigotplugincreatertool.BxWinLab.VerticalLayout@759c0716,无法初始化值xChange) - 尝试包裹浮动体
2026-01-30 16:31:32.658 [JavaFX Application Thread] WARN  o.b.s.BxWinLab.BaseLabel - 无法包裹元素(org.bxwbb.spigotplugincreatertool.BxWinLab.VerticalLayout@759c0716,无法初始化值xChange) - 尝试包裹浮动体
2026-01-30 16:31:32.666 [JavaFX Application Thread] WARN  o.b.s.BxWinLab.BaseLabel - 无法包裹元素(org.bxwbb.spigotplugincreatertool.BxWinLab.VerticalLayout@759c0716,无法初始化值xChange) - 尝试包裹浮动体
2026-01-30 16:31:32.666 [JavaFX Application Thread] WARN  o.b.s.BxWinLab.BaseLabel - 无法包裹元素(org.bxwbb.spigotplugincreatertool.BxWinLab.VerticalLayout@759c0716,无法初始化值xChange) - 尝试包裹浮动体
2026-01-30 16:31:32.666 [JavaFX Application Thread] WARN  o.b.s.BxWinLab.BaseLabel - 无法包裹元素(org.bxwbb.spigotplugincreatertool.BxWinLab.VerticalLayout@759c0716,无法初始化值xChange) - 尝试包裹浮动体
2026-01-30 16:31:32.666 [JavaFX Application Thread] WARN  o.b.s.BxWinLab.BaseLabel - 无法包裹元素(org.bxwbb.spigotplugincreatertool.BxWinLab.VerticalLayout@759c0716,无法初始化值xChange) - 尝试包裹浮动体
2026-01-30 16:31:32.666 [JavaFX Application Thread] WARN  o.b.s.BxWinLab.BaseLabel - 无法包裹元素(org.bxwbb.spigotplugincreatertool.BxWinLab.VerticalLayout@759c0716,无法初始化值xChange) - 尝试包裹浮动体
2026-01-30 16:31:32.666 [JavaFX Application Thread] WARN  o.b.s.BxWinLab.BaseLabel - 无法包裹元素(org.bxwbb.spigotplugincreatertool.BxWinLab.VerticalLayout@759c0716,无法初始化值xChange) - 尝试包裹浮动体
2026-01-30 16:31:32.666 [JavaFX Application Thread] WARN  o.b.s.BxWinLab.BaseLabel - 无法包裹元素(org.bxwbb.spigotplugincreatertool.BxWinLab.VerticalLayout@759c0716,无法初始化值xChange) - 尝试包裹浮动体
2026-01-30 16:31:32.666 [JavaFX Application Thread] WARN  o.b.s.BxWinLab.BaseLabel - 无法包裹元素(org.bxwbb.spigotplugincreatertool.BxWinLab.VerticalLayout@759c0716,无法初始化值xChange) - 尝试包裹浮动体
2026-01-30 16:31:32.666 [JavaFX Application Thread] WARN  o.b.s.BxWinLab.BaseLabel - 无法包裹元素(org.bxwbb.spigotplugincreatertool.BxWinLab.VerticalLayout@759c0716,无法初始化值xChange) - 尝试包裹浮动体
2026-01-30 16:31:32.666 [JavaFX Application Thread] WARN  o.b.s.BxWinLab.BaseLabel - 无法包裹元素(org.bxwbb.spigotplugincreatertool.BxWinLab.VerticalLayout@759c0716,无法初始化值xChange) - 尝试包裹浮动体
2026-01-30 16:31:32.666 [JavaFX Application Thread] WARN  o.b.s.BxWinLab.BaseLabel - 无法包裹元素(org.bxwbb.spigotplugincreatertool.BxWinLab.VerticalLayout@759c0716,无法初始化值xChange) - 尝试包裹浮动体
2026-01-30 16:31:32.666 [JavaFX Application Thread] WARN  o.b.s.BxWinLab.BaseLabel - 无法包裹元素(org.bxwbb.spigotplugincreatertool.BxWinLab.VerticalLayout@759c0716,无法初始化值xChange) - 尝试包裹浮动体
2026-01-30 16:31:32.666 [JavaFX Application Thread] WARN  o.b.s.BxWinLab.BaseLabel - 无法包裹元素(org.bxwbb.spigotplugincreatertool.BxWinLab.VerticalLayout@759c0716,无法初始化值xChange) - 尝试包裹浮动体
2026-01-30 16:31:32.667 [JavaFX Application Thread] WARN  o.b.s.BxWinLab.BaseLabel - 无法包裹元素(org.bxwbb.spigotplugincreatertool.BxWinLab.VerticalLayout@759c0716,无法初始化值xChange) - 尝试包裹浮动体
2026-01-30 16:31:32.667 [JavaFX Application Thread] WARN  o.b.s.BxWinLab.BaseLabel - 无法包裹元素(org.bxwbb.spigotplugincreatertool.BxWinLab.VerticalLayout@759c0716,无法初始化值xChange) - 尝试包裹浮动体
2026-01-30 16:31:32.667 [JavaFX Application Thread] WARN  o.b.s.BxWinLab.BaseLabel - 无法包裹元素(org.bxwbb.spigotplugincreatertool.BxWinLab.VerticalLayout@759c0716,无法初始化值xChange) - 尝试包裹浮动体
2026-01-30 16:31:32.667 [JavaFX Application Thread] WARN  o.b.s.BxWinLab.BaseLabel - 无法包裹元素(org.bxwbb.spigotplugincreatertool.BxWinLab.VerticalLayout@759c0716,无法初始化值xChange) - 尝试包裹浮动体
2026-01-30 16:31:32.667 [JavaFX Application Thread] WARN  o.b.s.BxWinLab.BaseLabel - 无法包裹元素(org.bxwbb.spigotplugincreatertool.BxWinLab.VerticalLayout@759c0716,无法初始化值xChange) - 尝试包裹浮动体
2026-01-30 16:31:32.667 [JavaFX Application Thread] WARN  o.b.s.BxWinLab.BaseLabel - 无法包裹元素(org.bxwbb.spigotplugincreatertool.BxWinLab.VerticalLayout@759c0716,无法初始化值xChange) - 尝试包裹浮动体
2026-01-30 16:31:32.667 [JavaFX Application Thread] WARN  o.b.s.BxWinLab.BaseLabel - 无法包裹元素(org.bxwbb.spigotplugincreatertool.BxWinLab.VerticalLayout@759c0716,无法初始化值xChange) - 尝试包裹浮动体
2026-01-30 16:31:32.667 [JavaFX Application Thread] WARN  o.b.s.BxWinLab.BaseLabel - 无法包裹元素(org.bxwbb.spigotplugincreatertool.BxWinLab.VerticalLayout@759c0716,无法初始化值xChange) - 尝试包裹浮动体
2026-01-30 16:31:32.667 [JavaFX Application Thread] WARN  o.b.s.BxWinLab.BaseLabel - 无法包裹元素(org.bxwbb.spigotplugincreatertool.BxWinLab.VerticalLayout@759c0716,无法初始化值xChange) - 尝试包裹浮动体
2026-01-30 16:31:32.667 [JavaFX Application Thread] WARN  o.b.s.BxWinLab.BaseLabel - 无法包裹元素(org.bxwbb.spigotplugincreatertool.BxWinLab.VerticalLayout@759c0716,无法初始化值xChange) - 尝试包裹浮动体
2026-01-30 16:31:32.667 [JavaFX Application Thread] WARN  o.b.s.BxWinLab.BaseLabel - 无法包裹元素(org.bxwbb.spigotplugincreatertool.BxWinLab.VerticalLayout@759c0716,无法初始化值xChange) - 尝试包裹浮动体
2026-01-30 16:31:32.667 [JavaFX Application Thread] WARN  o.b.s.BxWinLab.BaseLabel - 无法包裹元素(org.bxwbb.spigotplugincreatertool.BxWinLab.VerticalLayout@759c0716,无法初始化值xChange) - 尝试包裹浮动体
2026-01-30 16:31:32.667 [JavaFX Application Thread] WARN  o.b.s.BxWinLab.BaseLabel - 无法包裹元素(org.bxwbb.spigotplugincreatertool.BxWinLab.VerticalLayout@759c0716,无法初始化值xChange) - 尝试包裹浮动体
2026-01-30 16:31:32.667 [JavaFX Application Thread] WARN  o.b.s.BxWinLab.BaseLabel - 无法包裹元素(org.bxwbb.spigotplugincreatertool.BxWinLab.VerticalLayout@759c0716,无法初始化值xChange) - 尝试包裹浮动体
2026-01-30 16:31:32.667 [JavaFX Application Thread] WARN  o.b.s.BxWinLab.BaseLabel - 无法包裹元素(org.bxwbb.spigotplugincreatertool.BxWinLab.VerticalLayout@759c0716,无法初始化值xChange) - 尝试包裹浮动体
2026-01-30 16:31:32.667 [JavaFX Application Thread] WARN  o.b.s.BxWinLab.BaseLabel - 无法包裹元素(org.bxwbb.spigotplugincreatertool.BxWinLab.VerticalLayout@759c0716,无法初始化值xChange) - 尝试包裹浮动体
2026-01-30 16:31:32.667 [JavaFX Application Thread] WARN  o.b.s.BxWinLab.BaseLabel - 无法包裹元素(org.bxwbb.spigotplugincreatertool.BxWinLab.VerticalLayout@759c0716,无法初始化值xChange) - 尝试包裹浮动体
2026-01-30 16:31:32.667 [JavaFX Application Thread] WARN  o.b.s.BxWinLab.BaseLabel - 无法包裹元素(org.bxwbb.spigotplugincreatertool.BxWinLab.VerticalLayout@759c0716,无法初始化值xChange) - 尝试包裹浮动体
2026-01-30 16:31:32.667 [JavaFX Application Thread] WARN  o.b.s.BxWinLab.BaseLabel - 无法包裹元素(org.bxwbb.spigotplugincreatertool.BxWinLab.VerticalLayout@759c0716,无法初始化值xChange) - 尝试包裹浮动体
2026-01-30 16:31:32.667 [JavaFX Application Thread] WARN  o.b.s.BxWinLab.BaseLabel - 无法包裹元素(org.bxwbb.spigotplugincreatertool.BxWinLab.VerticalLayout@759c0716,无法初始化值xChange) - 尝试包裹浮动体
2026-01-30 16:31:32.667 [JavaFX Application Thread] WARN  o.b.s.BxWinLab.BaseLabel - 无法包裹元素(org.bxwbb.spigotplugincreatertool.BxWinLab.VerticalLayout@759c0716,无法初始化值xChange) - 尝试包裹浮动体
2026-01-30 16:31:32.667 [JavaFX Application Thread] WARN  o.b.s.BxWinLab.BaseLabel - 无法包裹元素(org.bxwbb.spigotplugincreatertool.BxWinLab.VerticalLayout@759c0716,无法初始化值xChange) - 尝试包裹浮动体
2026-01-30 16:31:32.667 [JavaFX Application Thread] WARN  o.b.s.BxWinLab.BaseLabel - 无法包裹元素(org.bxwbb.spigotplugincreatertool.BxWinLab.VerticalLayout@759c0716,无法初始化值xChange) - 尝试包裹浮动体
2026-01-30 16:31:32.667 [JavaFX Application Thread] WARN  o.b.s.BxWinLab.BaseLabel - 无法包裹元素(org.bxwbb.spigotplugincreatertool.BxWinLab.VerticalLayout@759c0716,无法初始化值xChange) - 尝试包裹浮动体
2026-01-30 16:31:32.667 [JavaFX Application Thread] WARN  o.b.s.BxWinLab.BaseLabel - 无法包裹元素(org.bxwbb.spigotplugincreatertool.BxWinLab.VerticalLayout@759c0716,无法初始化值xChange) - 尝试包裹浮动体
2026-01-30 16:31:32.667 [JavaFX Application Thread] WARN  o.b.s.BxWinLab.BaseLabel - 无法包裹元素(org.bxwbb.spigotplugincreatertool.BxWinLab.VerticalLayout@759c0716,无法初始化值xChange) - 尝试包裹浮动体
2026-01-30 16:31:32.667 [JavaFX Application Thread] WARN  o.b.s.BxWinLab.BaseLabel - 无法包裹元素(org.bxwbb.spigotplugincreatertool.BxWinLab.VerticalLayout@759c0716,无法初始化值xChange) - 尝试包裹浮动体
2026-01-30 16:31:32.667 [JavaFX Application Thread] WARN  o.b.s.BxWinLab.BaseLabel - 无法包裹元素(org.bxwbb.spigotplugincreatertool.BxWinLab.VerticalLayout@759c0716,无法初始化值xChange) - 尝试包裹浮动体
2026-01-30 16:31:32.667 [JavaFX Application Thread] WARN  o.b.s.BxWinLab.BaseLabel - 无法包裹元素(org.bxwbb.spigotplugincreatertool.BxWinLab.VerticalLayout@759c0716,无法初始化值xChange) - 尝试包裹浮动体
2026-01-30 16:31:32.667 [JavaFX Application Thread] WARN  o.b.s.BxWinLab.BaseLabel - 无法包裹元素(org.bxwbb.spigotplugincreatertool.BxWinLab.VerticalLayout@759c0716,无法初始化值xChange) - 尝试包裹浮动体
2026-01-30 16:31:32.671 [JavaFX Application Thread] WARN  o.b.s.BxWinLab.BaseLabel - 无法包裹元素(org.bxwbb.spigotplugincreatertool.BxWinLab.VerticalLayout@759c0716,无法初始化值xChange) - 尝试包裹浮动体
2026-01-30 16:31:32.671 [JavaFX Application Thread] WARN  o.b.s.BxWinLab.BaseLabel - 无法包裹元素(org.bxwbb.spigotplugincreatertool.BxWinLab.VerticalLayout@759c0716,无法初始化值xChange) - 尝试包裹浮动体
2026-01-30 16:31:32.671 [JavaFX Application Thread] WARN  o.b.s.BxWinLab.BaseLabel - 无法包裹元素(org.bxwbb.spigotplugincreatertool.BxWinLab.VerticalLayout@759c0716,无法初始化值xChange) - 尝试包裹浮动体
2026-01-30 16:31:32.671 [JavaFX Application Thread] WARN  o.b.s.BxWinLab.BaseLabel - 无法包裹元素(org.bxwbb.spigotplugincreatertool.BxWinLab.VerticalLayout@759c0716,无法初始化值xChange) - 尝试包裹浮动体
2026-01-30 16:31:32.671 [JavaFX Application Thread] WARN  o.b.s.BxWinLab.BaseLabel - 无法包裹元素(org.bxwbb.spigotplugincreatertool.BxWinLab.VerticalLayout@759c0716,无法初始化值xChange) - 尝试包裹浮动体
2026-01-30 16:31:32.671 [JavaFX Application Thread] WARN  o.b.s.BxWinLab.BaseLabel - 无法包裹元素(org.bxwbb.spigotplugincreatertool.BxWinLab.VerticalLayout@759c0716,无法初始化值xChange) - 尝试包裹浮动体
2026-01-30 16:31:32.671 [JavaFX Application Thread] WARN  o.b.s.BxWinLab.BaseLabel - 无法包裹元素(org.bxwbb.spigotplugincreatertool.BxWinLab.VerticalLayout@759c0716,无法初始化值xChange) - 尝试包裹浮动体
2026-01-30 16:31:32.671 [JavaFX Application Thread] WARN  o.b.s.BxWinLab.BaseLabel - 无法包裹元素(org.bxwbb.spigotplugincreatertool.BxWinLab.VerticalLayout@759c0716,无法初始化值xChange) - 尝试包裹浮动体
2026-01-30 16:31:32.671 [JavaFX Application Thread] WARN  o.b.s.BxWinLab.BaseLabel - 无法包裹元素(org.bxwbb.spigotplugincreatertool.BxWinLab.VerticalLayout@759c0716,无法初始化值xChange) - 尝试包裹浮动体
2026-01-30 16:31:32.671 [JavaFX Application Thread] WARN  o.b.s.BxWinLab.BaseLabel - 无法包裹元素(org.bxwbb.spigotplugincreatertool.BxWinLab.VerticalLayout@759c0716,无法初始化值xChange) - 尝试包裹浮动体
2026-01-30 16:31:32.671 [JavaFX Application Thread] WARN  o.b.s.BxWinLab.BaseLabel - 无法包裹元素(org.bxwbb.spigotplugincreatertool.BxWinLab.VerticalLayout@759c0716,无法初始化值xChange) - 尝试包裹浮动体
2026-01-30 16:31:32.671 [JavaFX Application Thread] WARN  o.b.s.BxWinLab.BaseLabel - 无法包裹元素(org.bxwbb.spigotplugincreatertool.BxWinLab.VerticalLayout@759c0716,无法初始化值xChange) - 尝试包裹浮动体
2026-01-30 16:31:32.671 [JavaFX Application Thread] WARN  o.b.s.BxWinLab.BaseLabel - 无法包裹元素(org.bxwbb.spigotplugincreatertool.BxWinLab.VerticalLayout@759c0716,无法初始化值xChange) - 尝试包裹浮动体
2026-01-30 16:31:32.671 [JavaFX Application Thread] WARN  o.b.s.BxWinLab.BaseLabel - 无法包裹元素(org.bxwbb.spigotplugincreatertool.BxWinLab.VerticalLayout@759c0716,无法初始化值xChange) - 尝试包裹浮动体
2026-01-30 16:31:32.671 [JavaFX Application Thread] WARN  o.b.s.BxWinLab.BaseLabel - 无法包裹元素(org.bxwbb.spigotplugincreatertool.BxWinLab.VerticalLayout@759c0716,无法初始化值xChange) - 尝试包裹浮动体
2026-01-30 16:31:32.671 [JavaFX Application Thread] WARN  o.b.s.BxWinLab.BaseLabel - 无法包裹元素(org.bxwbb.spigotplugincreatertool.BxWinLab.VerticalLayout@759c0716,无法初始化值xChange) - 尝试包裹浮动体
2026-01-30 16:31:32.671 [JavaFX Application Thread] WARN  o.b.s.BxWinLab.BaseLabel - 无法包裹元素(org.bxwbb.spigotplugincreatertool.BxWinLab.VerticalLayout@759c0716,无法初始化值xChange) - 尝试包裹浮动体
2026-01-30 16:31:32.671 [JavaFX Application Thread] WARN  o.b.s.BxWinLab.BaseLabel - 无法包裹元素(org.bxwbb.spigotplugincreatertool.BxWinLab.VerticalLayout@759c0716,无法初始化值xChange) - 尝试包裹浮动体
2026-01-30 16:31:32.671 [JavaFX Application Thread] WARN  o.b.s.BxWinLab.BaseLabel - 无法包裹元素(org.bxwbb.spigotplugincreatertool.BxWinLab.VerticalLayout@759c0716,无法初始化值xChange) - 尝试包裹浮动体
2026-01-30 16:31:32.671 [JavaFX Application Thread] WARN  o.b.s.BxWinLab.BaseLabel - 无法包裹元素(org.bxwbb.spigotplugincreatertool.BxWinLab.VerticalLayout@759c0716,无法初始化值xChange) - 尝试包裹浮动体
2026-01-30 16:31:32.671 [JavaFX Application Thread] WARN  o.b.s.BxWinLab.BaseLabel - 无法包裹元素(org.bxwbb.spigotplugincreatertool.BxWinLab.VerticalLayout@759c0716,无法初始化值xChange) - 尝试包裹浮动体
2026-01-30 16:31:32.671 [JavaFX Application Thread] WARN  o.b.s.BxWinLab.BaseLabel - 无法包裹元素(org.bxwbb.spigotplugincreatertool.BxWinLab.VerticalLayout@759c0716,无法初始化值xChange) - 尝试包裹浮动体
2026-01-30 16:31:32.671 [JavaFX Application Thread] WARN  o.b.s.BxWinLab.BaseLabel - 无法包裹元素(org.bxwbb.spigotplugincreatertool.BxWinLab.VerticalLayout@759c0716,无法初始化值xChange) - 尝试包裹浮动体
2026-01-30 16:31:32.671 [JavaFX Application Thread] WARN  o.b.s.BxWinLab.BaseLabel - 无法包裹元素(org.bxwbb.spigotplugincreatertool.BxWinLab.VerticalLayout@759c0716,无法初始化值xChange) - 尝试包裹浮动体
2026-01-30 16:31:32.671 [JavaFX Application Thread] WARN  o.b.s.BxWinLab.BaseLabel - 无法包裹元素(org.bxwbb.spigotplugincreatertool.BxWinLab.VerticalLayout@759c0716,无法初始化值xChange) - 尝试包裹浮动体
2026-01-30 16:31:32.671 [JavaFX Application Thread] WARN  o.b.s.BxWinLab.BaseLabel - 无法包裹元素(org.bxwbb.spigotplugincreatertool.BxWinLab.VerticalLayout@759c0716,无法初始化值xChange) - 尝试包裹浮动体
2026-01-30 16:31:32.671 [JavaFX Application Thread] WARN  o.b.s.BxWinLab.BaseLabel - 无法包裹元素(org.bxwbb.spigotplugincreatertool.BxWinLab.VerticalLayout@759c0716,无法初始化值xChange) - 尝试包裹浮动体
2026-01-30 16:31:32.671 [JavaFX Application Thread] WARN  o.b.s.BxWinLab.BaseLabel - 无法包裹元素(org.bxwbb.spigotplugincreatertool.BxWinLab.VerticalLayout@759c0716,无法初始化值xChange) - 尝试包裹浮动体
2026-01-30 16:31:32.671 [JavaFX Application Thread] WARN  o.b.s.BxWinLab.BaseLabel - 无法包裹元素(org.bxwbb.spigotplugincreatertool.BxWinLab.VerticalLayout@759c0716,无法初始化值xChange) - 尝试包裹浮动体
2026-01-30 16:31:32.671 [JavaFX Application Thread] WARN  o.b.s.BxWinLab.BaseLabel - 无法包裹元素(org.bxwbb.spigotplugincreatertool.BxWinLab.VerticalLayout@759c0716,无法初始化值xChange) - 尝试包裹浮动体
2026-01-30 16:31:32.671 [JavaFX Application Thread] WARN  o.b.s.BxWinLab.BaseLabel - 无法包裹元素(org.bxwbb.spigotplugincreatertool.BxWinLab.VerticalLayout@759c0716,无法初始化值xChange) - 尝试包裹浮动体
2026-01-30 16:31:32.671 [JavaFX Application Thread] WARN  o.b.s.BxWinLab.BaseLabel - 无法包裹元素(org.bxwbb.spigotplugincreatertool.BxWinLab.VerticalLayout@759c0716,无法初始化值xChange) - 尝试包裹浮动体
2026-01-30 16:31:32.671 [JavaFX Application Thread] WARN  o.b.s.BxWinLab.BaseLabel - 无法包裹元素(org.bxwbb.spigotplugincreatertool.BxWinLab.VerticalLayout@759c0716,无法初始化值xChange) - 尝试包裹浮动体
2026-01-30 16:31:32.671 [JavaFX Application Thread] WARN  o.b.s.BxWinLab.BaseLabel - 无法包裹元素(org.bxwbb.spigotplugincreatertool.BxWinLab.VerticalLayout@759c0716,无法初始化值xChange) - 尝试包裹浮动体
2026-01-30 16:31:32.671 [JavaFX Application Thread] WARN  o.b.s.BxWinLab.BaseLabel - 无法包裹元素(org.bxwbb.spigotplugincreatertool.BxWinLab.VerticalLayout@759c0716,无法初始化值xChange) - 尝试包裹浮动体
2026-01-30 16:31:32.671 [JavaFX Application Thread] WARN  o.b.s.BxWinLab.BaseLabel - 无法包裹元素(org.bxwbb.spigotplugincreatertool.BxWinLab.VerticalLayout@759c0716,无法初始化值xChange) - 尝试包裹浮动体
2026-01-30 16:31:32.671 [JavaFX Application Thread] WARN  o.b.s.BxWinLab.BaseLabel - 无法包裹元素(org.bxwbb.spigotplugincreatertool.BxWinLab.VerticalLayout@759c0716,无法初始化值xChange) - 尝试包裹浮动体
2026-01-30 16:31:32.671 [JavaFX Application Thread] WARN  o.b.s.BxWinLab.BaseLabel - 无法包裹元素(org.bxwbb.spigotplugincreatertool.BxWinLab.VerticalLayout@759c0716,无法初始化值xChange) - 尝试包裹浮动体
2026-01-30 16:31:32.671 [JavaFX Application Thread] WARN  o.b.s.BxWinLab.BaseLabel - 无法包裹元素(org.bxwbb.spigotplugincreatertool.BxWinLab.VerticalLayout@759c0716,无法初始化值xChange) - 尝试包裹浮动体
2026-01-30 16:31:32.671 [JavaFX Application Thread] WARN  o.b.s.BxWinLab.BaseLabel - 无法包裹元素(org.bxwbb.spigotplugincreatertool.BxWinLab.VerticalLayout@759c0716,无法初始化值xChange) - 尝试包裹浮动体
2026-01-30 16:31:32.671 [JavaFX Application Thread] WARN  o.b.s.BxWinLab.BaseLabel - 无法包裹元素(org.bxwbb.spigotplugincreatertool.BxWinLab.VerticalLayout@759c0716,无法初始化值xChange) - 尝试包裹浮动体
2026-01-30 16:31:32.671 [JavaFX Application Thread] WARN  o.b.s.BxWinLab.BaseLabel - 无法包裹元素(org.bxwbb.spigotplugincreatertool.BxWinLab.VerticalLayout@759c0716,无法初始化值xChange) - 尝试包裹浮动体
2026-01-30 16:31:32.671 [JavaFX Application Thread] WARN  o.b.s.BxWinLab.BaseLabel - 无法包裹元素(org.bxwbb.spigotplugincreatertool.BxWinLab.VerticalLayout@759c0716,无法初始化值xChange) - 尝试包裹浮动体
2026-01-30 16:31:32.672 [JavaFX Application Thread] INFO  o.b.s.Utils.FileUtil - 成功加载文件/org/bxwbb/spigotplugincreatertool/icon/MiniWindowIcon/FileManager.png
2026-01-30 16:31:32.673 [JavaFX Application Thread] WARN  o.b.s.BxWinLab.BaseLabel - 无法包裹元素(org.bxwbb.spigotplugincreatertool.BxWinLab.HorizontalLayout@61c6eedb,无法初始化值yChange) - 尝试包裹浮动体
2026-01-30 16:31:32.673 [JavaFX Application Thread] WARN  o.b.s.BxWinLab.BaseLabel - 无法包裹元素(org.bxwbb.spigotplugincreatertool.BxWinLab.HorizontalLayout@61c6eedb,无法初始化值yChange) - 尝试包裹浮动体
2026-01-30 16:31:32.673 [JavaFX Application Thread] WARN  o.b.s.BxWinLab.BaseLabel - 无法包裹元素(org.bxwbb.spigotplugincreatertool.BxWinLab.HorizontalLayout@61c6eedb,无法初始化值yChange) - 尝试包裹浮动体
2026-01-30 16:31:32.673 [JavaFX Application Thread] WARN  o.b.s.BxWinLab.BaseLabel - 无法包裹元素(org.bxwbb.spigotplugincreatertool.BxWinLab.HorizontalLayout@61c6eedb,无法初始化值yChange) - 尝试包裹浮动体
2026-01-30 16:31:32.673 [JavaFX Application Thread] WARN  o.b.s.BxWinLab.BaseLabel - 无法包裹元素(org.bxwbb.spigotplugincreatertool.BxWinLab.HorizontalLayout@61c6eedb,无法初始化值yChange) - 尝试包裹浮动体
2026-01-30 16:31:32.674 [JavaFX Application Thread] WARN  o.b.s.BxWinLab.BaseLabel - 无法包裹元素(org.bxwbb.spigotplugincreatertool.BxWinLab.HorizontalLayout@61c6eedb,无法初始化值yChange) - 尝试包裹浮动体
2026-01-30 16:31:32.674 [JavaFX Application Thread] WARN  o.b.s.BxWinLab.BaseLabel - 无法包裹元素(org.bxwbb.spigotplugincreatertool.BxWinLab.HorizontalLayout@61c6eedb,无法初始化值yChange) - 尝试包裹浮动体
2026-01-30 16:31:32.674 [JavaFX Application Thread] WARN  o.b.s.BxWinLab.BaseLabel - 无法包裹元素(org.bxwbb.spigotplugincreatertool.BxWinLab.HorizontalLayout@61c6eedb,无法初始化值yChange) - 尝试包裹浮动体
2026-01-30 16:31:32.674 [JavaFX Application Thread] WARN  o.b.s.BxWinLab.BaseLabel - 无法包裹元素(org.bxwbb.spigotplugincreatertool.BxWinLab.HorizontalLayout@61c6eedb,无法初始化值yChange) - 尝试包裹浮动体
2026-01-30 16:31:32.674 [JavaFX Application Thread] WARN  o.b.s.BxWinLab.BaseLabel - 无法包裹元素(org.bxwbb.spigotplugincreatertool.BxWinLab.HorizontalLayout@61c6eedb,无法初始化值yChange) - 尝试包裹浮动体
2026-01-30 16:31:32.674 [JavaFX Application Thread] WARN  o.b.s.BxWinLab.BaseLabel - 无法包裹元素(org.bxwbb.spigotplugincreatertool.BxWinLab.HorizontalLayout@61c6eedb,无法初始化值yChange) - 尝试包裹浮动体
2026-01-30 16:31:32.674 [JavaFX Application Thread] WARN  o.b.s.BxWinLab.BaseLabel - 无法包裹元素(org.bxwbb.spigotplugincreatertool.BxWinLab.HorizontalLayout@61c6eedb,无法初始化值yChange) - 尝试包裹浮动体
2026-01-30 16:31:32.674 [JavaFX Application Thread] WARN  o.b.s.BxWinLab.BaseLabel - 无法包裹元素(org.bxwbb.spigotplugincreatertool.BxWinLab.HorizontalLayout@61c6eedb,无法初始化值yChange) - 尝试包裹浮动体
2026-01-30 16:31:32.674 [JavaFX Application Thread] WARN  o.b.s.BxWinLab.BaseLabel - 无法包裹元素(org.bxwbb.spigotplugincreatertool.BxWinLab.HorizontalLayout@61c6eedb,无法初始化值yChange) - 尝试包裹浮动体
2026-01-30 16:31:32.674 [JavaFX Application Thread] WARN  o.b.s.BxWinLab.BaseLabel - 无法包裹元素(org.bxwbb.spigotplugincreatertool.BxWinLab.HorizontalLayout@61c6eedb,无法初始化值yChange) - 尝试包裹浮动体
2026-01-30 16:31:32.674 [JavaFX Application Thread] WARN  o.b.s.BxWinLab.BaseLabel - 无法包裹元素(org.bxwbb.spigotplugincreatertool.BxWinLab.HorizontalLayout@61c6eedb,无法初始化值yChange) - 尝试包裹浮动体
2026-01-30 16:31:32.674 [JavaFX Application Thread] WARN  o.b.s.BxWinLab.BaseLabel - 无法包裹元素(org.bxwbb.spigotplugincreatertool.BxWinLab.MarginsBox@7483263e,无法初始化值xChange & yChange) - 尝试包裹浮动体
2026-01-30 16:31:32.674 [JavaFX Application Thread] WARN  o.b.s.BxWinLab.BaseLabel - 无法包裹元素(org.bxwbb.spigotplugincreatertool.BxWinLab.HorizontalLayout@61c6eedb,无法初始化值yChange) - 尝试包裹浮动体
2026-01-30 16:31:32.674 [JavaFX Application Thread] WARN  o.b.s.BxWinLab.BaseLabel - 无法包裹元素(org.bxwbb.spigotplugincreatertool.BxWinLab.MarginsBox@7483263e,无法初始化值xChange & yChange) - 尝试包裹浮动体
2026-01-30 16:31:32.674 [JavaFX Application Thread] WARN  o.b.s.BxWinLab.BaseLabel - 无法包裹元素(org.bxwbb.spigotplugincreatertool.BxWinLab.HorizontalLayout@61c6eedb,无法初始化值yChange) - 尝试包裹浮动体
2026-01-30 16:31:32.674 [JavaFX Application Thread] WARN  o.b.s.BxWinLab.BaseLabel - 无法包裹元素(org.bxwbb.spigotplugincreatertool.BxWinLab.MarginsBox@7483263e,无法初始化值xChange & yChange) - 尝试包裹浮动体
2026-01-30 16:31:32.674 [JavaFX Application Thread] WARN  o.b.s.BxWinLab.BaseLabel - 无法包裹元素(org.bxwbb.spigotplugincreatertool.BxWinLab.HorizontalLayout@61c6eedb,无法初始化值yChange) - 尝试包裹浮动体
2026-01-30 16:31:32.674 [JavaFX Application Thread] WARN  o.b.s.BxWinLab.BaseLabel - 无法包裹元素(org.bxwbb.spigotplugincreatertool.BxWinLab.MarginsBox@7483263e,无法初始化值xChange & yChange) - 尝试包裹浮动体
2026-01-30 16:31:32.674 [JavaFX Application Thread] WARN  o.b.s.BxWinLab.BaseLabel - 无法包裹元素(org.bxwbb.spigotplugincreatertool.BxWinLab.HorizontalLayout@61c6eedb,无法初始化值yChange) - 尝试包裹浮动体
2026-01-30 16:31:32.674 [JavaFX Application Thread] WARN  o.b.s.BxWinLab.BaseLabel - 无法包裹元素(org.bxwbb.spigotplugincreatertool.BxWinLab.MarginsBox@7483263e,无法初始化值xChange & yChange) - 尝试包裹浮动体
2026-01-30 16:31:32.674 [JavaFX Application Thread] WARN  o.b.s.BxWinLab.BaseLabel - 无法包裹元素(org.bxwbb.spigotplugincreatertool.BxWinLab.HorizontalLayout@61c6eedb,无法初始化值yChange) - 尝试包裹浮动体
2026-01-30 16:31:32.674 [JavaFX Application Thread] WARN  o.b.s.BxWinLab.BaseLabel - 无法包裹元素(org.bxwbb.spigotplugincreatertool.BxWinLab.MarginsBox@7483263e,无法初始化值xChange & yChange) - 尝试包裹浮动体
2026-01-30 16:31:32.674 [JavaFX Application Thread] WARN  o.b.s.BxWinLab.BaseLabel - 无法包裹元素(org.bxwbb.spigotplugincreatertool.BxWinLab.HorizontalLayout@61c6eedb,无法初始化值yChange) - 尝试包裹浮动体
2026-01-30 16:31:32.674 [JavaFX Application Thread] WARN  o.b.s.BxWinLab.BaseLabel - 无法包裹元素(org.bxwbb.spigotplugincreatertool.BxWinLab.MarginsBox@7483263e,无法初始化值xChange & yChange) - 尝试包裹浮动体
2026-01-30 16:31:32.674 [JavaFX Application Thread] WARN  o.b.s.BxWinLab.BaseLabel - 无法包裹元素(org.bxwbb.spigotplugincreatertool.BxWinLab.HorizontalLayout@61c6eedb,无法初始化值yChange) - 尝试包裹浮动体
2026-01-30 16:31:32.674 [JavaFX Application Thread] WARN  o.b.s.BxWinLab.BaseLabel - 无法包裹元素(org.bxwbb.spigotplugincreatertool.BxWinLab.MarginsBox@7483263e,无法初始化值xChange & yChange) - 尝试包裹浮动体
2026-01-30 16:31:32.674 [JavaFX Application Thread] WARN  o.b.s.BxWinLab.BaseLabel - 无法包裹元素(org.bxwbb.spigotplugincreatertool.BxWinLab.HorizontalLayout@61c6eedb,无法初始化值yChange) - 尝试包裹浮动体
2026-01-30 16:31:32.674 [JavaFX Application Thread] WARN  o.b.s.BxWinLab.BaseLabel - 无法包裹元素(org.bxwbb.spigotplugincreatertool.BxWinLab.MarginsBox@7483263e,无法初始化值xChange & yChange) - 尝试包裹浮动体
2026-01-30 16:31:32.674 [JavaFX Application Thread] WARN  o.b.s.BxWinLab.BaseLabel - 无法包裹元素(org.bxwbb.spigotplugincreatertool.BxWinLab.HorizontalLayout@61c6eedb,无法初始化值yChange) - 尝试包裹浮动体
2026-01-30 16:31:32.674 [JavaFX Application Thread] WARN  o.b.s.BxWinLab.BaseLabel - 无法包裹元素(org.bxwbb.spigotplugincreatertool.BxWinLab.MarginsBox@7483263e,无法初始化值xChange & yChange) - 尝试包裹浮动体
2026-01-30 16:31:32.674 [JavaFX Application Thread] WARN  o.b.s.BxWinLab.BaseLabel - 无法包裹元素(org.bxwbb.spigotplugincreatertool.BxWinLab.HorizontalLayout@61c6eedb,无法初始化值yChange) - 尝试包裹浮动体
2026-01-30 16:31:32.674 [JavaFX Application Thread] WARN  o.b.s.BxWinLab.BaseLabel - 无法包裹元素(org.bxwbb.spigotplugincreatertool.BxWinLab.MarginsBox@7483263e,无法初始化值xChange & yChange) - 尝试包裹浮动体
2026-01-30 16:31:32.674 [JavaFX Application Thread] WARN  o.b.s.BxWinLab.BaseLabel - 无法包裹元素(org.bxwbb.spigotplugincreatertool.BxWinLab.HorizontalLayout@61c6eedb,无法初始化值yChange) - 尝试包裹浮动体
2026-01-30 16:31:32.674 [JavaFX Application Thread] WARN  o.b.s.BxWinLab.BaseLabel - 无法包裹元素(org.bxwbb.spigotplugincreatertool.BxWinLab.MarginsBox@7483263e,无法初始化值xChange & yChange) - 尝试包裹浮动体
2026-01-30 16:31:32.674 [JavaFX Application Thread] WARN  o.b.s.BxWinLab.BaseLabel - 无法包裹元素(org.bxwbb.spigotplugincreatertool.BxWinLab.HorizontalLayout@61c6eedb,无法初始化值yChange) - 尝试包裹浮动体
2026-01-30 16:31:32.674 [JavaFX Application Thread] WARN  o.b.s.BxWinLab.BaseLabel - 无法包裹元素(org.bxwbb.spigotplugincreatertool.BxWinLab.MarginsBox@7483263e,无法初始化值xChange & yChange) - 尝试包裹浮动体
2026-01-30 16:31:32.674 [JavaFX Application Thread] WARN  o.b.s.BxWinLab.BaseLabel - 无法包裹元素(org.bxwbb.spigotplugincreatertool.BxWinLab.HorizontalLayout@61c6eedb,无法初始化值yChange) - 尝试包裹浮动体
2026-01-30 16:31:32.674 [JavaFX Application Thread] WARN  o.b.s.BxWinLab.BaseLabel - 无法包裹元素(org.bxwbb.spigotplugincreatertool.BxWinLab.MarginsBox@7483263e,无法初始化值xChange & yChange) - 尝试包裹浮动体
2026-01-30 16:31:32.674 [JavaFX Application Thread] WARN  o.b.s.BxWinLab.BaseLabel - 无法包裹元素(org.bxwbb.spigotplugincreatertool.BxWinLab.HorizontalLayout@61c6eedb,无法初始化值yChange) - 尝试包裹浮动体
2026-01-30 16:31:32.674 [JavaFX Application Thread] WARN  o.b.s.BxWinLab.BaseLabel - 无法包裹元素(org.bxwbb.spigotplugincreatertool.BxWinLab.MarginsBox@7483263e,无法初始化值xChange & yChange) - 尝试包裹浮动体
2026-01-30 16:31:32.674 [JavaFX Application Thread] WARN  o.b.s.BxWinLab.BaseLabel - 无法包裹元素(org.bxwbb.spigotplugincreatertool.BxWinLab.HorizontalLayout@61c6eedb,无法初始化值yChange) - 尝试包裹浮动体
2026-01-30 16:31:32.674 [JavaFX Application Thread] WARN  o.b.s.BxWinLab.BaseLabel - 无法包裹元素(org.bxwbb.spigotplugincreatertool.BxWinLab.MarginsBox@7483263e,无法初始化值xChange & yChange) - 尝试包裹浮动体
2026-01-30 16:31:32.674 [JavaFX Application Thread] WARN  o.b.s.BxWinLab.BaseLabel - 无法包裹元素(org.bxwbb.spigotplugincreatertool.BxWinLab.HorizontalLayout@61c6eedb,无法初始化值yChange) - 尝试包裹浮动体
2026-01-30 16:31:32.674 [JavaFX Application Thread] WARN  o.b.s.BxWinLab.BaseLabel - 无法包裹元素(org.bxwbb.spigotplugincreatertool.BxWinLab.MarginsBox@7483263e,无法初始化值xChange & yChange) - 尝试包裹浮动体
2026-01-30 16:31:32.674 [JavaFX Application Thread] WARN  o.b.s.BxWinLab.BaseLabel - 无法包裹元素(org.bxwbb.spigotplugincreatertool.BxWinLab.HorizontalLayout@61c6eedb,无法初始化值yChange) - 尝试包裹浮动体
2026-01-30 16:31:32.674 [JavaFX Application Thread] WARN  o.b.s.BxWinLab.BaseLabel - 无法包裹元素(org.bxwbb.spigotplugincreatertool.BxWinLab.MarginsBox@7483263e,无法初始化值xChange & yChange) - 尝试包裹浮动体
2026-01-30 16:31:32.674 [JavaFX Application Thread] WARN  o.b.s.BxWinLab.BaseLabel - 无法包裹元素(org.bxwbb.spigotplugincreatertool.BxWinLab.HorizontalLayout@61c6eedb,无法初始化值yChange) - 尝试包裹浮动体
2026-01-30 16:31:32.674 [JavaFX Application Thread] WARN  o.b.s.BxWinLab.BaseLabel - 无法包裹元素(org.bxwbb.spigotplugincreatertool.BxWinLab.MarginsBox@7483263e,无法初始化值xChange & yChange) - 尝试包裹浮动体
2026-01-30 16:31:32.674 [JavaFX Application Thread] WARN  o.b.s.BxWinLab.BaseLabel - 无法包裹元素(org.bxwbb.spigotplugincreatertool.BxWinLab.HorizontalLayout@61c6eedb,无法初始化值yChange) - 尝试包裹浮动体
2026-01-30 16:31:32.674 [JavaFX Application Thread] WARN  o.b.s.BxWinLab.BaseLabel - 无法包裹元素(org.bxwbb.spigotplugincreatertool.BxWinLab.MarginsBox@7483263e,无法初始化值xChange & yChange) - 尝试包裹浮动体
2026-01-30 16:31:32.675 [JavaFX Application Thread] WARN  o.b.s.BxWinLab.BaseLabel - 无法包裹元素(org.bxwbb.spigotplugincreatertool.BxWinLab.HorizontalLayout@61c6eedb,无法初始化值yChange) - 尝试包裹浮动体
2026-01-30 16:31:32.675 [JavaFX Application Thread] WARN  o.b.s.BxWinLab.BaseLabel - 无法包裹元素(org.bxwbb.spigotplugincreatertool.BxWinLab.MarginsBox@7483263e,无法初始化值xChange & yChange) - 尝试包裹浮动体
2026-01-30 16:31:32.675 [JavaFX Application Thread] WARN  o.b.s.BxWinLab.BaseLabel - 无法包裹元素(org.bxwbb.spigotplugincreatertool.BxWinLab.HorizontalLayout@61c6eedb,无法初始化值yChange) - 尝试包裹浮动体
2026-01-30 16:31:32.675 [JavaFX Application Thread] WARN  o.b.s.BxWinLab.BaseLabel - 无法包裹元素(org.bxwbb.spigotplugincreatertool.BxWinLab.MarginsBox@7483263e,无法初始化值xChange & yChange) - 尝试包裹浮动体
2026-01-30 16:31:32.675 [JavaFX Application Thread] WARN  o.b.s.BxWinLab.BaseLabel - 无法包裹元素(org.bxwbb.spigotplugincreatertool.BxWinLab.HorizontalLayout@61c6eedb,无法初始化值yChange) - 尝试包裹浮动体
2026-01-30 16:31:32.675 [JavaFX Application Thread] WARN  o.b.s.BxWinLab.BaseLabel - 无法包裹元素(org.bxwbb.spigotplugincreatertool.BxWinLab.MarginsBox@7483263e,无法初始化值xChange & yChange) - 尝试包裹浮动体
2026-01-30 16:31:32.675 [JavaFX Application Thread] WARN  o.b.s.BxWinLab.BaseLabel - 无法包裹元素(org.bxwbb.spigotplugincreatertool.BxWinLab.HorizontalLayout@61c6eedb,无法初始化值yChange) - 尝试包裹浮动体
2026-01-30 16:31:32.675 [JavaFX Application Thread] WARN  o.b.s.BxWinLab.BaseLabel - 无法包裹元素(org.bxwbb.spigotplugincreatertool.BxWinLab.MarginsBox@7483263e,无法初始化值xChange & yChange) - 尝试包裹浮动体
2026-01-30 16:31:32.675 [JavaFX Application Thread] WARN  o.b.s.BxWinLab.BaseLabel - 无法包裹元素(org.bxwbb.spigotplugincreatertool.BxWinLab.HorizontalLayout@61c6eedb,无法初始化值yChange) - 尝试包裹浮动体
2026-01-30 16:31:32.675 [JavaFX Application Thread] WARN  o.b.s.BxWinLab.BaseLabel - 无法包裹元素(org.bxwbb.spigotplugincreatertool.BxWinLab.MarginsBox@7483263e,无法初始化值xChange & yChange) - 尝试包裹浮动体
2026-01-30 16:31:32.675 [JavaFX Application Thread] WARN  o.b.s.BxWinLab.BaseLabel - 无法包裹元素(org.bxwbb.spigotplugincreatertool.BxWinLab.HorizontalLayout@61c6eedb,无法初始化值yChange) - 尝试包裹浮动体
2026-01-30 16:31:32.675 [JavaFX Application Thread] WARN  o.b.s.BxWinLab.BaseLabel - 无法包裹元素(org.bxwbb.spigotplugincreatertool.BxWinLab.MarginsBox@7483263e,无法初始化值xChange & yChange) - 尝试包裹浮动体
2026-01-30 16:31:32.675 [JavaFX Application Thread] WARN  o.b.s.BxWinLab.BaseLabel - 无法包裹元素(org.bxwbb.spigotplugincreatertool.BxWinLab.HorizontalLayout@61c6eedb,无法初始化值yChange) - 尝试包裹浮动体
2026-01-30 16:31:32.675 [JavaFX Application Thread] WARN  o.b.s.BxWinLab.BaseLabel - 无法包裹元素(org.bxwbb.spigotplugincreatertool.BxWinLab.MarginsBox@7483263e,无法初始化值xChange & yChange) - 尝试包裹浮动体
2026-01-30 16:31:32.675 [JavaFX Application Thread] WARN  o.b.s.BxWinLab.BaseLabel - 无法包裹元素(org.bxwbb.spigotplugincreatertool.BxWinLab.HorizontalLayout@61c6eedb,无法初始化值yChange) - 尝试包裹浮动体
2026-01-30 16:31:32.675 [JavaFX Application Thread] WARN  o.b.s.BxWinLab.BaseLabel - 无法包裹元素(org.bxwbb.spigotplugincreatertool.BxWinLab.MarginsBox@7483263e,无法初始化值xChange & yChange) - 尝试包裹浮动体
2026-01-30 16:31:32.675 [JavaFX Application Thread] WARN  o.b.s.BxWinLab.BaseLabel - 无法包裹元素(org.bxwbb.spigotplugincreatertool.BxWinLab.HorizontalLayout@61c6eedb,无法初始化值yChange) - 尝试包裹浮动体
2026-01-30 16:31:32.675 [JavaFX Application Thread] WARN  o.b.s.BxWinLab.BaseLabel - 无法包裹元素(org.bxwbb.spigotplugincreatertool.BxWinLab.MarginsBox@7483263e,无法初始化值xChange & yChange) - 尝试包裹浮动体
2026-01-30 16:31:32.675 [JavaFX Application Thread] WARN  o.b.s.BxWinLab.BaseLabel - 无法包裹元素(org.bxwbb.spigotplugincreatertool.BxWinLab.HorizontalLayout@61c6eedb,无法初始化值yChange) - 尝试包裹浮动体
2026-01-30 16:31:32.675 [JavaFX Application Thread] WARN  o.b.s.BxWinLab.BaseLabel - 无法包裹元素(org.bxwbb.spigotplugincreatertool.BxWinLab.MarginsBox@7483263e,无法初始化值xChange & yChange) - 尝试包裹浮动体
2026-01-30 16:31:32.675 [JavaFX Application Thread] WARN  o.b.s.BxWinLab.BaseLabel - 无法包裹元素(org.bxwbb.spigotplugincreatertool.BxWinLab.MarginsBox@7483263e,无法初始化值xChange & yChange) - 尝试包裹浮动体
2026-01-30 16:31:32.675 [JavaFX Application Thread] WARN  o.b.s.BxWinLab.BaseLabel - 无法包裹元素(org.bxwbb.spigotplugincreatertool.BxWinLab.MarginsBox@7483263e,无法初始化值xChange & yChange) - 尝试包裹浮动体
2026-01-30 16:31:32.675 [JavaFX Application Thread] WARN  o.b.s.BxWinLab.BaseLabel - 无法包裹元素(org.bxwbb.spigotplugincreatertool.BxWinLab.HorizontalLayout@42944516,无法初始化值yChange) - 尝试包裹浮动体
2026-01-30 16:31:32.675 [JavaFX Application Thread] WARN  o.b.s.BxWinLab.BaseLabel - 无法包裹元素(org.bxwbb.spigotplugincreatertool.BxWinLab.HorizontalLayout@42944516,无法初始化值yChange) - 尝试包裹浮动体
2026-01-30 16:31:32.675 [JavaFX Application Thread] WARN  o.b.s.BxWinLab.BaseLabel - 无法包裹元素(org.bxwbb.spigotplugincreatertool.BxWinLab.HorizontalLayout@42944516,无法初始化值yChange) - 尝试包裹浮动体
2026-01-30 16:31:32.675 [JavaFX Application Thread] WARN  o.b.s.BxWinLab.BaseLabel - 无法包裹元素(org.bxwbb.spigotplugincreatertool.BxWinLab.HorizontalLayout@42944516,无法初始化值yChange) - 尝试包裹浮动体
2026-01-30 16:31:32.675 [JavaFX Application Thread] WARN  o.b.s.BxWinLab.BaseLabel - 无法包裹元素(org.bxwbb.spigotplugincreatertool.BxWinLab.HorizontalLayout@42944516,无法初始化值yChange) - 尝试包裹浮动体
2026-01-30 16:31:32.675 [JavaFX Application Thread] WARN  o.b.s.BxWinLab.BaseLabel - 无法包裹元素(org.bxwbb.spigotplugincreatertool.BxWinLab.HorizontalLayout@42944516,无法初始化值yChange) - 尝试包裹浮动体
2026-01-30 16:31:32.675 [JavaFX Application Thread] WARN  o.b.s.BxWinLab.BaseLabel - 无法包裹元素(org.bxwbb.spigotplugincreatertool.BxWinLab.HorizontalLayout@42944516,无法初始化值yChange) - 尝试包裹浮动体
2026-01-30 16:31:32.675 [JavaFX Application Thread] WARN  o.b.s.BxWinLab.BaseLabel - 无法包裹元素(org.bxwbb.spigotplugincreatertool.BxWinLab.HorizontalLayout@42944516,无法初始化值yChange) - 尝试包裹浮动体
2026-01-30 16:31:32.675 [JavaFX Application Thread] WARN  o.b.s.BxWinLab.BaseLabel - 无法包裹元素(org.bxwbb.spigotplugincreatertool.BxWinLab.HorizontalLayout@42944516,无法初始化值yChange) - 尝试包裹浮动体
2026-01-30 16:31:32.675 [JavaFX Application Thread] WARN  o.b.s.BxWinLab.BaseLabel - 无法包裹元素(org.bxwbb.spigotplugincreatertool.BxWinLab.HorizontalLayout@42944516,无法初始化值yChange) - 尝试包裹浮动体
2026-01-30 16:31:32.675 [JavaFX Application Thread] WARN  o.b.s.BxWinLab.BaseLabel - 无法包裹元素(org.bxwbb.spigotplugincreatertool.BxWinLab.HorizontalLayout@42944516,无法初始化值yChange) - 尝试包裹浮动体
2026-01-30 16:31:32.676 [JavaFX Application Thread] WARN  o.b.s.BxWinLab.BaseLabel - 无法包裹元素(org.bxwbb.spigotplugincreatertool.BxWinLab.HorizontalLayout@42944516,无法初始化值yChange) - 尝试包裹浮动体
2026-01-30 16:31:32.676 [JavaFX Application Thread] WARN  o.b.s.BxWinLab.BaseLabel - 无法包裹元素(org.bxwbb.spigotplugincreatertool.BxWinLab.HorizontalLayout@42944516,无法初始化值yChange) - 尝试包裹浮动体
2026-01-30 16:31:32.676 [JavaFX Application Thread] WARN  o.b.s.BxWinLab.BaseLabel - 无法包裹元素(org.bxwbb.spigotplugincreatertool.BxWinLab.HorizontalLayout@42944516,无法初始化值yChange) - 尝试包裹浮动体
2026-01-30 16:31:32.676 [JavaFX Application Thread] WARN  o.b.s.BxWinLab.BaseLabel - 无法包裹元素(org.bxwbb.spigotplugincreatertool.BxWinLab.HorizontalLayout@42944516,无法初始化值yChange) - 尝试包裹浮动体
2026-01-30 16:31:32.676 [JavaFX Application Thread] WARN  o.b.s.BxWinLab.BaseLabel - 无法包裹元素(org.bxwbb.spigotplugincreatertool.BxWinLab.HorizontalLayout@42944516,无法初始化值yChange) - 尝试包裹浮动体
2026-01-30 16:31:32.676 [JavaFX Application Thread] WARN  o.b.s.BxWinLab.BaseLabel - 无法包裹元素(org.bxwbb.spigotplugincreatertool.BxWinLab.MarginsBox@43d809b9,无法初始化值xChange & yChange) - 尝试包裹浮动体
2026-01-30 16:31:32.676 [JavaFX Application Thread] WARN  o.b.s.BxWinLab.BaseLabel - 无法包裹元素(org.bxwbb.spigotplugincreatertool.BxWinLab.HorizontalLayout@42944516,无法初始化值yChange) - 尝试包裹浮动体
2026-01-30 16:31:32.676 [JavaFX Application Thread] WARN  o.b.s.BxWinLab.BaseLabel - 无法包裹元素(org.bxwbb.spigotplugincreatertool.BxWinLab.MarginsBox@43d809b9,无法初始化值xChange & yChange) - 尝试包裹浮动体
2026-01-30 16:31:32.676 [JavaFX Application Thread] WARN  o.b.s.BxWinLab.BaseLabel - 无法包裹元素(org.bxwbb.spigotplugincreatertool.BxWinLab.HorizontalLayout@42944516,无法初始化值yChange) - 尝试包裹浮动体
2026-01-30 16:31:32.676 [JavaFX Application Thread] WARN  o.b.s.BxWinLab.BaseLabel - 无法包裹元素(org.bxwbb.spigotplugincreatertool.BxWinLab.MarginsBox@43d809b9,无法初始化值xChange & yChange) - 尝试包裹浮动体
2026-01-30 16:31:32.676 [JavaFX Application Thread] WARN  o.b.s.BxWinLab.BaseLabel - 无法包裹元素(org.bxwbb.spigotplugincreatertool.BxWinLab.HorizontalLayout@42944516,无法初始化值yChange) - 尝试包裹浮动体
2026-01-30 16:31:32.676 [JavaFX Application Thread] WARN  o.b.s.BxWinLab.BaseLabel - 无法包裹元素(org.bxwbb.spigotplugincreatertool.BxWinLab.MarginsBox@43d809b9,无法初始化值xChange & yChange) - 尝试包裹浮动体
2026-01-30 16:31:32.676 [JavaFX Application Thread] WARN  o.b.s.BxWinLab.BaseLabel - 无法包裹元素(org.bxwbb.spigotplugincreatertool.BxWinLab.HorizontalLayout@42944516,无法初始化值yChange) - 尝试包裹浮动体
2026-01-30 16:31:32.676 [JavaFX Application Thread] WARN  o.b.s.BxWinLab.BaseLabel - 无法包裹元素(org.bxwbb.spigotplugincreatertool.BxWinLab.MarginsBox@43d809b9,无法初始化值xChange & yChange) - 尝试包裹浮动体
2026-01-30 16:31:32.676 [JavaFX Application Thread] WARN  o.b.s.BxWinLab.BaseLabel - 无法包裹元素(org.bxwbb.spigotplugincreatertool.BxWinLab.HorizontalLayout@42944516,无法初始化值yChange) - 尝试包裹浮动体
2026-01-30 16:31:32.676 [JavaFX Application Thread] WARN  o.b.s.BxWinLab.BaseLabel - 无法包裹元素(org.bxwbb.spigotplugincreatertool.BxWinLab.MarginsBox@43d809b9,无法初始化值xChange & yChange) - 尝试包裹浮动体
2026-01-30 16:31:32.676 [JavaFX Application Thread] WARN  o.b.s.BxWinLab.BaseLabel - 无法包裹元素(org.bxwbb.spigotplugincreatertool.BxWinLab.HorizontalLayout@42944516,无法初始化值yChange) - 尝试包裹浮动体
2026-01-30 16:31:32.676 [JavaFX Application Thread] WARN  o.b.s.BxWinLab.BaseLabel - 无法包裹元素(org.bxwbb.spigotplugincreatertool.BxWinLab.MarginsBox@43d809b9,无法初始化值xChange & yChange) - 尝试包裹浮动体
2026-01-30 16:31:32.676 [JavaFX Application Thread] WARN  o.b.s.BxWinLab.BaseLabel - 无法包裹元素(org.bxwbb.spigotplugincreatertool.BxWinLab.HorizontalLayout@42944516,无法初始化值yChange) - 尝试包裹浮动体
2026-01-30 16:31:32.676 [JavaFX Application Thread] WARN  o.b.s.BxWinLab.BaseLabel - 无法包裹元素(org.bxwbb.spigotplugincreatertool.BxWinLab.MarginsBox@43d809b9,无法初始化值xChange & yChange) - 尝试包裹浮动体
2026-01-30 16:31:32.676 [JavaFX Application Thread] WARN  o.b.s.BxWinLab.BaseLabel - 无法包裹元素(org.bxwbb.spigotplugincreatertool.BxWinLab.HorizontalLayout@42944516,无法初始化值yChange) - 尝试包裹浮动体
2026-01-30 16:31:32.676 [JavaFX Application Thread] WARN  o.b.s.BxWinLab.BaseLabel - 无法包裹元素(org.bxwbb.spigotplugincreatertool.BxWinLab.MarginsBox@43d809b9,无法初始化值xChange & yChange) - 尝试包裹浮动体
2026-01-30 16:31:32.676 [JavaFX Application Thread] WARN  o.b.s.BxWinLab.BaseLabel - 无法包裹元素(org.bxwbb.spigotplugincreatertool.BxWinLab.HorizontalLayout@42944516,无法初始化值yChange) - 尝试包裹浮动体
2026-01-30 16:31:32.676 [JavaFX Application Thread] WARN  o.b.s.BxWinLab.BaseLabel - 无法包裹元素(org.bxwbb.spigotplugincreatertool.BxWinLab.MarginsBox@43d809b9,无法初始化值xChange & yChange) - 尝试包裹浮动体
2026-01-30 16:31:32.676 [JavaFX Application Thread] WARN  o.b.s.BxWinLab.BaseLabel - 无法包裹元素(org.bxwbb.spigotplugincreatertool.BxWinLab.HorizontalLayout@42944516,无法初始化值yChange) - 尝试包裹浮动体
2026-01-30 16:31:32.676 [JavaFX Application Thread] WARN  o.b.s.BxWinLab.BaseLabel - 无法包裹元素(org.bxwbb.spigotplugincreatertool.BxWinLab.MarginsBox@43d809b9,无法初始化值xChange & yChange) - 尝试包裹浮动体
2026-01-30 16:31:32.676 [JavaFX Application Thread] WARN  o.b.s.BxWinLab.BaseLabel - 无法包裹元素(org.bxwbb.spigotplugincreatertool.BxWinLab.HorizontalLayout@42944516,无法初始化值yChange) - 尝试包裹浮动体
2026-01-30 16:31:32.676 [JavaFX Application Thread] WARN  o.b.s.BxWinLab.BaseLabel - 无法包裹元素(org.bxwbb.spigotplugincreatertool.BxWinLab.MarginsBox@43d809b9,无法初始化值xChange & yChange) - 尝试包裹浮动体
2026-01-30 16:31:32.677 [JavaFX Application Thread] WARN  o.b.s.BxWinLab.BaseLabel - 无法包裹元素(org.bxwbb.spigotplugincreatertool.BxWinLab.HorizontalLayout@42944516,无法初始化值yChange) - 尝试包裹浮动体
2026-01-30 16:31:32.677 [JavaFX Application Thread] WARN  o.b.s.BxWinLab.BaseLabel - 无法包裹元素(org.bxwbb.spigotplugincreatertool.BxWinLab.MarginsBox@43d809b9,无法初始化值xChange & yChange) - 尝试包裹浮动体
2026-01-30 16:31:32.677 [JavaFX Application Thread] WARN  o.b.s.BxWinLab.BaseLabel - 无法包裹元素(org.bxwbb.spigotplugincreatertool.BxWinLab.HorizontalLayout@42944516,无法初始化值yChange) - 尝试包裹浮动体
2026-01-30 16:31:32.677 [JavaFX Application Thread] WARN  o.b.s.BxWinLab.BaseLabel - 无法包裹元素(org.bxwbb.spigotplugincreatertool.BxWinLab.MarginsBox@43d809b9,无法初始化值xChange & yChange) - 尝试包裹浮动体
2026-01-30 16:31:32.677 [JavaFX Application Thread] WARN  o.b.s.BxWinLab.BaseLabel - 无法包裹元素(org.bxwbb.spigotplugincreatertool.BxWinLab.HorizontalLayout@42944516,无法初始化值yChange) - 尝试包裹浮动体
2026-01-30 16:31:32.677 [JavaFX Application Thread] WARN  o.b.s.BxWinLab.BaseLabel - 无法包裹元素(org.bxwbb.spigotplugincreatertool.BxWinLab.MarginsBox@43d809b9,无法初始化值xChange & yChange) - 尝试包裹浮动体
2026-01-30 16:31:32.677 [JavaFX Application Thread] WARN  o.b.s.BxWinLab.BaseLabel - 无法包裹元素(org.bxwbb.spigotplugincreatertool.BxWinLab.HorizontalLayout@42944516,无法初始化值yChange) - 尝试包裹浮动体
2026-01-30 16:31:32.677 [JavaFX Application Thread] WARN  o.b.s.BxWinLab.BaseLabel - 无法包裹元素(org.bxwbb.spigotplugincreatertool.BxWinLab.MarginsBox@43d809b9,无法初始化值xChange & yChange) - 尝试包裹浮动体
2026-01-30 16:31:32.677 [JavaFX Application Thread] WARN  o.b.s.BxWinLab.BaseLabel - 无法包裹元素(org.bxwbb.spigotplugincreatertool.BxWinLab.HorizontalLayout@42944516,无法初始化值yChange) - 尝试包裹浮动体
2026-01-30 16:31:32.677 [JavaFX Application Thread] WARN  o.b.s.BxWinLab.BaseLabel - 无法包裹元素(org.bxwbb.spigotplugincreatertool.BxWinLab.MarginsBox@43d809b9,无法初始化值xChange & yChange) - 尝试包裹浮动体
2026-01-30 16:31:32.677 [JavaFX Application Thread] WARN  o.b.s.BxWinLab.BaseLabel - 无法包裹元素(org.bxwbb.spigotplugincreatertool.BxWinLab.HorizontalLayout@42944516,无法初始化值yChange) - 尝试包裹浮动体
2026-01-30 16:31:32.677 [JavaFX Application Thread] WARN  o.b.s.BxWinLab.BaseLabel - 无法包裹元素(org.bxwbb.spigotplugincreatertool.BxWinLab.MarginsBox@43d809b9,无法初始化值xChange & yChange) - 尝试包裹浮动体
2026-01-30 16:31:32.677 [JavaFX Application Thread] WARN  o.b.s.BxWinLab.BaseLabel - 无法包裹元素(org.bxwbb.spigotplugincreatertool.BxWinLab.HorizontalLayout@42944516,无法初始化值yChange) - 尝试包裹浮动体
2026-01-30 16:31:32.677 [JavaFX Application Thread] WARN  o.b.s.BxWinLab.BaseLabel - 无法包裹元素(org.bxwbb.spigotplugincreatertool.BxWinLab.MarginsBox@43d809b9,无法初始化值xChange & yChange) - 尝试包裹浮动体
2026-01-30 16:31:32.677 [JavaFX Application Thread] WARN  o.b.s.BxWinLab.BaseLabel - 无法包裹元素(org.bxwbb.spigotplugincreatertool.BxWinLab.HorizontalLayout@42944516,无法初始化值yChange) - 尝试包裹浮动体
2026-01-30 16:31:32.677 [JavaFX Application Thread] WARN  o.b.s.BxWinLab.BaseLabel - 无法包裹元素(org.bxwbb.spigotplugincreatertool.BxWinLab.MarginsBox@43d809b9,无法初始化值xChange & yChange) - 尝试包裹浮动体
2026-01-30 16:31:32.677 [JavaFX Application Thread] WARN  o.b.s.BxWinLab.BaseLabel - 无法包裹元素(org.bxwbb.spigotplugincreatertool.BxWinLab.MarginsBox@43d809b9,无法初始化值xChange & yChange) - 尝试包裹浮动体
2026-01-30 16:31:32.677 [JavaFX Application Thread] WARN  o.b.s.BxWinLab.BaseLabel - 无法包裹元素(org.bxwbb.spigotplugincreatertool.BxWinLab.MarginsBox@43d809b9,无法初始化值xChange & yChange) - 尝试包裹浮动体
2026-01-30 16:31:32.677 [JavaFX Application Thread] WARN  o.b.s.BxWinLab.BaseLabel - 无法包裹元素(org.bxwbb.spigotplugincreatertool.BxWinLab.VerticalLayout@759c0716,无法初始化值xChange) - 尝试包裹浮动体
2026-01-30 16:31:32.677 [JavaFX Application Thread] WARN  o.b.s.BxWinLab.BaseLabel - 无法包裹元素(org.bxwbb.spigotplugincreatertool.BxWinLab.VerticalLayout@759c0716,无法初始化值xChange) - 尝试包裹浮动体
2026-01-30 16:31:32.677 [JavaFX Application Thread] WARN  o.b.s.BxWinLab.BaseLabel - 无法包裹元素(org.bxwbb.spigotplugincreatertool.BxWinLab.VerticalLayout@759c0716,无法初始化值xChange) - 尝试包裹浮动体
2026-01-30 16:31:32.677 [JavaFX Application Thread] WARN  o.b.s.BxWinLab.BaseLabel - 无法包裹元素(org.bxwbb.spigotplugincreatertool.BxWinLab.VerticalLayout@759c0716,无法初始化值xChange) - 尝试包裹浮动体
2026-01-30 16:31:32.677 [JavaFX Application Thread] WARN  o.b.s.BxWinLab.BaseLabel - 无法包裹元素(org.bxwbb.spigotplugincreatertool.BxWinLab.VerticalLayout@759c0716,无法初始化值xChange) - 尝试包裹浮动体
2026-01-30 16:31:32.677 [JavaFX Application Thread] WARN  o.b.s.BxWinLab.BaseLabel - 无法包裹元素(org.bxwbb.spigotplugincreatertool.BxWinLab.VerticalLayout@759c0716,无法初始化值xChange) - 尝试包裹浮动体
2026-01-30 16:31:32.677 [JavaFX Application Thread] WARN  o.b.s.BxWinLab.BaseLabel - 无法包裹元素(org.bxwbb.spigotplugincreatertool.BxWinLab.VerticalLayout@759c0716,无法初始化值xChange) - 尝试包裹浮动体
2026-01-30 16:31:32.677 [JavaFX Application Thread] WARN  o.b.s.BxWinLab.BaseLabel - 无法包裹元素(org.bxwbb.spigotplugincreatertool.BxWinLab.VerticalLayout@759c0716,无法初始化值xChange) - 尝试包裹浮动体
2026-01-30 16:31:32.677 [JavaFX Application Thread] WARN  o.b.s.BxWinLab.BaseLabel - 无法包裹元素(org.bxwbb.spigotplugincreatertool.BxWinLab.VerticalLayout@759c0716,无法初始化值xChange) - 尝试包裹浮动体
2026-01-30 16:31:32.677 [JavaFX Application Thread] WARN  o.b.s.BxWinLab.BaseLabel - 无法包裹元素(org.bxwbb.spigotplugincreatertool.BxWinLab.VerticalLayout@759c0716,无法初始化值xChange) - 尝试包裹浮动体
2026-01-30 16:31:32.677 [JavaFX Application Thread] WARN  o.b.s.BxWinLab.BaseLabel - 无法包裹元素(org.bxwbb.spigotplugincreatertool.BxWinLab.VerticalLayout@759c0716,无法初始化值xChange) - 尝试包裹浮动体
2026-01-30 16:31:32.677 [JavaFX Application Thread] WARN  o.b.s.BxWinLab.BaseLabel - 无法包裹元素(org.bxwbb.spigotplugincreatertool.BxWinLab.VerticalLayout@759c0716,无法初始化值xChange) - 尝试包裹浮动体
2026-01-30 16:31:32.677 [JavaFX Application Thread] WARN  o.b.s.BxWinLab.BaseLabel - 无法包裹元素(org.bxwbb.spigotplugincreatertool.BxWinLab.VerticalLayout@759c0716,无法初始化值xChange) - 尝试包裹浮动体
2026-01-30 16:31:32.677 [JavaFX Application Thread] WARN  o.b.s.BxWinLab.BaseLabel - 无法包裹元素(org.bxwbb.spigotplugincreatertool.BxWinLab.VerticalLayout@759c0716,无法初始化值xChange) - 尝试包裹浮动体
2026-01-30 16:31:32.677 [JavaFX Application Thread] WARN  o.b.s.BxWinLab.BaseLabel - 无法包裹元素(org.bxwbb.spigotplugincreatertool.BxWinLab.VerticalLayout@759c0716,无法初始化值xChange) - 尝试包裹浮动体
2026-01-30 16:31:32.677 [JavaFX Application Thread] WARN  o.b.s.BxWinLab.BaseLabel - 无法包裹元素(org.bxwbb.spigotplugincreatertool.BxWinLab.VerticalLayout@759c0716,无法初始化值xChange) - 尝试包裹浮动体
2026-01-30 16:31:32.677 [JavaFX Application Thread] WARN  o.b.s.BxWinLab.BaseLabel - 无法包裹元素(org.bxwbb.spigotplugincreatertool.BxWinLab.VerticalLayout@759c0716,无法初始化值xChange) - 尝试包裹浮动体
2026-01-30 16:31:32.677 [JavaFX Application Thread] WARN  o.b.s.BxWinLab.BaseLabel - 无法包裹元素(org.bxwbb.spigotplugincreatertool.BxWinLab.VerticalLayout@759c0716,无法初始化值xChange) - 尝试包裹浮动体
2026-01-30 16:31:32.677 [JavaFX Application Thread] WARN  o.b.s.BxWinLab.BaseLabel - 无法包裹元素(org.bxwbb.spigotplugincreatertool.BxWinLab.VerticalLayout@759c0716,无法初始化值xChange) - 尝试包裹浮动体
2026-01-30 16:31:32.677 [JavaFX Application Thread] WARN  o.b.s.BxWinLab.BaseLabel - 无法包裹元素(org.bxwbb.spigotplugincreatertool.BxWinLab.VerticalLayout@759c0716,无法初始化值xChange) - 尝试包裹浮动体
2026-01-30 16:31:32.677 [JavaFX Application Thread] WARN  o.b.s.BxWinLab.BaseLabel - 无法包裹元素(org.bxwbb.spigotplugincreatertool.BxWinLab.VerticalLayout@759c0716,无法初始化值xChange) - 尝试包裹浮动体
2026-01-30 16:31:32.677 [JavaFX Application Thread] WARN  o.b.s.BxWinLab.BaseLabel - 无法包裹元素(org.bxwbb.spigotplugincreatertool.BxWinLab.VerticalLayout@759c0716,无法初始化值xChange) - 尝试包裹浮动体
2026-01-30 16:31:32.677 [JavaFX Application Thread] WARN  o.b.s.BxWinLab.BaseLabel - 无法包裹元素(org.bxwbb.spigotplugincreatertool.BxWinLab.VerticalLayout@759c0716,无法初始化值xChange) - 尝试包裹浮动体
2026-01-30 16:31:32.677 [JavaFX Application Thread] WARN  o.b.s.BxWinLab.BaseLabel - 无法包裹元素(org.bxwbb.spigotplugincreatertool.BxWinLab.VerticalLayout@759c0716,无法初始化值xChange) - 尝试包裹浮动体
2026-01-30 16:31:32.678 [JavaFX Application Thread] WARN  o.b.s.BxWinLab.BaseLabel - 无法包裹元素(org.bxwbb.spigotplugincreatertool.BxWinLab.VerticalLayout@759c0716,无法初始化值xChange) - 尝试包裹浮动体
2026-01-30 16:31:32.678 [JavaFX Application Thread] WARN  o.b.s.BxWinLab.BaseLabel - 无法包裹元素(org.bxwbb.spigotplugincreatertool.BxWinLab.VerticalLayout@759c0716,无法初始化值xChange) - 尝试包裹浮动体
2026-01-30 16:31:32.678 [JavaFX Application Thread] WARN  o.b.s.BxWinLab.BaseLabel - 无法包裹元素(org.bxwbb.spigotplugincreatertool.BxWinLab.VerticalLayout@759c0716,无法初始化值xChange) - 尝试包裹浮动体
2026-01-30 16:31:32.678 [JavaFX Application Thread] WARN  o.b.s.BxWinLab.BaseLabel - 无法包裹元素(org.bxwbb.spigotplugincreatertool.BxWinLab.VerticalLayout@759c0716,无法初始化值xChange) - 尝试包裹浮动体
2026-01-30 16:31:32.678 [JavaFX Application Thread] WARN  o.b.s.BxWinLab.BaseLabel - 无法包裹元素(org.bxwbb.spigotplugincreatertool.BxWinLab.VerticalLayout@759c0716,无法初始化值xChange) - 尝试包裹浮动体
2026-01-30 16:31:32.678 [JavaFX Application Thread] WARN  o.b.s.BxWinLab.BaseLabel - 无法包裹元素(org.bxwbb.spigotplugincreatertool.BxWinLab.VerticalLayout@759c0716,无法初始化值xChange) - 尝试包裹浮动体
2026-01-30 16:31:32.678 [JavaFX Application Thread] WARN  o.b.s.BxWinLab.BaseLabel - 无法包裹元素(org.bxwbb.spigotplugincreatertool.BxWinLab.VerticalLayout@759c0716,无法初始化值xChange) - 尝试包裹浮动体
2026-01-30 16:31:32.678 [JavaFX Application Thread] WARN  o.b.s.BxWinLab.BaseLabel - 无法包裹元素(org.bxwbb.spigotplugincreatertool.BxWinLab.VerticalLayout@759c0716,无法初始化值xChange) - 尝试包裹浮动体
2026-01-30 16:31:32.678 [JavaFX Application Thread] WARN  o.b.s.BxWinLab.BaseLabel - 无法包裹元素(org.bxwbb.spigotplugincreatertool.BxWinLab.VerticalLayout@759c0716,无法初始化值xChange) - 尝试包裹浮动体
2026-01-30 16:31:32.678 [JavaFX Application Thread] WARN  o.b.s.BxWinLab.BaseLabel - 无法包裹元素(org.bxwbb.spigotplugincreatertool.BxWinLab.VerticalLayout@759c0716,无法初始化值xChange) - 尝试包裹浮动体
2026-01-30 16:31:32.678 [JavaFX Application Thread] WARN  o.b.s.BxWinLab.BaseLabel - 无法包裹元素(org.bxwbb.spigotplugincreatertool.BxWinLab.VerticalLayout@759c0716,无法初始化值xChange) - 尝试包裹浮动体
2026-01-30 16:31:32.678 [JavaFX Application Thread] WARN  o.b.s.BxWinLab.BaseLabel - 无法包裹元素(org.bxwbb.spigotplugincreatertool.BxWinLab.VerticalLayout@759c0716,无法初始化值xChange) - 尝试包裹浮动体
2026-01-30 16:31:32.678 [JavaFX Application Thread] WARN  o.b.s.BxWinLab.BaseLabel - 无法包裹元素(org.bxwbb.spigotplugincreatertool.BxWinLab.VerticalLayout@759c0716,无法初始化值xChange) - 尝试包裹浮动体
2026-01-30 16:31:32.678 [JavaFX Application Thread] WARN  o.b.s.BxWinLab.BaseLabel - 无法包裹元素(org.bxwbb.spigotplugincreatertool.BxWinLab.VerticalLayout@759c0716,无法初始化值xChange) - 尝试包裹浮动体
2026-01-30 16:31:32.678 [JavaFX Application Thread] WARN  o.b.s.BxWinLab.BaseLabel - 无法包裹元素(org.bxwbb.spigotplugincreatertool.BxWinLab.VerticalLayout@759c0716,无法初始化值xChange) - 尝试包裹浮动体
2026-01-30 16:31:32.678 [JavaFX Application Thread] WARN  o.b.s.BxWinLab.BaseLabel - 无法包裹元素(org.bxwbb.spigotplugincreatertool.BxWinLab.VerticalLayout@759c0716,无法初始化值xChange) - 尝试包裹浮动体
2026-01-30 16:31:32.678 [JavaFX Application Thread] WARN  o.b.s.BxWinLab.BaseLabel - 无法包裹元素(org.bxwbb.spigotplugincreatertool.BxWinLab.VerticalLayout@759c0716,无法初始化值xChange) - 尝试包裹浮动体
2026-01-30 16:31:32.678 [JavaFX Application Thread] WARN  o.b.s.BxWinLab.BaseLabel - 无法包裹元素(org.bxwbb.spigotplugincreatertool.BxWinLab.VerticalLayout@759c0716,无法初始化值xChange) - 尝试包裹浮动体
2026-01-30 16:31:32.678 [JavaFX Application Thread] WARN  o.b.s.BxWinLab.BaseLabel - 无法包裹元素(org.bxwbb.spigotplugincreatertool.BxWinLab.VerticalLayout@759c0716,无法初始化值xChange) - 尝试包裹浮动体
2026-01-30 16:31:32.678 [JavaFX Application Thread] WARN  o.b.s.BxWinLab.BaseLabel - 无法包裹元素(org.bxwbb.spigotplugincreatertool.BxWinLab.VerticalLayout@759c0716,无法初始化值xChange) - 尝试包裹浮动体
2026-01-30 16:31:32.678 [JavaFX Application Thread] WARN  o.b.s.BxWinLab.BaseLabel - 无法包裹元素(org.bxwbb.spigotplugincreatertool.BxWinLab.VerticalLayout@759c0716,无法初始化值xChange) - 尝试包裹浮动体
2026-01-30 16:31:32.678 [JavaFX Application Thread] WARN  o.b.s.BxWinLab.BaseLabel - 无法包裹元素(org.bxwbb.spigotplugincreatertool.BxWinLab.VerticalLayout@759c0716,无法初始化值xChange) - 尝试包裹浮动体
2026-01-30 16:31:32.678 [JavaFX Application Thread] WARN  o.b.s.BxWinLab.BaseLabel - 无法包裹元素(org.bxwbb.spigotplugincreatertool.BxWinLab.VerticalLayout@759c0716,无法初始化值xChange) - 尝试包裹浮动体
2026-01-30 16:31:32.678 [JavaFX Application Thread] WARN  o.b.s.BxWinLab.BaseLabel - 无法包裹元素(org.bxwbb.spigotplugincreatertool.BxWinLab.VerticalLayout@759c0716,无法初始化值xChange) - 尝试包裹浮动体
2026-01-30 16:31:32.678 [JavaFX Application Thread] WARN  o.b.s.BxWinLab.BaseLabel - 无法包裹元素(org.bxwbb.spigotplugincreatertool.BxWinLab.VerticalLayout@759c0716,无法初始化值xChange) - 尝试包裹浮动体
2026-01-30 16:31:32.678 [JavaFX Application Thread] WARN  o.b.s.BxWinLab.BaseLabel - 无法包裹元素(org.bxwbb.spigotplugincreatertool.BxWinLab.VerticalLayout@759c0716,无法初始化值xChange) - 尝试包裹浮动体
2026-01-30 16:31:32.678 [JavaFX Application Thread] WARN  o.b.s.BxWinLab.BaseLabel - 无法包裹元素(org.bxwbb.spigotplugincreatertool.BxWinLab.VerticalLayout@759c0716,无法初始化值xChange) - 尝试包裹浮动体
2026-01-30 16:31:32.678 [JavaFX Application Thread] WARN  o.b.s.BxWinLab.BaseLabel - 无法包裹元素(org.bxwbb.spigotplugincreatertool.BxWinLab.VerticalLayout@759c0716,无法初始化值xChange) - 尝试包裹浮动体
2026-01-30 16:31:32.678 [JavaFX Application Thread] WARN  o.b.s.BxWinLab.BaseLabel - 无法包裹元素(org.bxwbb.spigotplugincreatertool.BxWinLab.VerticalLayout@759c0716,无法初始化值xChange) - 尝试包裹浮动体
2026-01-30 16:31:32.678 [JavaFX Application Thread] WARN  o.b.s.BxWinLab.BaseLabel - 无法包裹元素(org.bxwbb.spigotplugincreatertool.BxWinLab.VerticalLayout@759c0716,无法初始化值xChange) - 尝试包裹浮动体
2026-01-30 16:31:32.678 [JavaFX Application Thread] WARN  o.b.s.BxWinLab.BaseLabel - 无法包裹元素(org.bxwbb.spigotplugincreatertool.BxWinLab.VerticalLayout@759c0716,无法初始化值xChange) - 尝试包裹浮动体
2026-01-30 16:31:32.678 [JavaFX Application Thread] WARN  o.b.s.BxWinLab.BaseLabel - 无法包裹元素(org.bxwbb.spigotplugincreatertool.BxWinLab.VerticalLayout@759c0716,无法初始化值xChange) - 尝试包裹浮动体
2026-01-30 16:31:32.678 [JavaFX Application Thread] WARN  o.b.s.BxWinLab.BaseLabel - 无法包裹元素(org.bxwbb.spigotplugincreatertool.BxWinLab.VerticalLayout@759c0716,无法初始化值xChange) - 尝试包裹浮动体
2026-01-30 16:31:32.678 [JavaFX Application Thread] WARN  o.b.s.BxWinLab.BaseLabel - 无法包裹元素(org.bxwbb.spigotplugincreatertool.BxWinLab.VerticalLayout@759c0716,无法初始化值xChange) - 尝试包裹浮动体
2026-01-30 16:31:32.678 [JavaFX Application Thread] WARN  o.b.s.BxWinLab.BaseLabel - 无法包裹元素(org.bxwbb.spigotplugincreatertool.BxWinLab.VerticalLayout@759c0716,无法初始化值xChange) - 尝试包裹浮动体
2026-01-30 16:31:32.678 [JavaFX Application Thread] WARN  o.b.s.BxWinLab.BaseLabel - 无法包裹元素(org.bxwbb.spigotplugincreatertool.BxWinLab.VerticalLayout@759c0716,无法初始化值xChange) - 尝试包裹浮动体
2026-01-30 16:31:32.678 [JavaFX Application Thread] WARN  o.b.s.BxWinLab.BaseLabel - 无法包裹元素(org.bxwbb.spigotplugincreatertool.BxWinLab.VerticalLayout@759c0716,无法初始化值xChange) - 尝试包裹浮动体
2026-01-30 16:31:32.678 [JavaFX Application Thread] WARN  o.b.s.BxWinLab.BaseLabel - 无法包裹元素(org.bxwbb.spigotplugincreatertool.BxWinLab.VerticalLayout@759c0716,无法初始化值xChange) - 尝试包裹浮动体
2026-01-30 16:31:32.678 [JavaFX Application Thread] WARN  o.b.s.BxWinLab.BaseLabel - 无法包裹元素(org.bxwbb.spigotplugincreatertool.BxWinLab.VerticalLayout@759c0716,无法初始化值xChange) - 尝试包裹浮动体
2026-01-30 16:31:32.678 [JavaFX Application Thread] WARN  o.b.s.BxWinLab.BaseLabel - 无法包裹元素(org.bxwbb.spigotplugincreatertool.BxWinLab.VerticalLayout@759c0716,无法初始化值xChange) - 尝试包裹浮动体
2026-01-30 16:31:32.678 [JavaFX Application Thread] WARN  o.b.s.BxWinLab.BaseLabel - 无法包裹元素(org.bxwbb.spigotplugincreatertool.BxWinLab.VerticalLayout@759c0716,无法初始化值xChange) - 尝试包裹浮动体
2026-01-30 16:31:32.678 [JavaFX Application Thread] WARN  o.b.s.BxWinLab.BaseLabel - 无法包裹元素(org.bxwbb.spigotplugincreatertool.BxWinLab.VerticalLayout@759c0716,无法初始化值xChange) - 尝试包裹浮动体
2026-01-30 16:31:32.678 [JavaFX Application Thread] WARN  o.b.s.BxWinLab.BaseLabel - 无法包裹元素(org.bxwbb.spigotplugincreatertool.BxWinLab.VerticalLayout@759c0716,无法初始化值xChange) - 尝试包裹浮动体
2026-01-30 16:31:32.678 [JavaFX Application Thread] WARN  o.b.s.BxWinLab.BaseLabel - 无法包裹元素(org.bxwbb.spigotplugincreatertool.BxWinLab.VerticalLayout@759c0716,无法初始化值xChange) - 尝试包裹浮动体
2026-01-30 16:31:32.678 [JavaFX Application Thread] WARN  o.b.s.BxWinLab.BaseLabel - 无法包裹元素(org.bxwbb.spigotplugincreatertool.BxWinLab.VerticalLayout@759c0716,无法初始化值xChange) - 尝试包裹浮动体
2026-01-30 16:31:32.678 [JavaFX Application Thread] WARN  o.b.s.BxWinLab.BaseLabel - 无法包裹元素(org.bxwbb.spigotplugincreatertool.BxWinLab.VerticalLayout@759c0716,无法初始化值xChange) - 尝试包裹浮动体
2026-01-30 16:31:32.678 [JavaFX Application Thread] WARN  o.b.s.BxWinLab.BaseLabel - 无法包裹元素(org.bxwbb.spigotplugincreatertool.BxWinLab.VerticalLayout@759c0716,无法初始化值xChange) - 尝试包裹浮动体
2026-01-30 16:31:32.678 [JavaFX Application Thread] WARN  o.b.s.BxWinLab.BaseLabel - 无法包裹元素(org.bxwbb.spigotplugincreatertool.BxWinLab.VerticalLayout@759c0716,无法初始化值xChange) - 尝试包裹浮动体
2026-01-30 16:31:32.678 [JavaFX Application Thread] WARN  o.b.s.BxWinLab.BaseLabel - 无法包裹元素(org.bxwbb.spigotplugincreatertool.BxWinLab.VerticalLayout@759c0716,无法初始化值xChange) - 尝试包裹浮动体
2026-01-30 16:31:32.678 [JavaFX Application Thread] WARN  o.b.s.BxWinLab.BaseLabel - 无法包裹元素(org.bxwbb.spigotplugincreatertool.BxWinLab.VerticalLayout@759c0716,无法初始化值xChange) - 尝试包裹浮动体
2026-01-30 16:31:32.678 [JavaFX Application Thread] WARN  o.b.s.BxWinLab.BaseLabel - 无法包裹元素(org.bxwbb.spigotplugincreatertool.BxWinLab.VerticalLayout@759c0716,无法初始化值xChange) - 尝试包裹浮动体
2026-01-30 16:31:32.678 [JavaFX Application Thread] WARN  o.b.s.BxWinLab.BaseLabel - 无法包裹元素(org.bxwbb.spigotplugincreatertool.BxWinLab.VerticalLayout@759c0716,无法初始化值xChange) - 尝试包裹浮动体
2026-01-30 16:31:32.678 [JavaFX Application Thread] WARN  o.b.s.BxWinLab.BaseLabel - 无法包裹元素(org.bxwbb.spigotplugincreatertool.BxWinLab.VerticalLayout@759c0716,无法初始化值xChange) - 尝试包裹浮动体
2026-01-30 16:31:32.678 [JavaFX Application Thread] WARN  o.b.s.BxWinLab.BaseLabel - 无法包裹元素(org.bxwbb.spigotplugincreatertool.BxWinLab.VerticalLayout@759c0716,无法初始化值xChange) - 尝试包裹浮动体
2026-01-30 16:31:32.678 [JavaFX Application Thread] WARN  o.b.s.BxWinLab.BaseLabel - 无法包裹元素(org.bxwbb.spigotplugincreatertool.BxWinLab.VerticalLayout@759c0716,无法初始化值xChange) - 尝试包裹浮动体
2026-01-30 16:31:32.678 [JavaFX Application Thread] WARN  o.b.s.BxWinLab.BaseLabel - 无法包裹元素(org.bxwbb.spigotplugincreatertool.BxWinLab.VerticalLayout@759c0716,无法初始化值xChange) - 尝试包裹浮动体
2026-01-30 16:31:32.678 [JavaFX Application Thread] WARN  o.b.s.BxWinLab.BaseLabel - 无法包裹元素(org.bxwbb.spigotplugincreatertool.BxWinLab.VerticalLayout@759c0716,无法初始化值xChange) - 尝试包裹浮动体
2026-01-30 16:31:32.678 [JavaFX Application Thread] WARN  o.b.s.BxWinLab.BaseLabel - 无法包裹元素(org.bxwbb.spigotplugincreatertool.BxWinLab.VerticalLayout@759c0716,无法初始化值xChange) - 尝试包裹浮动体
2026-01-30 16:31:32.678 [JavaFX Application Thread] WARN  o.b.s.BxWinLab.BaseLabel - 无法包裹元素(org.bxwbb.spigotplugincreatertool.BxWinLab.VerticalLayout@759c0716,无法初始化值xChange) - 尝试包裹浮动体
2026-01-30 16:31:32.678 [JavaFX Application Thread] WARN  o.b.s.BxWinLab.BaseLabel - 无法包裹元素(org.bxwbb.spigotplugincreatertool.BxWinLab.VerticalLayout@759c0716,无法初始化值xChange) - 尝试包裹浮动体
2026-01-30 16:31:32.678 [JavaFX Application Thread] WARN  o.b.s.BxWinLab.BaseLabel - 无法包裹元素(org.bxwbb.spigotplugincreatertool.BxWinLab.VerticalLayout@759c0716,无法初始化值xChange) - 尝试包裹浮动体
2026-01-30 16:31:32.678 [JavaFX Application Thread] WARN  o.b.s.BxWinLab.BaseLabel - 无法包裹元素(org.bxwbb.spigotplugincreatertool.BxWinLab.VerticalLayout@759c0716,无法初始化值xChange) - 尝试包裹浮动体
2026-01-30 16:31:32.687 [JavaFX Application Thread] WARN  o.b.s.BxWinLab.BaseLabel - 无法包裹元素(org.bxwbb.spigotplugincreatertool.BxWinLab.VerticalLayout@759c0716,无法初始化值xChange) - 尝试包裹浮动体
2026-01-30 16:31:32.687 [JavaFX Application Thread] WARN  o.b.s.BxWinLab.BaseLabel - 无法包裹元素(org.bxwbb.spigotplugincreatertool.BxWinLab.VerticalLayout@759c0716,无法初始化值xChange) - 尝试包裹浮动体
2026-01-30 16:31:32.687 [JavaFX Application Thread] WARN  o.b.s.BxWinLab.BaseLabel - 无法包裹元素(org.bxwbb.spigotplugincreatertool.BxWinLab.VerticalLayout@759c0716,无法初始化值xChange) - 尝试包裹浮动体
2026-01-30 16:31:32.687 [JavaFX Application Thread] WARN  o.b.s.BxWinLab.BaseLabel - 无法包裹元素(org.bxwbb.spigotplugincreatertool.BxWinLab.VerticalLayout@759c0716,无法初始化值xChange) - 尝试包裹浮动体
2026-01-30 16:31:32.687 [JavaFX Application Thread] WARN  o.b.s.BxWinLab.BaseLabel - 无法包裹元素(org.bxwbb.spigotplugincreatertool.BxWinLab.VerticalLayout@759c0716,无法初始化值xChange) - 尝试包裹浮动体
2026-01-30 16:31:32.687 [JavaFX Application Thread] WARN  o.b.s.BxWinLab.BaseLabel - 无法包裹元素(org.bxwbb.spigotplugincreatertool.BxWinLab.VerticalLayout@759c0716,无法初始化值xChange) - 尝试包裹浮动体
2026-01-30 16:31:32.687 [JavaFX Application Thread] WARN  o.b.s.BxWinLab.BaseLabel - 无法包裹元素(org.bxwbb.spigotplugincreatertool.BxWinLab.VerticalLayout@759c0716,无法初始化值xChange) - 尝试包裹浮动体
2026-01-30 16:31:32.687 [JavaFX Application Thread] WARN  o.b.s.BxWinLab.BaseLabel - 无法包裹元素(org.bxwbb.spigotplugincreatertool.BxWinLab.VerticalLayout@759c0716,无法初始化值xChange) - 尝试包裹浮动体
2026-01-30 16:31:32.687 [JavaFX Application Thread] WARN  o.b.s.BxWinLab.BaseLabel - 无法包裹元素(org.bxwbb.spigotplugincreatertool.BxWinLab.VerticalLayout@759c0716,无法初始化值xChange) - 尝试包裹浮动体
2026-01-30 16:31:32.687 [JavaFX Application Thread] WARN  o.b.s.BxWinLab.BaseLabel - 无法包裹元素(org.bxwbb.spigotplugincreatertool.BxWinLab.VerticalLayout@759c0716,无法初始化值xChange) - 尝试包裹浮动体
2026-01-30 16:31:32.687 [JavaFX Application Thread] WARN  o.b.s.BxWinLab.BaseLabel - 无法包裹元素(org.bxwbb.spigotplugincreatertool.BxWinLab.VerticalLayout@759c0716,无法初始化值xChange) - 尝试包裹浮动体
2026-01-30 16:31:32.687 [JavaFX Application Thread] WARN  o.b.s.BxWinLab.BaseLabel - 无法包裹元素(org.bxwbb.spigotplugincreatertool.BxWinLab.VerticalLayout@759c0716,无法初始化值xChange) - 尝试包裹浮动体
2026-01-30 16:31:32.687 [JavaFX Application Thread] WARN  o.b.s.BxWinLab.BaseLabel - 无法包裹元素(org.bxwbb.spigotplugincreatertool.BxWinLab.VerticalLayout@759c0716,无法初始化值xChange) - 尝试包裹浮动体
2026-01-30 16:31:32.687 [JavaFX Application Thread] WARN  o.b.s.BxWinLab.BaseLabel - 无法包裹元素(org.bxwbb.spigotplugincreatertool.BxWinLab.VerticalLayout@759c0716,无法初始化值xChange) - 尝试包裹浮动体
2026-01-30 16:31:32.687 [JavaFX Application Thread] WARN  o.b.s.BxWinLab.BaseLabel - 无法包裹元素(org.bxwbb.spigotplugincreatertool.BxWinLab.VerticalLayout@759c0716,无法初始化值xChange) - 尝试包裹浮动体
2026-01-30 16:31:32.687 [JavaFX Application Thread] WARN  o.b.s.BxWinLab.BaseLabel - 无法包裹元素(org.bxwbb.spigotplugincreatertool.BxWinLab.VerticalLayout@759c0716,无法初始化值xChange) - 尝试包裹浮动体
2026-01-30 16:31:32.687 [JavaFX Application Thread] WARN  o.b.s.BxWinLab.BaseLabel - 无法包裹元素(org.bxwbb.spigotplugincreatertool.BxWinLab.VerticalLayout@759c0716,无法初始化值xChange) - 尝试包裹浮动体
2026-01-30 16:31:32.687 [JavaFX Application Thread] WARN  o.b.s.BxWinLab.BaseLabel - 无法包裹元素(org.bxwbb.spigotplugincreatertool.BxWinLab.VerticalLayout@759c0716,无法初始化值xChange) - 尝试包裹浮动体
2026-01-30 16:31:32.687 [JavaFX Application Thread] WARN  o.b.s.BxWinLab.BaseLabel - 无法包裹元素(org.bxwbb.spigotplugincreatertool.BxWinLab.VerticalLayout@759c0716,无法初始化值xChange) - 尝试包裹浮动体
2026-01-30 16:31:32.687 [JavaFX Application Thread] WARN  o.b.s.BxWinLab.BaseLabel - 无法包裹元素(org.bxwbb.spigotplugincreatertool.BxWinLab.VerticalLayout@759c0716,无法初始化值xChange) - 尝试包裹浮动体
2026-01-30 16:31:32.687 [JavaFX Application Thread] WARN  o.b.s.BxWinLab.BaseLabel - 无法包裹元素(org.bxwbb.spigotplugincreatertool.BxWinLab.VerticalLayout@759c0716,无法初始化值xChange) - 尝试包裹浮动体
2026-01-30 16:31:32.687 [JavaFX Application Thread] WARN  o.b.s.BxWinLab.BaseLabel - 无法包裹元素(org.bxwbb.spigotplugincreatertool.BxWinLab.VerticalLayout@759c0716,无法初始化值xChange) - 尝试包裹浮动体
2026-01-30 16:31:32.687 [JavaFX Application Thread] WARN  o.b.s.BxWinLab.BaseLabel - 无法包裹元素(org.bxwbb.spigotplugincreatertool.BxWinLab.VerticalLayout@759c0716,无法初始化值xChange) - 尝试包裹浮动体
2026-01-30 16:31:32.687 [JavaFX Application Thread] WARN  o.b.s.BxWinLab.BaseLabel - 无法包裹元素(org.bxwbb.spigotplugincreatertool.BxWinLab.VerticalLayout@759c0716,无法初始化值xChange) - 尝试包裹浮动体
2026-01-30 16:31:32.687 [JavaFX Application Thread] WARN  o.b.s.BxWinLab.BaseLabel - 无法包裹元素(org.bxwbb.spigotplugincreatertool.BxWinLab.VerticalLayout@759c0716,无法初始化值xChange) - 尝试包裹浮动体
2026-01-30 16:31:32.687 [JavaFX Application Thread] WARN  o.b.s.BxWinLab.BaseLabel - 无法包裹元素(org.bxwbb.spigotplugincreatertool.BxWinLab.VerticalLayout@759c0716,无法初始化值xChange) - 尝试包裹浮动体
2026-01-30 16:31:32.687 [JavaFX Application Thread] WARN  o.b.s.BxWinLab.BaseLabel - 无法包裹元素(org.bxwbb.spigotplugincreatertool.BxWinLab.VerticalLayout@759c0716,无法初始化值xChange) - 尝试包裹浮动体
2026-01-30 16:31:32.687 [JavaFX Application Thread] WARN  o.b.s.BxWinLab.BaseLabel - 无法包裹元素(org.bxwbb.spigotplugincreatertool.BxWinLab.VerticalLayout@759c0716,无法初始化值xChange) - 尝试包裹浮动体
2026-01-30 16:31:32.687 [JavaFX Application Thread] WARN  o.b.s.BxWinLab.BaseLabel - 无法包裹元素(org.bxwbb.spigotplugincreatertool.BxWinLab.VerticalLayout@759c0716,无法初始化值xChange) - 尝试包裹浮动体
2026-01-30 16:31:32.687 [JavaFX Application Thread] WARN  o.b.s.BxWinLab.BaseLabel - 无法包裹元素(org.bxwbb.spigotplugincreatertool.BxWinLab.VerticalLayout@759c0716,无法初始化值xChange) - 尝试包裹浮动体
2026-01-30 16:31:32.687 [JavaFX Application Thread] WARN  o.b.s.BxWinLab.BaseLabel - 无法包裹元素(org.bxwbb.spigotplugincreatertool.BxWinLab.VerticalLayout@759c0716,无法初始化值xChange) - 尝试包裹浮动体
2026-01-30 16:31:32.687 [JavaFX Application Thread] WARN  o.b.s.BxWinLab.BaseLabel - 无法包裹元素(org.bxwbb.spigotplugincreatertool.BxWinLab.VerticalLayout@759c0716,无法初始化值xChange) - 尝试包裹浮动体
2026-01-30 16:31:32.687 [JavaFX Application Thread] WARN  o.b.s.BxWinLab.BaseLabel - 无法包裹元素(org.bxwbb.spigotplugincreatertool.BxWinLab.VerticalLayout@759c0716,无法初始化值xChange) - 尝试包裹浮动体
2026-01-30 16:31:32.687 [JavaFX Application Thread] WARN  o.b.s.BxWinLab.BaseLabel - 无法包裹元素(org.bxwbb.spigotplugincreatertool.BxWinLab.VerticalLayout@759c0716,无法初始化值xChange) - 尝试包裹浮动体
2026-01-30 16:31:32.687 [JavaFX Application Thread] WARN  o.b.s.BxWinLab.BaseLabel - 无法包裹元素(org.bxwbb.spigotplugincreatertool.BxWinLab.VerticalLayout@759c0716,无法初始化值xChange) - 尝试包裹浮动体
2026-01-30 16:31:32.687 [JavaFX Application Thread] WARN  o.b.s.BxWinLab.BaseLabel - 无法包裹元素(org.bxwbb.spigotplugincreatertool.BxWinLab.VerticalLayout@759c0716,无法初始化值xChange) - 尝试包裹浮动体
2026-01-30 16:31:32.687 [JavaFX Application Thread] WARN  o.b.s.BxWinLab.BaseLabel - 无法包裹元素(org.bxwbb.spigotplugincreatertool.BxWinLab.VerticalLayout@759c0716,无法初始化值xChange) - 尝试包裹浮动体
2026-01-30 16:31:32.687 [JavaFX Application Thread] WARN  o.b.s.BxWinLab.BaseLabel - 无法包裹元素(org.bxwbb.spigotplugincreatertool.BxWinLab.VerticalLayout@759c0716,无法初始化值xChange) - 尝试包裹浮动体
2026-01-30 16:31:32.687 [JavaFX Application Thread] WARN  o.b.s.BxWinLab.BaseLabel - 无法包裹元素(org.bxwbb.spigotplugincreatertool.BxWinLab.VerticalLayout@759c0716,无法初始化值xChange) - 尝试包裹浮动体
2026-01-30 16:31:32.687 [JavaFX Application Thread] WARN  o.b.s.BxWinLab.BaseLabel - 无法包裹元素(org.bxwbb.spigotplugincreatertool.BxWinLab.VerticalLayout@759c0716,无法初始化值xChange) - 尝试包裹浮动体
2026-01-30 16:31:32.687 [JavaFX Application Thread] WARN  o.b.s.BxWinLab.BaseLabel - 无法包裹元素(org.bxwbb.spigotplugincreatertool.BxWinLab.VerticalLayout@759c0716,无法初始化值xChange) - 尝试包裹浮动体
2026-01-30 16:31:32.687 [JavaFX Application Thread] WARN  o.b.s.BxWinLab.BaseLabel - 无法包裹元素(org.bxwbb.spigotplugincreatertool.BxWinLab.VerticalLayout@759c0716,无法初始化值xChange) - 尝试包裹浮动体
2026-01-30 16:31:32.687 [JavaFX Application Thread] WARN  o.b.s.BxWinLab.BaseLabel - 无法包裹元素(org.bxwbb.spigotplugincreatertool.BxWinLab.VerticalLayout@759c0716,无法初始化值xChange) - 尝试包裹浮动体
2026-01-30 16:31:32.691 [JavaFX Application Thread] WARN  o.b.s.BxWinLab.BaseLabel - 无法包裹元素(org.bxwbb.spigotplugincreatertool.BxWinLab.VerticalLayout@759c0716,无法初始化值xChange) - 尝试包裹浮动体
2026-01-30 16:31:32.691 [JavaFX Application Thread] WARN  o.b.s.BxWinLab.BaseLabel - 无法包裹元素(org.bxwbb.spigotplugincreatertool.BxWinLab.VerticalLayout@759c0716,无法初始化值xChange) - 尝试包裹浮动体
2026-01-30 16:31:32.691 [JavaFX Application Thread] WARN  o.b.s.BxWinLab.BaseLabel - 无法包裹元素(org.bxwbb.spigotplugincreatertool.BxWinLab.VerticalLayout@759c0716,无法初始化值xChange) - 尝试包裹浮动体
2026-01-30 16:31:32.691 [JavaFX Application Thread] WARN  o.b.s.BxWinLab.BaseLabel - 无法包裹元素(org.bxwbb.spigotplugincreatertool.BxWinLab.VerticalLayout@759c0716,无法初始化值xChange) - 尝试包裹浮动体
2026-01-30 16:31:32.691 [JavaFX Application Thread] WARN  o.b.s.BxWinLab.BaseLabel - 无法包裹元素(org.bxwbb.spigotplugincreatertool.BxWinLab.VerticalLayout@759c0716,无法初始化值xChange) - 尝试包裹浮动体
2026-01-30 16:31:32.691 [JavaFX Application Thread] WARN  o.b.s.BxWinLab.BaseLabel - 无法包裹元素(org.bxwbb.spigotplugincreatertool.BxWinLab.VerticalLayout@759c0716,无法初始化值xChange) - 尝试包裹浮动体
2026-01-30 16:31:32.691 [JavaFX Application Thread] WARN  o.b.s.BxWinLab.BaseLabel - 无法包裹元素(org.bxwbb.spigotplugincreatertool.BxWinLab.VerticalLayout@759c0716,无法初始化值xChange) - 尝试包裹浮动体
2026-01-30 16:31:32.691 [JavaFX Application Thread] WARN  o.b.s.BxWinLab.BaseLabel - 无法包裹元素(org.bxwbb.spigotplugincreatertool.BxWinLab.VerticalLayout@759c0716,无法初始化值xChange) - 尝试包裹浮动体
2026-01-30 16:31:32.691 [JavaFX Application Thread] WARN  o.b.s.BxWinLab.BaseLabel - 无法包裹元素(org.bxwbb.spigotplugincreatertool.BxWinLab.VerticalLayout@759c0716,无法初始化值xChange) - 尝试包裹浮动体
2026-01-30 16:31:32.691 [JavaFX Application Thread] WARN  o.b.s.BxWinLab.BaseLabel - 无法包裹元素(org.bxwbb.spigotplugincreatertool.BxWinLab.VerticalLayout@759c0716,无法初始化值xChange) - 尝试包裹浮动体
2026-01-30 16:31:32.691 [JavaFX Application Thread] WARN  o.b.s.BxWinLab.BaseLabel - 无法包裹元素(org.bxwbb.spigotplugincreatertool.BxWinLab.VerticalLayout@759c0716,无法初始化值xChange) - 尝试包裹浮动体
2026-01-30 16:31:32.691 [JavaFX Application Thread] WARN  o.b.s.BxWinLab.BaseLabel - 无法包裹元素(org.bxwbb.spigotplugincreatertool.BxWinLab.VerticalLayout@759c0716,无法初始化值xChange) - 尝试包裹浮动体
2026-01-30 16:31:32.691 [JavaFX Application Thread] WARN  o.b.s.BxWinLab.BaseLabel - 无法包裹元素(org.bxwbb.spigotplugincreatertool.BxWinLab.VerticalLayout@759c0716,无法初始化值xChange) - 尝试包裹浮动体
2026-01-30 16:31:32.691 [JavaFX Application Thread] WARN  o.b.s.BxWinLab.BaseLabel - 无法包裹元素(org.bxwbb.spigotplugincreatertool.BxWinLab.VerticalLayout@759c0716,无法初始化值xChange) - 尝试包裹浮动体
2026-01-30 16:31:32.691 [JavaFX Application Thread] WARN  o.b.s.BxWinLab.BaseLabel - 无法包裹元素(org.bxwbb.spigotplugincreatertool.BxWinLab.VerticalLayout@759c0716,无法初始化值xChange) - 尝试包裹浮动体
2026-01-30 16:31:32.691 [JavaFX Application Thread] WARN  o.b.s.BxWinLab.BaseLabel - 无法包裹元素(org.bxwbb.spigotplugincreatertool.BxWinLab.VerticalLayout@759c0716,无法初始化值xChange) - 尝试包裹浮动体
2026-01-30 16:31:32.691 [JavaFX Application Thread] WARN  o.b.s.BxWinLab.BaseLabel - 无法包裹元素(org.bxwbb.spigotplugincreatertool.BxWinLab.VerticalLayout@759c0716,无法初始化值xChange) - 尝试包裹浮动体
2026-01-30 16:31:32.691 [JavaFX Application Thread] WARN  o.b.s.BxWinLab.BaseLabel - 无法包裹元素(org.bxwbb.spigotplugincreatertool.BxWinLab.VerticalLayout@759c0716,无法初始化值xChange) - 尝试包裹浮动体
2026-01-30 16:31:32.691 [JavaFX Application Thread] WARN  o.b.s.BxWinLab.BaseLabel - 无法包裹元素(org.bxwbb.spigotplugincreatertool.BxWinLab.VerticalLayout@759c0716,无法初始化值xChange) - 尝试包裹浮动体
2026-01-30 16:31:32.691 [JavaFX Application Thread] WARN  o.b.s.BxWinLab.BaseLabel - 无法包裹元素(org.bxwbb.spigotplugincreatertool.BxWinLab.VerticalLayout@759c0716,无法初始化值xChange) - 尝试包裹浮动体
2026-01-30 16:31:32.691 [JavaFX Application Thread] WARN  o.b.s.BxWinLab.BaseLabel - 无法包裹元素(org.bxwbb.spigotplugincreatertool.BxWinLab.VerticalLayout@759c0716,无法初始化值xChange) - 尝试包裹浮动体
2026-01-30 16:31:32.691 [JavaFX Application Thread] WARN  o.b.s.BxWinLab.BaseLabel - 无法包裹元素(org.bxwbb.spigotplugincreatertool.BxWinLab.VerticalLayout@759c0716,无法初始化值xChange) - 尝试包裹浮动体
2026-01-30 16:31:32.691 [JavaFX Application Thread] WARN  o.b.s.BxWinLab.BaseLabel - 无法包裹元素(org.bxwbb.spigotplugincreatertool.BxWinLab.VerticalLayout@759c0716,无法初始化值xChange) - 尝试包裹浮动体
2026-01-30 16:31:32.691 [JavaFX Application Thread] WARN  o.b.s.BxWinLab.BaseLabel - 无法包裹元素(org.bxwbb.spigotplugincreatertool.BxWinLab.VerticalLayout@759c0716,无法初始化值xChange) - 尝试包裹浮动体
2026-01-30 16:31:32.691 [JavaFX Application Thread] WARN  o.b.s.BxWinLab.BaseLabel - 无法包裹元素(org.bxwbb.spigotplugincreatertool.BxWinLab.VerticalLayout@759c0716,无法初始化值xChange) - 尝试包裹浮动体
2026-01-30 16:31:32.691 [JavaFX Application Thread] WARN  o.b.s.BxWinLab.BaseLabel - 无法包裹元素(org.bxwbb.spigotplugincreatertool.BxWinLab.VerticalLayout@759c0716,无法初始化值xChange) - 尝试包裹浮动体
2026-01-30 16:31:32.691 [JavaFX Application Thread] WARN  o.b.s.BxWinLab.BaseLabel - 无法包裹元素(org.bxwbb.spigotplugincreatertool.BxWinLab.VerticalLayout@759c0716,无法初始化值xChange) - 尝试包裹浮动体
2026-01-30 16:31:32.691 [JavaFX Application Thread] WARN  o.b.s.BxWinLab.BaseLabel - 无法包裹元素(org.bxwbb.spigotplugincreatertool.BxWinLab.VerticalLayout@759c0716,无法初始化值xChange) - 尝试包裹浮动体
2026-01-30 16:31:32.691 [JavaFX Application Thread] WARN  o.b.s.BxWinLab.BaseLabel - 无法包裹元素(org.bxwbb.spigotplugincreatertool.BxWinLab.VerticalLayout@759c0716,无法初始化值xChange) - 尝试包裹浮动体
2026-01-30 16:31:32.691 [JavaFX Application Thread] WARN  o.b.s.BxWinLab.BaseLabel - 无法包裹元素(org.bxwbb.spigotplugincreatertool.BxWinLab.VerticalLayout@759c0716,无法初始化值xChange) - 尝试包裹浮动体
2026-01-30 16:31:32.691 [JavaFX Application Thread] WARN  o.b.s.BxWinLab.BaseLabel - 无法包裹元素(org.bxwbb.spigotplugincreatertool.BxWinLab.VerticalLayout@759c0716,无法初始化值xChange) - 尝试包裹浮动体
2026-01-30 16:31:32.691 [JavaFX Application Thread] WARN  o.b.s.BxWinLab.BaseLabel - 无法包裹元素(org.bxwbb.spigotplugincreatertool.BxWinLab.VerticalLayout@759c0716,无法初始化值xChange) - 尝试包裹浮动体
2026-01-30 16:31:32.691 [JavaFX Application Thread] WARN  o.b.s.BxWinLab.BaseLabel - 无法包裹元素(org.bxwbb.spigotplugincreatertool.BxWinLab.VerticalLayout@759c0716,无法初始化值xChange) - 尝试包裹浮动体
2026-01-30 16:31:32.691 [JavaFX Application Thread] WARN  o.b.s.BxWinLab.BaseLabel - 无法包裹元素(org.bxwbb.spigotplugincreatertool.BxWinLab.VerticalLayout@759c0716,无法初始化值xChange) - 尝试包裹浮动体
2026-01-30 16:31:32.691 [JavaFX Application Thread] WARN  o.b.s.BxWinLab.BaseLabel - 无法包裹元素(org.bxwbb.spigotplugincreatertool.BxWinLab.VerticalLayout@759c0716,无法初始化值xChange) - 尝试包裹浮动体
2026-01-30 16:31:32.691 [JavaFX Application Thread] WARN  o.b.s.BxWinLab.BaseLabel - 无法包裹元素(org.bxwbb.spigotplugincreatertool.BxWinLab.VerticalLayout@759c0716,无法初始化值xChange) - 尝试包裹浮动体
2026-01-30 16:31:32.691 [JavaFX Application Thread] WARN  o.b.s.BxWinLab.BaseLabel - 无法包裹元素(org.bxwbb.spigotplugincreatertool.BxWinLab.VerticalLayout@759c0716,无法初始化值xChange) - 尝试包裹浮动体
2026-01-30 16:31:32.691 [JavaFX Application Thread] WARN  o.b.s.BxWinLab.BaseLabel - 无法包裹元素(org.bxwbb.spigotplugincreatertool.BxWinLab.VerticalLayout@759c0716,无法初始化值xChange) - 尝试包裹浮动体
2026-01-30 16:31:32.691 [JavaFX Application Thread] WARN  o.b.s.BxWinLab.BaseLabel - 无法包裹元素(org.bxwbb.spigotplugincreatertool.BxWinLab.VerticalLayout@759c0716,无法初始化值xChange) - 尝试包裹浮动体
2026-01-30 16:31:32.691 [JavaFX Application Thread] WARN  o.b.s.BxWinLab.BaseLabel - 无法包裹元素(org.bxwbb.spigotplugincreatertool.BxWinLab.VerticalLayout@759c0716,无法初始化值xChange) - 尝试包裹浮动体
2026-01-30 16:31:32.691 [JavaFX Application Thread] WARN  o.b.s.BxWinLab.BaseLabel - 无法包裹元素(org.bxwbb.spigotplugincreatertool.BxWinLab.VerticalLayout@759c0716,无法初始化值xChange) - 尝试包裹浮动体
2026-01-30 16:31:32.691 [JavaFX Application Thread] WARN  o.b.s.BxWinLab.BaseLabel - 无法包裹元素(org.bxwbb.spigotplugincreatertool.BxWinLab.VerticalLayout@759c0716,无法初始化值xChange) - 尝试包裹浮动体
2026-01-30 16:31:32.691 [JavaFX Application Thread] WARN  o.b.s.BxWinLab.BaseLabel - 无法包裹元素(org.bxwbb.spigotplugincreatertool.BxWinLab.VerticalLayout@759c0716,无法初始化值xChange) - 尝试包裹浮动体
2026-01-30 16:31:32.691 [JavaFX Application Thread] WARN  o.b.s.BxWinLab.BaseLabel - 无法包裹元素(org.bxwbb.spigotplugincreatertool.BxWinLab.VerticalLayout@759c0716,无法初始化值xChange) - 尝试包裹浮动体
2026-01-30 16:31:32.691 [JavaFX Application Thread] WARN  o.b.s.BxWinLab.BaseLabel - 无法包裹元素(org.bxwbb.spigotplugincreatertool.BxWinLab.VerticalLayout@759c0716,无法初始化值xChange) - 尝试包裹浮动体
2026-01-30 16:31:32.691 [JavaFX Application Thread] WARN  o.b.s.BxWinLab.BaseLabel - 无法包裹元素(org.bxwbb.spigotplugincreatertool.BxWinLab.VerticalLayout@759c0716,无法初始化值xChange) - 尝试包裹浮动体
2026-01-30 16:31:32.691 [JavaFX Application Thread] WARN  o.b.s.BxWinLab.BaseLabel - 无法包裹元素(org.bxwbb.spigotplugincreatertool.BxWinLab.VerticalLayout@759c0716,无法初始化值xChange) - 尝试包裹浮动体
2026-01-30 16:31:32.691 [JavaFX Application Thread] WARN  o.b.s.BxWinLab.BaseLabel - 无法包裹元素(org.bxwbb.spigotplugincreatertool.BxWinLab.VerticalLayout@759c0716,无法初始化值xChange) - 尝试包裹浮动体
2026-01-30 16:31:32.691 [JavaFX Application Thread] WARN  o.b.s.BxWinLab.BaseLabel - 无法包裹元素(org.bxwbb.spigotplugincreatertool.BxWinLab.VerticalLayout@759c0716,无法初始化值xChange) - 尝试包裹浮动体
2026-01-30 16:31:32.691 [JavaFX Application Thread] WARN  o.b.s.BxWinLab.BaseLabel - 无法包裹元素(org.bxwbb.spigotplugincreatertool.BxWinLab.VerticalLayout@759c0716,无法初始化值xChange) - 尝试包裹浮动体
2026-01-30 16:31:32.691 [JavaFX Application Thread] WARN  o.b.s.BxWinLab.BaseLabel - 无法包裹元素(org.bxwbb.spigotplugincreatertool.BxWinLab.VerticalLayout@759c0716,无法初始化值xChange) - 尝试包裹浮动体
2026-01-30 16:31:32.691 [JavaFX Application Thread] WARN  o.b.s.BxWinLab.BaseLabel - 无法包裹元素(org.bxwbb.spigotplugincreatertool.BxWinLab.VerticalLayout@759c0716,无法初始化值xChange) - 尝试包裹浮动体
2026-01-30 16:31:32.691 [JavaFX Application Thread] WARN  o.b.s.BxWinLab.BaseLabel - 无法包裹元素(org.bxwbb.spigotplugincreatertool.BxWinLab.VerticalLayout@759c0716,无法初始化值xChange) - 尝试包裹浮动体
2026-01-30 16:31:32.691 [JavaFX Application Thread] WARN  o.b.s.BxWinLab.BaseLabel - 无法包裹元素(org.bxwbb.spigotplugincreatertool.BxWinLab.VerticalLayout@759c0716,无法初始化值xChange) - 尝试包裹浮动体
2026-01-30 16:31:32.691 [JavaFX Application Thread] WARN  o.b.s.BxWinLab.BaseLabel - 无法包裹元素(org.bxwbb.spigotplugincreatertool.BxWinLab.VerticalLayout@759c0716,无法初始化值xChange) - 尝试包裹浮动体
2026-01-30 16:31:32.691 [JavaFX Application Thread] WARN  o.b.s.BxWinLab.BaseLabel - 无法包裹元素(org.bxwbb.spigotplugincreatertool.BxWinLab.VerticalLayout@759c0716,无法初始化值xChange) - 尝试包裹浮动体
2026-01-30 16:31:32.691 [JavaFX Application Thread] WARN  o.b.s.BxWinLab.BaseLabel - 无法包裹元素(org.bxwbb.spigotplugincreatertool.BxWinLab.VerticalLayout@759c0716,无法初始化值xChange) - 尝试包裹浮动体
2026-01-30 16:31:32.691 [JavaFX Application Thread] WARN  o.b.s.BxWinLab.BaseLabel - 无法包裹元素(org.bxwbb.spigotplugincreatertool.BxWinLab.VerticalLayout@759c0716,无法初始化值xChange) - 尝试包裹浮动体
2026-01-30 16:31:32.691 [JavaFX Application Thread] WARN  o.b.s.BxWinLab.BaseLabel - 无法包裹元素(org.bxwbb.spigotplugincreatertool.BxWinLab.VerticalLayout@759c0716,无法初始化值xChange) - 尝试包裹浮动体
2026-01-30 16:31:32.691 [JavaFX Application Thread] WARN  o.b.s.BxWinLab.BaseLabel - 无法包裹元素(org.bxwbb.spigotplugincreatertool.BxWinLab.VerticalLayout@759c0716,无法初始化值xChange) - 尝试包裹浮动体
2026-01-30 16:31:32.691 [JavaFX Application Thread] WARN  o.b.s.BxWinLab.BaseLabel - 无法包裹元素(org.bxwbb.spigotplugincreatertool.BxWinLab.VerticalLayout@759c0716,无法初始化值xChange) - 尝试包裹浮动体
2026-01-30 16:31:32.691 [JavaFX Application Thread] WARN  o.b.s.BxWinLab.BaseLabel - 无法包裹元素(org.bxwbb.spigotplugincreatertool.BxWinLab.VerticalLayout@759c0716,无法初始化值xChange) - 尝试包裹浮动体
2026-01-30 16:31:32.691 [JavaFX Application Thread] WARN  o.b.s.BxWinLab.BaseLabel - 无法包裹元素(org.bxwbb.spigotplugincreatertool.BxWinLab.VerticalLayout@759c0716,无法初始化值xChange) - 尝试包裹浮动体
2026-01-30 16:31:32.691 [JavaFX Application Thread] WARN  o.b.s.BxWinLab.BaseLabel - 无法包裹元素(org.bxwbb.spigotplugincreatertool.BxWinLab.VerticalLayout@759c0716,无法初始化值xChange) - 尝试包裹浮动体
2026-01-30 16:31:32.691 [JavaFX Application Thread] WARN  o.b.s.BxWinLab.BaseLabel - 无法包裹元素(org.bxwbb.spigotplugincreatertool.BxWinLab.VerticalLayout@759c0716,无法初始化值xChange) - 尝试包裹浮动体
2026-01-30 16:31:32.691 [JavaFX Application Thread] WARN  o.b.s.BxWinLab.BaseLabel - 无法包裹元素(org.bxwbb.spigotplugincreatertool.BxWinLab.VerticalLayout@759c0716,无法初始化值xChange) - 尝试包裹浮动体
2026-01-30 16:31:32.691 [JavaFX Application Thread] WARN  o.b.s.BxWinLab.BaseLabel - 无法包裹元素(org.bxwbb.spigotplugincreatertool.BxWinLab.VerticalLayout@759c0716,无法初始化值xChange) - 尝试包裹浮动体
2026-01-30 16:31:32.691 [JavaFX Application Thread] WARN  o.b.s.BxWinLab.BaseLabel - 无法包裹元素(org.bxwbb.spigotplugincreatertool.BxWinLab.VerticalLayout@759c0716,无法初始化值xChange) - 尝试包裹浮动体
2026-01-30 16:31:32.691 [JavaFX Application Thread] WARN  o.b.s.BxWinLab.BaseLabel - 无法包裹元素(org.bxwbb.spigotplugincreatertool.BxWinLab.VerticalLayout@759c0716,无法初始化值xChange) - 尝试包裹浮动体
2026-01-30 16:31:32.691 [JavaFX Application Thread] WARN  o.b.s.BxWinLab.BaseLabel - 无法包裹元素(org.bxwbb.spigotplugincreatertool.BxWinLab.VerticalLayout@759c0716,无法初始化值xChange) - 尝试包裹浮动体
2026-01-30 16:31:32.691 [JavaFX Application Thread] WARN  o.b.s.BxWinLab.BaseLabel - 无法包裹元素(org.bxwbb.spigotplugincreatertool.BxWinLab.VerticalLayout@759c0716,无法初始化值xChange) - 尝试包裹浮动体
2026-01-30 16:31:32.691 [JavaFX Application Thread] WARN  o.b.s.BxWinLab.BaseLabel - 无法包裹元素(org.bxwbb.spigotplugincreatertool.BxWinLab.VerticalLayout@759c0716,无法初始化值xChange) - 尝试包裹浮动体
2026-01-30 16:31:32.691 [JavaFX Application Thread] WARN  o.b.s.BxWinLab.BaseLabel - 无法包裹元素(org.bxwbb.spigotplugincreatertool.BxWinLab.VerticalLayout@759c0716,无法初始化值xChange) - 尝试包裹浮动体
2026-01-30 16:31:32.691 [JavaFX Application Thread] WARN  o.b.s.BxWinLab.BaseLabel - 无法包裹元素(org.bxwbb.spigotplugincreatertool.BxWinLab.VerticalLayout@759c0716,无法初始化值xChange) - 尝试包裹浮动体
2026-01-30 16:31:32.691 [JavaFX Application Thread] WARN  o.b.s.BxWinLab.BaseLabel - 无法包裹元素(org.bxwbb.spigotplugincreatertool.BxWinLab.VerticalLayout@759c0716,无法初始化值xChange) - 尝试包裹浮动体
2026-01-30 16:31:32.691 [JavaFX Application Thread] WARN  o.b.s.BxWinLab.BaseLabel - 无法包裹元素(org.bxwbb.spigotplugincreatertool.BxWinLab.VerticalLayout@759c0716,无法初始化值xChange) - 尝试包裹浮动体
2026-01-30 16:31:32.691 [JavaFX Application Thread] WARN  o.b.s.BxWinLab.BaseLabel - 无法包裹元素(org.bxwbb.spigotplugincreatertool.BxWinLab.VerticalLayout@759c0716,无法初始化值xChange) - 尝试包裹浮动体
2026-01-30 16:31:32.691 [JavaFX Application Thread] WARN  o.b.s.BxWinLab.BaseLabel - 无法包裹元素(org.bxwbb.spigotplugincreatertool.BxWinLab.VerticalLayout@759c0716,无法初始化值xChange) - 尝试包裹浮动体
2026-01-30 16:31:32.691 [JavaFX Application Thread] WARN  o.b.s.BxWinLab.BaseLabel - 无法包裹元素(org.bxwbb.spigotplugincreatertool.BxWinLab.VerticalLayout@759c0716,无法初始化值xChange) - 尝试包裹浮动体
2026-01-30 16:31:32.691 [JavaFX Application Thread] WARN  o.b.s.BxWinLab.BaseLabel - 无法包裹元素(org.bxwbb.spigotplugincreatertool.BxWinLab.VerticalLayout@759c0716,无法初始化值xChange) - 尝试包裹浮动体
2026-01-30 16:31:32.691 [JavaFX Application Thread] WARN  o.b.s.BxWinLab.BaseLabel - 无法包裹元素(org.bxwbb.spigotplugincreatertool.BxWinLab.VerticalLayout@759c0716,无法初始化值xChange) - 尝试包裹浮动体
2026-01-30 16:31:32.691 [JavaFX Application Thread] WARN  o.b.s.BxWinLab.BaseLabel - 无法包裹元素(org.bxwbb.spigotplugincreatertool.BxWinLab.VerticalLayout@759c0716,无法初始化值xChange) - 尝试包裹浮动体
2026-01-30 16:31:32.691 [JavaFX Application Thread] WARN  o.b.s.BxWinLab.BaseLabel - 无法包裹元素(org.bxwbb.spigotplugincreatertool.BxWinLab.VerticalLayout@759c0716,无法初始化值xChange) - 尝试包裹浮动体
2026-01-30 16:31:32.691 [JavaFX Application Thread] WARN  o.b.s.BxWinLab.BaseLabel - 无法包裹元素(org.bxwbb.spigotplugincreatertool.BxWinLab.VerticalLayout@759c0716,无法初始化值xChange) - 尝试包裹浮动体
2026-01-30 16:31:32.691 [JavaFX Application Thread] WARN  o.b.s.BxWinLab.BaseLabel - 无法包裹元素(org.bxwbb.spigotplugincreatertool.BxWinLab.VerticalLayout@759c0716,无法初始化值xChange) - 尝试包裹浮动体
2026-01-30 16:31:32.691 [JavaFX Application Thread] WARN  o.b.s.BxWinLab.BaseLabel - 无法包裹元素(org.bxwbb.spigotplugincreatertool.BxWinLab.VerticalLayout@759c0716,无法初始化值xChange) - 尝试包裹浮动体
2026-01-30 16:31:32.691 [JavaFX Application Thread] WARN  o.b.s.BxWinLab.BaseLabel - 无法包裹元素(org.bxwbb.spigotplugincreatertool.BxWinLab.VerticalLayout@759c0716,无法初始化值xChange) - 尝试包裹浮动体
2026-01-30 16:31:32.692 [JavaFX Application Thread] WARN  o.b.s.BxWinLab.BaseLabel - 无法包裹元素(org.bxwbb.spigotplugincreatertool.BxWinLab.VerticalLayout@759c0716,无法初始化值xChange) - 尝试包裹浮动体
2026-01-30 16:31:32.692 [JavaFX Application Thread] WARN  o.b.s.BxWinLab.BaseLabel - 无法包裹元素(org.bxwbb.spigotplugincreatertool.BxWinLab.VerticalLayout@759c0716,无法初始化值xChange) - 尝试包裹浮动体
2026-01-30 16:31:32.692 [JavaFX Application Thread] WARN  o.b.s.BxWinLab.BaseLabel - 无法包裹元素(org.bxwbb.spigotplugincreatertool.BxWinLab.VerticalLayout@759c0716,无法初始化值xChange) - 尝试包裹浮动体
2026-01-30 16:31:32.692 [JavaFX Application Thread] WARN  o.b.s.BxWinLab.BaseLabel - 无法包裹元素(org.bxwbb.spigotplugincreatertool.BxWinLab.VerticalLayout@759c0716,无法初始化值xChange) - 尝试包裹浮动体
2026-01-30 16:31:32.692 [JavaFX Application Thread] WARN  o.b.s.BxWinLab.BaseLabel - 无法包裹元素(org.bxwbb.spigotplugincreatertool.BxWinLab.VerticalLayout@759c0716,无法初始化值xChange) - 尝试包裹浮动体
2026-01-30 16:31:32.692 [JavaFX Application Thread] WARN  o.b.s.BxWinLab.BaseLabel - 无法包裹元素(org.bxwbb.spigotplugincreatertool.BxWinLab.VerticalLayout@759c0716,无法初始化值xChange) - 尝试包裹浮动体
2026-01-30 16:31:32.692 [JavaFX Application Thread] WARN  o.b.s.BxWinLab.BaseLabel - 无法包裹元素(org.bxwbb.spigotplugincreatertool.BxWinLab.VerticalLayout@759c0716,无法初始化值xChange) - 尝试包裹浮动体
2026-01-30 16:31:32.692 [JavaFX Application Thread] WARN  o.b.s.BxWinLab.BaseLabel - 无法包裹元素(org.bxwbb.spigotplugincreatertool.BxWinLab.VerticalLayout@759c0716,无法初始化值xChange) - 尝试包裹浮动体
2026-01-30 16:31:32.692 [JavaFX Application Thread] WARN  o.b.s.BxWinLab.BaseLabel - 无法包裹元素(org.bxwbb.spigotplugincreatertool.BxWinLab.VerticalLayout@759c0716,无法初始化值xChange) - 尝试包裹浮动体
2026-01-30 16:31:32.692 [JavaFX Application Thread] WARN  o.b.s.BxWinLab.BaseLabel - 无法包裹元素(org.bxwbb.spigotplugincreatertool.BxWinLab.VerticalLayout@759c0716,无法初始化值xChange) - 尝试包裹浮动体
2026-01-30 16:31:32.692 [JavaFX Application Thread] WARN  o.b.s.BxWinLab.BaseLabel - 无法包裹元素(org.bxwbb.spigotplugincreatertool.BxWinLab.VerticalLayout@759c0716,无法初始化值xChange) - 尝试包裹浮动体
2026-01-30 16:31:32.692 [JavaFX Application Thread] WARN  o.b.s.BxWinLab.BaseLabel - 无法包裹元素(org.bxwbb.spigotplugincreatertool.BxWinLab.VerticalLayout@759c0716,无法初始化值xChange) - 尝试包裹浮动体
2026-01-30 16:31:32.692 [JavaFX Application Thread] WARN  o.b.s.BxWinLab.BaseLabel - 无法包裹元素(org.bxwbb.spigotplugincreatertool.BxWinLab.VerticalLayout@759c0716,无法初始化值xChange) - 尝试包裹浮动体
2026-01-30 16:31:32.692 [JavaFX Application Thread] WARN  o.b.s.BxWinLab.BaseLabel - 无法包裹元素(org.bxwbb.spigotplugincreatertool.BxWinLab.VerticalLayout@759c0716,无法初始化值xChange) - 尝试包裹浮动体
2026-01-30 16:31:32.692 [JavaFX Application Thread] WARN  o.b.s.BxWinLab.BaseLabel - 无法包裹元素(org.bxwbb.spigotplugincreatertool.BxWinLab.VerticalLayout@759c0716,无法初始化值xChange) - 尝试包裹浮动体
2026-01-30 16:31:32.692 [JavaFX Application Thread] WARN  o.b.s.BxWinLab.BaseLabel - 无法包裹元素(org.bxwbb.spigotplugincreatertool.BxWinLab.VerticalLayout@759c0716,无法初始化值xChange) - 尝试包裹浮动体
2026-01-30 16:31:32.692 [JavaFX Application Thread] WARN  o.b.s.BxWinLab.BaseLabel - 无法包裹元素(org.bxwbb.spigotplugincreatertool.BxWinLab.VerticalLayout@759c0716,无法初始化值xChange) - 尝试包裹浮动体
2026-01-30 16:31:32.692 [JavaFX Application Thread] WARN  o.b.s.BxWinLab.BaseLabel - 无法包裹元素(org.bxwbb.spigotplugincreatertool.BxWinLab.VerticalLayout@759c0716,无法初始化值xChange) - 尝试包裹浮动体
2026-01-30 16:31:32.692 [JavaFX Application Thread] WARN  o.b.s.BxWinLab.BaseLabel - 无法包裹元素(org.bxwbb.spigotplugincreatertool.BxWinLab.VerticalLayout@759c0716,无法初始化值xChange) - 尝试包裹浮动体
2026-01-30 16:31:32.692 [JavaFX Application Thread] WARN  o.b.s.BxWinLab.BaseLabel - 无法包裹元素(org.bxwbb.spigotplugincreatertool.BxWinLab.VerticalLayout@759c0716,无法初始化值xChange) - 尝试包裹浮动体
2026-01-30 16:31:32.692 [JavaFX Application Thread] WARN  o.b.s.BxWinLab.BaseLabel - 无法包裹元素(org.bxwbb.spigotplugincreatertool.BxWinLab.VerticalLayout@759c0716,无法初始化值xChange) - 尝试包裹浮动体
2026-01-30 16:31:32.692 [JavaFX Application Thread] WARN  o.b.s.BxWinLab.BaseLabel - 无法包裹元素(org.bxwbb.spigotplugincreatertool.BxWinLab.VerticalLayout@759c0716,无法初始化值xChange) - 尝试包裹浮动体
2026-01-30 16:31:32.692 [JavaFX Application Thread] WARN  o.b.s.BxWinLab.BaseLabel - 无法包裹元素(org.bxwbb.spigotplugincreatertool.BxWinLab.VerticalLayout@759c0716,无法初始化值xChange) - 尝试包裹浮动体
2026-01-30 16:31:32.692 [JavaFX Application Thread] WARN  o.b.s.BxWinLab.BaseLabel - 无法包裹元素(org.bxwbb.spigotplugincreatertool.BxWinLab.VerticalLayout@759c0716,无法初始化值xChange) - 尝试包裹浮动体
2026-01-30 16:31:32.692 [JavaFX Application Thread] WARN  o.b.s.BxWinLab.BaseLabel - 无法包裹元素(org.bxwbb.spigotplugincreatertool.BxWinLab.VerticalLayout@759c0716,无法初始化值xChange) - 尝试包裹浮动体
2026-01-30 16:31:32.692 [JavaFX Application Thread] WARN  o.b.s.BxWinLab.BaseLabel - 无法包裹元素(org.bxwbb.spigotplugincreatertool.BxWinLab.VerticalLayout@759c0716,无法初始化值xChange) - 尝试包裹浮动体
2026-01-30 16:31:32.692 [JavaFX Application Thread] WARN  o.b.s.BxWinLab.BaseLabel - 无法包裹元素(org.bxwbb.spigotplugincreatertool.BxWinLab.VerticalLayout@759c0716,无法初始化值xChange) - 尝试包裹浮动体
2026-01-30 16:31:32.692 [JavaFX Application Thread] WARN  o.b.s.BxWinLab.BaseLabel - 无法包裹元素(org.bxwbb.spigotplugincreatertool.BxWinLab.VerticalLayout@759c0716,无法初始化值xChange) - 尝试包裹浮动体
2026-01-30 16:31:32.692 [JavaFX Application Thread] WARN  o.b.s.BxWinLab.BaseLabel - 无法包裹元素(org.bxwbb.spigotplugincreatertool.BxWinLab.VerticalLayout@759c0716,无法初始化值xChange) - 尝试包裹浮动体
2026-01-30 16:31:32.692 [JavaFX Application Thread] WARN  o.b.s.BxWinLab.BaseLabel - 无法包裹元素(org.bxwbb.spigotplugincreatertool.BxWinLab.VerticalLayout@759c0716,无法初始化值xChange) - 尝试包裹浮动体
2026-01-30 16:31:32.692 [JavaFX Application Thread] WARN  o.b.s.BxWinLab.BaseLabel - 无法包裹元素(org.bxwbb.spigotplugincreatertool.BxWinLab.VerticalLayout@759c0716,无法初始化值xChange) - 尝试包裹浮动体
2026-01-30 16:31:32.692 [JavaFX Application Thread] WARN  o.b.s.BxWinLab.BaseLabel - 无法包裹元素(org.bxwbb.spigotplugincreatertool.BxWinLab.VerticalLayout@759c0716,无法初始化值xChange) - 尝试包裹浮动体
2026-01-30 16:31:32.692 [JavaFX Application Thread] WARN  o.b.s.BxWinLab.BaseLabel - 无法包裹元素(org.bxwbb.spigotplugincreatertool.BxWinLab.VerticalLayout@759c0716,无法初始化值xChange) - 尝试包裹浮动体
2026-01-30 16:31:32.692 [JavaFX Application Thread] WARN  o.b.s.BxWinLab.BaseLabel - 无法包裹元素(org.bxwbb.spigotplugincreatertool.BxWinLab.VerticalLayout@759c0716,无法初始化值xChange) - 尝试包裹浮动体
2026-01-30 16:31:32.692 [JavaFX Application Thread] WARN  o.b.s.BxWinLab.BaseLabel - 无法包裹元素(org.bxwbb.spigotplugincreatertool.BxWinLab.VerticalLayout@759c0716,无法初始化值xChange) - 尝试包裹浮动体
2026-01-30 16:31:32.692 [JavaFX Application Thread] WARN  o.b.s.BxWinLab.BaseLabel - 无法包裹元素(org.bxwbb.spigotplugincreatertool.BxWinLab.VerticalLayout@759c0716,无法初始化值xChange) - 尝试包裹浮动体
2026-01-30 16:31:32.692 [JavaFX Application Thread] WARN  o.b.s.BxWinLab.BaseLabel - 无法包裹元素(org.bxwbb.spigotplugincreatertool.BxWinLab.VerticalLayout@759c0716,无法初始化值xChange) - 尝试包裹浮动体
2026-01-30 16:31:32.692 [JavaFX Application Thread] WARN  o.b.s.BxWinLab.BaseLabel - 无法包裹元素(org.bxwbb.spigotplugincreatertool.BxWinLab.VerticalLayout@759c0716,无法初始化值xChange) - 尝试包裹浮动体
2026-01-30 16:31:32.692 [JavaFX Application Thread] WARN  o.b.s.BxWinLab.BaseLabel - 无法包裹元素(org.bxwbb.spigotplugincreatertool.BxWinLab.VerticalLayout@759c0716,无法初始化值xChange) - 尝试包裹浮动体
2026-01-30 16:31:32.692 [JavaFX Application Thread] WARN  o.b.s.BxWinLab.BaseLabel - 无法包裹元素(org.bxwbb.spigotplugincreatertool.BxWinLab.VerticalLayout@759c0716,无法初始化值xChange) - 尝试包裹浮动体
2026-01-30 16:31:32.692 [JavaFX Application Thread] WARN  o.b.s.BxWinLab.BaseLabel - 无法包裹元素(org.bxwbb.spigotplugincreatertool.BxWinLab.VerticalLayout@759c0716,无法初始化值xChange) - 尝试包裹浮动体
2026-01-30 16:31:32.692 [JavaFX Application Thread] WARN  o.b.s.BxWinLab.BaseLabel - 无法包裹元素(org.bxwbb.spigotplugincreatertool.BxWinLab.VerticalLayout@759c0716,无法初始化值xChange) - 尝试包裹浮动体
2026-01-30 16:31:32.700 [JavaFX Application Thread] WARN  o.b.s.BxWinLab.BaseLabel - 无法包裹元素(org.bxwbb.spigotplugincreatertool.BxWinLab.VerticalLayout@759c0716,无法初始化值xChange) - 尝试包裹浮动体
2026-01-30 16:31:32.700 [JavaFX Application Thread] WARN  o.b.s.BxWinLab.BaseLabel - 无法包裹元素(org.bxwbb.spigotplugincreatertool.BxWinLab.VerticalLayout@759c0716,无法初始化值xChange) - 尝试包裹浮动体
2026-01-30 16:31:32.700 [JavaFX Application Thread] WARN  o.b.s.BxWinLab.BaseLabel - 无法包裹元素(org.bxwbb.spigotplugincreatertool.BxWinLab.VerticalLayout@759c0716,无法初始化值xChange) - 尝试包裹浮动体
2026-01-30 16:31:32.700 [JavaFX Application Thread] WARN  o.b.s.BxWinLab.BaseLabel - 无法包裹元素(org.bxwbb.spigotplugincreatertool.BxWinLab.VerticalLayout@759c0716,无法初始化值xChange) - 尝试包裹浮动体
2026-01-30 16:31:32.700 [JavaFX Application Thread] WARN  o.b.s.BxWinLab.BaseLabel - 无法包裹元素(org.bxwbb.spigotplugincreatertool.BxWinLab.VerticalLayout@759c0716,无法初始化值xChange) - 尝试包裹浮动体
2026-01-30 16:31:32.700 [JavaFX Application Thread] WARN  o.b.s.BxWinLab.BaseLabel - 无法包裹元素(org.bxwbb.spigotplugincreatertool.BxWinLab.VerticalLayout@759c0716,无法初始化值xChange) - 尝试包裹浮动体
2026-01-30 16:31:32.700 [JavaFX Application Thread] WARN  o.b.s.BxWinLab.BaseLabel - 无法包裹元素(org.bxwbb.spigotplugincreatertool.BxWinLab.VerticalLayout@759c0716,无法初始化值xChange) - 尝试包裹浮动体
2026-01-30 16:31:32.700 [JavaFX Application Thread] WARN  o.b.s.BxWinLab.BaseLabel - 无法包裹元素(org.bxwbb.spigotplugincreatertool.BxWinLab.VerticalLayout@759c0716,无法初始化值xChange) - 尝试包裹浮动体
2026-01-30 16:31:32.700 [JavaFX Application Thread] WARN  o.b.s.BxWinLab.BaseLabel - 无法包裹元素(org.bxwbb.spigotplugincreatertool.BxWinLab.VerticalLayout@759c0716,无法初始化值xChange) - 尝试包裹浮动体
2026-01-30 16:31:32.700 [JavaFX Application Thread] WARN  o.b.s.BxWinLab.BaseLabel - 无法包裹元素(org.bxwbb.spigotplugincreatertool.BxWinLab.VerticalLayout@759c0716,无法初始化值xChange) - 尝试包裹浮动体
2026-01-30 16:31:32.700 [JavaFX Application Thread] WARN  o.b.s.BxWinLab.BaseLabel - 无法包裹元素(org.bxwbb.spigotplugincreatertool.BxWinLab.VerticalLayout@759c0716,无法初始化值xChange) - 尝试包裹浮动体
2026-01-30 16:31:32.700 [JavaFX Application Thread] WARN  o.b.s.BxWinLab.BaseLabel - 无法包裹元素(org.bxwbb.spigotplugincreatertool.BxWinLab.VerticalLayout@759c0716,无法初始化值xChange) - 尝试包裹浮动体
2026-01-30 16:31:32.701 [JavaFX Application Thread] WARN  o.b.s.BxWinLab.BaseLabel - 无法包裹元素(org.bxwbb.spigotplugincreatertool.BxWinLab.VerticalLayout@759c0716,无法初始化值xChange) - 尝试包裹浮动体
2026-01-30 16:31:32.701 [JavaFX Application Thread] WARN  o.b.s.BxWinLab.BaseLabel - 无法包裹元素(org.bxwbb.spigotplugincreatertool.BxWinLab.VerticalLayout@759c0716,无法初始化值xChange) - 尝试包裹浮动体
2026-01-30 16:31:32.701 [JavaFX Application Thread] WARN  o.b.s.BxWinLab.BaseLabel - 无法包裹元素(org.bxwbb.spigotplugincreatertool.BxWinLab.VerticalLayout@759c0716,无法初始化值xChange) - 尝试包裹浮动体
2026-01-30 16:31:32.701 [JavaFX Application Thread] WARN  o.b.s.BxWinLab.BaseLabel - 无法包裹元素(org.bxwbb.spigotplugincreatertool.BxWinLab.VerticalLayout@759c0716,无法初始化值xChange) - 尝试包裹浮动体
2026-01-30 16:31:32.701 [JavaFX Application Thread] WARN  o.b.s.BxWinLab.BaseLabel - 无法包裹元素(org.bxwbb.spigotplugincreatertool.BxWinLab.VerticalLayout@759c0716,无法初始化值xChange) - 尝试包裹浮动体
2026-01-30 16:31:32.701 [JavaFX Application Thread] WARN  o.b.s.BxWinLab.BaseLabel - 无法包裹元素(org.bxwbb.spigotplugincreatertool.BxWinLab.VerticalLayout@759c0716,无法初始化值xChange) - 尝试包裹浮动体
2026-01-30 16:31:32.701 [JavaFX Application Thread] WARN  o.b.s.BxWinLab.BaseLabel - 无法包裹元素(org.bxwbb.spigotplugincreatertool.BxWinLab.VerticalLayout@759c0716,无法初始化值xChange) - 尝试包裹浮动体
2026-01-30 16:31:32.701 [JavaFX Application Thread] WARN  o.b.s.BxWinLab.BaseLabel - 无法包裹元素(org.bxwbb.spigotplugincreatertool.BxWinLab.VerticalLayout@759c0716,无法初始化值xChange) - 尝试包裹浮动体
2026-01-30 16:31:32.701 [JavaFX Application Thread] WARN  o.b.s.BxWinLab.BaseLabel - 无法包裹元素(org.bxwbb.spigotplugincreatertool.BxWinLab.VerticalLayout@759c0716,无法初始化值xChange) - 尝试包裹浮动体
2026-01-30 16:31:32.701 [JavaFX Application Thread] WARN  o.b.s.BxWinLab.BaseLabel - 无法包裹元素(org.bxwbb.spigotplugincreatertool.BxWinLab.VerticalLayout@759c0716,无法初始化值xChange) - 尝试包裹浮动体
2026-01-30 16:31:32.701 [JavaFX Application Thread] WARN  o.b.s.BxWinLab.BaseLabel - 无法包裹元素(org.bxwbb.spigotplugincreatertool.BxWinLab.VerticalLayout@759c0716,无法初始化值xChange) - 尝试包裹浮动体
2026-01-30 16:31:32.701 [JavaFX Application Thread] WARN  o.b.s.BxWinLab.BaseLabel - 无法包裹元素(org.bxwbb.spigotplugincreatertool.BxWinLab.VerticalLayout@759c0716,无法初始化值xChange) - 尝试包裹浮动体
2026-01-30 16:31:32.701 [JavaFX Application Thread] WARN  o.b.s.BxWinLab.BaseLabel - 无法包裹元素(org.bxwbb.spigotplugincreatertool.BxWinLab.VerticalLayout@759c0716,无法初始化值xChange) - 尝试包裹浮动体
2026-01-30 16:31:32.701 [JavaFX Application Thread] WARN  o.b.s.BxWinLab.BaseLabel - 无法包裹元素(org.bxwbb.spigotplugincreatertool.BxWinLab.VerticalLayout@759c0716,无法初始化值xChange) - 尝试包裹浮动体
2026-01-30 16:31:32.701 [JavaFX Application Thread] WARN  o.b.s.BxWinLab.BaseLabel - 无法包裹元素(org.bxwbb.spigotplugincreatertool.BxWinLab.VerticalLayout@759c0716,无法初始化值xChange) - 尝试包裹浮动体
2026-01-30 16:31:32.701 [JavaFX Application Thread] WARN  o.b.s.BxWinLab.BaseLabel - 无法包裹元素(org.bxwbb.spigotplugincreatertool.BxWinLab.VerticalLayout@759c0716,无法初始化值xChange) - 尝试包裹浮动体
2026-01-30 16:31:32.701 [JavaFX Application Thread] WARN  o.b.s.BxWinLab.BaseLabel - 无法包裹元素(org.bxwbb.spigotplugincreatertool.BxWinLab.VerticalLayout@759c0716,无法初始化值xChange) - 尝试包裹浮动体
2026-01-30 16:31:32.701 [JavaFX Application Thread] WARN  o.b.s.BxWinLab.BaseLabel - 无法包裹元素(org.bxwbb.spigotplugincreatertool.BxWinLab.VerticalLayout@759c0716,无法初始化值xChange) - 尝试包裹浮动体
2026-01-30 16:31:32.701 [JavaFX Application Thread] WARN  o.b.s.BxWinLab.BaseLabel - 无法包裹元素(org.bxwbb.spigotplugincreatertool.BxWinLab.VerticalLayout@759c0716,无法初始化值xChange) - 尝试包裹浮动体
2026-01-30 16:31:32.701 [JavaFX Application Thread] WARN  o.b.s.BxWinLab.BaseLabel - 无法包裹元素(org.bxwbb.spigotplugincreatertool.BxWinLab.VerticalLayout@759c0716,无法初始化值xChange) - 尝试包裹浮动体
2026-01-30 16:31:32.701 [JavaFX Application Thread] WARN  o.b.s.BxWinLab.BaseLabel - 无法包裹元素(org.bxwbb.spigotplugincreatertool.BxWinLab.VerticalLayout@759c0716,无法初始化值xChange) - 尝试包裹浮动体
2026-01-30 16:31:32.701 [JavaFX Application Thread] WARN  o.b.s.BxWinLab.BaseLabel - 无法包裹元素(org.bxwbb.spigotplugincreatertool.BxWinLab.VerticalLayout@759c0716,无法初始化值xChange) - 尝试包裹浮动体
2026-01-30 16:31:32.701 [JavaFX Application Thread] WARN  o.b.s.BxWinLab.BaseLabel - 无法包裹元素(org.bxwbb.spigotplugincreatertool.BxWinLab.VerticalLayout@759c0716,无法初始化值xChange) - 尝试包裹浮动体
2026-01-30 16:31:32.701 [JavaFX Application Thread] WARN  o.b.s.BxWinLab.BaseLabel - 无法包裹元素(org.bxwbb.spigotplugincreatertool.BxWinLab.VerticalLayout@759c0716,无法初始化值xChange) - 尝试包裹浮动体
2026-01-30 16:31:32.701 [JavaFX Application Thread] WARN  o.b.s.BxWinLab.BaseLabel - 无法包裹元素(org.bxwbb.spigotplugincreatertool.BxWinLab.VerticalLayout@759c0716,无法初始化值xChange) - 尝试包裹浮动体
2026-01-30 16:31:32.701 [JavaFX Application Thread] WARN  o.b.s.BxWinLab.BaseLabel - 无法包裹元素(org.bxwbb.spigotplugincreatertool.BxWinLab.VerticalLayout@759c0716,无法初始化值xChange) - 尝试包裹浮动体
2026-01-30 16:31:32.701 [JavaFX Application Thread] WARN  o.b.s.BxWinLab.BaseLabel - 无法包裹元素(org.bxwbb.spigotplugincreatertool.BxWinLab.VerticalLayout@759c0716,无法初始化值xChange) - 尝试包裹浮动体
2026-01-30 16:31:32.701 [JavaFX Application Thread] WARN  o.b.s.BxWinLab.BaseLabel - 无法包裹元素(org.bxwbb.spigotplugincreatertool.BxWinLab.VerticalLayout@759c0716,无法初始化值xChange) - 尝试包裹浮动体
2026-01-30 16:31:32.701 [JavaFX Application Thread] WARN  o.b.s.BxWinLab.BaseLabel - 无法包裹元素(org.bxwbb.spigotplugincreatertool.BxWinLab.VerticalLayout@759c0716,无法初始化值xChange) - 尝试包裹浮动体
2026-01-30 16:31:32.701 [JavaFX Application Thread] WARN  o.b.s.BxWinLab.BaseLabel - 无法包裹元素(org.bxwbb.spigotplugincreatertool.BxWinLab.VerticalLayout@759c0716,无法初始化值xChange) - 尝试包裹浮动体
2026-01-30 16:31:32.701 [JavaFX Application Thread] WARN  o.b.s.BxWinLab.BaseLabel - 无法包裹元素(org.bxwbb.spigotplugincreatertool.BxWinLab.VerticalLayout@759c0716,无法初始化值xChange) - 尝试包裹浮动体
2026-01-30 16:31:32.704 [JavaFX Application Thread] WARN  o.b.s.BxWinLab.BaseLabel - 无法包裹元素(org.bxwbb.spigotplugincreatertool.BxWinLab.VerticalLayout@759c0716,无法初始化值xChange) - 尝试包裹浮动体
2026-01-30 16:31:32.704 [JavaFX Application Thread] WARN  o.b.s.BxWinLab.BaseLabel - 无法包裹元素(org.bxwbb.spigotplugincreatertool.BxWinLab.VerticalLayout@759c0716,无法初始化值xChange) - 尝试包裹浮动体
2026-01-30 16:31:32.704 [JavaFX Application Thread] WARN  o.b.s.BxWinLab.BaseLabel - 无法包裹元素(org.bxwbb.spigotplugincreatertool.BxWinLab.VerticalLayout@759c0716,无法初始化值xChange) - 尝试包裹浮动体
2026-01-30 16:31:32.704 [JavaFX Application Thread] WARN  o.b.s.BxWinLab.BaseLabel - 无法包裹元素(org.bxwbb.spigotplugincreatertool.BxWinLab.VerticalLayout@759c0716,无法初始化值xChange) - 尝试包裹浮动体
2026-01-30 16:31:32.704 [JavaFX Application Thread] WARN  o.b.s.BxWinLab.BaseLabel - 无法包裹元素(org.bxwbb.spigotplugincreatertool.BxWinLab.VerticalLayout@759c0716,无法初始化值xChange) - 尝试包裹浮动体
2026-01-30 16:31:32.704 [JavaFX Application Thread] WARN  o.b.s.BxWinLab.BaseLabel - 无法包裹元素(org.bxwbb.spigotplugincreatertool.BxWinLab.VerticalLayout@759c0716,无法初始化值xChange) - 尝试包裹浮动体
2026-01-30 16:31:32.704 [JavaFX Application Thread] WARN  o.b.s.BxWinLab.BaseLabel - 无法包裹元素(org.bxwbb.spigotplugincreatertool.BxWinLab.VerticalLayout@759c0716,无法初始化值xChange) - 尝试包裹浮动体
2026-01-30 16:31:32.704 [JavaFX Application Thread] WARN  o.b.s.BxWinLab.BaseLabel - 无法包裹元素(org.bxwbb.spigotplugincreatertool.BxWinLab.VerticalLayout@759c0716,无法初始化值xChange) - 尝试包裹浮动体
2026-01-30 16:31:32.704 [JavaFX Application Thread] WARN  o.b.s.BxWinLab.BaseLabel - 无法包裹元素(org.bxwbb.spigotplugincreatertool.BxWinLab.VerticalLayout@759c0716,无法初始化值xChange) - 尝试包裹浮动体
2026-01-30 16:31:32.704 [JavaFX Application Thread] WARN  o.b.s.BxWinLab.BaseLabel - 无法包裹元素(org.bxwbb.spigotplugincreatertool.BxWinLab.VerticalLayout@759c0716,无法初始化值xChange) - 尝试包裹浮动体
2026-01-30 16:31:32.704 [JavaFX Application Thread] WARN  o.b.s.BxWinLab.BaseLabel - 无法包裹元素(org.bxwbb.spigotplugincreatertool.BxWinLab.VerticalLayout@759c0716,无法初始化值xChange) - 尝试包裹浮动体
2026-01-30 16:31:32.704 [JavaFX Application Thread] WARN  o.b.s.BxWinLab.BaseLabel - 无法包裹元素(org.bxwbb.spigotplugincreatertool.BxWinLab.VerticalLayout@759c0716,无法初始化值xChange) - 尝试包裹浮动体
2026-01-30 16:31:32.704 [JavaFX Application Thread] WARN  o.b.s.BxWinLab.BaseLabel - 无法包裹元素(org.bxwbb.spigotplugincreatertool.BxWinLab.VerticalLayout@759c0716,无法初始化值xChange) - 尝试包裹浮动体
2026-01-30 16:31:32.704 [JavaFX Application Thread] WARN  o.b.s.BxWinLab.BaseLabel - 无法包裹元素(org.bxwbb.spigotplugincreatertool.BxWinLab.VerticalLayout@759c0716,无法初始化值xChange) - 尝试包裹浮动体
2026-01-30 16:31:32.704 [JavaFX Application Thread] WARN  o.b.s.BxWinLab.BaseLabel - 无法包裹元素(org.bxwbb.spigotplugincreatertool.BxWinLab.VerticalLayout@759c0716,无法初始化值xChange) - 尝试包裹浮动体
2026-01-30 16:31:32.704 [JavaFX Application Thread] WARN  o.b.s.BxWinLab.BaseLabel - 无法包裹元素(org.bxwbb.spigotplugincreatertool.BxWinLab.VerticalLayout@759c0716,无法初始化值xChange) - 尝试包裹浮动体
2026-01-30 16:31:32.704 [JavaFX Application Thread] WARN  o.b.s.BxWinLab.BaseLabel - 无法包裹元素(org.bxwbb.spigotplugincreatertool.BxWinLab.VerticalLayout@759c0716,无法初始化值xChange) - 尝试包裹浮动体
2026-01-30 16:31:32.704 [JavaFX Application Thread] WARN  o.b.s.BxWinLab.BaseLabel - 无法包裹元素(org.bxwbb.spigotplugincreatertool.BxWinLab.VerticalLayout@759c0716,无法初始化值xChange) - 尝试包裹浮动体
2026-01-30 16:31:32.704 [JavaFX Application Thread] WARN  o.b.s.BxWinLab.BaseLabel - 无法包裹元素(org.bxwbb.spigotplugincreatertool.BxWinLab.VerticalLayout@759c0716,无法初始化值xChange) - 尝试包裹浮动体
2026-01-30 16:31:32.704 [JavaFX Application Thread] WARN  o.b.s.BxWinLab.BaseLabel - 无法包裹元素(org.bxwbb.spigotplugincreatertool.BxWinLab.VerticalLayout@759c0716,无法初始化值xChange) - 尝试包裹浮动体
2026-01-30 16:31:32.704 [JavaFX Application Thread] WARN  o.b.s.BxWinLab.BaseLabel - 无法包裹元素(org.bxwbb.spigotplugincreatertool.BxWinLab.VerticalLayout@759c0716,无法初始化值xChange) - 尝试包裹浮动体
2026-01-30 16:31:32.704 [JavaFX Application Thread] WARN  o.b.s.BxWinLab.BaseLabel - 无法包裹元素(org.bxwbb.spigotplugincreatertool.BxWinLab.VerticalLayout@759c0716,无法初始化值xChange) - 尝试包裹浮动体
2026-01-30 16:31:32.704 [JavaFX Application Thread] WARN  o.b.s.BxWinLab.BaseLabel - 无法包裹元素(org.bxwbb.spigotplugincreatertool.BxWinLab.VerticalLayout@759c0716,无法初始化值xChange) - 尝试包裹浮动体
2026-01-30 16:31:32.704 [JavaFX Application Thread] WARN  o.b.s.BxWinLab.BaseLabel - 无法包裹元素(org.bxwbb.spigotplugincreatertool.BxWinLab.VerticalLayout@759c0716,无法初始化值xChange) - 尝试包裹浮动体
2026-01-30 16:31:32.704 [JavaFX Application Thread] WARN  o.b.s.BxWinLab.BaseLabel - 无法包裹元素(org.bxwbb.spigotplugincreatertool.BxWinLab.VerticalLayout@759c0716,无法初始化值xChange) - 尝试包裹浮动体
2026-01-30 16:31:32.704 [JavaFX Application Thread] WARN  o.b.s.BxWinLab.BaseLabel - 无法包裹元素(org.bxwbb.spigotplugincreatertool.BxWinLab.VerticalLayout@759c0716,无法初始化值xChange) - 尝试包裹浮动体
2026-01-30 16:31:32.704 [JavaFX Application Thread] WARN  o.b.s.BxWinLab.BaseLabel - 无法包裹元素(org.bxwbb.spigotplugincreatertool.BxWinLab.VerticalLayout@759c0716,无法初始化值xChange) - 尝试包裹浮动体
2026-01-30 16:31:32.704 [JavaFX Application Thread] WARN  o.b.s.BxWinLab.BaseLabel - 无法包裹元素(org.bxwbb.spigotplugincreatertool.BxWinLab.VerticalLayout@759c0716,无法初始化值xChange) - 尝试包裹浮动体
2026-01-30 16:31:32.704 [JavaFX Application Thread] WARN  o.b.s.BxWinLab.BaseLabel - 无法包裹元素(org.bxwbb.spigotplugincreatertool.BxWinLab.VerticalLayout@759c0716,无法初始化值xChange) - 尝试包裹浮动体
2026-01-30 16:31:32.704 [JavaFX Application Thread] WARN  o.b.s.BxWinLab.BaseLabel - 无法包裹元素(org.bxwbb.spigotplugincreatertool.BxWinLab.VerticalLayout@759c0716,无法初始化值xChange) - 尝试包裹浮动体
2026-01-30 16:31:32.704 [JavaFX Application Thread] WARN  o.b.s.BxWinLab.BaseLabel - 无法包裹元素(org.bxwbb.spigotplugincreatertool.BxWinLab.VerticalLayout@759c0716,无法初始化值xChange) - 尝试包裹浮动体
2026-01-30 16:31:32.704 [JavaFX Application Thread] WARN  o.b.s.BxWinLab.BaseLabel - 无法包裹元素(org.bxwbb.spigotplugincreatertool.BxWinLab.VerticalLayout@759c0716,无法初始化值xChange) - 尝试包裹浮动体
2026-01-30 16:31:32.704 [JavaFX Application Thread] WARN  o.b.s.BxWinLab.BaseLabel - 无法包裹元素(org.bxwbb.spigotplugincreatertool.BxWinLab.VerticalLayout@759c0716,无法初始化值xChange) - 尝试包裹浮动体
2026-01-30 16:31:32.704 [JavaFX Application Thread] WARN  o.b.s.BxWinLab.BaseLabel - 无法包裹元素(org.bxwbb.spigotplugincreatertool.BxWinLab.VerticalLayout@759c0716,无法初始化值xChange) - 尝试包裹浮动体
2026-01-30 16:31:32.704 [JavaFX Application Thread] WARN  o.b.s.BxWinLab.BaseLabel - 无法包裹元素(org.bxwbb.spigotplugincreatertool.BxWinLab.VerticalLayout@759c0716,无法初始化值xChange) - 尝试包裹浮动体
2026-01-30 16:31:32.704 [JavaFX Application Thread] WARN  o.b.s.BxWinLab.BaseLabel - 无法包裹元素(org.bxwbb.spigotplugincreatertool.BxWinLab.VerticalLayout@759c0716,无法初始化值xChange) - 尝试包裹浮动体
2026-01-30 16:31:32.704 [JavaFX Application Thread] WARN  o.b.s.BxWinLab.BaseLabel - 无法包裹元素(org.bxwbb.spigotplugincreatertool.BxWinLab.VerticalLayout@759c0716,无法初始化值xChange) - 尝试包裹浮动体
2026-01-30 16:31:32.704 [JavaFX Application Thread] WARN  o.b.s.BxWinLab.BaseLabel - 无法包裹元素(org.bxwbb.spigotplugincreatertool.BxWinLab.VerticalLayout@759c0716,无法初始化值xChange) - 尝试包裹浮动体
2026-01-30 16:31:32.704 [JavaFX Application Thread] WARN  o.b.s.BxWinLab.BaseLabel - 无法包裹元素(org.bxwbb.spigotplugincreatertool.BxWinLab.VerticalLayout@759c0716,无法初始化值xChange) - 尝试包裹浮动体
2026-01-30 16:31:32.704 [JavaFX Application Thread] WARN  o.b.s.BxWinLab.BaseLabel - 无法包裹元素(org.bxwbb.spigotplugincreatertool.BxWinLab.VerticalLayout@759c0716,无法初始化值xChange) - 尝试包裹浮动体
2026-01-30 16:31:32.704 [JavaFX Application Thread] WARN  o.b.s.BxWinLab.BaseLabel - 无法包裹元素(org.bxwbb.spigotplugincreatertool.BxWinLab.VerticalLayout@759c0716,无法初始化值xChange) - 尝试包裹浮动体
2026-01-30 16:31:32.704 [JavaFX Application Thread] WARN  o.b.s.BxWinLab.BaseLabel - 无法包裹元素(org.bxwbb.spigotplugincreatertool.BxWinLab.VerticalLayout@759c0716,无法初始化值xChange) - 尝试包裹浮动体
2026-01-30 16:31:32.704 [JavaFX Application Thread] WARN  o.b.s.BxWinLab.BaseLabel - 无法包裹元素(org.bxwbb.spigotplugincreatertool.BxWinLab.VerticalLayout@759c0716,无法初始化值xChange) - 尝试包裹浮动体
2026-01-30 16:31:32.704 [JavaFX Application Thread] WARN  o.b.s.BxWinLab.BaseLabel - 无法包裹元素(org.bxwbb.spigotplugincreatertool.BxWinLab.VerticalLayout@759c0716,无法初始化值xChange) - 尝试包裹浮动体
2026-01-30 16:31:32.704 [JavaFX Application Thread] WARN  o.b.s.BxWinLab.BaseLabel - 无法包裹元素(org.bxwbb.spigotplugincreatertool.BxWinLab.VerticalLayout@759c0716,无法初始化值xChange) - 尝试包裹浮动体
2026-01-30 16:31:32.704 [JavaFX Application Thread] WARN  o.b.s.BxWinLab.BaseLabel - 无法包裹元素(org.bxwbb.spigotplugincreatertool.BxWinLab.VerticalLayout@759c0716,无法初始化值xChange) - 尝试包裹浮动体
2026-01-30 16:31:32.704 [JavaFX Application Thread] WARN  o.b.s.BxWinLab.BaseLabel - 无法包裹元素(org.bxwbb.spigotplugincreatertool.BxWinLab.VerticalLayout@759c0716,无法初始化值xChange) - 尝试包裹浮动体
2026-01-30 16:31:32.704 [JavaFX Application Thread] WARN  o.b.s.BxWinLab.BaseLabel - 无法包裹元素(org.bxwbb.spigotplugincreatertool.BxWinLab.VerticalLayout@759c0716,无法初始化值xChange) - 尝试包裹浮动体
2026-01-30 16:31:32.704 [JavaFX Application Thread] WARN  o.b.s.BxWinLab.BaseLabel - 无法包裹元素(org.bxwbb.spigotplugincreatertool.BxWinLab.VerticalLayout@759c0716,无法初始化值xChange) - 尝试包裹浮动体
2026-01-30 16:31:32.704 [JavaFX Application Thread] WARN  o.b.s.BxWinLab.BaseLabel - 无法包裹元素(org.bxwbb.spigotplugincreatertool.BxWinLab.VerticalLayout@759c0716,无法初始化值xChange) - 尝试包裹浮动体
2026-01-30 16:31:32.704 [JavaFX Application Thread] WARN  o.b.s.BxWinLab.BaseLabel - 无法包裹元素(org.bxwbb.spigotplugincreatertool.BxWinLab.VerticalLayout@759c0716,无法初始化值xChange) - 尝试包裹浮动体
2026-01-30 16:31:32.704 [JavaFX Application Thread] WARN  o.b.s.BxWinLab.BaseLabel - 无法包裹元素(org.bxwbb.spigotplugincreatertool.BxWinLab.VerticalLayout@759c0716,无法初始化值xChange) - 尝试包裹浮动体
2026-01-30 16:31:32.704 [JavaFX Application Thread] WARN  o.b.s.BxWinLab.BaseLabel - 无法包裹元素(org.bxwbb.spigotplugincreatertool.BxWinLab.VerticalLayout@759c0716,无法初始化值xChange) - 尝试包裹浮动体
2026-01-30 16:31:32.704 [JavaFX Application Thread] WARN  o.b.s.BxWinLab.BaseLabel - 无法包裹元素(org.bxwbb.spigotplugincreatertool.BxWinLab.VerticalLayout@759c0716,无法初始化值xChange) - 尝试包裹浮动体
2026-01-30 16:31:32.704 [JavaFX Application Thread] WARN  o.b.s.BxWinLab.BaseLabel - 无法包裹元素(org.bxwbb.spigotplugincreatertool.BxWinLab.VerticalLayout@759c0716,无法初始化值xChange) - 尝试包裹浮动体
2026-01-30 16:31:32.704 [JavaFX Application Thread] WARN  o.b.s.BxWinLab.BaseLabel - 无法包裹元素(org.bxwbb.spigotplugincreatertool.BxWinLab.VerticalLayout@759c0716,无法初始化值xChange) - 尝试包裹浮动体
2026-01-30 16:31:32.704 [JavaFX Application Thread] WARN  o.b.s.BxWinLab.BaseLabel - 无法包裹元素(org.bxwbb.spigotplugincreatertool.BxWinLab.VerticalLayout@759c0716,无法初始化值xChange) - 尝试包裹浮动体
2026-01-30 16:31:32.704 [JavaFX Application Thread] WARN  o.b.s.BxWinLab.BaseLabel - 无法包裹元素(org.bxwbb.spigotplugincreatertool.BxWinLab.VerticalLayout@759c0716,无法初始化值xChange) - 尝试包裹浮动体
2026-01-30 16:31:32.704 [JavaFX Application Thread] WARN  o.b.s.BxWinLab.BaseLabel - 无法包裹元素(org.bxwbb.spigotplugincreatertool.BxWinLab.VerticalLayout@759c0716,无法初始化值xChange) - 尝试包裹浮动体
2026-01-30 16:31:32.704 [JavaFX Application Thread] WARN  o.b.s.BxWinLab.BaseLabel - 无法包裹元素(org.bxwbb.spigotplugincreatertool.BxWinLab.VerticalLayout@759c0716,无法初始化值xChange) - 尝试包裹浮动体
2026-01-30 16:31:32.704 [JavaFX Application Thread] WARN  o.b.s.BxWinLab.BaseLabel - 无法包裹元素(org.bxwbb.spigotplugincreatertool.BxWinLab.VerticalLayout@759c0716,无法初始化值xChange) - 尝试包裹浮动体
2026-01-30 16:31:32.704 [JavaFX Application Thread] WARN  o.b.s.BxWinLab.BaseLabel - 无法包裹元素(org.bxwbb.spigotplugincreatertool.BxWinLab.VerticalLayout@759c0716,无法初始化值xChange) - 尝试包裹浮动体
2026-01-30 16:31:32.704 [JavaFX Application Thread] WARN  o.b.s.BxWinLab.BaseLabel - 无法包裹元素(org.bxwbb.spigotplugincreatertool.BxWinLab.VerticalLayout@759c0716,无法初始化值xChange) - 尝试包裹浮动体
2026-01-30 16:31:32.704 [JavaFX Application Thread] WARN  o.b.s.BxWinLab.BaseLabel - 无法包裹元素(org.bxwbb.spigotplugincreatertool.BxWinLab.VerticalLayout@759c0716,无法初始化值xChange) - 尝试包裹浮动体
2026-01-30 16:31:32.704 [JavaFX Application Thread] WARN  o.b.s.BxWinLab.BaseLabel - 无法包裹元素(org.bxwbb.spigotplugincreatertool.BxWinLab.VerticalLayout@759c0716,无法初始化值xChange) - 尝试包裹浮动体
2026-01-30 16:31:32.704 [JavaFX Application Thread] WARN  o.b.s.BxWinLab.BaseLabel - 无法包裹元素(org.bxwbb.spigotplugincreatertool.BxWinLab.VerticalLayout@759c0716,无法初始化值xChange) - 尝试包裹浮动体
2026-01-30 16:31:32.704 [JavaFX Application Thread] WARN  o.b.s.BxWinLab.BaseLabel - 无法包裹元素(org.bxwbb.spigotplugincreatertool.BxWinLab.VerticalLayout@759c0716,无法初始化值xChange) - 尝试包裹浮动体
2026-01-30 16:31:32.704 [JavaFX Application Thread] WARN  o.b.s.BxWinLab.BaseLabel - 无法包裹元素(org.bxwbb.spigotplugincreatertool.BxWinLab.VerticalLayout@759c0716,无法初始化值xChange) - 尝试包裹浮动体
2026-01-30 16:31:32.704 [JavaFX Application Thread] WARN  o.b.s.BxWinLab.BaseLabel - 无法包裹元素(org.bxwbb.spigotplugincreatertool.BxWinLab.VerticalLayout@759c0716,无法初始化值xChange) - 尝试包裹浮动体
2026-01-30 16:31:32.704 [JavaFX Application Thread] WARN  o.b.s.BxWinLab.BaseLabel - 无法包裹元素(org.bxwbb.spigotplugincreatertool.BxWinLab.VerticalLayout@759c0716,无法初始化值xChange) - 尝试包裹浮动体
2026-01-30 16:31:32.705 [JavaFX Application Thread] WARN  o.b.s.BxWinLab.BaseLabel - 无法包裹元素(org.bxwbb.spigotplugincreatertool.BxWinLab.VerticalLayout@759c0716,无法初始化值xChange) - 尝试包裹浮动体
2026-01-30 16:31:32.705 [JavaFX Application Thread] WARN  o.b.s.BxWinLab.BaseLabel - 无法包裹元素(org.bxwbb.spigotplugincreatertool.BxWinLab.VerticalLayout@759c0716,无法初始化值xChange) - 尝试包裹浮动体
2026-01-30 16:31:32.705 [JavaFX Application Thread] WARN  o.b.s.BxWinLab.BaseLabel - 无法包裹元素(org.bxwbb.spigotplugincreatertool.BxWinLab.VerticalLayout@759c0716,无法初始化值xChange) - 尝试包裹浮动体
2026-01-30 16:31:32.705 [JavaFX Application Thread] WARN  o.b.s.BxWinLab.BaseLabel - 无法包裹元素(org.bxwbb.spigotplugincreatertool.BxWinLab.VerticalLayout@759c0716,无法初始化值xChange) - 尝试包裹浮动体
2026-01-30 16:31:32.705 [JavaFX Application Thread] WARN  o.b.s.BxWinLab.BaseLabel - 无法包裹元素(org.bxwbb.spigotplugincreatertool.BxWinLab.VerticalLayout@759c0716,无法初始化值xChange) - 尝试包裹浮动体
2026-01-30 16:31:32.705 [JavaFX Application Thread] WARN  o.b.s.BxWinLab.BaseLabel - 无法包裹元素(org.bxwbb.spigotplugincreatertool.BxWinLab.VerticalLayout@759c0716,无法初始化值xChange) - 尝试包裹浮动体
2026-01-30 16:31:32.705 [JavaFX Application Thread] WARN  o.b.s.BxWinLab.BaseLabel - 无法包裹元素(org.bxwbb.spigotplugincreatertool.BxWinLab.VerticalLayout@759c0716,无法初始化值xChange) - 尝试包裹浮动体
2026-01-30 16:31:32.705 [JavaFX Application Thread] WARN  o.b.s.BxWinLab.BaseLabel - 无法包裹元素(org.bxwbb.spigotplugincreatertool.BxWinLab.VerticalLayout@759c0716,无法初始化值xChange) - 尝试包裹浮动体
2026-01-30 16:31:32.705 [JavaFX Application Thread] WARN  o.b.s.BxWinLab.BaseLabel - 无法包裹元素(org.bxwbb.spigotplugincreatertool.BxWinLab.VerticalLayout@759c0716,无法初始化值xChange) - 尝试包裹浮动体
2026-01-30 16:31:32.705 [JavaFX Application Thread] WARN  o.b.s.BxWinLab.BaseLabel - 无法包裹元素(org.bxwbb.spigotplugincreatertool.BxWinLab.VerticalLayout@759c0716,无法初始化值xChange) - 尝试包裹浮动体
2026-01-30 16:31:32.705 [JavaFX Application Thread] WARN  o.b.s.BxWinLab.BaseLabel - 无法包裹元素(org.bxwbb.spigotplugincreatertool.BxWinLab.VerticalLayout@759c0716,无法初始化值xChange) - 尝试包裹浮动体
2026-01-30 16:31:32.705 [JavaFX Application Thread] WARN  o.b.s.BxWinLab.BaseLabel - 无法包裹元素(org.bxwbb.spigotplugincreatertool.BxWinLab.VerticalLayout@759c0716,无法初始化值xChange) - 尝试包裹浮动体
2026-01-30 16:31:32.705 [JavaFX Application Thread] WARN  o.b.s.BxWinLab.BaseLabel - 无法包裹元素(org.bxwbb.spigotplugincreatertool.BxWinLab.VerticalLayout@759c0716,无法初始化值xChange) - 尝试包裹浮动体
2026-01-30 16:31:32.705 [JavaFX Application Thread] WARN  o.b.s.BxWinLab.BaseLabel - 无法包裹元素(org.bxwbb.spigotplugincreatertool.BxWinLab.VerticalLayout@759c0716,无法初始化值xChange) - 尝试包裹浮动体
2026-01-30 16:31:32.705 [JavaFX Application Thread] WARN  o.b.s.BxWinLab.BaseLabel - 无法包裹元素(org.bxwbb.spigotplugincreatertool.BxWinLab.VerticalLayout@759c0716,无法初始化值xChange) - 尝试包裹浮动体
2026-01-30 16:31:32.705 [JavaFX Application Thread] WARN  o.b.s.BxWinLab.BaseLabel - 无法包裹元素(org.bxwbb.spigotplugincreatertool.BxWinLab.VerticalLayout@759c0716,无法初始化值xChange) - 尝试包裹浮动体
2026-01-30 16:31:32.705 [JavaFX Application Thread] WARN  o.b.s.BxWinLab.BaseLabel - 无法包裹元素(org.bxwbb.spigotplugincreatertool.BxWinLab.VerticalLayout@759c0716,无法初始化值xChange) - 尝试包裹浮动体
2026-01-30 16:31:32.705 [JavaFX Application Thread] WARN  o.b.s.BxWinLab.BaseLabel - 无法包裹元素(org.bxwbb.spigotplugincreatertool.BxWinLab.VerticalLayout@759c0716,无法初始化值xChange) - 尝试包裹浮动体
2026-01-30 16:31:32.705 [JavaFX Application Thread] WARN  o.b.s.BxWinLab.BaseLabel - 无法包裹元素(org.bxwbb.spigotplugincreatertool.BxWinLab.VerticalLayout@759c0716,无法初始化值xChange) - 尝试包裹浮动体
2026-01-30 16:31:32.705 [JavaFX Application Thread] WARN  o.b.s.BxWinLab.BaseLabel - 无法包裹元素(org.bxwbb.spigotplugincreatertool.BxWinLab.VerticalLayout@759c0716,无法初始化值xChange) - 尝试包裹浮动体
2026-01-30 16:31:32.705 [JavaFX Application Thread] WARN  o.b.s.BxWinLab.BaseLabel - 无法包裹元素(org.bxwbb.spigotplugincreatertool.BxWinLab.VerticalLayout@759c0716,无法初始化值xChange) - 尝试包裹浮动体
2026-01-30 16:31:32.705 [JavaFX Application Thread] WARN  o.b.s.BxWinLab.BaseLabel - 无法包裹元素(org.bxwbb.spigotplugincreatertool.BxWinLab.VerticalLayout@759c0716,无法初始化值xChange) - 尝试包裹浮动体
2026-01-30 16:31:32.705 [JavaFX Application Thread] WARN  o.b.s.BxWinLab.BaseLabel - 无法包裹元素(org.bxwbb.spigotplugincreatertool.BxWinLab.VerticalLayout@759c0716,无法初始化值xChange) - 尝试包裹浮动体
2026-01-30 16:31:32.705 [JavaFX Application Thread] WARN  o.b.s.BxWinLab.BaseLabel - 无法包裹元素(org.bxwbb.spigotplugincreatertool.BxWinLab.VerticalLayout@759c0716,无法初始化值xChange) - 尝试包裹浮动体
2026-01-30 16:31:32.705 [JavaFX Application Thread] WARN  o.b.s.BxWinLab.BaseLabel - 无法包裹元素(org.bxwbb.spigotplugincreatertool.BxWinLab.VerticalLayout@759c0716,无法初始化值xChange) - 尝试包裹浮动体
2026-01-30 16:31:32.705 [JavaFX Application Thread] WARN  o.b.s.BxWinLab.BaseLabel - 无法包裹元素(org.bxwbb.spigotplugincreatertool.BxWinLab.VerticalLayout@759c0716,无法初始化值xChange) - 尝试包裹浮动体
2026-01-30 16:31:32.705 [JavaFX Application Thread] WARN  o.b.s.BxWinLab.BaseLabel - 无法包裹元素(org.bxwbb.spigotplugincreatertool.BxWinLab.VerticalLayout@759c0716,无法初始化值xChange) - 尝试包裹浮动体
2026-01-30 16:31:32.705 [JavaFX Application Thread] WARN  o.b.s.BxWinLab.BaseLabel - 无法包裹元素(org.bxwbb.spigotplugincreatertool.BxWinLab.VerticalLayout@759c0716,无法初始化值xChange) - 尝试包裹浮动体
2026-01-30 16:31:32.705 [JavaFX Application Thread] WARN  o.b.s.BxWinLab.BaseLabel - 无法包裹元素(org.bxwbb.spigotplugincreatertool.BxWinLab.VerticalLayout@759c0716,无法初始化值xChange) - 尝试包裹浮动体
2026-01-30 16:31:32.705 [JavaFX Application Thread] WARN  o.b.s.BxWinLab.BaseLabel - 无法包裹元素(org.bxwbb.spigotplugincreatertool.BxWinLab.VerticalLayout@759c0716,无法初始化值xChange) - 尝试包裹浮动体
2026-01-30 16:31:32.705 [JavaFX Application Thread] WARN  o.b.s.BxWinLab.BaseLabel - 无法包裹元素(org.bxwbb.spigotplugincreatertool.BxWinLab.VerticalLayout@759c0716,无法初始化值xChange) - 尝试包裹浮动体
2026-01-30 16:31:32.705 [JavaFX Application Thread] WARN  o.b.s.BxWinLab.BaseLabel - 无法包裹元素(org.bxwbb.spigotplugincreatertool.BxWinLab.VerticalLayout@759c0716,无法初始化值xChange) - 尝试包裹浮动体
2026-01-30 16:31:32.705 [JavaFX Application Thread] WARN  o.b.s.BxWinLab.BaseLabel - 无法包裹元素(org.bxwbb.spigotplugincreatertool.BxWinLab.VerticalLayout@759c0716,无法初始化值xChange) - 尝试包裹浮动体
2026-01-30 16:31:32.705 [JavaFX Application Thread] WARN  o.b.s.BxWinLab.BaseLabel - 无法包裹元素(org.bxwbb.spigotplugincreatertool.BxWinLab.VerticalLayout@759c0716,无法初始化值xChange) - 尝试包裹浮动体
2026-01-30 16:31:32.705 [JavaFX Application Thread] WARN  o.b.s.BxWinLab.BaseLabel - 无法包裹元素(org.bxwbb.spigotplugincreatertool.BxWinLab.VerticalLayout@759c0716,无法初始化值xChange) - 尝试包裹浮动体
2026-01-30 16:31:32.705 [JavaFX Application Thread] WARN  o.b.s.BxWinLab.BaseLabel - 无法包裹元素(org.bxwbb.spigotplugincreatertool.BxWinLab.VerticalLayout@759c0716,无法初始化值xChange) - 尝试包裹浮动体
2026-01-30 16:31:32.705 [JavaFX Application Thread] WARN  o.b.s.BxWinLab.BaseLabel - 无法包裹元素(org.bxwbb.spigotplugincreatertool.BxWinLab.VerticalLayout@759c0716,无法初始化值xChange) - 尝试包裹浮动体
2026-01-30 16:31:32.705 [JavaFX Application Thread] WARN  o.b.s.BxWinLab.BaseLabel - 无法包裹元素(org.bxwbb.spigotplugincreatertool.BxWinLab.VerticalLayout@759c0716,无法初始化值xChange) - 尝试包裹浮动体
2026-01-30 16:31:32.705 [JavaFX Application Thread] WARN  o.b.s.BxWinLab.BaseLabel - 无法包裹元素(org.bxwbb.spigotplugincreatertool.BxWinLab.VerticalLayout@759c0716,无法初始化值xChange) - 尝试包裹浮动体
2026-01-30 16:31:32.705 [JavaFX Application Thread] WARN  o.b.s.BxWinLab.BaseLabel - 无法包裹元素(org.bxwbb.spigotplugincreatertool.BxWinLab.VerticalLayout@759c0716,无法初始化值xChange) - 尝试包裹浮动体
2026-01-30 16:31:32.705 [JavaFX Application Thread] WARN  o.b.s.BxWinLab.BaseLabel - 无法包裹元素(org.bxwbb.spigotplugincreatertool.BxWinLab.VerticalLayout@759c0716,无法初始化值xChange) - 尝试包裹浮动体
2026-01-30 16:31:32.705 [JavaFX Application Thread] WARN  o.b.s.BxWinLab.BaseLabel - 无法包裹元素(org.bxwbb.spigotplugincreatertool.BxWinLab.VerticalLayout@759c0716,无法初始化值xChange) - 尝试包裹浮动体
2026-01-30 16:31:32.705 [JavaFX Application Thread] WARN  o.b.s.BxWinLab.BaseLabel - 无法包裹元素(org.bxwbb.spigotplugincreatertool.BxWinLab.VerticalLayout@759c0716,无法初始化值xChange) - 尝试包裹浮动体
2026-01-30 16:31:32.705 [JavaFX Application Thread] WARN  o.b.s.BxWinLab.BaseLabel - 无法包裹元素(org.bxwbb.spigotplugincreatertool.BxWinLab.VerticalLayout@759c0716,无法初始化值xChange) - 尝试包裹浮动体
2026-01-30 16:31:32.705 [JavaFX Application Thread] WARN  o.b.s.BxWinLab.BaseLabel - 无法包裹元素(org.bxwbb.spigotplugincreatertool.BxWinLab.VerticalLayout@759c0716,无法初始化值xChange) - 尝试包裹浮动体
2026-01-30 16:31:32.705 [JavaFX Application Thread] WARN  o.b.s.BxWinLab.BaseLabel - 无法包裹元素(org.bxwbb.spigotplugincreatertool.BxWinLab.VerticalLayout@759c0716,无法初始化值xChange) - 尝试包裹浮动体
2026-01-30 16:31:32.705 [JavaFX Application Thread] WARN  o.b.s.BxWinLab.BaseLabel - 无法包裹元素(org.bxwbb.spigotplugincreatertool.BxWinLab.VerticalLayout@759c0716,无法初始化值xChange) - 尝试包裹浮动体
2026-01-30 16:31:32.705 [JavaFX Application Thread] WARN  o.b.s.BxWinLab.BaseLabel - 无法包裹元素(org.bxwbb.spigotplugincreatertool.BxWinLab.VerticalLayout@759c0716,无法初始化值xChange) - 尝试包裹浮动体
2026-01-30 16:31:32.705 [JavaFX Application Thread] WARN  o.b.s.BxWinLab.BaseLabel - 无法包裹元素(org.bxwbb.spigotplugincreatertool.BxWinLab.VerticalLayout@759c0716,无法初始化值xChange) - 尝试包裹浮动体
2026-01-30 16:31:32.705 [JavaFX Application Thread] WARN  o.b.s.BxWinLab.BaseLabel - 无法包裹元素(org.bxwbb.spigotplugincreatertool.BxWinLab.VerticalLayout@759c0716,无法初始化值xChange) - 尝试包裹浮动体
2026-01-30 16:31:32.705 [JavaFX Application Thread] WARN  o.b.s.BxWinLab.BaseLabel - 无法包裹元素(org.bxwbb.spigotplugincreatertool.BxWinLab.VerticalLayout@759c0716,无法初始化值xChange) - 尝试包裹浮动体
2026-01-30 16:31:32.705 [JavaFX Application Thread] WARN  o.b.s.BxWinLab.BaseLabel - 无法包裹元素(org.bxwbb.spigotplugincreatertool.BxWinLab.VerticalLayout@759c0716,无法初始化值xChange) - 尝试包裹浮动体
2026-01-30 16:31:32.705 [JavaFX Application Thread] WARN  o.b.s.BxWinLab.BaseLabel - 无法包裹元素(org.bxwbb.spigotplugincreatertool.BxWinLab.VerticalLayout@759c0716,无法初始化值xChange) - 尝试包裹浮动体
2026-01-30 16:31:32.705 [JavaFX Application Thread] WARN  o.b.s.BxWinLab.BaseLabel - 无法包裹元素(org.bxwbb.spigotplugincreatertool.BxWinLab.VerticalLayout@759c0716,无法初始化值xChange) - 尝试包裹浮动体
2026-01-30 16:31:32.705 [JavaFX Application Thread] WARN  o.b.s.BxWinLab.BaseLabel - 无法包裹元素(org.bxwbb.spigotplugincreatertool.BxWinLab.VerticalLayout@759c0716,无法初始化值xChange) - 尝试包裹浮动体
2026-01-30 16:31:32.705 [JavaFX Application Thread] WARN  o.b.s.BxWinLab.BaseLabel - 无法包裹元素(org.bxwbb.spigotplugincreatertool.BxWinLab.VerticalLayout@759c0716,无法初始化值xChange) - 尝试包裹浮动体
2026-01-30 16:31:32.705 [JavaFX Application Thread] WARN  o.b.s.BxWinLab.BaseLabel - 无法包裹元素(org.bxwbb.spigotplugincreatertool.BxWinLab.VerticalLayout@759c0716,无法初始化值xChange) - 尝试包裹浮动体
2026-01-30 16:31:32.705 [JavaFX Application Thread] WARN  o.b.s.BxWinLab.BaseLabel - 无法包裹元素(org.bxwbb.spigotplugincreatertool.BxWinLab.VerticalLayout@759c0716,无法初始化值xChange) - 尝试包裹浮动体
2026-01-30 16:31:32.705 [JavaFX Application Thread] WARN  o.b.s.BxWinLab.BaseLabel - 无法包裹元素(org.bxwbb.spigotplugincreatertool.BxWinLab.VerticalLayout@759c0716,无法初始化值xChange) - 尝试包裹浮动体
2026-01-30 16:31:46.557 [JavaFX Application Thread] INFO  o.b.s.HelloApplication - 执行停止...
2026-01-30 16:32:12.679 [JavaFX-Launcher] INFO  o.b.s.HelloApplication - 执行初始化...
2026-01-30 16:32:12.684 [JavaFX Application Thread] INFO  o.b.s.HelloApplication - 工具开始启动并加载...
2026-01-30 16:32:12.724 [JavaFX Application Thread] INFO  o.b.s.Utils.FileUtil - 成功加载文件/org/bxwbb/spigotplugincreatertool/icon/icon.png
2026-01-30 16:32:12.898 [JavaFX Application Thread] INFO  o.b.s.Utils.FileUtil - 成功加载文件/org/bxwbb/spigotplugincreatertool/icon/Universal/OpenFolder.png
2026-01-30 16:32:12.907 [JavaFX Application Thread] INFO  o.b.s.Utils.FileUtil - 成功加载文件/org/bxwbb/spigotplugincreatertool/icon/Universal/NewProject.png
2026-01-30 16:32:12.911 [JavaFX Application Thread] INFO  o.b.s.Utils.FileUtil - 成功加载文件/org/bxwbb/spigotplugincreatertool/icon/Universal/Setting.png
2026-01-30 16:32:12.914 [JavaFX Application Thread] INFO  o.b.s.Utils.FileUtil - 成功加载文件/org/bxwbb/spigotplugincreatertool/icon/Universal/Learn.png
2026-01-30 16:32:12.916 [JavaFX Application Thread] INFO  o.b.s.Utils.FileUtil - 成功加载文件/org/bxwbb/spigotplugincreatertool/icon/Universal/Quit.png
2026-01-30 16:32:12.953 [JavaFX Application Thread] INFO  o.b.s.Utils.FileUtil - 成功加载文件/org/bxwbb/spigotplugincreatertool/icon/MiniWindowIcon/StartPage.png
2026-01-30 16:32:12.990 [JavaFX Application Thread] INFO  o.b.s.Utils.FileUtil - 成功加载文件/org/bxwbb/spigotplugincreatertool/icon/MiniWindowIcon/FileManager.png
2026-01-30 16:32:17.476 [JavaFX Application Thread] INFO  o.b.s.BxWinLab.BaseLabel - 控件焦点改变至 - org.bxwbb.spigotplugincreatertool.BxWinLab.SwitchBox@38fd738e
2026-01-30 16:32:17.557 [JavaFX Application Thread] INFO  o.b.s.Utils.FileUtil - 成功加载文件/org/bxwbb/spigotplugincreatertool/icon/MiniWindowIcon/StartPage.png
2026-01-30 16:32:17.559 [JavaFX Application Thread] INFO  o.b.s.Utils.FileUtil - 成功加载文件/org/bxwbb/spigotplugincreatertool/icon/MiniWindowIcon/FileManager.png
2026-01-30 16:32:23.965 [JavaFX Application Thread] INFO  o.b.s.HelloApplication - 执行停止...
2026-01-30 16:33:31.656 [JavaFX-Launcher] INFO  o.b.s.HelloApplication - 执行初始化...
2026-01-30 16:33:31.661 [JavaFX Application Thread] INFO  o.b.s.HelloApplication - 工具开始启动并加载...
2026-01-30 16:33:31.701 [JavaFX Application Thread] INFO  o.b.s.Utils.FileUtil - 成功加载文件/org/bxwbb/spigotplugincreatertool/icon/icon.png
2026-01-30 16:33:31.874 [JavaFX Application Thread] INFO  o.b.s.Utils.FileUtil - 成功加载文件/org/bxwbb/spigotplugincreatertool/icon/Universal/OpenFolder.png
2026-01-30 16:33:31.884 [JavaFX Application Thread] INFO  o.b.s.Utils.FileUtil - 成功加载文件/org/bxwbb/spigotplugincreatertool/icon/Universal/NewProject.png
2026-01-30 16:33:31.888 [JavaFX Application Thread] INFO  o.b.s.Utils.FileUtil - 成功加载文件/org/bxwbb/spigotplugincreatertool/icon/Universal/Setting.png
2026-01-30 16:33:31.891 [JavaFX Application Thread] INFO  o.b.s.Utils.FileUtil - 成功加载文件/org/bxwbb/spigotplugincreatertool/icon/Universal/Learn.png
2026-01-30 16:33:31.894 [JavaFX Application Thread] INFO  o.b.s.Utils.FileUtil - 成功加载文件/org/bxwbb/spigotplugincreatertool/icon/Universal/Quit.png
2026-01-30 16:33:31.930 [JavaFX Application Thread] INFO  o.b.s.Utils.FileUtil - 成功加载文件/org/bxwbb/spigotplugincreatertool/icon/MiniWindowIcon/StartPage.png
2026-01-30 16:33:31.964 [JavaFX Application Thread] INFO  o.b.s.Utils.FileUtil - 成功加载文件/org/bxwbb/spigotplugincreatertool/icon/MiniWindowIcon/FileManager.png
2026-01-30 16:33:41.237 [JavaFX Application Thread] INFO  o.b.s.BxWinLab.BaseLabel - 控件焦点改变至 - org.bxwbb.spigotplugincreatertool.BxWinLab.SwitchBox@38fd738e
2026-01-30 16:33:41.364 [JavaFX Application Thread] INFO  o.b.s.Utils.FileUtil - 成功加载文件/org/bxwbb/spigotplugincreatertool/icon/MiniWindowIcon/StartPage.png
2026-01-30 16:33:41.368 [JavaFX Application Thread] INFO  o.b.s.Utils.FileUtil - 成功加载文件/org/bxwbb/spigotplugincreatertool/icon/MiniWindowIcon/FileManager.png
2026-01-30 16:33:48.662 [JavaFX Application Thread] INFO  o.b.s.HelloApplication - 执行停止...
2026-01-30 16:34:00.458 [JavaFX-Launcher] INFO  o.b.s.HelloApplication - 执行初始化...
2026-01-30 16:34:00.463 [JavaFX Application Thread] INFO  o.b.s.HelloApplication - 工具开始启动并加载...
2026-01-30 16:34:00.503 [JavaFX Application Thread] INFO  o.b.s.Utils.FileUtil - 成功加载文件/org/bxwbb/spigotplugincreatertool/icon/icon.png
2026-01-30 16:34:00.682 [JavaFX Application Thread] INFO  o.b.s.Utils.FileUtil - 成功加载文件/org/bxwbb/spigotplugincreatertool/icon/Universal/OpenFolder.png
2026-01-30 16:34:00.691 [JavaFX Application Thread] INFO  o.b.s.Utils.FileUtil - 成功加载文件/org/bxwbb/spigotplugincreatertool/icon/Universal/NewProject.png
2026-01-30 16:34:00.694 [JavaFX Application Thread] INFO  o.b.s.Utils.FileUtil - 成功加载文件/org/bxwbb/spigotplugincreatertool/icon/Universal/Setting.png
2026-01-30 16:34:00.698 [JavaFX Application Thread] INFO  o.b.s.Utils.FileUtil - 成功加载文件/org/bxwbb/spigotplugincreatertool/icon/Universal/Learn.png
2026-01-30 16:34:00.701 [JavaFX Application Thread] INFO  o.b.s.Utils.FileUtil - 成功加载文件/org/bxwbb/spigotplugincreatertool/icon/Universal/Quit.png
2026-01-30 16:34:00.737 [JavaFX Application Thread] INFO  o.b.s.Utils.FileUtil - 成功加载文件/org/bxwbb/spigotplugincreatertool/icon/MiniWindowIcon/StartPage.png
2026-01-30 16:34:00.777 [JavaFX Application Thread] INFO  o.b.s.Utils.FileUtil - 成功加载文件/org/bxwbb/spigotplugincreatertool/icon/MiniWindowIcon/FileManager.png
2026-01-30 16:34:01.891 [JavaFX Application Thread] INFO  o.b.s.BxWinLab.BaseLabel - 控件焦点改变至 - org.bxwbb.spigotplugincreatertool.BxWinLab.SwitchBox@415879b
2026-01-30 16:34:02.008 [JavaFX Application Thread] INFO  o.b.s.Utils.FileUtil - 成功加载文件/org/bxwbb/spigotplugincreatertool/icon/MiniWindowIcon/StartPage.png
2026-01-30 16:34:02.011 [JavaFX Application Thread] INFO  o.b.s.Utils.FileUtil - 成功加载文件/org/bxwbb/spigotplugincreatertool/icon/MiniWindowIcon/FileManager.png
2026-01-30 16:34:09.123 [JavaFX Application Thread] INFO  o.b.s.BxWinLab.BaseLabel - 控件焦点改变至 - org.bxwbb.spigotplugincreatertool.BxWinLab.ImageTextButtonBox@35d04a2b
2026-01-30 16:34:11.079 [JavaFX Application Thread] INFO  o.b.s.HelloApplication - 执行停止...
2026-01-30 16:36:47.959 [JavaFX-Launcher] INFO  o.b.s.HelloApplication - 执行初始化...
2026-01-30 16:36:47.965 [JavaFX Application Thread] INFO  o.b.s.HelloApplication - 工具开始启动并加载...
2026-01-30 16:36:48.005 [JavaFX Application Thread] INFO  o.b.s.Utils.FileUtil - 成功加载文件/org/bxwbb/spigotplugincreatertool/icon/icon.png
2026-01-30 16:36:48.177 [JavaFX Application Thread] INFO  o.b.s.Utils.FileUtil - 成功加载文件/org/bxwbb/spigotplugincreatertool/icon/Universal/OpenFolder.png
2026-01-30 16:36:48.187 [JavaFX Application Thread] INFO  o.b.s.Utils.FileUtil - 成功加载文件/org/bxwbb/spigotplugincreatertool/icon/Universal/NewProject.png
2026-01-30 16:36:48.191 [JavaFX Application Thread] INFO  o.b.s.Utils.FileUtil - 成功加载文件/org/bxwbb/spigotplugincreatertool/icon/Universal/Setting.png
2026-01-30 16:36:48.194 [JavaFX Application Thread] INFO  o.b.s.Utils.FileUtil - 成功加载文件/org/bxwbb/spigotplugincreatertool/icon/Universal/Learn.png
2026-01-30 16:36:48.197 [JavaFX Application Thread] INFO  o.b.s.Utils.FileUtil - 成功加载文件/org/bxwbb/spigotplugincreatertool/icon/Universal/Quit.png
2026-01-30 16:36:48.234 [JavaFX Application Thread] INFO  o.b.s.Utils.FileUtil - 成功加载文件/org/bxwbb/spigotplugincreatertool/icon/MiniWindowIcon/StartPage.png
2026-01-30 16:36:48.275 [JavaFX Application Thread] INFO  o.b.s.Utils.FileUtil - 成功加载文件/org/bxwbb/spigotplugincreatertool/icon/MiniWindowIcon/FileManager.png
2026-01-30 16:36:57.314 [JavaFX Application Thread] INFO  o.b.s.HelloApplication - 执行停止...
2026-01-30 16:37:03.760 [JavaFX-Launcher] INFO  o.b.s.HelloApplication - 执行初始化...
2026-01-30 16:37:03.765 [JavaFX Application Thread] INFO  o.b.s.HelloApplication - 工具开始启动并加载...
2026-01-30 16:37:03.810 [JavaFX Application Thread] INFO  o.b.s.Utils.FileUtil - 成功加载文件/org/bxwbb/spigotplugincreatertool/icon/icon.png
2026-01-30 16:37:03.996 [JavaFX Application Thread] INFO  o.b.s.Utils.FileUtil - 成功加载文件/org/bxwbb/spigotplugincreatertool/icon/Universal/OpenFolder.png
2026-01-30 16:37:04.008 [JavaFX Application Thread] INFO  o.b.s.Utils.FileUtil - 成功加载文件/org/bxwbb/spigotplugincreatertool/icon/Universal/NewProject.png
2026-01-30 16:37:04.012 [JavaFX Application Thread] INFO  o.b.s.Utils.FileUtil - 成功加载文件/org/bxwbb/spigotplugincreatertool/icon/Universal/Setting.png
2026-01-30 16:37:04.015 [JavaFX Application Thread] INFO  o.b.s.Utils.FileUtil - 成功加载文件/org/bxwbb/spigotplugincreatertool/icon/Universal/Learn.png
2026-01-30 16:37:04.018 [JavaFX Application Thread] INFO  o.b.s.Utils.FileUtil - 成功加载文件/org/bxwbb/spigotplugincreatertool/icon/Universal/Quit.png
2026-01-30 16:37:04.057 [JavaFX Application Thread] INFO  o.b.s.Utils.FileUtil - 成功加载文件/org/bxwbb/spigotplugincreatertool/icon/MiniWindowIcon/StartPage.png
2026-01-30 16:37:05.085 [JavaFX Application Thread] INFO  o.b.s.BxWinLab.BaseLabel - 控件焦点改变至 - org.bxwbb.spigotplugincreatertool.BxWinLab.SwitchBox@7fe91dae
2026-01-30 16:37:05.198 [JavaFX Application Thread] INFO  o.b.s.Utils.FileUtil - 成功加载文件/org/bxwbb/spigotplugincreatertool/icon/MiniWindowIcon/StartPage.png
2026-01-30 16:37:30.635 [JavaFX Application Thread] INFO  o.b.s.HelloApplication - 执行停止...
2026-01-30 16:37:47.080 [JavaFX-Launcher] INFO  o.b.s.HelloApplication - 执行初始化...
2026-01-30 16:37:47.085 [JavaFX Application Thread] INFO  o.b.s.HelloApplication - 工具开始启动并加载...
2026-01-30 16:37:47.126 [JavaFX Application Thread] INFO  o.b.s.Utils.FileUtil - 成功加载文件/org/bxwbb/spigotplugincreatertool/icon/icon.png
2026-01-30 16:37:47.304 [JavaFX Application Thread] INFO  o.b.s.Utils.FileUtil - 成功加载文件/org/bxwbb/spigotplugincreatertool/icon/Universal/OpenFolder.png
2026-01-30 16:37:47.315 [JavaFX Application Thread] INFO  o.b.s.Utils.FileUtil - 成功加载文件/org/bxwbb/spigotplugincreatertool/icon/Universal/NewProject.png
2026-01-30 16:37:47.319 [JavaFX Application Thread] INFO  o.b.s.Utils.FileUtil - 成功加载文件/org/bxwbb/spigotplugincreatertool/icon/Universal/Setting.png
2026-01-30 16:37:47.322 [JavaFX Application Thread] INFO  o.b.s.Utils.FileUtil - 成功加载文件/org/bxwbb/spigotplugincreatertool/icon/Universal/Learn.png
2026-01-30 16:37:47.325 [JavaFX Application Thread] INFO  o.b.s.Utils.FileUtil - 成功加载文件/org/bxwbb/spigotplugincreatertool/icon/Universal/Quit.png
2026-01-30 16:37:47.363 [JavaFX Application Thread] INFO  o.b.s.Utils.FileUtil - 成功加载文件/org/bxwbb/spigotplugincreatertool/icon/MiniWindowIcon/StartPage.png
2026-01-30 16:37:49.890 [JavaFX Application Thread] INFO  o.b.s.BxWinLab.BaseLabel - 控件焦点改变至 - org.bxwbb.spigotplugincreatertool.Window.StartPage@7fe91dae
2026-01-30 16:37:50.293 [JavaFX Application Thread] INFO  o.b.s.BxWinLab.BaseLabel - 控件焦点改变至 - org.bxwbb.spigotplugincreatertool.BxWinLab.SwitchBox@4cbef0c5
2026-01-30 16:37:50.399 [JavaFX Application Thread] INFO  o.b.s.Utils.FileUtil - 成功加载文件/org/bxwbb/spigotplugincreatertool/icon/MiniWindowIcon/StartPage.png
2026-01-30 16:38:07.573 [JavaFX Application Thread] INFO  o.b.s.Utils.FileUtil - 成功加载文件/org/bxwbb/spigotplugincreatertool/icon/MiniWindowIcon/StartPage.png
2026-01-30 16:38:09.366 [JavaFX Application Thread] INFO  o.b.s.BxWinLab.BaseLabel - 控件焦点改变至 - org.bxwbb.spigotplugincreatertool.BxWinLab.ButtonBox@6980b017
2026-01-30 16:38:10.157 [JavaFX Application Thread] INFO  o.b.s.BxWinLab.BaseLabel - 控件焦点改变至 - org.bxwbb.spigotplugincreatertool.BxWinLab.SwitchBox@4cbef0c5
2026-01-30 16:38:10.316 [JavaFX Application Thread] INFO  o.b.s.Utils.FileUtil - 成功加载文件/org/bxwbb/spigotplugincreatertool/icon/MiniWindowIcon/StartPage.png
2026-01-30 16:38:11.123 [JavaFX Application Thread] INFO  o.b.s.BxWinLab.BaseLabel - 控件焦点改变至 - org.bxwbb.spigotplugincreatertool.BxWinLab.ButtonBox@74cb56e0
2026-01-30 16:38:13.351 [JavaFX Application Thread] INFO  o.b.s.HelloApplication - 执行停止...
2026-01-30 16:42:49.772 [JavaFX-Launcher] INFO  o.b.s.HelloApplication - 执行初始化...
2026-01-30 16:42:49.778 [JavaFX Application Thread] INFO  o.b.s.HelloApplication - 工具开始启动并加载...
2026-01-30 16:42:49.819 [JavaFX Application Thread] INFO  o.b.s.Utils.FileUtil - 成功加载文件/org/bxwbb/spigotplugincreatertool/icon/icon.png
2026-01-30 16:42:49.991 [JavaFX Application Thread] INFO  o.b.s.Utils.FileUtil - 成功加载文件/org/bxwbb/spigotplugincreatertool/icon/Universal/OpenFolder.png
2026-01-30 16:42:50.004 [JavaFX Application Thread] INFO  o.b.s.Utils.FileUtil - 成功加载文件/org/bxwbb/spigotplugincreatertool/icon/Universal/NewProject.png
2026-01-30 16:42:50.008 [JavaFX Application Thread] INFO  o.b.s.Utils.FileUtil - 成功加载文件/org/bxwbb/spigotplugincreatertool/icon/Universal/Setting.png
2026-01-30 16:42:50.011 [JavaFX Application Thread] INFO  o.b.s.Utils.FileUtil - 成功加载文件/org/bxwbb/spigotplugincreatertool/icon/Universal/Learn.png
2026-01-30 16:42:50.014 [JavaFX Application Thread] INFO  o.b.s.Utils.FileUtil - 成功加载文件/org/bxwbb/spigotplugincreatertool/icon/Universal/Quit.png
2026-01-30 16:42:50.052 [JavaFX Application Thread] INFO  o.b.s.Utils.FileUtil - 成功加载文件/org/bxwbb/spigotplugincreatertool/icon/MiniWindowIcon/StartPage.png
2026-01-30 16:42:50.058 [JavaFX Application Thread] WARN  o.b.s.BxWinLab.BaseLabel - 尝试包裹空元素 - org.bxwbb.spigotplugincreatertool.BxWinLab.VerticalLayout@4c01b527
2026-01-30 16:42:50.059 [JavaFX Application Thread] WARN  o.b.s.BxWinLab.BaseLabel - 尝试包裹空元素 - org.bxwbb.spigotplugincreatertool.BxWinLab.VerticalLayout@4c01b527
2026-01-30 16:42:50.059 [JavaFX Application Thread] WARN  o.b.s.BxWinLab.BaseLabel - 尝试包裹空元素 - org.bxwbb.spigotplugincreatertool.BxWinLab.VerticalLayout@4c01b527
2026-01-30 16:42:50.059 [JavaFX Application Thread] WARN  o.b.s.BxWinLab.BaseLabel - 尝试包裹空元素 - org.bxwbb.spigotplugincreatertool.BxWinLab.VerticalLayout@4c01b527
2026-01-30 16:42:50.059 [JavaFX Application Thread] WARN  o.b.s.BxWinLab.BaseLabel - 尝试包裹空元素 - org.bxwbb.spigotplugincreatertool.BxWinLab.VerticalLayout@4c01b527
2026-01-30 16:42:50.059 [JavaFX Application Thread] WARN  o.b.s.BxWinLab.BaseLabel - 尝试包裹空元素 - org.bxwbb.spigotplugincreatertool.BxWinLab.VerticalLayout@4c01b527
2026-01-30 16:42:50.059 [JavaFX Application Thread] WARN  o.b.s.BxWinLab.BaseLabel - 尝试包裹空元素 - org.bxwbb.spigotplugincreatertool.BxWinLab.VerticalLayout@4c01b527
2026-01-30 16:42:50.060 [JavaFX Application Thread] WARN  o.b.s.BxWinLab.BaseLabel - 尝试包裹空元素 - org.bxwbb.spigotplugincreatertool.BxWinLab.VerticalLayout@4c01b527
2026-01-30 16:42:50.060 [JavaFX Application Thread] WARN  o.b.s.BxWinLab.BaseLabel - 尝试包裹空元素 - org.bxwbb.spigotplugincreatertool.BxWinLab.VerticalLayout@4c01b527
2026-01-30 16:42:50.060 [JavaFX Application Thread] WARN  o.b.s.BxWinLab.BaseLabel - 尝试包裹空元素 - org.bxwbb.spigotplugincreatertool.BxWinLab.VerticalLayout@4c01b527
2026-01-30 16:42:50.060 [JavaFX Application Thread] WARN  o.b.s.BxWinLab.BaseLabel - 尝试包裹空元素 - org.bxwbb.spigotplugincreatertool.BxWinLab.VerticalLayout@4c01b527
2026-01-30 16:42:50.060 [JavaFX Application Thread] WARN  o.b.s.BxWinLab.BaseLabel - 尝试包裹空元素 - org.bxwbb.spigotplugincreatertool.BxWinLab.VerticalLayout@4c01b527
2026-01-30 16:42:50.060 [JavaFX Application Thread] WARN  o.b.s.BxWinLab.BaseLabel - 尝试包裹空元素 - org.bxwbb.spigotplugincreatertool.BxWinLab.VerticalLayout@4c01b527
2026-01-30 16:42:50.060 [JavaFX Application Thread] WARN  o.b.s.BxWinLab.BaseLabel - 尝试包裹空元素 - org.bxwbb.spigotplugincreatertool.BxWinLab.VerticalLayout@4c01b527
2026-01-30 16:42:50.060 [JavaFX Application Thread] WARN  o.b.s.BxWinLab.BaseLabel - 尝试包裹空元素 - org.bxwbb.spigotplugincreatertool.BxWinLab.VerticalLayout@4c01b527
2026-01-30 16:42:50.060 [JavaFX Application Thread] WARN  o.b.s.BxWinLab.BaseLabel - 尝试包裹空元素 - org.bxwbb.spigotplugincreatertool.BxWinLab.VerticalLayout@4c01b527
2026-01-30 16:42:50.060 [JavaFX Application Thread] WARN  o.b.s.BxWinLab.BaseLabel - 尝试包裹空元素 - org.bxwbb.spigotplugincreatertool.BxWinLab.VerticalLayout@4c01b527
2026-01-30 16:42:50.060 [JavaFX Application Thread] WARN  o.b.s.BxWinLab.BaseLabel - 尝试包裹空元素 - org.bxwbb.spigotplugincreatertool.BxWinLab.VerticalLayout@4c01b527
2026-01-30 16:42:50.061 [JavaFX Application Thread] WARN  o.b.s.BxWinLab.BaseLabel - 尝试包裹空元素 - org.bxwbb.spigotplugincreatertool.BxWinLab.VerticalLayout@4c01b527
2026-01-30 16:42:50.061 [JavaFX Application Thread] WARN  o.b.s.BxWinLab.BaseLabel - 尝试包裹空元素 - org.bxwbb.spigotplugincreatertool.BxWinLab.VerticalLayout@4c01b527
2026-01-30 16:42:50.061 [JavaFX Application Thread] WARN  o.b.s.BxWinLab.BaseLabel - 尝试包裹空元素 - org.bxwbb.spigotplugincreatertool.BxWinLab.VerticalLayout@4c01b527
2026-01-30 16:42:50.061 [JavaFX Application Thread] WARN  o.b.s.BxWinLab.BaseLabel - 尝试包裹空元素 - org.bxwbb.spigotplugincreatertool.BxWinLab.VerticalLayout@4c01b527
2026-01-30 16:42:50.061 [JavaFX Application Thread] WARN  o.b.s.BxWinLab.BaseLabel - 尝试包裹空元素 - org.bxwbb.spigotplugincreatertool.BxWinLab.VerticalLayout@4c01b527
2026-01-30 16:42:50.061 [JavaFX Application Thread] WARN  o.b.s.BxWinLab.BaseLabel - 尝试包裹空元素 - org.bxwbb.spigotplugincreatertool.BxWinLab.VerticalLayout@4c01b527
2026-01-30 16:42:50.061 [JavaFX Application Thread] WARN  o.b.s.BxWinLab.BaseLabel - 尝试包裹空元素 - org.bxwbb.spigotplugincreatertool.BxWinLab.VerticalLayout@4c01b527
2026-01-30 16:42:50.061 [JavaFX Application Thread] WARN  o.b.s.BxWinLab.BaseLabel - 尝试包裹空元素 - org.bxwbb.spigotplugincreatertool.BxWinLab.VerticalLayout@4c01b527
2026-01-30 16:42:50.061 [JavaFX Application Thread] WARN  o.b.s.BxWinLab.BaseLabel - 尝试包裹空元素 - org.bxwbb.spigotplugincreatertool.BxWinLab.VerticalLayout@4c01b527
2026-01-30 16:42:50.061 [JavaFX Application Thread] WARN  o.b.s.BxWinLab.BaseLabel - 尝试包裹空元素 - org.bxwbb.spigotplugincreatertool.BxWinLab.VerticalLayout@4c01b527
2026-01-30 16:42:50.061 [JavaFX Application Thread] WARN  o.b.s.BxWinLab.BaseLabel - 尝试包裹空元素 - org.bxwbb.spigotplugincreatertool.BxWinLab.VerticalLayout@4c01b527
2026-01-30 16:42:50.061 [JavaFX Application Thread] WARN  o.b.s.BxWinLab.BaseLabel - 尝试包裹空元素 - org.bxwbb.spigotplugincreatertool.BxWinLab.VerticalLayout@4c01b527
2026-01-30 16:42:50.061 [JavaFX Application Thread] WARN  o.b.s.BxWinLab.BaseLabel - 尝试包裹空元素 - org.bxwbb.spigotplugincreatertool.BxWinLab.VerticalLayout@4c01b527
2026-01-30 16:42:50.061 [JavaFX Application Thread] WARN  o.b.s.BxWinLab.BaseLabel - 尝试包裹空元素 - org.bxwbb.spigotplugincreatertool.BxWinLab.VerticalLayout@4c01b527
2026-01-30 16:42:50.061 [JavaFX Application Thread] WARN  o.b.s.BxWinLab.BaseLabel - 尝试包裹空元素 - org.bxwbb.spigotplugincreatertool.BxWinLab.VerticalLayout@4c01b527
2026-01-30 16:42:50.062 [JavaFX Application Thread] WARN  o.b.s.BxWinLab.BaseLabel - 尝试包裹空元素 - org.bxwbb.spigotplugincreatertool.BxWinLab.VerticalLayout@4c01b527
2026-01-30 16:42:50.062 [JavaFX Application Thread] WARN  o.b.s.BxWinLab.BaseLabel - 尝试包裹空元素 - org.bxwbb.spigotplugincreatertool.BxWinLab.VerticalLayout@4c01b527
2026-01-30 16:42:50.062 [JavaFX Application Thread] WARN  o.b.s.BxWinLab.BaseLabel - 尝试包裹空元素 - org.bxwbb.spigotplugincreatertool.BxWinLab.VerticalLayout@4c01b527
2026-01-30 16:42:50.062 [JavaFX Application Thread] WARN  o.b.s.BxWinLab.BaseLabel - 尝试包裹空元素 - org.bxwbb.spigotplugincreatertool.BxWinLab.VerticalLayout@4c01b527
2026-01-30 16:42:50.062 [JavaFX Application Thread] WARN  o.b.s.BxWinLab.BaseLabel - 尝试包裹空元素 - org.bxwbb.spigotplugincreatertool.BxWinLab.VerticalLayout@4c01b527
2026-01-30 16:42:50.062 [JavaFX Application Thread] WARN  o.b.s.BxWinLab.BaseLabel - 尝试包裹空元素 - org.bxwbb.spigotplugincreatertool.BxWinLab.VerticalLayout@4c01b527
2026-01-30 16:42:50.062 [JavaFX Application Thread] WARN  o.b.s.BxWinLab.BaseLabel - 尝试包裹空元素 - org.bxwbb.spigotplugincreatertool.BxWinLab.VerticalLayout@4c01b527
2026-01-30 16:42:50.062 [JavaFX Application Thread] WARN  o.b.s.BxWinLab.BaseLabel - 尝试包裹空元素 - org.bxwbb.spigotplugincreatertool.BxWinLab.VerticalLayout@4c01b527
2026-01-30 16:42:50.062 [JavaFX Application Thread] WARN  o.b.s.BxWinLab.BaseLabel - 尝试包裹空元素 - org.bxwbb.spigotplugincreatertool.BxWinLab.VerticalLayout@4c01b527
2026-01-30 16:42:50.063 [JavaFX Application Thread] WARN  o.b.s.BxWinLab.BaseLabel - 尝试包裹空元素 - org.bxwbb.spigotplugincreatertool.BxWinLab.VerticalLayout@4c01b527
2026-01-30 16:42:50.063 [JavaFX Application Thread] WARN  o.b.s.BxWinLab.BaseLabel - 尝试包裹空元素 - org.bxwbb.spigotplugincreatertool.BxWinLab.VerticalLayout@4c01b527
2026-01-30 16:42:50.063 [JavaFX Application Thread] WARN  o.b.s.BxWinLab.BaseLabel - 尝试包裹空元素 - org.bxwbb.spigotplugincreatertool.BxWinLab.VerticalLayout@4c01b527
2026-01-30 16:42:50.063 [JavaFX Application Thread] WARN  o.b.s.BxWinLab.BaseLabel - 尝试包裹空元素 - org.bxwbb.spigotplugincreatertool.BxWinLab.VerticalLayout@4c01b527
2026-01-30 16:42:50.063 [JavaFX Application Thread] WARN  o.b.s.BxWinLab.BaseLabel - 尝试包裹空元素 - org.bxwbb.spigotplugincreatertool.BxWinLab.VerticalLayout@4c01b527
2026-01-30 16:42:50.063 [JavaFX Application Thread] WARN  o.b.s.BxWinLab.BaseLabel - 尝试包裹空元素 - org.bxwbb.spigotplugincreatertool.BxWinLab.VerticalLayout@4c01b527
2026-01-30 16:42:50.063 [JavaFX Application Thread] WARN  o.b.s.BxWinLab.BaseLabel - 尝试包裹空元素 - org.bxwbb.spigotplugincreatertool.BxWinLab.VerticalLayout@4c01b527
2026-01-30 16:42:50.063 [JavaFX Application Thread] WARN  o.b.s.BxWinLab.BaseLabel - 尝试包裹空元素 - org.bxwbb.spigotplugincreatertool.BxWinLab.VerticalLayout@4c01b527
2026-01-30 16:42:50.063 [JavaFX Application Thread] WARN  o.b.s.BxWinLab.BaseLabel - 尝试包裹空元素 - org.bxwbb.spigotplugincreatertool.BxWinLab.VerticalLayout@4c01b527
2026-01-30 16:42:50.063 [JavaFX Application Thread] WARN  o.b.s.BxWinLab.BaseLabel - 尝试包裹空元素 - org.bxwbb.spigotplugincreatertool.BxWinLab.VerticalLayout@4c01b527
2026-01-30 16:42:50.074 [JavaFX Application Thread] WARN  o.b.s.BxWinLab.BaseLabel - 尝试包裹空元素 - org.bxwbb.spigotplugincreatertool.BxWinLab.VerticalLayout@4c01b527
2026-01-30 16:42:50.074 [JavaFX Application Thread] WARN  o.b.s.BxWinLab.BaseLabel - 尝试包裹空元素 - org.bxwbb.spigotplugincreatertool.BxWinLab.VerticalLayout@4c01b527
2026-01-30 16:42:50.074 [JavaFX Application Thread] WARN  o.b.s.BxWinLab.BaseLabel - 尝试包裹空元素 - org.bxwbb.spigotplugincreatertool.BxWinLab.VerticalLayout@4c01b527
2026-01-30 16:42:50.074 [JavaFX Application Thread] WARN  o.b.s.BxWinLab.BaseLabel - 尝试包裹空元素 - org.bxwbb.spigotplugincreatertool.BxWinLab.VerticalLayout@4c01b527
2026-01-30 16:42:50.074 [JavaFX Application Thread] WARN  o.b.s.BxWinLab.BaseLabel - 尝试包裹空元素 - org.bxwbb.spigotplugincreatertool.BxWinLab.VerticalLayout@4c01b527
2026-01-30 16:42:50.083 [JavaFX Application Thread] WARN  o.b.s.BxWinLab.BaseLabel - 尝试包裹空元素 - org.bxwbb.spigotplugincreatertool.BxWinLab.VerticalLayout@4c01b527
2026-01-30 16:42:50.083 [JavaFX Application Thread] WARN  o.b.s.BxWinLab.BaseLabel - 尝试包裹空元素 - org.bxwbb.spigotplugincreatertool.BxWinLab.VerticalLayout@4c01b527
2026-01-30 16:42:50.083 [JavaFX Application Thread] WARN  o.b.s.BxWinLab.BaseLabel - 尝试包裹空元素 - org.bxwbb.spigotplugincreatertool.BxWinLab.VerticalLayout@4c01b527
2026-01-30 16:42:50.083 [JavaFX Application Thread] WARN  o.b.s.BxWinLab.BaseLabel - 尝试包裹空元素 - org.bxwbb.spigotplugincreatertool.BxWinLab.VerticalLayout@4c01b527
2026-01-30 16:42:50.083 [JavaFX Application Thread] WARN  o.b.s.BxWinLab.BaseLabel - 尝试包裹空元素 - org.bxwbb.spigotplugincreatertool.BxWinLab.VerticalLayout@4c01b527
2026-01-30 16:42:50.091 [JavaFX Application Thread] WARN  o.b.s.BxWinLab.BaseLabel - 尝试包裹空元素 - org.bxwbb.spigotplugincreatertool.BxWinLab.VerticalLayout@4c01b527
2026-01-30 16:42:50.091 [JavaFX Application Thread] WARN  o.b.s.BxWinLab.BaseLabel - 尝试包裹空元素 - org.bxwbb.spigotplugincreatertool.BxWinLab.VerticalLayout@4c01b527
2026-01-30 16:42:50.091 [JavaFX Application Thread] WARN  o.b.s.BxWinLab.BaseLabel - 尝试包裹空元素 - org.bxwbb.spigotplugincreatertool.BxWinLab.VerticalLayout@4c01b527
2026-01-30 16:42:50.091 [JavaFX Application Thread] WARN  o.b.s.BxWinLab.BaseLabel - 尝试包裹空元素 - org.bxwbb.spigotplugincreatertool.BxWinLab.VerticalLayout@4c01b527
2026-01-30 16:42:50.091 [JavaFX Application Thread] WARN  o.b.s.BxWinLab.BaseLabel - 尝试包裹空元素 - org.bxwbb.spigotplugincreatertool.BxWinLab.VerticalLayout@4c01b527
2026-01-30 16:42:50.094 [JavaFX Application Thread] WARN  o.b.s.BxWinLab.BaseLabel - 尝试包裹空元素 - org.bxwbb.spigotplugincreatertool.BxWinLab.VerticalLayout@4c01b527
2026-01-30 16:42:50.094 [JavaFX Application Thread] WARN  o.b.s.BxWinLab.BaseLabel - 尝试包裹空元素 - org.bxwbb.spigotplugincreatertool.BxWinLab.VerticalLayout@4c01b527
2026-01-30 16:42:50.094 [JavaFX Application Thread] WARN  o.b.s.BxWinLab.BaseLabel - 尝试包裹空元素 - org.bxwbb.spigotplugincreatertool.BxWinLab.VerticalLayout@4c01b527
2026-01-30 16:42:50.094 [JavaFX Application Thread] WARN  o.b.s.BxWinLab.BaseLabel - 尝试包裹空元素 - org.bxwbb.spigotplugincreatertool.BxWinLab.VerticalLayout@4c01b527
2026-01-30 16:42:50.094 [JavaFX Application Thread] WARN  o.b.s.BxWinLab.BaseLabel - 尝试包裹空元素 - org.bxwbb.spigotplugincreatertool.BxWinLab.VerticalLayout@4c01b527
2026-01-30 16:42:50.102 [JavaFX Application Thread] WARN  o.b.s.BxWinLab.BaseLabel - 尝试包裹空元素 - org.bxwbb.spigotplugincreatertool.BxWinLab.VerticalLayout@4c01b527
2026-01-30 16:42:50.102 [JavaFX Application Thread] WARN  o.b.s.BxWinLab.BaseLabel - 尝试包裹空元素 - org.bxwbb.spigotplugincreatertool.BxWinLab.VerticalLayout@4c01b527
2026-01-30 16:42:50.102 [JavaFX Application Thread] WARN  o.b.s.BxWinLab.BaseLabel - 尝试包裹空元素 - org.bxwbb.spigotplugincreatertool.BxWinLab.VerticalLayout@4c01b527
2026-01-30 16:42:50.102 [JavaFX Application Thread] WARN  o.b.s.BxWinLab.BaseLabel - 尝试包裹空元素 - org.bxwbb.spigotplugincreatertool.BxWinLab.VerticalLayout@4c01b527
2026-01-30 16:42:50.102 [JavaFX Application Thread] WARN  o.b.s.BxWinLab.BaseLabel - 尝试包裹空元素 - org.bxwbb.spigotplugincreatertool.BxWinLab.VerticalLayout@4c01b527
2026-01-30 16:42:50.106 [JavaFX Application Thread] WARN  o.b.s.BxWinLab.BaseLabel - 尝试包裹空元素 - org.bxwbb.spigotplugincreatertool.BxWinLab.VerticalLayout@4c01b527
2026-01-30 16:42:50.106 [JavaFX Application Thread] WARN  o.b.s.BxWinLab.BaseLabel - 尝试包裹空元素 - org.bxwbb.spigotplugincreatertool.BxWinLab.VerticalLayout@4c01b527
2026-01-30 16:42:50.106 [JavaFX Application Thread] WARN  o.b.s.BxWinLab.BaseLabel - 尝试包裹空元素 - org.bxwbb.spigotplugincreatertool.BxWinLab.VerticalLayout@4c01b527
2026-01-30 16:42:50.106 [JavaFX Application Thread] WARN  o.b.s.BxWinLab.BaseLabel - 尝试包裹空元素 - org.bxwbb.spigotplugincreatertool.BxWinLab.VerticalLayout@4c01b527
2026-01-30 16:42:50.106 [JavaFX Application Thread] WARN  o.b.s.BxWinLab.BaseLabel - 尝试包裹空元素 - org.bxwbb.spigotplugincreatertool.BxWinLab.VerticalLayout@4c01b527
2026-01-30 16:42:51.513 [JavaFX Application Thread] INFO  o.b.s.BxWinLab.BaseLabel - 控件焦点改变至 - org.bxwbb.spigotplugincreatertool.BxWinLab.SwitchBox@23969bdc
2026-01-30 16:42:51.613 [JavaFX Application Thread] WARN  o.b.s.BxWinLab.BaseLabel - 尝试包裹空元素 - org.bxwbb.spigotplugincreatertool.BxWinLab.VerticalLayout@4c01b527
2026-01-30 16:42:51.614 [JavaFX Application Thread] INFO  o.b.s.Utils.FileUtil - 成功加载文件/org/bxwbb/spigotplugincreatertool/icon/MiniWindowIcon/StartPage.png
2026-01-30 16:42:58.605 [JavaFX Application Thread] INFO  o.b.s.HelloApplication - 执行停止...
2026-01-30 16:43:54.667 [JavaFX-Launcher] INFO  o.b.s.HelloApplication - 执行初始化...
2026-01-30 16:43:54.673 [JavaFX Application Thread] INFO  o.b.s.HelloApplication - 工具开始启动并加载...
2026-01-30 16:43:54.727 [JavaFX Application Thread] INFO  o.b.s.Utils.FileUtil - 成功加载文件/org/bxwbb/spigotplugincreatertool/icon/icon.png
2026-01-30 16:43:54.917 [JavaFX Application Thread] INFO  o.b.s.Utils.FileUtil - 成功加载文件/org/bxwbb/spigotplugincreatertool/icon/Universal/OpenFolder.png
2026-01-30 16:43:54.927 [JavaFX Application Thread] INFO  o.b.s.Utils.FileUtil - 成功加载文件/org/bxwbb/spigotplugincreatertool/icon/Universal/NewProject.png
2026-01-30 16:43:54.931 [JavaFX Application Thread] INFO  o.b.s.Utils.FileUtil - 成功加载文件/org/bxwbb/spigotplugincreatertool/icon/Universal/Setting.png
2026-01-30 16:43:54.935 [JavaFX Application Thread] INFO  o.b.s.Utils.FileUtil - 成功加载文件/org/bxwbb/spigotplugincreatertool/icon/Universal/Learn.png
2026-01-30 16:43:54.937 [JavaFX Application Thread] INFO  o.b.s.Utils.FileUtil - 成功加载文件/org/bxwbb/spigotplugincreatertool/icon/Universal/Quit.png
2026-01-30 16:43:54.970 [JavaFX Application Thread] INFO  o.b.s.Utils.FileUtil - 成功加载文件/org/bxwbb/spigotplugincreatertool/icon/MiniWindowIcon/StartPage.png
2026-01-30 16:44:16.911 [JavaFX Application Thread] WARN  o.b.s.BxWinLab.BaseLabel - 尝试包裹空元素 - org.bxwbb.spigotplugincreatertool.BxWinLab.VerticalLayout@14fbba8e
2026-01-30 16:44:16.912 [JavaFX Application Thread] WARN  o.b.s.BxWinLab.BaseLabel - 尝试包裹空元素 - org.bxwbb.spigotplugincreatertool.BxWinLab.VerticalLayout@14fbba8e
2026-01-30 16:44:16.912 [JavaFX Application Thread] WARN  o.b.s.BxWinLab.BaseLabel - 尝试包裹空元素 - org.bxwbb.spigotplugincreatertool.BxWinLab.VerticalLayout@14fbba8e
2026-01-30 16:44:16.912 [JavaFX Application Thread] WARN  o.b.s.BxWinLab.BaseLabel - 尝试包裹空元素 - org.bxwbb.spigotplugincreatertool.BxWinLab.VerticalLayout@14fbba8e
2026-01-30 16:44:16.912 [JavaFX Application Thread] WARN  o.b.s.BxWinLab.BaseLabel - 尝试包裹空元素 - org.bxwbb.spigotplugincreatertool.BxWinLab.VerticalLayout@14fbba8e
2026-01-30 16:44:16.912 [JavaFX Application Thread] WARN  o.b.s.BxWinLab.BaseLabel - 尝试包裹空元素 - org.bxwbb.spigotplugincreatertool.BxWinLab.VerticalLayout@14fbba8e
2026-01-30 16:44:16.912 [JavaFX Application Thread] WARN  o.b.s.BxWinLab.BaseLabel - 尝试包裹空元素 - org.bxwbb.spigotplugincreatertool.BxWinLab.VerticalLayout@14fbba8e
2026-01-30 16:44:16.912 [JavaFX Application Thread] WARN  o.b.s.BxWinLab.BaseLabel - 尝试包裹空元素 - org.bxwbb.spigotplugincreatertool.BxWinLab.VerticalLayout@14fbba8e
2026-01-30 16:44:16.913 [JavaFX Application Thread] WARN  o.b.s.BxWinLab.BaseLabel - 尝试包裹空元素 - org.bxwbb.spigotplugincreatertool.BxWinLab.VerticalLayout@14fbba8e
2026-01-30 16:44:16.913 [JavaFX Application Thread] WARN  o.b.s.BxWinLab.BaseLabel - 尝试包裹空元素 - org.bxwbb.spigotplugincreatertool.BxWinLab.VerticalLayout@14fbba8e
2026-01-30 16:44:16.913 [JavaFX Application Thread] WARN  o.b.s.BxWinLab.BaseLabel - 尝试包裹空元素 - org.bxwbb.spigotplugincreatertool.BxWinLab.VerticalLayout@14fbba8e
2026-01-30 16:44:16.913 [JavaFX Application Thread] WARN  o.b.s.BxWinLab.BaseLabel - 尝试包裹空元素 - org.bxwbb.spigotplugincreatertool.BxWinLab.VerticalLayout@14fbba8e
2026-01-30 16:44:16.913 [JavaFX Application Thread] WARN  o.b.s.BxWinLab.BaseLabel - 尝试包裹空元素 - org.bxwbb.spigotplugincreatertool.BxWinLab.VerticalLayout@14fbba8e
2026-01-30 16:44:16.913 [JavaFX Application Thread] WARN  o.b.s.BxWinLab.BaseLabel - 尝试包裹空元素 - org.bxwbb.spigotplugincreatertool.BxWinLab.VerticalLayout@14fbba8e
2026-01-30 16:44:16.913 [JavaFX Application Thread] WARN  o.b.s.BxWinLab.BaseLabel - 尝试包裹空元素 - org.bxwbb.spigotplugincreatertool.BxWinLab.VerticalLayout@14fbba8e
2026-01-30 16:44:16.913 [JavaFX Application Thread] WARN  o.b.s.BxWinLab.BaseLabel - 尝试包裹空元素 - org.bxwbb.spigotplugincreatertool.BxWinLab.VerticalLayout@14fbba8e
2026-01-30 16:44:16.913 [JavaFX Application Thread] WARN  o.b.s.BxWinLab.BaseLabel - 尝试包裹空元素 - org.bxwbb.spigotplugincreatertool.BxWinLab.VerticalLayout@14fbba8e
2026-01-30 16:44:16.913 [JavaFX Application Thread] WARN  o.b.s.BxWinLab.BaseLabel - 尝试包裹空元素 - org.bxwbb.spigotplugincreatertool.BxWinLab.VerticalLayout@14fbba8e
2026-01-30 16:44:16.913 [JavaFX Application Thread] WARN  o.b.s.BxWinLab.BaseLabel - 尝试包裹空元素 - org.bxwbb.spigotplugincreatertool.BxWinLab.VerticalLayout@14fbba8e
2026-01-30 16:44:16.913 [JavaFX Application Thread] WARN  o.b.s.BxWinLab.BaseLabel - 尝试包裹空元素 - org.bxwbb.spigotplugincreatertool.BxWinLab.VerticalLayout@14fbba8e
2026-01-30 16:44:16.913 [JavaFX Application Thread] WARN  o.b.s.BxWinLab.BaseLabel - 尝试包裹空元素 - org.bxwbb.spigotplugincreatertool.BxWinLab.VerticalLayout@14fbba8e
2026-01-30 16:44:16.913 [JavaFX Application Thread] WARN  o.b.s.BxWinLab.BaseLabel - 尝试包裹空元素 - org.bxwbb.spigotplugincreatertool.BxWinLab.VerticalLayout@14fbba8e
2026-01-30 16:44:16.913 [JavaFX Application Thread] WARN  o.b.s.BxWinLab.BaseLabel - 尝试包裹空元素 - org.bxwbb.spigotplugincreatertool.BxWinLab.VerticalLayout@14fbba8e
2026-01-30 16:44:16.913 [JavaFX Application Thread] WARN  o.b.s.BxWinLab.BaseLabel - 尝试包裹空元素 - org.bxwbb.spigotplugincreatertool.BxWinLab.VerticalLayout@14fbba8e
2026-01-30 16:44:16.913 [JavaFX Application Thread] WARN  o.b.s.BxWinLab.BaseLabel - 尝试包裹空元素 - org.bxwbb.spigotplugincreatertool.BxWinLab.VerticalLayout@14fbba8e
2026-01-30 16:44:16.913 [JavaFX Application Thread] WARN  o.b.s.BxWinLab.BaseLabel - 尝试包裹空元素 - org.bxwbb.spigotplugincreatertool.BxWinLab.VerticalLayout@14fbba8e
2026-01-30 16:44:16.913 [JavaFX Application Thread] WARN  o.b.s.BxWinLab.BaseLabel - 尝试包裹空元素 - org.bxwbb.spigotplugincreatertool.BxWinLab.VerticalLayout@14fbba8e
2026-01-30 16:44:16.914 [JavaFX Application Thread] WARN  o.b.s.BxWinLab.BaseLabel - 尝试包裹空元素 - org.bxwbb.spigotplugincreatertool.BxWinLab.VerticalLayout@14fbba8e
2026-01-30 16:44:16.914 [JavaFX Application Thread] WARN  o.b.s.BxWinLab.BaseLabel - 尝试包裹空元素 - org.bxwbb.spigotplugincreatertool.BxWinLab.VerticalLayout@14fbba8e
2026-01-30 16:44:16.914 [JavaFX Application Thread] WARN  o.b.s.BxWinLab.BaseLabel - 尝试包裹空元素 - org.bxwbb.spigotplugincreatertool.BxWinLab.VerticalLayout@14fbba8e
2026-01-30 16:44:16.914 [JavaFX Application Thread] WARN  o.b.s.BxWinLab.BaseLabel - 尝试包裹空元素 - org.bxwbb.spigotplugincreatertool.BxWinLab.VerticalLayout@14fbba8e
2026-01-30 16:44:16.914 [JavaFX Application Thread] WARN  o.b.s.BxWinLab.BaseLabel - 尝试包裹空元素 - org.bxwbb.spigotplugincreatertool.BxWinLab.VerticalLayout@14fbba8e
2026-01-30 16:44:16.914 [JavaFX Application Thread] WARN  o.b.s.BxWinLab.BaseLabel - 尝试包裹空元素 - org.bxwbb.spigotplugincreatertool.BxWinLab.VerticalLayout@14fbba8e
2026-01-30 16:44:16.914 [JavaFX Application Thread] WARN  o.b.s.BxWinLab.BaseLabel - 尝试包裹空元素 - org.bxwbb.spigotplugincreatertool.BxWinLab.VerticalLayout@14fbba8e
2026-01-30 16:44:16.914 [JavaFX Application Thread] WARN  o.b.s.BxWinLab.BaseLabel - 尝试包裹空元素 - org.bxwbb.spigotplugincreatertool.BxWinLab.VerticalLayout@14fbba8e
2026-01-30 16:44:16.914 [JavaFX Application Thread] WARN  o.b.s.BxWinLab.BaseLabel - 尝试包裹空元素 - org.bxwbb.spigotplugincreatertool.BxWinLab.VerticalLayout@14fbba8e
2026-01-30 16:44:16.914 [JavaFX Application Thread] WARN  o.b.s.BxWinLab.BaseLabel - 尝试包裹空元素 - org.bxwbb.spigotplugincreatertool.BxWinLab.VerticalLayout@14fbba8e
2026-01-30 16:44:16.914 [JavaFX Application Thread] WARN  o.b.s.BxWinLab.BaseLabel - 尝试包裹空元素 - org.bxwbb.spigotplugincreatertool.BxWinLab.VerticalLayout@14fbba8e
2026-01-30 16:44:16.914 [JavaFX Application Thread] WARN  o.b.s.BxWinLab.BaseLabel - 尝试包裹空元素 - org.bxwbb.spigotplugincreatertool.BxWinLab.VerticalLayout@14fbba8e
2026-01-30 16:44:16.914 [JavaFX Application Thread] WARN  o.b.s.BxWinLab.BaseLabel - 尝试包裹空元素 - org.bxwbb.spigotplugincreatertool.BxWinLab.VerticalLayout@14fbba8e
2026-01-30 16:44:16.914 [JavaFX Application Thread] WARN  o.b.s.BxWinLab.BaseLabel - 尝试包裹空元素 - org.bxwbb.spigotplugincreatertool.BxWinLab.VerticalLayout@14fbba8e
2026-01-30 16:44:16.914 [JavaFX Application Thread] WARN  o.b.s.BxWinLab.BaseLabel - 尝试包裹空元素 - org.bxwbb.spigotplugincreatertool.BxWinLab.VerticalLayout@14fbba8e
2026-01-30 16:44:16.914 [JavaFX Application Thread] WARN  o.b.s.BxWinLab.BaseLabel - 尝试包裹空元素 - org.bxwbb.spigotplugincreatertool.BxWinLab.VerticalLayout@14fbba8e
2026-01-30 16:44:16.914 [JavaFX Application Thread] WARN  o.b.s.BxWinLab.BaseLabel - 尝试包裹空元素 - org.bxwbb.spigotplugincreatertool.BxWinLab.VerticalLayout@14fbba8e
2026-01-30 16:44:16.914 [JavaFX Application Thread] WARN  o.b.s.BxWinLab.BaseLabel - 尝试包裹空元素 - org.bxwbb.spigotplugincreatertool.BxWinLab.VerticalLayout@14fbba8e
2026-01-30 16:44:16.914 [JavaFX Application Thread] WARN  o.b.s.BxWinLab.BaseLabel - 尝试包裹空元素 - org.bxwbb.spigotplugincreatertool.BxWinLab.VerticalLayout@14fbba8e
2026-01-30 16:44:16.914 [JavaFX Application Thread] WARN  o.b.s.BxWinLab.BaseLabel - 尝试包裹空元素 - org.bxwbb.spigotplugincreatertool.BxWinLab.VerticalLayout@14fbba8e
2026-01-30 16:44:16.914 [JavaFX Application Thread] WARN  o.b.s.BxWinLab.BaseLabel - 尝试包裹空元素 - org.bxwbb.spigotplugincreatertool.BxWinLab.VerticalLayout@14fbba8e
2026-01-30 16:44:16.914 [JavaFX Application Thread] WARN  o.b.s.BxWinLab.BaseLabel - 尝试包裹空元素 - org.bxwbb.spigotplugincreatertool.BxWinLab.VerticalLayout@14fbba8e
2026-01-30 16:44:16.914 [JavaFX Application Thread] WARN  o.b.s.BxWinLab.BaseLabel - 尝试包裹空元素 - org.bxwbb.spigotplugincreatertool.BxWinLab.VerticalLayout@14fbba8e
2026-01-30 16:44:16.914 [JavaFX Application Thread] WARN  o.b.s.BxWinLab.BaseLabel - 尝试包裹空元素 - org.bxwbb.spigotplugincreatertool.BxWinLab.VerticalLayout@14fbba8e
2026-01-30 16:44:16.915 [JavaFX Application Thread] WARN  o.b.s.BxWinLab.BaseLabel - 尝试包裹空元素 - org.bxwbb.spigotplugincreatertool.BxWinLab.VerticalLayout@14fbba8e
