2026-01-29 17:24:24.826 [JavaFX-Launcher] INFO  o.b.s.HelloApplication - 执行初始化...
2026-01-29 17:24:24.834 [JavaFX Application Thread] INFO  o.b.s.HelloApplication - 工具开始启动并加载...
2026-01-29 17:24:24.872 [JavaFX Application Thread] INFO  o.b.s.BxWinLab.Base.BaseLabel - 控件库Debug模式已开启
2026-01-29 17:24:24.879 [JavaFX Application Thread] INFO  o.b.s.BxWinLab.Base.BaseLabel - 控件库Debug模式已开启
2026-01-29 17:24:24.882 [JavaFX Application Thread] INFO  o.b.s.BxWinLab.Base.BaseLabel - 控件库Debug模式已开启
2026-01-29 17:24:24.884 [JavaFX Application Thread] INFO  o.b.s.Utils.FileUtil - 成功加载文件/org/bxwbb/spigotplugincreatertool/icon/icon.png
2026-01-29 17:24:25.036 [JavaFX Application Thread] INFO  o.b.s.BxWinLab.Base.BaseLabel - 控件库Debug模式已开启
2026-01-29 17:24:25.039 [JavaFX Application Thread] INFO  o.b.s.BxWinLab.Base.BaseLabel - 控件库Debug模式已开启
2026-01-29 17:24:25.040 [JavaFX Application Thread] INFO  o.b.s.BxWinLab.Base.BaseLabel - 控件库Debug模式已开启
2026-01-29 17:24:25.040 [JavaFX Application Thread] INFO  o.b.s.BxWinLab.Base.BaseLabel - 控件库Debug模式已开启
2026-01-29 17:24:25.040 [JavaFX Application Thread] INFO  o.b.s.BxWinLab.Base.BaseLabel - 控件库Debug模式已开启
2026-01-29 17:24:25.140 [JavaFX Application Thread] INFO  o.b.s.BxWinLab.Base.BaseLabel - 控件库Debug模式已开启
2026-01-29 17:24:25.153 [JavaFX Application Thread] INFO  o.b.s.BxWinLab.Base.BaseLabel - 控件库Debug模式已开启
2026-01-29 17:24:25.153 [JavaFX Application Thread] INFO  o.b.s.BxWinLab.Base.BaseLabel - 控件库Debug模式已开启
2026-01-29 17:24:25.154 [JavaFX Application Thread] INFO  o.b.s.BxWinLab.Base.BaseLabel - 控件库Debug模式已开启
2026-01-29 17:24:25.154 [JavaFX Application Thread] INFO  o.b.s.BxWinLab.Base.BaseLabel - 控件库Debug模式已开启
2026-01-29 17:24:25.156 [JavaFX Application Thread] INFO  o.b.s.BxWinLab.Base.BaseLabel - 控件库Debug模式已开启
2026-01-29 17:24:25.156 [JavaFX Application Thread] INFO  o.b.s.BxWinLab.Base.BaseLabel - 控件库Debug模式已开启
2026-01-29 17:24:25.157 [JavaFX Application Thread] INFO  o.b.s.Utils.FileUtil - 成功加载文件/org/bxwbb/spigotplugincreatertool/icon/Universal/OpenFolder.png
2026-01-29 17:24:25.157 [JavaFX Application Thread] INFO  o.b.s.BxWinLab.Base.BaseLabel - 控件库Debug模式已开启
2026-01-29 17:24:25.158 [JavaFX Application Thread] INFO  o.b.s.BxWinLab.Base.BaseLabel - 控件库Debug模式已开启
2026-01-29 17:24:25.158 [JavaFX Application Thread] INFO  o.b.s.BxWinLab.Base.BaseLabel - 控件库Debug模式已开启
2026-01-29 17:24:25.160 [JavaFX Application Thread] INFO  o.b.s.BxWinLab.Base.BaseLabel - 控件库Debug模式已开启
2026-01-29 17:24:25.160 [JavaFX Application Thread] INFO  o.b.s.BxWinLab.Base.BaseLabel - 控件库Debug模式已开启
2026-01-29 17:24:25.160 [JavaFX Application Thread] INFO  o.b.s.BxWinLab.Base.BaseLabel - 控件库Debug模式已开启
2026-01-29 17:24:25.160 [JavaFX Application Thread] INFO  o.b.s.BxWinLab.Base.BaseLabel - 控件库Debug模式已开启
2026-01-29 17:24:25.162 [JavaFX Application Thread] INFO  o.b.s.Utils.FileUtil - 成功加载文件/org/bxwbb/spigotplugincreatertool/icon/Universal/NewProject.png
2026-01-29 17:24:25.163 [JavaFX Application Thread] INFO  o.b.s.BxWinLab.Base.BaseLabel - 控件库Debug模式已开启
2026-01-29 17:24:25.163 [JavaFX Application Thread] INFO  o.b.s.BxWinLab.Base.BaseLabel - 控件库Debug模式已开启
2026-01-29 17:24:25.163 [JavaFX Application Thread] INFO  o.b.s.BxWinLab.Base.BaseLabel - 控件库Debug模式已开启
2026-01-29 17:24:25.163 [JavaFX Application Thread] INFO  o.b.s.BxWinLab.Base.BaseLabel - 控件库Debug模式已开启
2026-01-29 17:24:25.164 [JavaFX Application Thread] INFO  o.b.s.BxWinLab.Base.BaseLabel - 控件库Debug模式已开启
2026-01-29 17:24:25.164 [JavaFX Application Thread] INFO  o.b.s.BxWinLab.Base.BaseLabel - 控件库Debug模式已开启
2026-01-29 17:24:25.164 [JavaFX Application Thread] INFO  o.b.s.BxWinLab.Base.BaseLabel - 控件库Debug模式已开启
2026-01-29 17:24:25.166 [JavaFX Application Thread] INFO  o.b.s.Utils.FileUtil - 成功加载文件/org/bxwbb/spigotplugincreatertool/icon/Universal/Setting.png
2026-01-29 17:24:25.167 [JavaFX Application Thread] INFO  o.b.s.BxWinLab.Base.BaseLabel - 控件库Debug模式已开启
2026-01-29 17:24:25.167 [JavaFX Application Thread] INFO  o.b.s.BxWinLab.Base.BaseLabel - 控件库Debug模式已开启
2026-01-29 17:24:25.167 [JavaFX Application Thread] INFO  o.b.s.BxWinLab.Base.BaseLabel - 控件库Debug模式已开启
2026-01-29 17:24:25.167 [JavaFX Application Thread] INFO  o.b.s.BxWinLab.Base.BaseLabel - 控件库Debug模式已开启
2026-01-29 17:24:25.167 [JavaFX Application Thread] INFO  o.b.s.BxWinLab.Base.BaseLabel - 控件库Debug模式已开启
2026-01-29 17:24:25.167 [JavaFX Application Thread] INFO  o.b.s.BxWinLab.Base.BaseLabel - 控件库Debug模式已开启
2026-01-29 17:24:25.167 [JavaFX Application Thread] INFO  o.b.s.BxWinLab.Base.BaseLabel - 控件库Debug模式已开启
2026-01-29 17:24:25.170 [JavaFX Application Thread] INFO  o.b.s.Utils.FileUtil - 成功加载文件/org/bxwbb/spigotplugincreatertool/icon/Universal/Learn.png
2026-01-29 17:24:25.170 [JavaFX Application Thread] INFO  o.b.s.BxWinLab.Base.BaseLabel - 控件库Debug模式已开启
2026-01-29 17:24:25.171 [JavaFX Application Thread] INFO  o.b.s.BxWinLab.Base.BaseLabel - 控件库Debug模式已开启
2026-01-29 17:24:25.171 [JavaFX Application Thread] INFO  o.b.s.BxWinLab.Base.BaseLabel - 控件库Debug模式已开启
2026-01-29 17:24:25.171 [JavaFX Application Thread] INFO  o.b.s.BxWinLab.Base.BaseLabel - 控件库Debug模式已开启
2026-01-29 17:24:25.171 [JavaFX Application Thread] INFO  o.b.s.BxWinLab.Base.BaseLabel - 控件库Debug模式已开启
2026-01-29 17:24:25.171 [JavaFX Application Thread] INFO  o.b.s.BxWinLab.Base.BaseLabel - 控件库Debug模式已开启
2026-01-29 17:24:25.172 [JavaFX Application Thread] INFO  o.b.s.BxWinLab.Base.BaseLabel - 控件库Debug模式已开启
2026-01-29 17:24:25.173 [JavaFX Application Thread] INFO  o.b.s.Utils.FileUtil - 成功加载文件/org/bxwbb/spigotplugincreatertool/icon/Universal/Quit.png
2026-01-29 17:24:25.174 [JavaFX Application Thread] INFO  o.b.s.BxWinLab.Base.BaseLabel - 控件库Debug模式已开启
2026-01-29 17:24:25.174 [JavaFX Application Thread] INFO  o.b.s.BxWinLab.Base.BaseLabel - 控件库Debug模式已开启
2026-01-29 17:24:25.174 [JavaFX Application Thread] INFO  o.b.s.BxWinLab.Base.BaseLabel - 控件库Debug模式已开启
2026-01-29 17:24:25.174 [JavaFX Application Thread] INFO  o.b.s.BxWinLab.Base.BaseLabel - 控件库Debug模式已开启
2026-01-29 17:24:25.174 [JavaFX Application Thread] INFO  o.b.s.BxWinLab.Base.BaseLabel - 控件库Debug模式已开启
2026-01-29 17:24:25.174 [JavaFX Application Thread] INFO  o.b.s.BxWinLab.Base.BaseLabel - 控件库Debug模式已开启
2026-01-29 17:24:25.174 [JavaFX Application Thread] INFO  o.b.s.BxWinLab.Base.BaseLabel - 控件库Debug模式已开启
2026-01-29 17:24:25.175 [JavaFX Application Thread] INFO  o.b.s.BxWinLab.Base.BaseLabel - 控件库Debug模式已开启
2026-01-29 17:24:25.176 [JavaFX Application Thread] INFO  o.b.s.BxWinLab.Base.BaseLabel - 控件库Debug模式已开启
2026-01-29 17:24:25.177 [JavaFX Application Thread] INFO  o.b.s.BxWinLab.Base.BaseLabel - 控件库Debug模式已开启
2026-01-29 17:24:25.177 [JavaFX Application Thread] INFO  o.b.s.BxWinLab.Base.BaseLabel - 控件库Debug模式已开启
2026-01-29 17:24:25.177 [JavaFX Application Thread] INFO  o.b.s.BxWinLab.Base.BaseLabel - 控件库Debug模式已开启
2026-01-29 17:24:25.183 [JavaFX Application Thread] INFO  o.b.s.BxWinLab.Base.BaseLabel - 控件库Debug模式已开启
2026-01-29 17:24:25.183 [JavaFX Application Thread] INFO  o.b.s.BxWinLab.Base.BaseLabel - 控件库Debug模式已开启
2026-01-29 17:24:25.199 [JavaFX Application Thread] INFO  o.b.s.BxWinLab.Base.BaseLabel - 控件库Debug模式已开启
2026-01-29 17:24:25.200 [JavaFX Application Thread] INFO  o.b.s.BxWinLab.Base.BaseLabel - 控件库Debug模式已开启
2026-01-29 17:24:25.200 [JavaFX Application Thread] INFO  o.b.s.BxWinLab.Base.BaseLabel - 控件库Debug模式已开启
2026-01-29 17:24:25.200 [JavaFX Application Thread] INFO  o.b.s.BxWinLab.Base.BaseLabel - 控件库Debug模式已开启
2026-01-29 17:24:25.200 [JavaFX Application Thread] INFO  o.b.s.BxWinLab.Base.BaseLabel - 控件库Debug模式已开启
2026-01-29 17:24:27.306 [JavaFX Application Thread] INFO  o.b.s.BxWinLab.Base.BaseLabel - 控件焦点改变至 - org.bxwbb.spigotplugincreatertool.BxWinLab.SwitchBox@753634d5
2026-01-29 17:24:31.435 [JavaFX Application Thread] INFO  o.b.s.HelloApplication - 执行停止...
2026-01-29 17:25:26.709 [JavaFX-Launcher] INFO  o.b.s.HelloApplication - 执行初始化...
2026-01-29 17:25:26.714 [JavaFX Application Thread] INFO  o.b.s.HelloApplication - 工具开始启动并加载...
2026-01-29 17:25:26.751 [JavaFX Application Thread] INFO  o.b.s.BxWinLab.Base.BaseLabel - 控件库Debug模式已开启
2026-01-29 17:25:26.756 [JavaFX Application Thread] INFO  o.b.s.BxWinLab.Base.BaseLabel - 控件库Debug模式已开启
2026-01-29 17:25:26.758 [JavaFX Application Thread] INFO  o.b.s.BxWinLab.Base.BaseLabel - 控件库Debug模式已开启
2026-01-29 17:25:26.759 [JavaFX Application Thread] INFO  o.b.s.Utils.FileUtil - 成功加载文件/org/bxwbb/spigotplugincreatertool/icon/icon.png
2026-01-29 17:25:26.904 [JavaFX Application Thread] INFO  o.b.s.BxWinLab.Base.BaseLabel - 控件库Debug模式已开启
2026-01-29 17:25:26.906 [JavaFX Application Thread] INFO  o.b.s.BxWinLab.Base.BaseLabel - 控件库Debug模式已开启
2026-01-29 17:25:26.907 [JavaFX Application Thread] INFO  o.b.s.BxWinLab.Base.BaseLabel - 控件库Debug模式已开启
2026-01-29 17:25:26.907 [JavaFX Application Thread] INFO  o.b.s.BxWinLab.Base.BaseLabel - 控件库Debug模式已开启
2026-01-29 17:25:26.907 [JavaFX Application Thread] INFO  o.b.s.BxWinLab.Base.BaseLabel - 控件库Debug模式已开启
2026-01-29 17:25:26.931 [JavaFX Application Thread] INFO  o.b.s.BxWinLab.Base.BaseLabel - 控件库Debug模式已开启
2026-01-29 17:25:26.947 [JavaFX Application Thread] INFO  o.b.s.BxWinLab.Base.BaseLabel - 控件库Debug模式已开启
2026-01-29 17:25:26.947 [JavaFX Application Thread] INFO  o.b.s.BxWinLab.Base.BaseLabel - 控件库Debug模式已开启
2026-01-29 17:25:26.947 [JavaFX Application Thread] INFO  o.b.s.BxWinLab.Base.BaseLabel - 控件库Debug模式已开启
2026-01-29 17:25:26.948 [JavaFX Application Thread] INFO  o.b.s.BxWinLab.Base.BaseLabel - 控件库Debug模式已开启
2026-01-29 17:25:26.949 [JavaFX Application Thread] INFO  o.b.s.BxWinLab.Base.BaseLabel - 控件库Debug模式已开启
2026-01-29 17:25:26.949 [JavaFX Application Thread] INFO  o.b.s.BxWinLab.Base.BaseLabel - 控件库Debug模式已开启
2026-01-29 17:25:26.950 [JavaFX Application Thread] INFO  o.b.s.Utils.FileUtil - 成功加载文件/org/bxwbb/spigotplugincreatertool/icon/Universal/OpenFolder.png
2026-01-29 17:25:26.951 [JavaFX Application Thread] INFO  o.b.s.BxWinLab.Base.BaseLabel - 控件库Debug模式已开启
2026-01-29 17:25:26.952 [JavaFX Application Thread] INFO  o.b.s.BxWinLab.Base.BaseLabel - 控件库Debug模式已开启
2026-01-29 17:25:26.952 [JavaFX Application Thread] INFO  o.b.s.BxWinLab.Base.BaseLabel - 控件库Debug模式已开启
2026-01-29 17:25:26.953 [JavaFX Application Thread] INFO  o.b.s.BxWinLab.Base.BaseLabel - 控件库Debug模式已开启
2026-01-29 17:25:26.955 [JavaFX Application Thread] INFO  o.b.s.BxWinLab.Base.BaseLabel - 控件库Debug模式已开启
2026-01-29 17:25:26.955 [JavaFX Application Thread] INFO  o.b.s.BxWinLab.Base.BaseLabel - 控件库Debug模式已开启
2026-01-29 17:25:26.955 [JavaFX Application Thread] INFO  o.b.s.BxWinLab.Base.BaseLabel - 控件库Debug模式已开启
2026-01-29 17:25:26.956 [JavaFX Application Thread] INFO  o.b.s.Utils.FileUtil - 成功加载文件/org/bxwbb/spigotplugincreatertool/icon/Universal/NewProject.png
2026-01-29 17:25:26.957 [JavaFX Application Thread] INFO  o.b.s.BxWinLab.Base.BaseLabel - 控件库Debug模式已开启
2026-01-29 17:25:26.957 [JavaFX Application Thread] INFO  o.b.s.BxWinLab.Base.BaseLabel - 控件库Debug模式已开启
2026-01-29 17:25:26.958 [JavaFX Application Thread] INFO  o.b.s.BxWinLab.Base.BaseLabel - 控件库Debug模式已开启
2026-01-29 17:25:26.958 [JavaFX Application Thread] INFO  o.b.s.BxWinLab.Base.BaseLabel - 控件库Debug模式已开启
2026-01-29 17:25:26.958 [JavaFX Application Thread] INFO  o.b.s.BxWinLab.Base.BaseLabel - 控件库Debug模式已开启
2026-01-29 17:25:26.958 [JavaFX Application Thread] INFO  o.b.s.BxWinLab.Base.BaseLabel - 控件库Debug模式已开启
2026-01-29 17:25:26.958 [JavaFX Application Thread] INFO  o.b.s.BxWinLab.Base.BaseLabel - 控件库Debug模式已开启
2026-01-29 17:25:26.960 [JavaFX Application Thread] INFO  o.b.s.Utils.FileUtil - 成功加载文件/org/bxwbb/spigotplugincreatertool/icon/Universal/Setting.png
2026-01-29 17:25:26.961 [JavaFX Application Thread] INFO  o.b.s.BxWinLab.Base.BaseLabel - 控件库Debug模式已开启
2026-01-29 17:25:26.961 [JavaFX Application Thread] INFO  o.b.s.BxWinLab.Base.BaseLabel - 控件库Debug模式已开启
2026-01-29 17:25:26.961 [JavaFX Application Thread] INFO  o.b.s.BxWinLab.Base.BaseLabel - 控件库Debug模式已开启
2026-01-29 17:25:26.961 [JavaFX Application Thread] INFO  o.b.s.BxWinLab.Base.BaseLabel - 控件库Debug模式已开启
2026-01-29 17:25:26.962 [JavaFX Application Thread] INFO  o.b.s.BxWinLab.Base.BaseLabel - 控件库Debug模式已开启
2026-01-29 17:25:26.962 [JavaFX Application Thread] INFO  o.b.s.BxWinLab.Base.BaseLabel - 控件库Debug模式已开启
2026-01-29 17:25:26.962 [JavaFX Application Thread] INFO  o.b.s.BxWinLab.Base.BaseLabel - 控件库Debug模式已开启
2026-01-29 17:25:26.963 [JavaFX Application Thread] INFO  o.b.s.Utils.FileUtil - 成功加载文件/org/bxwbb/spigotplugincreatertool/icon/Universal/Learn.png
2026-01-29 17:25:26.964 [JavaFX Application Thread] INFO  o.b.s.BxWinLab.Base.BaseLabel - 控件库Debug模式已开启
2026-01-29 17:25:26.965 [JavaFX Application Thread] INFO  o.b.s.BxWinLab.Base.BaseLabel - 控件库Debug模式已开启
2026-01-29 17:25:26.965 [JavaFX Application Thread] INFO  o.b.s.BxWinLab.Base.BaseLabel - 控件库Debug模式已开启
2026-01-29 17:25:26.966 [JavaFX Application Thread] INFO  o.b.s.BxWinLab.Base.BaseLabel - 控件库Debug模式已开启
2026-01-29 17:25:26.966 [JavaFX Application Thread] INFO  o.b.s.BxWinLab.Base.BaseLabel - 控件库Debug模式已开启
2026-01-29 17:25:26.966 [JavaFX Application Thread] INFO  o.b.s.BxWinLab.Base.BaseLabel - 控件库Debug模式已开启
2026-01-29 17:25:26.966 [JavaFX Application Thread] INFO  o.b.s.BxWinLab.Base.BaseLabel - 控件库Debug模式已开启
2026-01-29 17:25:26.967 [JavaFX Application Thread] INFO  o.b.s.Utils.FileUtil - 成功加载文件/org/bxwbb/spigotplugincreatertool/icon/Universal/Quit.png
2026-01-29 17:25:26.968 [JavaFX Application Thread] INFO  o.b.s.BxWinLab.Base.BaseLabel - 控件库Debug模式已开启
2026-01-29 17:25:26.969 [JavaFX Application Thread] INFO  o.b.s.BxWinLab.Base.BaseLabel - 控件库Debug模式已开启
2026-01-29 17:25:26.969 [JavaFX Application Thread] INFO  o.b.s.BxWinLab.Base.BaseLabel - 控件库Debug模式已开启
2026-01-29 17:25:26.969 [JavaFX Application Thread] INFO  o.b.s.BxWinLab.Base.BaseLabel - 控件库Debug模式已开启
2026-01-29 17:25:26.969 [JavaFX Application Thread] INFO  o.b.s.BxWinLab.Base.BaseLabel - 控件库Debug模式已开启
2026-01-29 17:25:26.970 [JavaFX Application Thread] INFO  o.b.s.BxWinLab.Base.BaseLabel - 控件库Debug模式已开启
2026-01-29 17:25:26.970 [JavaFX Application Thread] INFO  o.b.s.BxWinLab.Base.BaseLabel - 控件库Debug模式已开启
2026-01-29 17:25:26.971 [JavaFX Application Thread] INFO  o.b.s.BxWinLab.Base.BaseLabel - 控件库Debug模式已开启
2026-01-29 17:25:26.972 [JavaFX Application Thread] INFO  o.b.s.BxWinLab.Base.BaseLabel - 控件库Debug模式已开启
2026-01-29 17:25:26.974 [JavaFX Application Thread] INFO  o.b.s.BxWinLab.Base.BaseLabel - 控件库Debug模式已开启
2026-01-29 17:25:26.974 [JavaFX Application Thread] INFO  o.b.s.BxWinLab.Base.BaseLabel - 控件库Debug模式已开启
2026-01-29 17:25:26.974 [JavaFX Application Thread] INFO  o.b.s.BxWinLab.Base.BaseLabel - 控件库Debug模式已开启
2026-01-29 17:25:26.982 [JavaFX Application Thread] INFO  o.b.s.BxWinLab.Base.BaseLabel - 控件库Debug模式已开启
2026-01-29 17:25:26.982 [JavaFX Application Thread] INFO  o.b.s.BxWinLab.Base.BaseLabel - 控件库Debug模式已开启
2026-01-29 17:25:27.000 [JavaFX Application Thread] INFO  o.b.s.BxWinLab.Base.BaseLabel - 控件库Debug模式已开启
2026-01-29 17:25:27.001 [JavaFX Application Thread] INFO  o.b.s.BxWinLab.Base.BaseLabel - 控件库Debug模式已开启
2026-01-29 17:25:27.001 [JavaFX Application Thread] INFO  o.b.s.BxWinLab.Base.BaseLabel - 控件库Debug模式已开启
2026-01-29 17:25:27.001 [JavaFX Application Thread] INFO  o.b.s.BxWinLab.Base.BaseLabel - 控件库Debug模式已开启
2026-01-29 17:25:27.001 [JavaFX Application Thread] INFO  o.b.s.BxWinLab.Base.BaseLabel - 控件库Debug模式已开启
2026-01-29 17:25:28.094 [JavaFX Application Thread] INFO  o.b.s.BxWinLab.Base.BaseLabel - 控件焦点改变至 - org.bxwbb.spigotplugincreatertool.BxWinLab.SwitchBox@73463812
2026-01-29 17:25:29.754 [JavaFX Application Thread] INFO  o.b.s.BxWinLab.Base.BaseLabel - 控件焦点改变至 - org.bxwbb.spigotplugincreatertool.BxWinLab.SwitchBox@6cadae50
2026-01-29 17:25:31.524 [JavaFX Application Thread] INFO  o.b.s.HelloApplication - 执行停止...
2026-01-29 17:26:43.785 [JavaFX-Launcher] INFO  o.b.s.HelloApplication - 执行初始化...
2026-01-29 17:26:43.791 [JavaFX Application Thread] INFO  o.b.s.HelloApplication - 工具开始启动并加载...
2026-01-29 17:26:43.827 [JavaFX Application Thread] INFO  o.b.s.BxWinLab.Base.BaseLabel - 控件库Debug模式已开启
2026-01-29 17:26:43.832 [JavaFX Application Thread] INFO  o.b.s.BxWinLab.Base.BaseLabel - 控件库Debug模式已开启
2026-01-29 17:26:43.834 [JavaFX Application Thread] INFO  o.b.s.BxWinLab.Base.BaseLabel - 控件库Debug模式已开启
2026-01-29 17:26:43.836 [JavaFX Application Thread] INFO  o.b.s.Utils.FileUtil - 成功加载文件/org/bxwbb/spigotplugincreatertool/icon/icon.png
2026-01-29 17:26:43.988 [JavaFX Application Thread] INFO  o.b.s.BxWinLab.Base.BaseLabel - 控件库Debug模式已开启
2026-01-29 17:26:43.991 [JavaFX Application Thread] INFO  o.b.s.BxWinLab.Base.BaseLabel - 控件库Debug模式已开启
2026-01-29 17:26:43.991 [JavaFX Application Thread] INFO  o.b.s.BxWinLab.Base.BaseLabel - 控件库Debug模式已开启
2026-01-29 17:26:43.991 [JavaFX Application Thread] INFO  o.b.s.BxWinLab.Base.BaseLabel - 控件库Debug模式已开启
2026-01-29 17:26:43.991 [JavaFX Application Thread] INFO  o.b.s.BxWinLab.Base.BaseLabel - 控件库Debug模式已开启
2026-01-29 17:26:44.013 [JavaFX Application Thread] INFO  o.b.s.BxWinLab.Base.BaseLabel - 控件库Debug模式已开启
2026-01-29 17:26:44.028 [JavaFX Application Thread] INFO  o.b.s.BxWinLab.Base.BaseLabel - 控件库Debug模式已开启
2026-01-29 17:26:44.028 [JavaFX Application Thread] INFO  o.b.s.BxWinLab.Base.BaseLabel - 控件库Debug模式已开启
2026-01-29 17:26:44.028 [JavaFX Application Thread] INFO  o.b.s.BxWinLab.Base.BaseLabel - 控件库Debug模式已开启
2026-01-29 17:26:44.028 [JavaFX Application Thread] INFO  o.b.s.BxWinLab.Base.BaseLabel - 控件库Debug模式已开启
2026-01-29 17:26:44.029 [JavaFX Application Thread] INFO  o.b.s.BxWinLab.Base.BaseLabel - 控件库Debug模式已开启
2026-01-29 17:26:44.030 [JavaFX Application Thread] INFO  o.b.s.BxWinLab.Base.BaseLabel - 控件库Debug模式已开启
2026-01-29 17:26:44.030 [JavaFX Application Thread] INFO  o.b.s.Utils.FileUtil - 成功加载文件/org/bxwbb/spigotplugincreatertool/icon/Universal/OpenFolder.png
2026-01-29 17:26:44.030 [JavaFX Application Thread] INFO  o.b.s.BxWinLab.Base.BaseLabel - 控件库Debug模式已开启
2026-01-29 17:26:44.032 [JavaFX Application Thread] INFO  o.b.s.BxWinLab.Base.BaseLabel - 控件库Debug模式已开启
2026-01-29 17:26:44.032 [JavaFX Application Thread] INFO  o.b.s.BxWinLab.Base.BaseLabel - 控件库Debug模式已开启
2026-01-29 17:26:44.033 [JavaFX Application Thread] INFO  o.b.s.BxWinLab.Base.BaseLabel - 控件库Debug模式已开启
2026-01-29 17:26:44.034 [JavaFX Application Thread] INFO  o.b.s.BxWinLab.Base.BaseLabel - 控件库Debug模式已开启
2026-01-29 17:26:44.034 [JavaFX Application Thread] INFO  o.b.s.BxWinLab.Base.BaseLabel - 控件库Debug模式已开启
2026-01-29 17:26:44.034 [JavaFX Application Thread] INFO  o.b.s.BxWinLab.Base.BaseLabel - 控件库Debug模式已开启
2026-01-29 17:26:44.035 [JavaFX Application Thread] INFO  o.b.s.Utils.FileUtil - 成功加载文件/org/bxwbb/spigotplugincreatertool/icon/Universal/NewProject.png
2026-01-29 17:26:44.036 [JavaFX Application Thread] INFO  o.b.s.BxWinLab.Base.BaseLabel - 控件库Debug模式已开启
2026-01-29 17:26:44.036 [JavaFX Application Thread] INFO  o.b.s.BxWinLab.Base.BaseLabel - 控件库Debug模式已开启
2026-01-29 17:26:44.037 [JavaFX Application Thread] INFO  o.b.s.BxWinLab.Base.BaseLabel - 控件库Debug模式已开启
2026-01-29 17:26:44.037 [JavaFX Application Thread] INFO  o.b.s.BxWinLab.Base.BaseLabel - 控件库Debug模式已开启
2026-01-29 17:26:44.037 [JavaFX Application Thread] INFO  o.b.s.BxWinLab.Base.BaseLabel - 控件库Debug模式已开启
2026-01-29 17:26:44.037 [JavaFX Application Thread] INFO  o.b.s.BxWinLab.Base.BaseLabel - 控件库Debug模式已开启
2026-01-29 17:26:44.037 [JavaFX Application Thread] INFO  o.b.s.BxWinLab.Base.BaseLabel - 控件库Debug模式已开启
2026-01-29 17:26:44.038 [JavaFX Application Thread] INFO  o.b.s.Utils.FileUtil - 成功加载文件/org/bxwbb/spigotplugincreatertool/icon/Universal/Setting.png
2026-01-29 17:26:44.039 [JavaFX Application Thread] INFO  o.b.s.BxWinLab.Base.BaseLabel - 控件库Debug模式已开启
2026-01-29 17:26:44.039 [JavaFX Application Thread] INFO  o.b.s.BxWinLab.Base.BaseLabel - 控件库Debug模式已开启
2026-01-29 17:26:44.040 [JavaFX Application Thread] INFO  o.b.s.BxWinLab.Base.BaseLabel - 控件库Debug模式已开启
2026-01-29 17:26:44.040 [JavaFX Application Thread] INFO  o.b.s.BxWinLab.Base.BaseLabel - 控件库Debug模式已开启
2026-01-29 17:26:44.040 [JavaFX Application Thread] INFO  o.b.s.BxWinLab.Base.BaseLabel - 控件库Debug模式已开启
2026-01-29 17:26:44.040 [JavaFX Application Thread] INFO  o.b.s.BxWinLab.Base.BaseLabel - 控件库Debug模式已开启
2026-01-29 17:26:44.040 [JavaFX Application Thread] INFO  o.b.s.BxWinLab.Base.BaseLabel - 控件库Debug模式已开启
2026-01-29 17:26:44.042 [JavaFX Application Thread] INFO  o.b.s.Utils.FileUtil - 成功加载文件/org/bxwbb/spigotplugincreatertool/icon/Universal/Learn.png
2026-01-29 17:26:44.042 [JavaFX Application Thread] INFO  o.b.s.BxWinLab.Base.BaseLabel - 控件库Debug模式已开启
2026-01-29 17:26:44.042 [JavaFX Application Thread] INFO  o.b.s.BxWinLab.Base.BaseLabel - 控件库Debug模式已开启
2026-01-29 17:26:44.042 [JavaFX Application Thread] INFO  o.b.s.BxWinLab.Base.BaseLabel - 控件库Debug模式已开启
2026-01-29 17:26:44.042 [JavaFX Application Thread] INFO  o.b.s.BxWinLab.Base.BaseLabel - 控件库Debug模式已开启
2026-01-29 17:26:44.042 [JavaFX Application Thread] INFO  o.b.s.BxWinLab.Base.BaseLabel - 控件库Debug模式已开启
2026-01-29 17:26:44.043 [JavaFX Application Thread] INFO  o.b.s.BxWinLab.Base.BaseLabel - 控件库Debug模式已开启
2026-01-29 17:26:44.043 [JavaFX Application Thread] INFO  o.b.s.BxWinLab.Base.BaseLabel - 控件库Debug模式已开启
2026-01-29 17:26:44.044 [JavaFX Application Thread] INFO  o.b.s.Utils.FileUtil - 成功加载文件/org/bxwbb/spigotplugincreatertool/icon/Universal/Quit.png
2026-01-29 17:26:44.044 [JavaFX Application Thread] INFO  o.b.s.BxWinLab.Base.BaseLabel - 控件库Debug模式已开启
2026-01-29 17:26:44.044 [JavaFX Application Thread] INFO  o.b.s.BxWinLab.Base.BaseLabel - 控件库Debug模式已开启
2026-01-29 17:26:44.044 [JavaFX Application Thread] INFO  o.b.s.BxWinLab.Base.BaseLabel - 控件库Debug模式已开启
2026-01-29 17:26:44.046 [JavaFX Application Thread] INFO  o.b.s.BxWinLab.Base.BaseLabel - 控件库Debug模式已开启
2026-01-29 17:26:44.046 [JavaFX Application Thread] INFO  o.b.s.BxWinLab.Base.BaseLabel - 控件库Debug模式已开启
2026-01-29 17:26:44.046 [JavaFX Application Thread] INFO  o.b.s.BxWinLab.Base.BaseLabel - 控件库Debug模式已开启
2026-01-29 17:26:44.046 [JavaFX Application Thread] INFO  o.b.s.BxWinLab.Base.BaseLabel - 控件库Debug模式已开启
2026-01-29 17:26:44.047 [JavaFX Application Thread] INFO  o.b.s.BxWinLab.Base.BaseLabel - 控件库Debug模式已开启
2026-01-29 17:26:44.048 [JavaFX Application Thread] INFO  o.b.s.BxWinLab.Base.BaseLabel - 控件库Debug模式已开启
2026-01-29 17:26:44.049 [JavaFX Application Thread] INFO  o.b.s.BxWinLab.Base.BaseLabel - 控件库Debug模式已开启
2026-01-29 17:26:44.049 [JavaFX Application Thread] INFO  o.b.s.BxWinLab.Base.BaseLabel - 控件库Debug模式已开启
2026-01-29 17:26:44.050 [JavaFX Application Thread] INFO  o.b.s.BxWinLab.Base.BaseLabel - 控件库Debug模式已开启
2026-01-29 17:26:44.054 [JavaFX Application Thread] INFO  o.b.s.BxWinLab.Base.BaseLabel - 控件库Debug模式已开启
2026-01-29 17:26:44.054 [JavaFX Application Thread] INFO  o.b.s.BxWinLab.Base.BaseLabel - 控件库Debug模式已开启
2026-01-29 17:26:44.074 [JavaFX Application Thread] INFO  o.b.s.BxWinLab.Base.BaseLabel - 控件库Debug模式已开启
2026-01-29 17:26:44.074 [JavaFX Application Thread] INFO  o.b.s.BxWinLab.Base.BaseLabel - 控件库Debug模式已开启
2026-01-29 17:26:44.074 [JavaFX Application Thread] INFO  o.b.s.BxWinLab.Base.BaseLabel - 控件库Debug模式已开启
2026-01-29 17:26:44.075 [JavaFX Application Thread] INFO  o.b.s.BxWinLab.Base.BaseLabel - 控件库Debug模式已开启
2026-01-29 17:26:44.075 [JavaFX Application Thread] INFO  o.b.s.BxWinLab.Base.BaseLabel - 控件库Debug模式已开启
2026-01-29 17:26:45.418 [JavaFX Application Thread] INFO  o.b.s.BxWinLab.Base.BaseLabel - 控件焦点改变至 - org.bxwbb.spigotplugincreatertool.BxWinLab.SwitchBox@753634d5
2026-01-29 17:26:47.487 [JavaFX Application Thread] INFO  o.b.s.BxWinLab.Base.BaseLabel - 控件焦点改变至 - org.bxwbb.spigotplugincreatertool.BxWinLab.SwitchBox@1d6fc279
2026-01-29 17:26:50.265 [JavaFX Application Thread] INFO  o.b.s.HelloApplication - 执行停止...
2026-01-29 17:26:58.757 [JavaFX-Launcher] INFO  o.b.s.HelloApplication - 执行初始化...
2026-01-29 17:26:58.765 [JavaFX Application Thread] INFO  o.b.s.HelloApplication - 工具开始启动并加载...
2026-01-29 17:26:58.810 [JavaFX Application Thread] INFO  o.b.s.BxWinLab.Base.BaseLabel - 控件库Debug模式已开启
2026-01-29 17:26:58.817 [JavaFX Application Thread] INFO  o.b.s.BxWinLab.Base.BaseLabel - 控件库Debug模式已开启
2026-01-29 17:26:58.819 [JavaFX Application Thread] INFO  o.b.s.BxWinLab.Base.BaseLabel - 控件库Debug模式已开启
2026-01-29 17:26:58.820 [JavaFX Application Thread] INFO  o.b.s.Utils.FileUtil - 成功加载文件/org/bxwbb/spigotplugincreatertool/icon/icon.png
2026-01-29 17:26:58.968 [JavaFX Application Thread] INFO  o.b.s.BxWinLab.Base.BaseLabel - 控件库Debug模式已开启
2026-01-29 17:26:58.971 [JavaFX Application Thread] INFO  o.b.s.BxWinLab.Base.BaseLabel - 控件库Debug模式已开启
2026-01-29 17:26:58.972 [JavaFX Application Thread] INFO  o.b.s.BxWinLab.Base.BaseLabel - 控件库Debug模式已开启
2026-01-29 17:26:58.972 [JavaFX Application Thread] INFO  o.b.s.BxWinLab.Base.BaseLabel - 控件库Debug模式已开启
2026-01-29 17:26:58.972 [JavaFX Application Thread] INFO  o.b.s.BxWinLab.Base.BaseLabel - 控件库Debug模式已开启
2026-01-29 17:26:59.025 [JavaFX Application Thread] INFO  o.b.s.BxWinLab.Base.BaseLabel - 控件库Debug模式已开启
2026-01-29 17:27:32.029 [JavaFX Application Thread] INFO  o.b.s.BxWinLab.Base.BaseLabel - 控件库Debug模式已开启
2026-01-29 17:27:32.030 [JavaFX Application Thread] INFO  o.b.s.BxWinLab.Base.BaseLabel - 控件库Debug模式已开启
2026-01-29 17:27:32.030 [JavaFX Application Thread] INFO  o.b.s.BxWinLab.Base.BaseLabel - 控件库Debug模式已开启
2026-01-29 17:27:32.030 [JavaFX Application Thread] INFO  o.b.s.BxWinLab.Base.BaseLabel - 控件库Debug模式已开启
2026-01-29 17:27:32.031 [JavaFX Application Thread] INFO  o.b.s.BxWinLab.Base.BaseLabel - 控件库Debug模式已开启
2026-01-29 17:27:41.372 [JavaFX Application Thread] INFO  o.b.s.BxWinLab.Base.BaseLabel - 控件库Debug模式已开启
2026-01-29 17:27:41.372 [JavaFX Application Thread] INFO  o.b.s.Utils.FileUtil - 成功加载文件/org/bxwbb/spigotplugincreatertool/icon/Universal/OpenFolder.png
2026-01-29 17:27:41.374 [JavaFX Application Thread] INFO  o.b.s.BxWinLab.Base.BaseLabel - 控件库Debug模式已开启
2026-01-29 17:27:41.375 [JavaFX Application Thread] INFO  o.b.s.BxWinLab.Base.BaseLabel - 控件库Debug模式已开启
2026-01-29 17:27:42.270 [JavaFX Application Thread] INFO  o.b.s.BxWinLab.Base.BaseLabel - 控件库Debug模式已开启
2026-01-29 17:27:42.275 [JavaFX Application Thread] INFO  o.b.s.BxWinLab.Base.BaseLabel - 控件库Debug模式已开启
2026-01-29 17:27:42.276 [JavaFX Application Thread] INFO  o.b.s.BxWinLab.Base.BaseLabel - 控件库Debug模式已开启
2026-01-29 17:27:42.276 [JavaFX Application Thread] INFO  o.b.s.BxWinLab.Base.BaseLabel - 控件库Debug模式已开启
2026-01-29 17:27:42.276 [JavaFX Application Thread] INFO  o.b.s.BxWinLab.Base.BaseLabel - 控件库Debug模式已开启
2026-01-29 17:28:00.254 [JavaFX Application Thread] INFO  o.b.s.Utils.FileUtil - 成功加载文件/org/bxwbb/spigotplugincreatertool/icon/Universal/NewProject.png
2026-01-29 17:28:00.256 [JavaFX Application Thread] INFO  o.b.s.BxWinLab.Base.BaseLabel - 控件库Debug模式已开启
2026-01-29 17:28:00.256 [JavaFX Application Thread] INFO  o.b.s.BxWinLab.Base.BaseLabel - 控件库Debug模式已开启
2026-01-29 17:28:00.257 [JavaFX Application Thread] INFO  o.b.s.BxWinLab.Base.BaseLabel - 控件库Debug模式已开启
2026-01-29 17:28:00.257 [JavaFX Application Thread] INFO  o.b.s.BxWinLab.Base.BaseLabel - 控件库Debug模式已开启
2026-01-29 17:28:00.257 [JavaFX Application Thread] INFO  o.b.s.BxWinLab.Base.BaseLabel - 控件库Debug模式已开启
2026-01-29 17:28:00.257 [JavaFX Application Thread] INFO  o.b.s.BxWinLab.Base.BaseLabel - 控件库Debug模式已开启
2026-01-29 17:28:00.257 [JavaFX Application Thread] INFO  o.b.s.BxWinLab.Base.BaseLabel - 控件库Debug模式已开启
2026-01-29 17:28:00.259 [JavaFX Application Thread] INFO  o.b.s.Utils.FileUtil - 成功加载文件/org/bxwbb/spigotplugincreatertool/icon/Universal/Setting.png
2026-01-29 17:28:00.260 [JavaFX Application Thread] INFO  o.b.s.BxWinLab.Base.BaseLabel - 控件库Debug模式已开启
2026-01-29 17:28:00.260 [JavaFX Application Thread] INFO  o.b.s.BxWinLab.Base.BaseLabel - 控件库Debug模式已开启
2026-01-29 17:28:00.260 [JavaFX Application Thread] INFO  o.b.s.BxWinLab.Base.BaseLabel - 控件库Debug模式已开启
2026-01-29 17:28:00.261 [JavaFX Application Thread] INFO  o.b.s.BxWinLab.Base.BaseLabel - 控件库Debug模式已开启
2026-01-29 17:28:00.261 [JavaFX Application Thread] INFO  o.b.s.BxWinLab.Base.BaseLabel - 控件库Debug模式已开启
2026-01-29 17:28:00.261 [JavaFX Application Thread] INFO  o.b.s.BxWinLab.Base.BaseLabel - 控件库Debug模式已开启
2026-01-29 17:28:00.261 [JavaFX Application Thread] INFO  o.b.s.BxWinLab.Base.BaseLabel - 控件库Debug模式已开启
2026-01-29 17:28:00.262 [JavaFX Application Thread] INFO  o.b.s.Utils.FileUtil - 成功加载文件/org/bxwbb/spigotplugincreatertool/icon/Universal/Learn.png
2026-01-29 17:28:00.263 [JavaFX Application Thread] INFO  o.b.s.BxWinLab.Base.BaseLabel - 控件库Debug模式已开启
2026-01-29 17:28:00.263 [JavaFX Application Thread] INFO  o.b.s.BxWinLab.Base.BaseLabel - 控件库Debug模式已开启
2026-01-29 17:28:00.263 [JavaFX Application Thread] INFO  o.b.s.BxWinLab.Base.BaseLabel - 控件库Debug模式已开启
2026-01-29 17:28:00.264 [JavaFX Application Thread] INFO  o.b.s.BxWinLab.Base.BaseLabel - 控件库Debug模式已开启
2026-01-29 17:28:00.264 [JavaFX Application Thread] INFO  o.b.s.BxWinLab.Base.BaseLabel - 控件库Debug模式已开启
2026-01-29 17:28:00.264 [JavaFX Application Thread] INFO  o.b.s.BxWinLab.Base.BaseLabel - 控件库Debug模式已开启
2026-01-29 17:28:00.264 [JavaFX Application Thread] INFO  o.b.s.BxWinLab.Base.BaseLabel - 控件库Debug模式已开启
2026-01-29 17:28:00.265 [JavaFX Application Thread] INFO  o.b.s.Utils.FileUtil - 成功加载文件/org/bxwbb/spigotplugincreatertool/icon/Universal/Quit.png
2026-01-29 17:28:00.266 [JavaFX Application Thread] INFO  o.b.s.BxWinLab.Base.BaseLabel - 控件库Debug模式已开启
2026-01-29 17:28:00.266 [JavaFX Application Thread] INFO  o.b.s.BxWinLab.Base.BaseLabel - 控件库Debug模式已开启
2026-01-29 17:28:00.267 [JavaFX Application Thread] INFO  o.b.s.BxWinLab.Base.BaseLabel - 控件库Debug模式已开启
2026-01-29 17:28:00.267 [JavaFX Application Thread] INFO  o.b.s.BxWinLab.Base.BaseLabel - 控件库Debug模式已开启
2026-01-29 17:28:00.267 [JavaFX Application Thread] INFO  o.b.s.BxWinLab.Base.BaseLabel - 控件库Debug模式已开启
2026-01-29 17:28:00.267 [JavaFX Application Thread] INFO  o.b.s.BxWinLab.Base.BaseLabel - 控件库Debug模式已开启
2026-01-29 17:28:00.267 [JavaFX Application Thread] INFO  o.b.s.BxWinLab.Base.BaseLabel - 控件库Debug模式已开启
2026-01-29 17:28:00.268 [JavaFX Application Thread] INFO  o.b.s.BxWinLab.Base.BaseLabel - 控件库Debug模式已开启
2026-01-29 17:28:00.269 [JavaFX Application Thread] INFO  o.b.s.BxWinLab.Base.BaseLabel - 控件库Debug模式已开启
2026-01-29 17:28:00.270 [JavaFX Application Thread] INFO  o.b.s.BxWinLab.Base.BaseLabel - 控件库Debug模式已开启
2026-01-29 17:28:00.271 [JavaFX Application Thread] INFO  o.b.s.BxWinLab.Base.BaseLabel - 控件库Debug模式已开启
2026-01-29 17:28:00.271 [JavaFX Application Thread] INFO  o.b.s.BxWinLab.Base.BaseLabel - 控件库Debug模式已开启
2026-01-29 17:28:00.277 [JavaFX Application Thread] INFO  o.b.s.BxWinLab.Base.BaseLabel - 控件库Debug模式已开启
2026-01-29 17:28:00.277 [JavaFX Application Thread] INFO  o.b.s.BxWinLab.Base.BaseLabel - 控件库Debug模式已开启
2026-01-29 17:28:37.919 [JavaFX-Launcher] INFO  o.b.s.HelloApplication - 执行初始化...
2026-01-29 17:28:37.924 [JavaFX Application Thread] INFO  o.b.s.HelloApplication - 工具开始启动并加载...
2026-01-29 17:28:37.961 [JavaFX Application Thread] INFO  o.b.s.BxWinLab.Base.BaseLabel - 控件库Debug模式已开启
2026-01-29 17:28:37.967 [JavaFX Application Thread] INFO  o.b.s.BxWinLab.Base.BaseLabel - 控件库Debug模式已开启
2026-01-29 17:28:37.969 [JavaFX Application Thread] INFO  o.b.s.BxWinLab.Base.BaseLabel - 控件库Debug模式已开启
2026-01-29 17:28:37.970 [JavaFX Application Thread] INFO  o.b.s.Utils.FileUtil - 成功加载文件/org/bxwbb/spigotplugincreatertool/icon/icon.png
2026-01-29 17:28:38.116 [JavaFX Application Thread] INFO  o.b.s.BxWinLab.Base.BaseLabel - 控件库Debug模式已开启
2026-01-29 17:28:38.118 [JavaFX Application Thread] INFO  o.b.s.BxWinLab.Base.BaseLabel - 控件库Debug模式已开启
2026-01-29 17:28:38.119 [JavaFX Application Thread] INFO  o.b.s.BxWinLab.Base.BaseLabel - 控件库Debug模式已开启
2026-01-29 17:28:38.119 [JavaFX Application Thread] INFO  o.b.s.BxWinLab.Base.BaseLabel - 控件库Debug模式已开启
2026-01-29 17:28:38.119 [JavaFX Application Thread] INFO  o.b.s.BxWinLab.Base.BaseLabel - 控件库Debug模式已开启
2026-01-29 17:28:38.143 [JavaFX Application Thread] INFO  o.b.s.BxWinLab.Base.BaseLabel - 控件库Debug模式已开启
2026-01-29 17:28:38.158 [JavaFX Application Thread] INFO  o.b.s.BxWinLab.Base.BaseLabel - 控件库Debug模式已开启
2026-01-29 17:28:38.158 [JavaFX Application Thread] INFO  o.b.s.BxWinLab.Base.BaseLabel - 控件库Debug模式已开启
2026-01-29 17:28:38.158 [JavaFX Application Thread] INFO  o.b.s.BxWinLab.Base.BaseLabel - 控件库Debug模式已开启
2026-01-29 17:28:38.158 [JavaFX Application Thread] INFO  o.b.s.BxWinLab.Base.BaseLabel - 控件库Debug模式已开启
2026-01-29 17:28:38.160 [JavaFX Application Thread] INFO  o.b.s.BxWinLab.Base.BaseLabel - 控件库Debug模式已开启
2026-01-29 17:28:38.160 [JavaFX Application Thread] INFO  o.b.s.BxWinLab.Base.BaseLabel - 控件库Debug模式已开启
2026-01-29 17:28:38.160 [JavaFX Application Thread] INFO  o.b.s.Utils.FileUtil - 成功加载文件/org/bxwbb/spigotplugincreatertool/icon/Universal/OpenFolder.png
2026-01-29 17:28:38.161 [JavaFX Application Thread] INFO  o.b.s.BxWinLab.Base.BaseLabel - 控件库Debug模式已开启
2026-01-29 17:28:38.161 [JavaFX Application Thread] INFO  o.b.s.BxWinLab.Base.BaseLabel - 控件库Debug模式已开启
2026-01-29 17:28:38.161 [JavaFX Application Thread] INFO  o.b.s.BxWinLab.Base.BaseLabel - 控件库Debug模式已开启
2026-01-29 17:28:38.163 [JavaFX Application Thread] INFO  o.b.s.BxWinLab.Base.BaseLabel - 控件库Debug模式已开启
2026-01-29 17:28:38.163 [JavaFX Application Thread] INFO  o.b.s.BxWinLab.Base.BaseLabel - 控件库Debug模式已开启
2026-01-29 17:28:38.163 [JavaFX Application Thread] INFO  o.b.s.BxWinLab.Base.BaseLabel - 控件库Debug模式已开启
2026-01-29 17:28:38.163 [JavaFX Application Thread] INFO  o.b.s.BxWinLab.Base.BaseLabel - 控件库Debug模式已开启
2026-01-29 17:28:38.165 [JavaFX Application Thread] INFO  o.b.s.Utils.FileUtil - 成功加载文件/org/bxwbb/spigotplugincreatertool/icon/Universal/NewProject.png
2026-01-29 17:28:38.166 [JavaFX Application Thread] INFO  o.b.s.BxWinLab.Base.BaseLabel - 控件库Debug模式已开启
2026-01-29 17:28:38.166 [JavaFX Application Thread] INFO  o.b.s.BxWinLab.Base.BaseLabel - 控件库Debug模式已开启
2026-01-29 17:28:38.166 [JavaFX Application Thread] INFO  o.b.s.BxWinLab.Base.BaseLabel - 控件库Debug模式已开启
2026-01-29 17:28:38.166 [JavaFX Application Thread] INFO  o.b.s.BxWinLab.Base.BaseLabel - 控件库Debug模式已开启
2026-01-29 17:28:38.166 [JavaFX Application Thread] INFO  o.b.s.BxWinLab.Base.BaseLabel - 控件库Debug模式已开启
2026-01-29 17:28:38.166 [JavaFX Application Thread] INFO  o.b.s.BxWinLab.Base.BaseLabel - 控件库Debug模式已开启
2026-01-29 17:28:38.168 [JavaFX Application Thread] INFO  o.b.s.BxWinLab.Base.BaseLabel - 控件库Debug模式已开启
2026-01-29 17:28:38.169 [JavaFX Application Thread] INFO  o.b.s.Utils.FileUtil - 成功加载文件/org/bxwbb/spigotplugincreatertool/icon/Universal/Setting.png
2026-01-29 17:28:38.170 [JavaFX Application Thread] INFO  o.b.s.BxWinLab.Base.BaseLabel - 控件库Debug模式已开启
2026-01-29 17:28:38.170 [JavaFX Application Thread] INFO  o.b.s.BxWinLab.Base.BaseLabel - 控件库Debug模式已开启
2026-01-29 17:28:38.171 [JavaFX Application Thread] INFO  o.b.s.BxWinLab.Base.BaseLabel - 控件库Debug模式已开启
2026-01-29 17:28:38.171 [JavaFX Application Thread] INFO  o.b.s.BxWinLab.Base.BaseLabel - 控件库Debug模式已开启
2026-01-29 17:28:38.171 [JavaFX Application Thread] INFO  o.b.s.BxWinLab.Base.BaseLabel - 控件库Debug模式已开启
2026-01-29 17:28:38.171 [JavaFX Application Thread] INFO  o.b.s.BxWinLab.Base.BaseLabel - 控件库Debug模式已开启
2026-01-29 17:28:38.171 [JavaFX Application Thread] INFO  o.b.s.BxWinLab.Base.BaseLabel - 控件库Debug模式已开启
2026-01-29 17:28:38.172 [JavaFX Application Thread] INFO  o.b.s.Utils.FileUtil - 成功加载文件/org/bxwbb/spigotplugincreatertool/icon/Universal/Learn.png
2026-01-29 17:28:38.173 [JavaFX Application Thread] INFO  o.b.s.BxWinLab.Base.BaseLabel - 控件库Debug模式已开启
2026-01-29 17:28:38.173 [JavaFX Application Thread] INFO  o.b.s.BxWinLab.Base.BaseLabel - 控件库Debug模式已开启
2026-01-29 17:28:38.173 [JavaFX Application Thread] INFO  o.b.s.BxWinLab.Base.BaseLabel - 控件库Debug模式已开启
2026-01-29 17:28:38.174 [JavaFX Application Thread] INFO  o.b.s.BxWinLab.Base.BaseLabel - 控件库Debug模式已开启
2026-01-29 17:28:38.174 [JavaFX Application Thread] INFO  o.b.s.BxWinLab.Base.BaseLabel - 控件库Debug模式已开启
2026-01-29 17:28:38.174 [JavaFX Application Thread] INFO  o.b.s.BxWinLab.Base.BaseLabel - 控件库Debug模式已开启
2026-01-29 17:28:38.174 [JavaFX Application Thread] INFO  o.b.s.BxWinLab.Base.BaseLabel - 控件库Debug模式已开启
2026-01-29 17:28:38.175 [JavaFX Application Thread] INFO  o.b.s.Utils.FileUtil - 成功加载文件/org/bxwbb/spigotplugincreatertool/icon/Universal/Quit.png
2026-01-29 17:28:38.176 [JavaFX Application Thread] INFO  o.b.s.BxWinLab.Base.BaseLabel - 控件库Debug模式已开启
2026-01-29 17:28:38.176 [JavaFX Application Thread] INFO  o.b.s.BxWinLab.Base.BaseLabel - 控件库Debug模式已开启
2026-01-29 17:28:38.176 [JavaFX Application Thread] INFO  o.b.s.BxWinLab.Base.BaseLabel - 控件库Debug模式已开启
2026-01-29 17:28:38.176 [JavaFX Application Thread] INFO  o.b.s.BxWinLab.Base.BaseLabel - 控件库Debug模式已开启
2026-01-29 17:28:38.176 [JavaFX Application Thread] INFO  o.b.s.BxWinLab.Base.BaseLabel - 控件库Debug模式已开启
2026-01-29 17:28:38.176 [JavaFX Application Thread] INFO  o.b.s.BxWinLab.Base.BaseLabel - 控件库Debug模式已开启
2026-01-29 17:28:38.176 [JavaFX Application Thread] INFO  o.b.s.BxWinLab.Base.BaseLabel - 控件库Debug模式已开启
2026-01-29 17:28:38.178 [JavaFX Application Thread] INFO  o.b.s.BxWinLab.Base.BaseLabel - 控件库Debug模式已开启
2026-01-29 17:28:38.179 [JavaFX Application Thread] INFO  o.b.s.BxWinLab.Base.BaseLabel - 控件库Debug模式已开启
2026-01-29 17:28:38.180 [JavaFX Application Thread] INFO  o.b.s.BxWinLab.Base.BaseLabel - 控件库Debug模式已开启
2026-01-29 17:28:38.180 [JavaFX Application Thread] INFO  o.b.s.BxWinLab.Base.BaseLabel - 控件库Debug模式已开启
2026-01-29 17:28:38.180 [JavaFX Application Thread] INFO  o.b.s.BxWinLab.Base.BaseLabel - 控件库Debug模式已开启
2026-01-29 17:28:38.186 [JavaFX Application Thread] INFO  o.b.s.BxWinLab.Base.BaseLabel - 控件库Debug模式已开启
2026-01-29 17:28:38.186 [JavaFX Application Thread] INFO  o.b.s.BxWinLab.Base.BaseLabel - 控件库Debug模式已开启
2026-01-29 17:28:38.204 [JavaFX Application Thread] INFO  o.b.s.BxWinLab.Base.BaseLabel - 控件库Debug模式已开启
2026-01-29 17:28:38.204 [JavaFX Application Thread] INFO  o.b.s.BxWinLab.Base.BaseLabel - 控件库Debug模式已开启
2026-01-29 17:28:38.204 [JavaFX Application Thread] INFO  o.b.s.BxWinLab.Base.BaseLabel - 控件库Debug模式已开启
2026-01-29 17:28:38.204 [JavaFX Application Thread] INFO  o.b.s.BxWinLab.Base.BaseLabel - 控件库Debug模式已开启
2026-01-29 17:28:38.204 [JavaFX Application Thread] INFO  o.b.s.BxWinLab.Base.BaseLabel - 控件库Debug模式已开启
2026-01-29 17:28:41.335 [JavaFX Application Thread] INFO  o.b.s.HelloApplication - 执行停止...
2026-01-29 17:28:56.036 [JavaFX-Launcher] INFO  o.b.s.HelloApplication - 执行初始化...
2026-01-29 17:28:56.042 [JavaFX Application Thread] INFO  o.b.s.HelloApplication - 工具开始启动并加载...
2026-01-29 17:28:56.078 [JavaFX Application Thread] INFO  o.b.s.BxWinLab.Base.BaseLabel - 控件库Debug模式已开启
2026-01-29 17:28:56.083 [JavaFX Application Thread] INFO  o.b.s.BxWinLab.Base.BaseLabel - 控件库Debug模式已开启
2026-01-29 17:28:56.086 [JavaFX Application Thread] INFO  o.b.s.BxWinLab.Base.BaseLabel - 控件库Debug模式已开启
2026-01-29 17:28:56.087 [JavaFX Application Thread] INFO  o.b.s.Utils.FileUtil - 成功加载文件/org/bxwbb/spigotplugincreatertool/icon/icon.png
2026-01-29 17:28:56.230 [JavaFX Application Thread] INFO  o.b.s.BxWinLab.Base.BaseLabel - 控件库Debug模式已开启
2026-01-29 17:28:56.232 [JavaFX Application Thread] INFO  o.b.s.BxWinLab.Base.BaseLabel - 控件库Debug模式已开启
2026-01-29 17:28:56.232 [JavaFX Application Thread] INFO  o.b.s.BxWinLab.Base.BaseLabel - 控件库Debug模式已开启
2026-01-29 17:28:56.233 [JavaFX Application Thread] INFO  o.b.s.BxWinLab.Base.BaseLabel - 控件库Debug模式已开启
2026-01-29 17:28:56.233 [JavaFX Application Thread] INFO  o.b.s.BxWinLab.Base.BaseLabel - 控件库Debug模式已开启
2026-01-29 17:28:56.256 [JavaFX Application Thread] INFO  o.b.s.BxWinLab.Base.BaseLabel - 控件库Debug模式已开启
2026-01-29 17:28:56.271 [JavaFX Application Thread] INFO  o.b.s.BxWinLab.Base.BaseLabel - 控件库Debug模式已开启
2026-01-29 17:28:56.271 [JavaFX Application Thread] INFO  o.b.s.BxWinLab.Base.BaseLabel - 控件库Debug模式已开启
2026-01-29 17:28:56.271 [JavaFX Application Thread] INFO  o.b.s.BxWinLab.Base.BaseLabel - 控件库Debug模式已开启
2026-01-29 17:28:56.271 [JavaFX Application Thread] INFO  o.b.s.BxWinLab.Base.BaseLabel - 控件库Debug模式已开启
2026-01-29 17:28:56.272 [JavaFX Application Thread] INFO  o.b.s.BxWinLab.Base.BaseLabel - 控件库Debug模式已开启
2026-01-29 17:28:56.273 [JavaFX Application Thread] INFO  o.b.s.BxWinLab.Base.BaseLabel - 控件库Debug模式已开启
2026-01-29 17:28:56.273 [JavaFX Application Thread] INFO  o.b.s.Utils.FileUtil - 成功加载文件/org/bxwbb/spigotplugincreatertool/icon/Universal/OpenFolder.png
2026-01-29 17:28:56.276 [JavaFX Application Thread] INFO  o.b.s.BxWinLab.Base.BaseLabel - 控件库Debug模式已开启
2026-01-29 17:28:56.276 [JavaFX Application Thread] INFO  o.b.s.BxWinLab.Base.BaseLabel - 控件库Debug模式已开启
2026-01-29 17:28:56.276 [JavaFX Application Thread] INFO  o.b.s.BxWinLab.Base.BaseLabel - 控件库Debug模式已开启
2026-01-29 17:28:56.278 [JavaFX Application Thread] INFO  o.b.s.BxWinLab.Base.BaseLabel - 控件库Debug模式已开启
2026-01-29 17:28:56.278 [JavaFX Application Thread] INFO  o.b.s.BxWinLab.Base.BaseLabel - 控件库Debug模式已开启
2026-01-29 17:28:56.278 [JavaFX Application Thread] INFO  o.b.s.BxWinLab.Base.BaseLabel - 控件库Debug模式已开启
2026-01-29 17:28:56.278 [JavaFX Application Thread] INFO  o.b.s.BxWinLab.Base.BaseLabel - 控件库Debug模式已开启
2026-01-29 17:28:56.279 [JavaFX Application Thread] INFO  o.b.s.Utils.FileUtil - 成功加载文件/org/bxwbb/spigotplugincreatertool/icon/Universal/NewProject.png
2026-01-29 17:28:56.280 [JavaFX Application Thread] INFO  o.b.s.BxWinLab.Base.BaseLabel - 控件库Debug模式已开启
2026-01-29 17:28:56.280 [JavaFX Application Thread] INFO  o.b.s.BxWinLab.Base.BaseLabel - 控件库Debug模式已开启
2026-01-29 17:28:56.281 [JavaFX Application Thread] INFO  o.b.s.BxWinLab.Base.BaseLabel - 控件库Debug模式已开启
2026-01-29 17:28:56.281 [JavaFX Application Thread] INFO  o.b.s.BxWinLab.Base.BaseLabel - 控件库Debug模式已开启
2026-01-29 17:28:56.281 [JavaFX Application Thread] INFO  o.b.s.BxWinLab.Base.BaseLabel - 控件库Debug模式已开启
2026-01-29 17:28:56.281 [JavaFX Application Thread] INFO  o.b.s.BxWinLab.Base.BaseLabel - 控件库Debug模式已开启
2026-01-29 17:28:56.281 [JavaFX Application Thread] INFO  o.b.s.BxWinLab.Base.BaseLabel - 控件库Debug模式已开启
2026-01-29 17:28:56.282 [JavaFX Application Thread] INFO  o.b.s.Utils.FileUtil - 成功加载文件/org/bxwbb/spigotplugincreatertool/icon/Universal/Setting.png
2026-01-29 17:28:56.284 [JavaFX Application Thread] INFO  o.b.s.BxWinLab.Base.BaseLabel - 控件库Debug模式已开启
2026-01-29 17:28:56.284 [JavaFX Application Thread] INFO  o.b.s.BxWinLab.Base.BaseLabel - 控件库Debug模式已开启
2026-01-29 17:28:56.284 [JavaFX Application Thread] INFO  o.b.s.BxWinLab.Base.BaseLabel - 控件库Debug模式已开启
2026-01-29 17:28:56.284 [JavaFX Application Thread] INFO  o.b.s.BxWinLab.Base.BaseLabel - 控件库Debug模式已开启
2026-01-29 17:28:56.284 [JavaFX Application Thread] INFO  o.b.s.BxWinLab.Base.BaseLabel - 控件库Debug模式已开启
2026-01-29 17:28:56.284 [JavaFX Application Thread] INFO  o.b.s.BxWinLab.Base.BaseLabel - 控件库Debug模式已开启
2026-01-29 17:28:56.284 [JavaFX Application Thread] INFO  o.b.s.BxWinLab.Base.BaseLabel - 控件库Debug模式已开启
2026-01-29 17:28:56.286 [JavaFX Application Thread] INFO  o.b.s.Utils.FileUtil - 成功加载文件/org/bxwbb/spigotplugincreatertool/icon/Universal/Learn.png
2026-01-29 17:28:56.287 [JavaFX Application Thread] INFO  o.b.s.BxWinLab.Base.BaseLabel - 控件库Debug模式已开启
2026-01-29 17:28:56.287 [JavaFX Application Thread] INFO  o.b.s.BxWinLab.Base.BaseLabel - 控件库Debug模式已开启
2026-01-29 17:28:56.287 [JavaFX Application Thread] INFO  o.b.s.BxWinLab.Base.BaseLabel - 控件库Debug模式已开启
2026-01-29 17:28:56.288 [JavaFX Application Thread] INFO  o.b.s.BxWinLab.Base.BaseLabel - 控件库Debug模式已开启
2026-01-29 17:28:56.288 [JavaFX Application Thread] INFO  o.b.s.BxWinLab.Base.BaseLabel - 控件库Debug模式已开启
2026-01-29 17:28:56.288 [JavaFX Application Thread] INFO  o.b.s.BxWinLab.Base.BaseLabel - 控件库Debug模式已开启
2026-01-29 17:28:56.288 [JavaFX Application Thread] INFO  o.b.s.BxWinLab.Base.BaseLabel - 控件库Debug模式已开启
2026-01-29 17:28:56.289 [JavaFX Application Thread] INFO  o.b.s.Utils.FileUtil - 成功加载文件/org/bxwbb/spigotplugincreatertool/icon/Universal/Quit.png
2026-01-29 17:28:56.289 [JavaFX Application Thread] INFO  o.b.s.BxWinLab.Base.BaseLabel - 控件库Debug模式已开启
2026-01-29 17:28:56.289 [JavaFX Application Thread] INFO  o.b.s.BxWinLab.Base.BaseLabel - 控件库Debug模式已开启
2026-01-29 17:28:56.290 [JavaFX Application Thread] INFO  o.b.s.BxWinLab.Base.BaseLabel - 控件库Debug模式已开启
2026-01-29 17:28:56.290 [JavaFX Application Thread] INFO  o.b.s.BxWinLab.Base.BaseLabel - 控件库Debug模式已开启
2026-01-29 17:28:56.290 [JavaFX Application Thread] INFO  o.b.s.BxWinLab.Base.BaseLabel - 控件库Debug模式已开启
2026-01-29 17:28:56.290 [JavaFX Application Thread] INFO  o.b.s.BxWinLab.Base.BaseLabel - 控件库Debug模式已开启
2026-01-29 17:28:56.291 [JavaFX Application Thread] INFO  o.b.s.BxWinLab.Base.BaseLabel - 控件库Debug模式已开启
2026-01-29 17:28:56.291 [JavaFX Application Thread] INFO  o.b.s.BxWinLab.Base.BaseLabel - 控件库Debug模式已开启
2026-01-29 17:28:56.292 [JavaFX Application Thread] INFO  o.b.s.BxWinLab.Base.BaseLabel - 控件库Debug模式已开启
2026-01-29 17:28:56.293 [JavaFX Application Thread] INFO  o.b.s.BxWinLab.Base.BaseLabel - 控件库Debug模式已开启
2026-01-29 17:28:56.293 [JavaFX Application Thread] INFO  o.b.s.BxWinLab.Base.BaseLabel - 控件库Debug模式已开启
2026-01-29 17:28:56.293 [JavaFX Application Thread] INFO  o.b.s.BxWinLab.Base.BaseLabel - 控件库Debug模式已开启
2026-01-29 17:28:56.298 [JavaFX Application Thread] INFO  o.b.s.BxWinLab.Base.BaseLabel - 控件库Debug模式已开启
2026-01-29 17:28:56.299 [JavaFX Application Thread] INFO  o.b.s.BxWinLab.Base.BaseLabel - 控件库Debug模式已开启
2026-01-29 17:28:56.314 [JavaFX Application Thread] INFO  o.b.s.BxWinLab.Base.BaseLabel - 控件库Debug模式已开启
2026-01-29 17:28:56.314 [JavaFX Application Thread] INFO  o.b.s.BxWinLab.Base.BaseLabel - 控件库Debug模式已开启
2026-01-29 17:28:56.314 [JavaFX Application Thread] INFO  o.b.s.BxWinLab.Base.BaseLabel - 控件库Debug模式已开启
2026-01-29 17:28:56.314 [JavaFX Application Thread] INFO  o.b.s.BxWinLab.Base.BaseLabel - 控件库Debug模式已开启
2026-01-29 17:28:56.314 [JavaFX Application Thread] INFO  o.b.s.BxWinLab.Base.BaseLabel - 控件库Debug模式已开启
2026-01-29 17:29:05.603 [JavaFX Application Thread] INFO  o.b.s.BxWinLab.Base.BaseLabel - 控件焦点改变至 - org.bxwbb.spigotplugincreatertool.BxWinLab.SwitchBox@753634d5
2026-01-29 17:29:08.753 [JavaFX Application Thread] INFO  o.b.s.HelloApplication - 执行停止...
2026-01-29 17:29:19.984 [JavaFX-Launcher] INFO  o.b.s.HelloApplication - 执行初始化...
2026-01-29 17:29:19.990 [JavaFX Application Thread] INFO  o.b.s.HelloApplication - 工具开始启动并加载...
2026-01-29 17:29:20.025 [JavaFX Application Thread] INFO  o.b.s.BxWinLab.Base.BaseLabel - 控件库Debug模式已开启
2026-01-29 17:29:20.030 [JavaFX Application Thread] INFO  o.b.s.BxWinLab.Base.BaseLabel - 控件库Debug模式已开启
2026-01-29 17:29:20.033 [JavaFX Application Thread] INFO  o.b.s.BxWinLab.Base.BaseLabel - 控件库Debug模式已开启
2026-01-29 17:29:20.034 [JavaFX Application Thread] INFO  o.b.s.Utils.FileUtil - 成功加载文件/org/bxwbb/spigotplugincreatertool/icon/icon.png
2026-01-29 17:29:20.182 [JavaFX Application Thread] INFO  o.b.s.BxWinLab.Base.BaseLabel - 控件库Debug模式已开启
2026-01-29 17:29:20.184 [JavaFX Application Thread] INFO  o.b.s.BxWinLab.Base.BaseLabel - 控件库Debug模式已开启
2026-01-29 17:29:20.184 [JavaFX Application Thread] INFO  o.b.s.BxWinLab.Base.BaseLabel - 控件库Debug模式已开启
2026-01-29 17:29:20.185 [JavaFX Application Thread] INFO  o.b.s.BxWinLab.Base.BaseLabel - 控件库Debug模式已开启
2026-01-29 17:29:20.185 [JavaFX Application Thread] INFO  o.b.s.BxWinLab.Base.BaseLabel - 控件库Debug模式已开启
2026-01-29 17:29:20.207 [JavaFX Application Thread] INFO  o.b.s.BxWinLab.Base.BaseLabel - 控件库Debug模式已开启
2026-01-29 17:29:20.221 [JavaFX Application Thread] INFO  o.b.s.BxWinLab.Base.BaseLabel - 控件库Debug模式已开启
2026-01-29 17:29:20.221 [JavaFX Application Thread] INFO  o.b.s.BxWinLab.Base.BaseLabel - 控件库Debug模式已开启
2026-01-29 17:29:20.221 [JavaFX Application Thread] INFO  o.b.s.BxWinLab.Base.BaseLabel - 控件库Debug模式已开启
2026-01-29 17:29:20.221 [JavaFX Application Thread] INFO  o.b.s.BxWinLab.Base.BaseLabel - 控件库Debug模式已开启
2026-01-29 17:29:20.222 [JavaFX Application Thread] INFO  o.b.s.BxWinLab.Base.BaseLabel - 控件库Debug模式已开启
2026-01-29 17:29:20.223 [JavaFX Application Thread] INFO  o.b.s.BxWinLab.Base.BaseLabel - 控件库Debug模式已开启
2026-01-29 17:29:20.223 [JavaFX Application Thread] INFO  o.b.s.Utils.FileUtil - 成功加载文件/org/bxwbb/spigotplugincreatertool/icon/Universal/OpenFolder.png
2026-01-29 17:29:20.224 [JavaFX Application Thread] INFO  o.b.s.BxWinLab.Base.BaseLabel - 控件库Debug模式已开启
2026-01-29 17:29:20.224 [JavaFX Application Thread] INFO  o.b.s.BxWinLab.Base.BaseLabel - 控件库Debug模式已开启
2026-01-29 17:29:20.225 [JavaFX Application Thread] INFO  o.b.s.BxWinLab.Base.BaseLabel - 控件库Debug模式已开启
2026-01-29 17:29:20.226 [JavaFX Application Thread] INFO  o.b.s.BxWinLab.Base.BaseLabel - 控件库Debug模式已开启
2026-01-29 17:29:20.226 [JavaFX Application Thread] INFO  o.b.s.BxWinLab.Base.BaseLabel - 控件库Debug模式已开启
2026-01-29 17:29:20.227 [JavaFX Application Thread] INFO  o.b.s.BxWinLab.Base.BaseLabel - 控件库Debug模式已开启
2026-01-29 17:29:20.227 [JavaFX Application Thread] INFO  o.b.s.BxWinLab.Base.BaseLabel - 控件库Debug模式已开启
2026-01-29 17:29:20.228 [JavaFX Application Thread] INFO  o.b.s.Utils.FileUtil - 成功加载文件/org/bxwbb/spigotplugincreatertool/icon/Universal/NewProject.png
2026-01-29 17:29:20.229 [JavaFX Application Thread] INFO  o.b.s.BxWinLab.Base.BaseLabel - 控件库Debug模式已开启
2026-01-29 17:29:20.230 [JavaFX Application Thread] INFO  o.b.s.BxWinLab.Base.BaseLabel - 控件库Debug模式已开启
2026-01-29 17:29:20.230 [JavaFX Application Thread] INFO  o.b.s.BxWinLab.Base.BaseLabel - 控件库Debug模式已开启
2026-01-29 17:29:20.230 [JavaFX Application Thread] INFO  o.b.s.BxWinLab.Base.BaseLabel - 控件库Debug模式已开启
2026-01-29 17:29:20.230 [JavaFX Application Thread] INFO  o.b.s.BxWinLab.Base.BaseLabel - 控件库Debug模式已开启
2026-01-29 17:29:20.231 [JavaFX Application Thread] INFO  o.b.s.BxWinLab.Base.BaseLabel - 控件库Debug模式已开启
2026-01-29 17:29:20.231 [JavaFX Application Thread] INFO  o.b.s.BxWinLab.Base.BaseLabel - 控件库Debug模式已开启
2026-01-29 17:29:20.233 [JavaFX Application Thread] INFO  o.b.s.Utils.FileUtil - 成功加载文件/org/bxwbb/spigotplugincreatertool/icon/Universal/Setting.png
2026-01-29 17:29:20.234 [JavaFX Application Thread] INFO  o.b.s.BxWinLab.Base.BaseLabel - 控件库Debug模式已开启
2026-01-29 17:29:20.234 [JavaFX Application Thread] INFO  o.b.s.BxWinLab.Base.BaseLabel - 控件库Debug模式已开启
2026-01-29 17:29:20.234 [JavaFX Application Thread] INFO  o.b.s.BxWinLab.Base.BaseLabel - 控件库Debug模式已开启
2026-01-29 17:29:20.234 [JavaFX Application Thread] INFO  o.b.s.BxWinLab.Base.BaseLabel - 控件库Debug模式已开启
2026-01-29 17:29:20.234 [JavaFX Application Thread] INFO  o.b.s.BxWinLab.Base.BaseLabel - 控件库Debug模式已开启
2026-01-29 17:29:20.234 [JavaFX Application Thread] INFO  o.b.s.BxWinLab.Base.BaseLabel - 控件库Debug模式已开启
2026-01-29 17:29:20.234 [JavaFX Application Thread] INFO  o.b.s.BxWinLab.Base.BaseLabel - 控件库Debug模式已开启
2026-01-29 17:29:20.236 [JavaFX Application Thread] INFO  o.b.s.Utils.FileUtil - 成功加载文件/org/bxwbb/spigotplugincreatertool/icon/Universal/Learn.png
2026-01-29 17:29:20.237 [JavaFX Application Thread] INFO  o.b.s.BxWinLab.Base.BaseLabel - 控件库Debug模式已开启
2026-01-29 17:29:20.237 [JavaFX Application Thread] INFO  o.b.s.BxWinLab.Base.BaseLabel - 控件库Debug模式已开启
2026-01-29 17:29:20.237 [JavaFX Application Thread] INFO  o.b.s.BxWinLab.Base.BaseLabel - 控件库Debug模式已开启
2026-01-29 17:29:20.237 [JavaFX Application Thread] INFO  o.b.s.BxWinLab.Base.BaseLabel - 控件库Debug模式已开启
2026-01-29 17:29:20.237 [JavaFX Application Thread] INFO  o.b.s.BxWinLab.Base.BaseLabel - 控件库Debug模式已开启
2026-01-29 17:29:20.237 [JavaFX Application Thread] INFO  o.b.s.BxWinLab.Base.BaseLabel - 控件库Debug模式已开启
2026-01-29 17:29:20.237 [JavaFX Application Thread] INFO  o.b.s.BxWinLab.Base.BaseLabel - 控件库Debug模式已开启
2026-01-29 17:29:20.238 [JavaFX Application Thread] INFO  o.b.s.Utils.FileUtil - 成功加载文件/org/bxwbb/spigotplugincreatertool/icon/Universal/Quit.png
2026-01-29 17:29:20.239 [JavaFX Application Thread] INFO  o.b.s.BxWinLab.Base.BaseLabel - 控件库Debug模式已开启
2026-01-29 17:29:20.239 [JavaFX Application Thread] INFO  o.b.s.BxWinLab.Base.BaseLabel - 控件库Debug模式已开启
2026-01-29 17:29:20.240 [JavaFX Application Thread] INFO  o.b.s.BxWinLab.Base.BaseLabel - 控件库Debug模式已开启
2026-01-29 17:29:20.240 [JavaFX Application Thread] INFO  o.b.s.BxWinLab.Base.BaseLabel - 控件库Debug模式已开启
2026-01-29 17:29:20.241 [JavaFX Application Thread] INFO  o.b.s.BxWinLab.Base.BaseLabel - 控件库Debug模式已开启
2026-01-29 17:29:20.241 [JavaFX Application Thread] INFO  o.b.s.BxWinLab.Base.BaseLabel - 控件库Debug模式已开启
2026-01-29 17:29:20.241 [JavaFX Application Thread] INFO  o.b.s.BxWinLab.Base.BaseLabel - 控件库Debug模式已开启
2026-01-29 17:29:20.242 [JavaFX Application Thread] INFO  o.b.s.BxWinLab.Base.BaseLabel - 控件库Debug模式已开启
2026-01-29 17:29:20.242 [JavaFX Application Thread] INFO  o.b.s.BxWinLab.Base.BaseLabel - 控件库Debug模式已开启
2026-01-29 17:29:20.244 [JavaFX Application Thread] INFO  o.b.s.BxWinLab.Base.BaseLabel - 控件库Debug模式已开启
2026-01-29 17:29:20.245 [JavaFX Application Thread] INFO  o.b.s.BxWinLab.Base.BaseLabel - 控件库Debug模式已开启
2026-01-29 17:29:20.245 [JavaFX Application Thread] INFO  o.b.s.BxWinLab.Base.BaseLabel - 控件库Debug模式已开启
2026-01-29 17:29:20.249 [JavaFX Application Thread] INFO  o.b.s.BxWinLab.Base.BaseLabel - 控件库Debug模式已开启
2026-01-29 17:29:20.250 [JavaFX Application Thread] INFO  o.b.s.BxWinLab.Base.BaseLabel - 控件库Debug模式已开启
2026-01-29 17:29:20.267 [JavaFX Application Thread] INFO  o.b.s.BxWinLab.Base.BaseLabel - 控件库Debug模式已开启
2026-01-29 17:29:20.268 [JavaFX Application Thread] INFO  o.b.s.BxWinLab.Base.BaseLabel - 控件库Debug模式已开启
2026-01-29 17:29:20.268 [JavaFX Application Thread] INFO  o.b.s.BxWinLab.Base.BaseLabel - 控件库Debug模式已开启
2026-01-29 17:29:20.268 [JavaFX Application Thread] INFO  o.b.s.BxWinLab.Base.BaseLabel - 控件库Debug模式已开启
2026-01-29 17:29:20.268 [JavaFX Application Thread] INFO  o.b.s.BxWinLab.Base.BaseLabel - 控件库Debug模式已开启
2026-01-29 17:29:21.520 [JavaFX Application Thread] INFO  o.b.s.BxWinLab.Base.BaseLabel - 控件焦点改变至 - org.bxwbb.spigotplugincreatertool.BxWinLab.SwitchBox@3412064c
2026-01-29 17:29:23.988 [JavaFX Application Thread] INFO  o.b.s.HelloApplication - 执行停止...
2026-01-29 17:31:38.765 [JavaFX-Launcher] INFO  o.b.s.HelloApplication - 执行初始化...
2026-01-29 17:31:38.771 [JavaFX Application Thread] INFO  o.b.s.HelloApplication - 工具开始启动并加载...
2026-01-29 17:31:38.807 [JavaFX Application Thread] INFO  o.b.s.BxWinLab.Base.BaseLabel - 控件库Debug模式已开启
2026-01-29 17:31:38.813 [JavaFX Application Thread] INFO  o.b.s.BxWinLab.Base.BaseLabel - 控件库Debug模式已开启
2026-01-29 17:31:38.814 [JavaFX Application Thread] INFO  o.b.s.BxWinLab.Base.BaseLabel - 控件库Debug模式已开启
2026-01-29 17:31:38.816 [JavaFX Application Thread] INFO  o.b.s.Utils.FileUtil - 成功加载文件/org/bxwbb/spigotplugincreatertool/icon/icon.png
2026-01-29 17:31:38.963 [JavaFX Application Thread] INFO  o.b.s.BxWinLab.Base.BaseLabel - 控件库Debug模式已开启
2026-01-29 17:31:38.965 [JavaFX Application Thread] INFO  o.b.s.BxWinLab.Base.BaseLabel - 控件库Debug模式已开启
2026-01-29 17:31:38.965 [JavaFX Application Thread] INFO  o.b.s.BxWinLab.Base.BaseLabel - 控件库Debug模式已开启
2026-01-29 17:31:38.965 [JavaFX Application Thread] INFO  o.b.s.BxWinLab.Base.BaseLabel - 控件库Debug模式已开启
2026-01-29 17:31:38.965 [JavaFX Application Thread] INFO  o.b.s.BxWinLab.Base.BaseLabel - 控件库Debug模式已开启
2026-01-29 17:31:38.988 [JavaFX Application Thread] INFO  o.b.s.BxWinLab.Base.BaseLabel - 控件库Debug模式已开启
2026-01-29 17:31:39.003 [JavaFX Application Thread] INFO  o.b.s.BxWinLab.Base.BaseLabel - 控件库Debug模式已开启
2026-01-29 17:31:39.003 [JavaFX Application Thread] INFO  o.b.s.BxWinLab.Base.BaseLabel - 控件库Debug模式已开启
2026-01-29 17:31:39.003 [JavaFX Application Thread] INFO  o.b.s.BxWinLab.Base.BaseLabel - 控件库Debug模式已开启
2026-01-29 17:31:39.003 [JavaFX Application Thread] INFO  o.b.s.BxWinLab.Base.BaseLabel - 控件库Debug模式已开启
2026-01-29 17:31:39.005 [JavaFX Application Thread] INFO  o.b.s.BxWinLab.Base.BaseLabel - 控件库Debug模式已开启
2026-01-29 17:31:39.006 [JavaFX Application Thread] INFO  o.b.s.BxWinLab.Base.BaseLabel - 控件库Debug模式已开启
2026-01-29 17:31:39.006 [JavaFX Application Thread] INFO  o.b.s.Utils.FileUtil - 成功加载文件/org/bxwbb/spigotplugincreatertool/icon/Universal/OpenFolder.png
2026-01-29 17:31:39.007 [JavaFX Application Thread] INFO  o.b.s.BxWinLab.Base.BaseLabel - 控件库Debug模式已开启
2026-01-29 17:31:39.007 [JavaFX Application Thread] INFO  o.b.s.BxWinLab.Base.BaseLabel - 控件库Debug模式已开启
2026-01-29 17:31:39.008 [JavaFX Application Thread] INFO  o.b.s.BxWinLab.Base.BaseLabel - 控件库Debug模式已开启
2026-01-29 17:31:39.009 [JavaFX Application Thread] INFO  o.b.s.BxWinLab.Base.BaseLabel - 控件库Debug模式已开启
2026-01-29 17:31:39.009 [JavaFX Application Thread] INFO  o.b.s.BxWinLab.Base.BaseLabel - 控件库Debug模式已开启
2026-01-29 17:31:39.009 [JavaFX Application Thread] INFO  o.b.s.BxWinLab.Base.BaseLabel - 控件库Debug模式已开启
2026-01-29 17:31:39.009 [JavaFX Application Thread] INFO  o.b.s.BxWinLab.Base.BaseLabel - 控件库Debug模式已开启
2026-01-29 17:31:39.010 [JavaFX Application Thread] INFO  o.b.s.Utils.FileUtil - 成功加载文件/org/bxwbb/spigotplugincreatertool/icon/Universal/NewProject.png
2026-01-29 17:31:39.011 [JavaFX Application Thread] INFO  o.b.s.BxWinLab.Base.BaseLabel - 控件库Debug模式已开启
2026-01-29 17:31:39.011 [JavaFX Application Thread] INFO  o.b.s.BxWinLab.Base.BaseLabel - 控件库Debug模式已开启
2026-01-29 17:31:39.013 [JavaFX Application Thread] INFO  o.b.s.BxWinLab.Base.BaseLabel - 控件库Debug模式已开启
2026-01-29 17:31:39.013 [JavaFX Application Thread] INFO  o.b.s.BxWinLab.Base.BaseLabel - 控件库Debug模式已开启
2026-01-29 17:31:39.014 [JavaFX Application Thread] INFO  o.b.s.BxWinLab.Base.BaseLabel - 控件库Debug模式已开启
2026-01-29 17:31:39.014 [JavaFX Application Thread] INFO  o.b.s.BxWinLab.Base.BaseLabel - 控件库Debug模式已开启
2026-01-29 17:31:39.014 [JavaFX Application Thread] INFO  o.b.s.BxWinLab.Base.BaseLabel - 控件库Debug模式已开启
2026-01-29 17:31:39.015 [JavaFX Application Thread] INFO  o.b.s.Utils.FileUtil - 成功加载文件/org/bxwbb/spigotplugincreatertool/icon/Universal/Setting.png
2026-01-29 17:31:39.015 [JavaFX Application Thread] INFO  o.b.s.BxWinLab.Base.BaseLabel - 控件库Debug模式已开启
2026-01-29 17:31:39.016 [JavaFX Application Thread] INFO  o.b.s.BxWinLab.Base.BaseLabel - 控件库Debug模式已开启
2026-01-29 17:31:39.016 [JavaFX Application Thread] INFO  o.b.s.BxWinLab.Base.BaseLabel - 控件库Debug模式已开启
2026-01-29 17:31:39.016 [JavaFX Application Thread] INFO  o.b.s.BxWinLab.Base.BaseLabel - 控件库Debug模式已开启
2026-01-29 17:31:39.016 [JavaFX Application Thread] INFO  o.b.s.BxWinLab.Base.BaseLabel - 控件库Debug模式已开启
2026-01-29 17:31:39.016 [JavaFX Application Thread] INFO  o.b.s.BxWinLab.Base.BaseLabel - 控件库Debug模式已开启
2026-01-29 17:31:39.016 [JavaFX Application Thread] INFO  o.b.s.BxWinLab.Base.BaseLabel - 控件库Debug模式已开启
2026-01-29 17:31:39.019 [JavaFX Application Thread] INFO  o.b.s.Utils.FileUtil - 成功加载文件/org/bxwbb/spigotplugincreatertool/icon/Universal/Learn.png
2026-01-29 17:31:39.019 [JavaFX Application Thread] INFO  o.b.s.BxWinLab.Base.BaseLabel - 控件库Debug模式已开启
2026-01-29 17:31:39.019 [JavaFX Application Thread] INFO  o.b.s.BxWinLab.Base.BaseLabel - 控件库Debug模式已开启
2026-01-29 17:31:39.020 [JavaFX Application Thread] INFO  o.b.s.BxWinLab.Base.BaseLabel - 控件库Debug模式已开启
2026-01-29 17:31:39.020 [JavaFX Application Thread] INFO  o.b.s.BxWinLab.Base.BaseLabel - 控件库Debug模式已开启
2026-01-29 17:31:39.020 [JavaFX Application Thread] INFO  o.b.s.BxWinLab.Base.BaseLabel - 控件库Debug模式已开启
2026-01-29 17:31:39.020 [JavaFX Application Thread] INFO  o.b.s.BxWinLab.Base.BaseLabel - 控件库Debug模式已开启
2026-01-29 17:31:39.021 [JavaFX Application Thread] INFO  o.b.s.BxWinLab.Base.BaseLabel - 控件库Debug模式已开启
2026-01-29 17:31:39.022 [JavaFX Application Thread] INFO  o.b.s.Utils.FileUtil - 成功加载文件/org/bxwbb/spigotplugincreatertool/icon/Universal/Quit.png
2026-01-29 17:31:39.022 [JavaFX Application Thread] INFO  o.b.s.BxWinLab.Base.BaseLabel - 控件库Debug模式已开启
2026-01-29 17:31:39.023 [JavaFX Application Thread] INFO  o.b.s.BxWinLab.Base.BaseLabel - 控件库Debug模式已开启
2026-01-29 17:31:39.023 [JavaFX Application Thread] INFO  o.b.s.BxWinLab.Base.BaseLabel - 控件库Debug模式已开启
2026-01-29 17:31:39.023 [JavaFX Application Thread] INFO  o.b.s.BxWinLab.Base.BaseLabel - 控件库Debug模式已开启
2026-01-29 17:31:39.023 [JavaFX Application Thread] INFO  o.b.s.BxWinLab.Base.BaseLabel - 控件库Debug模式已开启
2026-01-29 17:31:39.023 [JavaFX Application Thread] INFO  o.b.s.BxWinLab.Base.BaseLabel - 控件库Debug模式已开启
2026-01-29 17:31:39.023 [JavaFX Application Thread] INFO  o.b.s.BxWinLab.Base.BaseLabel - 控件库Debug模式已开启
2026-01-29 17:31:39.024 [JavaFX Application Thread] INFO  o.b.s.BxWinLab.Base.BaseLabel - 控件库Debug模式已开启
2026-01-29 17:31:39.025 [JavaFX Application Thread] INFO  o.b.s.BxWinLab.Base.BaseLabel - 控件库Debug模式已开启
2026-01-29 17:31:39.026 [JavaFX Application Thread] INFO  o.b.s.BxWinLab.Base.BaseLabel - 控件库Debug模式已开启
2026-01-29 17:31:39.026 [JavaFX Application Thread] INFO  o.b.s.BxWinLab.Base.BaseLabel - 控件库Debug模式已开启
2026-01-29 17:31:39.026 [JavaFX Application Thread] INFO  o.b.s.BxWinLab.Base.BaseLabel - 控件库Debug模式已开启
2026-01-29 17:31:39.030 [JavaFX Application Thread] INFO  o.b.s.BxWinLab.Base.BaseLabel - 控件库Debug模式已开启
2026-01-29 17:31:39.031 [JavaFX Application Thread] INFO  o.b.s.BxWinLab.Base.BaseLabel - 控件库Debug模式已开启
2026-01-29 17:31:39.048 [JavaFX Application Thread] INFO  o.b.s.BxWinLab.Base.BaseLabel - 控件库Debug模式已开启
2026-01-29 17:31:39.048 [JavaFX Application Thread] INFO  o.b.s.BxWinLab.Base.BaseLabel - 控件库Debug模式已开启
2026-01-29 17:31:39.050 [JavaFX Application Thread] INFO  o.b.s.BxWinLab.Base.BaseLabel - 控件库Debug模式已开启
2026-01-29 17:31:39.050 [JavaFX Application Thread] INFO  o.b.s.BxWinLab.Base.BaseLabel - 控件库Debug模式已开启
2026-01-29 17:31:39.050 [JavaFX Application Thread] INFO  o.b.s.BxWinLab.Base.BaseLabel - 控件库Debug模式已开启
2026-01-29 17:31:55.209 [JavaFX Application Thread] INFO  o.b.s.HelloApplication - 执行停止...
2026-01-29 17:40:06.327 [JavaFX-Launcher] INFO  o.b.s.HelloApplication - 执行初始化...
2026-01-29 17:40:06.332 [JavaFX Application Thread] INFO  o.b.s.HelloApplication - 工具开始启动并加载...
2026-01-29 17:40:06.368 [JavaFX Application Thread] INFO  o.b.s.BxWinLab.Base.BaseLabel - 控件库Debug模式已开启
2026-01-29 17:40:06.374 [JavaFX Application Thread] INFO  o.b.s.BxWinLab.Base.BaseLabel - 控件库Debug模式已开启
2026-01-29 17:40:06.375 [JavaFX Application Thread] INFO  o.b.s.BxWinLab.Base.BaseLabel - 控件库Debug模式已开启
2026-01-29 17:40:06.378 [JavaFX Application Thread] INFO  o.b.s.Utils.FileUtil - 成功加载文件/org/bxwbb/spigotplugincreatertool/icon/icon.png
2026-01-29 17:40:06.521 [JavaFX Application Thread] INFO  o.b.s.BxWinLab.Base.BaseLabel - 控件库Debug模式已开启
2026-01-29 17:40:06.524 [JavaFX Application Thread] INFO  o.b.s.BxWinLab.Base.BaseLabel - 控件库Debug模式已开启
2026-01-29 17:40:06.524 [JavaFX Application Thread] INFO  o.b.s.BxWinLab.Base.BaseLabel - 控件库Debug模式已开启
2026-01-29 17:40:06.525 [JavaFX Application Thread] INFO  o.b.s.BxWinLab.Base.BaseLabel - 控件库Debug模式已开启
2026-01-29 17:40:06.525 [JavaFX Application Thread] INFO  o.b.s.BxWinLab.Base.BaseLabel - 控件库Debug模式已开启
2026-01-29 17:40:06.546 [JavaFX Application Thread] INFO  o.b.s.BxWinLab.Base.BaseLabel - 控件库Debug模式已开启
2026-01-29 17:40:06.561 [JavaFX Application Thread] INFO  o.b.s.BxWinLab.Base.BaseLabel - 控件库Debug模式已开启
2026-01-29 17:40:06.561 [JavaFX Application Thread] INFO  o.b.s.BxWinLab.Base.BaseLabel - 控件库Debug模式已开启
2026-01-29 17:40:06.561 [JavaFX Application Thread] INFO  o.b.s.BxWinLab.Base.BaseLabel - 控件库Debug模式已开启
2026-01-29 17:40:06.561 [JavaFX Application Thread] INFO  o.b.s.BxWinLab.Base.BaseLabel - 控件库Debug模式已开启
2026-01-29 17:40:06.562 [JavaFX Application Thread] INFO  o.b.s.BxWinLab.Base.BaseLabel - 控件库Debug模式已开启
2026-01-29 17:40:06.563 [JavaFX Application Thread] INFO  o.b.s.BxWinLab.Base.BaseLabel - 控件库Debug模式已开启
2026-01-29 17:40:06.563 [JavaFX Application Thread] INFO  o.b.s.Utils.FileUtil - 成功加载文件/org/bxwbb/spigotplugincreatertool/icon/Universal/OpenFolder.png
2026-01-29 17:40:06.566 [JavaFX Application Thread] INFO  o.b.s.BxWinLab.Base.BaseLabel - 控件库Debug模式已开启
2026-01-29 17:40:06.566 [JavaFX Application Thread] INFO  o.b.s.BxWinLab.Base.BaseLabel - 控件库Debug模式已开启
2026-01-29 17:40:06.566 [JavaFX Application Thread] INFO  o.b.s.BxWinLab.Base.BaseLabel - 控件库Debug模式已开启
2026-01-29 17:40:06.568 [JavaFX Application Thread] INFO  o.b.s.BxWinLab.Base.BaseLabel - 控件库Debug模式已开启
2026-01-29 17:40:06.568 [JavaFX Application Thread] INFO  o.b.s.BxWinLab.Base.BaseLabel - 控件库Debug模式已开启
2026-01-29 17:40:06.568 [JavaFX Application Thread] INFO  o.b.s.BxWinLab.Base.BaseLabel - 控件库Debug模式已开启
2026-01-29 17:40:06.568 [JavaFX Application Thread] INFO  o.b.s.BxWinLab.Base.BaseLabel - 控件库Debug模式已开启
2026-01-29 17:40:06.570 [JavaFX Application Thread] INFO  o.b.s.Utils.FileUtil - 成功加载文件/org/bxwbb/spigotplugincreatertool/icon/Universal/NewProject.png
2026-01-29 17:40:06.571 [JavaFX Application Thread] INFO  o.b.s.BxWinLab.Base.BaseLabel - 控件库Debug模式已开启
2026-01-29 17:40:06.571 [JavaFX Application Thread] INFO  o.b.s.BxWinLab.Base.BaseLabel - 控件库Debug模式已开启
2026-01-29 17:40:06.571 [JavaFX Application Thread] INFO  o.b.s.BxWinLab.Base.BaseLabel - 控件库Debug模式已开启
2026-01-29 17:40:06.571 [JavaFX Application Thread] INFO  o.b.s.BxWinLab.Base.BaseLabel - 控件库Debug模式已开启
2026-01-29 17:40:06.572 [JavaFX Application Thread] INFO  o.b.s.BxWinLab.Base.BaseLabel - 控件库Debug模式已开启
2026-01-29 17:40:06.572 [JavaFX Application Thread] INFO  o.b.s.BxWinLab.Base.BaseLabel - 控件库Debug模式已开启
2026-01-29 17:40:06.572 [JavaFX Application Thread] INFO  o.b.s.BxWinLab.Base.BaseLabel - 控件库Debug模式已开启
2026-01-29 17:40:06.573 [JavaFX Application Thread] INFO  o.b.s.Utils.FileUtil - 成功加载文件/org/bxwbb/spigotplugincreatertool/icon/Universal/Setting.png
2026-01-29 17:40:06.573 [JavaFX Application Thread] INFO  o.b.s.BxWinLab.Base.BaseLabel - 控件库Debug模式已开启
2026-01-29 17:40:06.574 [JavaFX Application Thread] INFO  o.b.s.BxWinLab.Base.BaseLabel - 控件库Debug模式已开启
2026-01-29 17:40:06.574 [JavaFX Application Thread] INFO  o.b.s.BxWinLab.Base.BaseLabel - 控件库Debug模式已开启
2026-01-29 17:40:06.574 [JavaFX Application Thread] INFO  o.b.s.BxWinLab.Base.BaseLabel - 控件库Debug模式已开启
2026-01-29 17:40:06.574 [JavaFX Application Thread] INFO  o.b.s.BxWinLab.Base.BaseLabel - 控件库Debug模式已开启
2026-01-29 17:40:06.575 [JavaFX Application Thread] INFO  o.b.s.BxWinLab.Base.BaseLabel - 控件库Debug模式已开启
2026-01-29 17:40:06.575 [JavaFX Application Thread] INFO  o.b.s.BxWinLab.Base.BaseLabel - 控件库Debug模式已开启
2026-01-29 17:40:06.577 [JavaFX Application Thread] INFO  o.b.s.Utils.FileUtil - 成功加载文件/org/bxwbb/spigotplugincreatertool/icon/Universal/Learn.png
2026-01-29 17:40:06.577 [JavaFX Application Thread] INFO  o.b.s.BxWinLab.Base.BaseLabel - 控件库Debug模式已开启
2026-01-29 17:40:06.578 [JavaFX Application Thread] INFO  o.b.s.BxWinLab.Base.BaseLabel - 控件库Debug模式已开启
2026-01-29 17:40:06.578 [JavaFX Application Thread] INFO  o.b.s.BxWinLab.Base.BaseLabel - 控件库Debug模式已开启
2026-01-29 17:40:06.578 [JavaFX Application Thread] INFO  o.b.s.BxWinLab.Base.BaseLabel - 控件库Debug模式已开启
2026-01-29 17:40:06.578 [JavaFX Application Thread] INFO  o.b.s.BxWinLab.Base.BaseLabel - 控件库Debug模式已开启
2026-01-29 17:40:06.578 [JavaFX Application Thread] INFO  o.b.s.BxWinLab.Base.BaseLabel - 控件库Debug模式已开启
2026-01-29 17:40:06.579 [JavaFX Application Thread] INFO  o.b.s.BxWinLab.Base.BaseLabel - 控件库Debug模式已开启
2026-01-29 17:40:06.579 [JavaFX Application Thread] INFO  o.b.s.Utils.FileUtil - 成功加载文件/org/bxwbb/spigotplugincreatertool/icon/Universal/Quit.png
2026-01-29 17:40:06.580 [JavaFX Application Thread] INFO  o.b.s.BxWinLab.Base.BaseLabel - 控件库Debug模式已开启
2026-01-29 17:40:06.580 [JavaFX Application Thread] INFO  o.b.s.BxWinLab.Base.BaseLabel - 控件库Debug模式已开启
2026-01-29 17:40:06.580 [JavaFX Application Thread] INFO  o.b.s.BxWinLab.Base.BaseLabel - 控件库Debug模式已开启
2026-01-29 17:40:06.580 [JavaFX Application Thread] INFO  o.b.s.BxWinLab.Base.BaseLabel - 控件库Debug模式已开启
2026-01-29 17:40:06.580 [JavaFX Application Thread] INFO  o.b.s.BxWinLab.Base.BaseLabel - 控件库Debug模式已开启
2026-01-29 17:40:06.580 [JavaFX Application Thread] INFO  o.b.s.BxWinLab.Base.BaseLabel - 控件库Debug模式已开启
2026-01-29 17:40:06.580 [JavaFX Application Thread] INFO  o.b.s.BxWinLab.Base.BaseLabel - 控件库Debug模式已开启
2026-01-29 17:40:06.581 [JavaFX Application Thread] INFO  o.b.s.BxWinLab.Base.BaseLabel - 控件库Debug模式已开启
2026-01-29 17:40:06.582 [JavaFX Application Thread] INFO  o.b.s.BxWinLab.Base.BaseLabel - 控件库Debug模式已开启
2026-01-29 17:40:06.583 [JavaFX Application Thread] INFO  o.b.s.BxWinLab.Base.BaseLabel - 控件库Debug模式已开启
2026-01-29 17:40:06.583 [JavaFX Application Thread] INFO  o.b.s.BxWinLab.Base.BaseLabel - 控件库Debug模式已开启
2026-01-29 17:40:06.584 [JavaFX Application Thread] INFO  o.b.s.BxWinLab.Base.BaseLabel - 控件库Debug模式已开启
2026-01-29 17:40:06.584 [JavaFX Application Thread] WARN  o.b.s.BxWinLab.HideMenu - false
2026-01-29 17:40:06.585 [JavaFX Application Thread] WARN  o.b.s.BxWinLab.HideMenu - 250.0
2026-01-29 17:40:06.588 [JavaFX Application Thread] INFO  o.b.s.BxWinLab.Base.BaseLabel - 控件库Debug模式已开启
2026-01-29 17:40:06.590 [JavaFX Application Thread] INFO  o.b.s.BxWinLab.Base.BaseLabel - 控件库Debug模式已开启
2026-01-29 17:40:06.607 [JavaFX Application Thread] INFO  o.b.s.BxWinLab.Base.BaseLabel - 控件库Debug模式已开启
2026-01-29 17:40:06.607 [JavaFX Application Thread] INFO  o.b.s.BxWinLab.Base.BaseLabel - 控件库Debug模式已开启
2026-01-29 17:40:06.607 [JavaFX Application Thread] INFO  o.b.s.BxWinLab.Base.BaseLabel - 控件库Debug模式已开启
2026-01-29 17:40:06.607 [JavaFX Application Thread] INFO  o.b.s.BxWinLab.Base.BaseLabel - 控件库Debug模式已开启
2026-01-29 17:40:06.607 [JavaFX Application Thread] INFO  o.b.s.BxWinLab.Base.BaseLabel - 控件库Debug模式已开启
2026-01-29 17:40:06.608 [JavaFX Application Thread] WARN  o.b.s.BxWinLab.HideMenu - true
2026-01-29 17:40:06.608 [JavaFX Application Thread] WARN  o.b.s.BxWinLab.HideMenu - 60.0
2026-01-29 17:40:22.180 [JavaFX Application Thread] INFO  o.b.s.BxWinLab.Base.BaseLabel - 控件焦点改变至 - org.bxwbb.spigotplugincreatertool.BxWinLab.SwitchBox@26138c92
2026-01-29 17:40:24.022 [JavaFX Application Thread] INFO  o.b.s.HelloApplication - 执行停止...
2026-01-29 17:41:33.901 [JavaFX-Launcher] INFO  o.b.s.HelloApplication - 执行初始化...
2026-01-29 17:41:33.908 [JavaFX Application Thread] INFO  o.b.s.HelloApplication - 工具开始启动并加载...
2026-01-29 17:41:33.963 [JavaFX Application Thread] INFO  o.b.s.BxWinLab.Base.BaseLabel - 控件库Debug模式已开启
2026-01-29 17:41:33.970 [JavaFX Application Thread] INFO  o.b.s.BxWinLab.Base.BaseLabel - 控件库Debug模式已开启
2026-01-29 17:41:33.972 [JavaFX Application Thread] INFO  o.b.s.BxWinLab.Base.BaseLabel - 控件库Debug模式已开启
2026-01-29 17:41:33.973 [JavaFX Application Thread] INFO  o.b.s.Utils.FileUtil - 成功加载文件/org/bxwbb/spigotplugincreatertool/icon/icon.png
2026-01-29 17:41:34.132 [JavaFX Application Thread] INFO  o.b.s.BxWinLab.Base.BaseLabel - 控件库Debug模式已开启
2026-01-29 17:41:34.135 [JavaFX Application Thread] INFO  o.b.s.BxWinLab.Base.BaseLabel - 控件库Debug模式已开启
2026-01-29 17:41:34.136 [JavaFX Application Thread] INFO  o.b.s.BxWinLab.Base.BaseLabel - 控件库Debug模式已开启
2026-01-29 17:41:34.136 [JavaFX Application Thread] INFO  o.b.s.BxWinLab.Base.BaseLabel - 控件库Debug模式已开启
2026-01-29 17:41:34.136 [JavaFX Application Thread] INFO  o.b.s.BxWinLab.Base.BaseLabel - 控件库Debug模式已开启
2026-01-29 17:41:34.157 [JavaFX Application Thread] INFO  o.b.s.BxWinLab.Base.BaseLabel - 控件库Debug模式已开启
2026-01-29 17:41:34.173 [JavaFX Application Thread] INFO  o.b.s.BxWinLab.Base.BaseLabel - 控件库Debug模式已开启
2026-01-29 17:41:34.173 [JavaFX Application Thread] INFO  o.b.s.BxWinLab.Base.BaseLabel - 控件库Debug模式已开启
2026-01-29 17:41:34.174 [JavaFX Application Thread] INFO  o.b.s.BxWinLab.Base.BaseLabel - 控件库Debug模式已开启
2026-01-29 17:41:34.174 [JavaFX Application Thread] INFO  o.b.s.BxWinLab.Base.BaseLabel - 控件库Debug模式已开启
2026-01-29 17:41:34.175 [JavaFX Application Thread] INFO  o.b.s.BxWinLab.Base.BaseLabel - 控件库Debug模式已开启
2026-01-29 17:41:34.177 [JavaFX Application Thread] INFO  o.b.s.BxWinLab.Base.BaseLabel - 控件库Debug模式已开启
2026-01-29 17:41:34.177 [JavaFX Application Thread] INFO  o.b.s.Utils.FileUtil - 成功加载文件/org/bxwbb/spigotplugincreatertool/icon/Universal/OpenFolder.png
2026-01-29 17:41:34.179 [JavaFX Application Thread] INFO  o.b.s.BxWinLab.Base.BaseLabel - 控件库Debug模式已开启
2026-01-29 17:41:34.179 [JavaFX Application Thread] INFO  o.b.s.BxWinLab.Base.BaseLabel - 控件库Debug模式已开启
2026-01-29 17:41:34.180 [JavaFX Application Thread] INFO  o.b.s.BxWinLab.Base.BaseLabel - 控件库Debug模式已开启
2026-01-29 17:41:34.182 [JavaFX Application Thread] INFO  o.b.s.BxWinLab.Base.BaseLabel - 控件库Debug模式已开启
2026-01-29 17:41:34.182 [JavaFX Application Thread] INFO  o.b.s.BxWinLab.Base.BaseLabel - 控件库Debug模式已开启
2026-01-29 17:41:34.182 [JavaFX Application Thread] INFO  o.b.s.BxWinLab.Base.BaseLabel - 控件库Debug模式已开启
2026-01-29 17:41:34.182 [JavaFX Application Thread] INFO  o.b.s.BxWinLab.Base.BaseLabel - 控件库Debug模式已开启
2026-01-29 17:41:34.182 [JavaFX Application Thread] INFO  o.b.s.Utils.FileUtil - 成功加载文件/org/bxwbb/spigotplugincreatertool/icon/Universal/NewProject.png
2026-01-29 17:41:34.184 [JavaFX Application Thread] INFO  o.b.s.BxWinLab.Base.BaseLabel - 控件库Debug模式已开启
2026-01-29 17:41:34.184 [JavaFX Application Thread] INFO  o.b.s.BxWinLab.Base.BaseLabel - 控件库Debug模式已开启
2026-01-29 17:41:34.184 [JavaFX Application Thread] INFO  o.b.s.BxWinLab.Base.BaseLabel - 控件库Debug模式已开启
2026-01-29 17:41:34.185 [JavaFX Application Thread] INFO  o.b.s.BxWinLab.Base.BaseLabel - 控件库Debug模式已开启
2026-01-29 17:41:34.185 [JavaFX Application Thread] INFO  o.b.s.BxWinLab.Base.BaseLabel - 控件库Debug模式已开启
2026-01-29 17:41:34.185 [JavaFX Application Thread] INFO  o.b.s.BxWinLab.Base.BaseLabel - 控件库Debug模式已开启
2026-01-29 17:41:34.185 [JavaFX Application Thread] INFO  o.b.s.BxWinLab.Base.BaseLabel - 控件库Debug模式已开启
2026-01-29 17:41:34.186 [JavaFX Application Thread] INFO  o.b.s.Utils.FileUtil - 成功加载文件/org/bxwbb/spigotplugincreatertool/icon/Universal/Setting.png
2026-01-29 17:41:34.187 [JavaFX Application Thread] INFO  o.b.s.BxWinLab.Base.BaseLabel - 控件库Debug模式已开启
2026-01-29 17:41:34.188 [JavaFX Application Thread] INFO  o.b.s.BxWinLab.Base.BaseLabel - 控件库Debug模式已开启
2026-01-29 17:41:34.188 [JavaFX Application Thread] INFO  o.b.s.BxWinLab.Base.BaseLabel - 控件库Debug模式已开启
2026-01-29 17:41:34.188 [JavaFX Application Thread] INFO  o.b.s.BxWinLab.Base.BaseLabel - 控件库Debug模式已开启
2026-01-29 17:41:34.188 [JavaFX Application Thread] INFO  o.b.s.BxWinLab.Base.BaseLabel - 控件库Debug模式已开启
2026-01-29 17:41:34.189 [JavaFX Application Thread] INFO  o.b.s.BxWinLab.Base.BaseLabel - 控件库Debug模式已开启
2026-01-29 17:41:34.189 [JavaFX Application Thread] INFO  o.b.s.BxWinLab.Base.BaseLabel - 控件库Debug模式已开启
2026-01-29 17:41:34.190 [JavaFX Application Thread] INFO  o.b.s.Utils.FileUtil - 成功加载文件/org/bxwbb/spigotplugincreatertool/icon/Universal/Learn.png
2026-01-29 17:41:34.191 [JavaFX Application Thread] INFO  o.b.s.BxWinLab.Base.BaseLabel - 控件库Debug模式已开启
2026-01-29 17:41:34.191 [JavaFX Application Thread] INFO  o.b.s.BxWinLab.Base.BaseLabel - 控件库Debug模式已开启
2026-01-29 17:41:34.192 [JavaFX Application Thread] INFO  o.b.s.BxWinLab.Base.BaseLabel - 控件库Debug模式已开启
2026-01-29 17:41:34.192 [JavaFX Application Thread] INFO  o.b.s.BxWinLab.Base.BaseLabel - 控件库Debug模式已开启
2026-01-29 17:41:34.192 [JavaFX Application Thread] INFO  o.b.s.BxWinLab.Base.BaseLabel - 控件库Debug模式已开启
2026-01-29 17:41:34.192 [JavaFX Application Thread] INFO  o.b.s.BxWinLab.Base.BaseLabel - 控件库Debug模式已开启
2026-01-29 17:41:34.193 [JavaFX Application Thread] INFO  o.b.s.BxWinLab.Base.BaseLabel - 控件库Debug模式已开启
2026-01-29 17:41:34.193 [JavaFX Application Thread] INFO  o.b.s.Utils.FileUtil - 成功加载文件/org/bxwbb/spigotplugincreatertool/icon/Universal/Quit.png
2026-01-29 17:41:34.195 [JavaFX Application Thread] INFO  o.b.s.BxWinLab.Base.BaseLabel - 控件库Debug模式已开启
2026-01-29 17:41:34.195 [JavaFX Application Thread] INFO  o.b.s.BxWinLab.Base.BaseLabel - 控件库Debug模式已开启
2026-01-29 17:41:34.195 [JavaFX Application Thread] INFO  o.b.s.BxWinLab.Base.BaseLabel - 控件库Debug模式已开启
2026-01-29 17:41:34.195 [JavaFX Application Thread] INFO  o.b.s.BxWinLab.Base.BaseLabel - 控件库Debug模式已开启
2026-01-29 17:41:34.195 [JavaFX Application Thread] INFO  o.b.s.BxWinLab.Base.BaseLabel - 控件库Debug模式已开启
2026-01-29 17:41:34.195 [JavaFX Application Thread] INFO  o.b.s.BxWinLab.Base.BaseLabel - 控件库Debug模式已开启
2026-01-29 17:41:34.195 [JavaFX Application Thread] INFO  o.b.s.BxWinLab.Base.BaseLabel - 控件库Debug模式已开启
2026-01-29 17:41:34.196 [JavaFX Application Thread] INFO  o.b.s.BxWinLab.Base.BaseLabel - 控件库Debug模式已开启
2026-01-29 17:41:34.197 [JavaFX Application Thread] INFO  o.b.s.BxWinLab.Base.BaseLabel - 控件库Debug模式已开启
2026-01-29 17:43:06.626 [JavaFX Application Thread] INFO  o.b.s.BxWinLab.Base.BaseLabel - 控件库Debug模式已开启
2026-01-29 17:43:06.626 [JavaFX Application Thread] INFO  o.b.s.BxWinLab.Base.BaseLabel - 控件库Debug模式已开启
2026-01-29 17:43:06.626 [JavaFX Application Thread] INFO  o.b.s.BxWinLab.Base.BaseLabel - 控件库Debug模式已开启
2026-01-29 17:43:06.626 [JavaFX Application Thread] WARN  o.b.s.BxWinLab.HideMenu - false
2026-01-29 17:43:06.626 [JavaFX Application Thread] WARN  o.b.s.BxWinLab.HideMenu - 250.0
2026-01-29 17:43:06.631 [JavaFX Application Thread] INFO  o.b.s.BxWinLab.Base.BaseLabel - 控件库Debug模式已开启
2026-01-29 17:43:06.632 [JavaFX Application Thread] INFO  o.b.s.BxWinLab.Base.BaseLabel - 控件库Debug模式已开启
2026-01-29 17:43:16.032 [JavaFX-Launcher] INFO  o.b.s.HelloApplication - 执行初始化...
2026-01-29 17:43:16.037 [JavaFX Application Thread] INFO  o.b.s.HelloApplication - 工具开始启动并加载...
2026-01-29 17:43:16.074 [JavaFX Application Thread] INFO  o.b.s.BxWinLab.Base.BaseLabel - 控件库Debug模式已开启
2026-01-29 17:43:16.079 [JavaFX Application Thread] INFO  o.b.s.BxWinLab.Base.BaseLabel - 控件库Debug模式已开启
2026-01-29 17:43:16.082 [JavaFX Application Thread] INFO  o.b.s.BxWinLab.Base.BaseLabel - 控件库Debug模式已开启
2026-01-29 17:43:16.084 [JavaFX Application Thread] INFO  o.b.s.Utils.FileUtil - 成功加载文件/org/bxwbb/spigotplugincreatertool/icon/icon.png
2026-01-29 17:43:16.233 [JavaFX Application Thread] INFO  o.b.s.BxWinLab.Base.BaseLabel - 控件库Debug模式已开启
2026-01-29 17:43:16.235 [JavaFX Application Thread] INFO  o.b.s.BxWinLab.Base.BaseLabel - 控件库Debug模式已开启
2026-01-29 17:43:16.235 [JavaFX Application Thread] INFO  o.b.s.BxWinLab.Base.BaseLabel - 控件库Debug模式已开启
2026-01-29 17:43:16.235 [JavaFX Application Thread] INFO  o.b.s.BxWinLab.Base.BaseLabel - 控件库Debug模式已开启
2026-01-29 17:43:16.235 [JavaFX Application Thread] INFO  o.b.s.BxWinLab.Base.BaseLabel - 控件库Debug模式已开启
2026-01-29 17:43:16.259 [JavaFX Application Thread] INFO  o.b.s.BxWinLab.Base.BaseLabel - 控件库Debug模式已开启
2026-01-29 17:43:16.273 [JavaFX Application Thread] INFO  o.b.s.BxWinLab.Base.BaseLabel - 控件库Debug模式已开启
2026-01-29 17:43:16.273 [JavaFX Application Thread] INFO  o.b.s.BxWinLab.Base.BaseLabel - 控件库Debug模式已开启
2026-01-29 17:43:16.273 [JavaFX Application Thread] INFO  o.b.s.BxWinLab.Base.BaseLabel - 控件库Debug模式已开启
2026-01-29 17:43:16.274 [JavaFX Application Thread] INFO  o.b.s.BxWinLab.Base.BaseLabel - 控件库Debug模式已开启
2026-01-29 17:43:16.275 [JavaFX Application Thread] INFO  o.b.s.BxWinLab.Base.BaseLabel - 控件库Debug模式已开启
2026-01-29 17:43:16.275 [JavaFX Application Thread] INFO  o.b.s.BxWinLab.Base.BaseLabel - 控件库Debug模式已开启
2026-01-29 17:43:16.276 [JavaFX Application Thread] INFO  o.b.s.Utils.FileUtil - 成功加载文件/org/bxwbb/spigotplugincreatertool/icon/Universal/OpenFolder.png
2026-01-29 17:43:16.276 [JavaFX Application Thread] INFO  o.b.s.BxWinLab.Base.BaseLabel - 控件库Debug模式已开启
2026-01-29 17:43:16.276 [JavaFX Application Thread] INFO  o.b.s.BxWinLab.Base.BaseLabel - 控件库Debug模式已开启
2026-01-29 17:43:16.276 [JavaFX Application Thread] INFO  o.b.s.BxWinLab.Base.BaseLabel - 控件库Debug模式已开启
2026-01-29 17:43:16.279 [JavaFX Application Thread] INFO  o.b.s.BxWinLab.Base.BaseLabel - 控件库Debug模式已开启
2026-01-29 17:43:16.279 [JavaFX Application Thread] INFO  o.b.s.BxWinLab.Base.BaseLabel - 控件库Debug模式已开启
2026-01-29 17:43:16.279 [JavaFX Application Thread] INFO  o.b.s.BxWinLab.Base.BaseLabel - 控件库Debug模式已开启
2026-01-29 17:43:16.279 [JavaFX Application Thread] INFO  o.b.s.BxWinLab.Base.BaseLabel - 控件库Debug模式已开启
2026-01-29 17:43:16.281 [JavaFX Application Thread] INFO  o.b.s.Utils.FileUtil - 成功加载文件/org/bxwbb/spigotplugincreatertool/icon/Universal/NewProject.png
2026-01-29 17:43:16.282 [JavaFX Application Thread] INFO  o.b.s.BxWinLab.Base.BaseLabel - 控件库Debug模式已开启
2026-01-29 17:43:16.282 [JavaFX Application Thread] INFO  o.b.s.BxWinLab.Base.BaseLabel - 控件库Debug模式已开启
2026-01-29 17:43:16.282 [JavaFX Application Thread] INFO  o.b.s.BxWinLab.Base.BaseLabel - 控件库Debug模式已开启
2026-01-29 17:43:16.282 [JavaFX Application Thread] INFO  o.b.s.BxWinLab.Base.BaseLabel - 控件库Debug模式已开启
2026-01-29 17:43:16.282 [JavaFX Application Thread] INFO  o.b.s.BxWinLab.Base.BaseLabel - 控件库Debug模式已开启
2026-01-29 17:43:16.282 [JavaFX Application Thread] INFO  o.b.s.BxWinLab.Base.BaseLabel - 控件库Debug模式已开启
2026-01-29 17:43:16.282 [JavaFX Application Thread] INFO  o.b.s.BxWinLab.Base.BaseLabel - 控件库Debug模式已开启
2026-01-29 17:43:16.284 [JavaFX Application Thread] INFO  o.b.s.Utils.FileUtil - 成功加载文件/org/bxwbb/spigotplugincreatertool/icon/Universal/Setting.png
2026-01-29 17:43:16.284 [JavaFX Application Thread] INFO  o.b.s.BxWinLab.Base.BaseLabel - 控件库Debug模式已开启
2026-01-29 17:43:16.285 [JavaFX Application Thread] INFO  o.b.s.BxWinLab.Base.BaseLabel - 控件库Debug模式已开启
2026-01-29 17:43:16.285 [JavaFX Application Thread] INFO  o.b.s.BxWinLab.Base.BaseLabel - 控件库Debug模式已开启
2026-01-29 17:43:16.285 [JavaFX Application Thread] INFO  o.b.s.BxWinLab.Base.BaseLabel - 控件库Debug模式已开启
2026-01-29 17:43:16.285 [JavaFX Application Thread] INFO  o.b.s.BxWinLab.Base.BaseLabel - 控件库Debug模式已开启
2026-01-29 17:43:16.285 [JavaFX Application Thread] INFO  o.b.s.BxWinLab.Base.BaseLabel - 控件库Debug模式已开启
2026-01-29 17:43:16.285 [JavaFX Application Thread] INFO  o.b.s.BxWinLab.Base.BaseLabel - 控件库Debug模式已开启
2026-01-29 17:43:16.286 [JavaFX Application Thread] INFO  o.b.s.Utils.FileUtil - 成功加载文件/org/bxwbb/spigotplugincreatertool/icon/Universal/Learn.png
2026-01-29 17:43:16.287 [JavaFX Application Thread] INFO  o.b.s.BxWinLab.Base.BaseLabel - 控件库Debug模式已开启
2026-01-29 17:43:16.288 [JavaFX Application Thread] INFO  o.b.s.BxWinLab.Base.BaseLabel - 控件库Debug模式已开启
2026-01-29 17:43:16.288 [JavaFX Application Thread] INFO  o.b.s.BxWinLab.Base.BaseLabel - 控件库Debug模式已开启
2026-01-29 17:43:16.288 [JavaFX Application Thread] INFO  o.b.s.BxWinLab.Base.BaseLabel - 控件库Debug模式已开启
2026-01-29 17:43:16.288 [JavaFX Application Thread] INFO  o.b.s.BxWinLab.Base.BaseLabel - 控件库Debug模式已开启
2026-01-29 17:43:16.289 [JavaFX Application Thread] INFO  o.b.s.BxWinLab.Base.BaseLabel - 控件库Debug模式已开启
2026-01-29 17:43:16.289 [JavaFX Application Thread] INFO  o.b.s.BxWinLab.Base.BaseLabel - 控件库Debug模式已开启
2026-01-29 17:43:16.290 [JavaFX Application Thread] INFO  o.b.s.Utils.FileUtil - 成功加载文件/org/bxwbb/spigotplugincreatertool/icon/Universal/Quit.png
2026-01-29 17:43:16.290 [JavaFX Application Thread] INFO  o.b.s.BxWinLab.Base.BaseLabel - 控件库Debug模式已开启
2026-01-29 17:43:16.290 [JavaFX Application Thread] INFO  o.b.s.BxWinLab.Base.BaseLabel - 控件库Debug模式已开启
2026-01-29 17:43:16.291 [JavaFX Application Thread] INFO  o.b.s.BxWinLab.Base.BaseLabel - 控件库Debug模式已开启
2026-01-29 17:43:16.291 [JavaFX Application Thread] INFO  o.b.s.BxWinLab.Base.BaseLabel - 控件库Debug模式已开启
2026-01-29 17:43:16.291 [JavaFX Application Thread] INFO  o.b.s.BxWinLab.Base.BaseLabel - 控件库Debug模式已开启
2026-01-29 17:43:16.291 [JavaFX Application Thread] INFO  o.b.s.BxWinLab.Base.BaseLabel - 控件库Debug模式已开启
2026-01-29 17:43:16.291 [JavaFX Application Thread] INFO  o.b.s.BxWinLab.Base.BaseLabel - 控件库Debug模式已开启
2026-01-29 17:43:16.292 [JavaFX Application Thread] INFO  o.b.s.BxWinLab.Base.BaseLabel - 控件库Debug模式已开启
2026-01-29 17:43:16.293 [JavaFX Application Thread] INFO  o.b.s.BxWinLab.Base.BaseLabel - 控件库Debug模式已开启
2026-01-29 17:43:16.294 [JavaFX Application Thread] INFO  o.b.s.BxWinLab.Base.BaseLabel - 控件库Debug模式已开启
2026-01-29 17:43:16.294 [JavaFX Application Thread] INFO  o.b.s.BxWinLab.Base.BaseLabel - 控件库Debug模式已开启
2026-01-29 17:43:16.294 [JavaFX Application Thread] INFO  o.b.s.BxWinLab.Base.BaseLabel - 控件库Debug模式已开启
2026-01-29 17:43:16.295 [JavaFX Application Thread] WARN  o.b.s.BxWinLab.HideMenu - false
2026-01-29 17:43:16.295 [JavaFX Application Thread] WARN  o.b.s.BxWinLab.HideMenu - 250.0
2026-01-29 17:43:16.299 [JavaFX Application Thread] INFO  o.b.s.BxWinLab.Base.BaseLabel - 控件库Debug模式已开启
2026-01-29 17:43:16.299 [JavaFX Application Thread] INFO  o.b.s.BxWinLab.Base.BaseLabel - 控件库Debug模式已开启
2026-01-29 17:43:16.315 [JavaFX Application Thread] INFO  o.b.s.BxWinLab.Base.BaseLabel - 控件库Debug模式已开启
2026-01-29 17:43:16.317 [JavaFX Application Thread] INFO  o.b.s.BxWinLab.Base.BaseLabel - 控件库Debug模式已开启
2026-01-29 17:43:16.317 [JavaFX Application Thread] INFO  o.b.s.BxWinLab.Base.BaseLabel - 控件库Debug模式已开启
2026-01-29 17:43:16.317 [JavaFX Application Thread] INFO  o.b.s.BxWinLab.Base.BaseLabel - 控件库Debug模式已开启
2026-01-29 17:43:16.317 [JavaFX Application Thread] INFO  o.b.s.BxWinLab.Base.BaseLabel - 控件库Debug模式已开启
2026-01-29 17:43:16.317 [JavaFX Application Thread] WARN  o.b.s.BxWinLab.HideMenu - true
2026-01-29 17:43:16.318 [JavaFX Application Thread] WARN  o.b.s.BxWinLab.HideMenu - 60.0
2026-01-29 17:43:19.028 [JavaFX Application Thread] INFO  o.b.s.BxWinLab.Base.BaseLabel - 控件焦点改变至 - org.bxwbb.spigotplugincreatertool.BxWinLab.SwitchBox@753634d5
2026-01-29 17:43:20.689 [JavaFX Application Thread] INFO  o.b.s.HelloApplication - 执行停止...
2026-01-29 17:45:35.439 [JavaFX-Launcher] INFO  o.b.s.HelloApplication - 执行初始化...
2026-01-29 17:45:35.446 [JavaFX Application Thread] INFO  o.b.s.HelloApplication - 工具开始启动并加载...
2026-01-29 17:45:35.482 [JavaFX Application Thread] INFO  o.b.s.BxWinLab.Base.BaseLabel - 控件库Debug模式已开启
2026-01-29 17:45:35.489 [JavaFX Application Thread] INFO  o.b.s.BxWinLab.Base.BaseLabel - 控件库Debug模式已开启
2026-01-29 17:45:35.491 [JavaFX Application Thread] INFO  o.b.s.BxWinLab.Base.BaseLabel - 控件库Debug模式已开启
2026-01-29 17:45:35.492 [JavaFX Application Thread] INFO  o.b.s.Utils.FileUtil - 成功加载文件/org/bxwbb/spigotplugincreatertool/icon/icon.png
2026-01-29 17:45:35.645 [JavaFX Application Thread] INFO  o.b.s.BxWinLab.Base.BaseLabel - 控件库Debug模式已开启
2026-01-29 17:45:35.647 [JavaFX Application Thread] INFO  o.b.s.BxWinLab.Base.BaseLabel - 控件库Debug模式已开启
2026-01-29 17:45:35.647 [JavaFX Application Thread] INFO  o.b.s.BxWinLab.Base.BaseLabel - 控件库Debug模式已开启
2026-01-29 17:45:35.648 [JavaFX Application Thread] INFO  o.b.s.BxWinLab.Base.BaseLabel - 控件库Debug模式已开启
2026-01-29 17:45:35.648 [JavaFX Application Thread] INFO  o.b.s.BxWinLab.Base.BaseLabel - 控件库Debug模式已开启
2026-01-29 17:45:35.670 [JavaFX Application Thread] INFO  o.b.s.BxWinLab.Base.BaseLabel - 控件库Debug模式已开启
2026-01-29 17:45:35.684 [JavaFX Application Thread] INFO  o.b.s.BxWinLab.Base.BaseLabel - 控件库Debug模式已开启
2026-01-29 17:45:35.684 [JavaFX Application Thread] INFO  o.b.s.BxWinLab.Base.BaseLabel - 控件库Debug模式已开启
2026-01-29 17:45:35.684 [JavaFX Application Thread] INFO  o.b.s.BxWinLab.Base.BaseLabel - 控件库Debug模式已开启
2026-01-29 17:45:35.685 [JavaFX Application Thread] INFO  o.b.s.BxWinLab.Base.BaseLabel - 控件库Debug模式已开启
2026-01-29 17:45:35.686 [JavaFX Application Thread] INFO  o.b.s.BxWinLab.Base.BaseLabel - 控件库Debug模式已开启
2026-01-29 17:45:35.687 [JavaFX Application Thread] INFO  o.b.s.BxWinLab.Base.BaseLabel - 控件库Debug模式已开启
2026-01-29 17:45:35.687 [JavaFX Application Thread] INFO  o.b.s.Utils.FileUtil - 成功加载文件/org/bxwbb/spigotplugincreatertool/icon/Universal/OpenFolder.png
2026-01-29 17:45:35.688 [JavaFX Application Thread] INFO  o.b.s.BxWinLab.Base.BaseLabel - 控件库Debug模式已开启
2026-01-29 17:45:35.688 [JavaFX Application Thread] INFO  o.b.s.BxWinLab.Base.BaseLabel - 控件库Debug模式已开启
2026-01-29 17:45:35.688 [JavaFX Application Thread] INFO  o.b.s.BxWinLab.Base.BaseLabel - 控件库Debug模式已开启
2026-01-29 17:45:35.690 [JavaFX Application Thread] INFO  o.b.s.BxWinLab.Base.BaseLabel - 控件库Debug模式已开启
2026-01-29 17:45:35.690 [JavaFX Application Thread] INFO  o.b.s.BxWinLab.Base.BaseLabel - 控件库Debug模式已开启
2026-01-29 17:45:35.690 [JavaFX Application Thread] INFO  o.b.s.BxWinLab.Base.BaseLabel - 控件库Debug模式已开启
2026-01-29 17:45:35.690 [JavaFX Application Thread] INFO  o.b.s.BxWinLab.Base.BaseLabel - 控件库Debug模式已开启
2026-01-29 17:45:35.691 [JavaFX Application Thread] INFO  o.b.s.Utils.FileUtil - 成功加载文件/org/bxwbb/spigotplugincreatertool/icon/Universal/NewProject.png
2026-01-29 17:45:35.692 [JavaFX Application Thread] INFO  o.b.s.BxWinLab.Base.BaseLabel - 控件库Debug模式已开启
2026-01-29 17:45:35.692 [JavaFX Application Thread] INFO  o.b.s.BxWinLab.Base.BaseLabel - 控件库Debug模式已开启
2026-01-29 17:45:35.692 [JavaFX Application Thread] INFO  o.b.s.BxWinLab.Base.BaseLabel - 控件库Debug模式已开启
2026-01-29 17:45:35.693 [JavaFX Application Thread] INFO  o.b.s.BxWinLab.Base.BaseLabel - 控件库Debug模式已开启
2026-01-29 17:45:35.693 [JavaFX Application Thread] INFO  o.b.s.BxWinLab.Base.BaseLabel - 控件库Debug模式已开启
2026-01-29 17:45:35.693 [JavaFX Application Thread] INFO  o.b.s.BxWinLab.Base.BaseLabel - 控件库Debug模式已开启
2026-01-29 17:45:35.693 [JavaFX Application Thread] INFO  o.b.s.BxWinLab.Base.BaseLabel - 控件库Debug模式已开启
2026-01-29 17:45:35.694 [JavaFX Application Thread] INFO  o.b.s.Utils.FileUtil - 成功加载文件/org/bxwbb/spigotplugincreatertool/icon/Universal/Setting.png
2026-01-29 17:45:35.695 [JavaFX Application Thread] INFO  o.b.s.BxWinLab.Base.BaseLabel - 控件库Debug模式已开启
2026-01-29 17:45:35.696 [JavaFX Application Thread] INFO  o.b.s.BxWinLab.Base.BaseLabel - 控件库Debug模式已开启
2026-01-29 17:45:35.696 [JavaFX Application Thread] INFO  o.b.s.BxWinLab.Base.BaseLabel - 控件库Debug模式已开启
2026-01-29 17:45:35.696 [JavaFX Application Thread] INFO  o.b.s.BxWinLab.Base.BaseLabel - 控件库Debug模式已开启
2026-01-29 17:45:35.696 [JavaFX Application Thread] INFO  o.b.s.BxWinLab.Base.BaseLabel - 控件库Debug模式已开启
2026-01-29 17:45:35.696 [JavaFX Application Thread] INFO  o.b.s.BxWinLab.Base.BaseLabel - 控件库Debug模式已开启
2026-01-29 17:45:35.697 [JavaFX Application Thread] INFO  o.b.s.BxWinLab.Base.BaseLabel - 控件库Debug模式已开启
2026-01-29 17:45:35.697 [JavaFX Application Thread] INFO  o.b.s.Utils.FileUtil - 成功加载文件/org/bxwbb/spigotplugincreatertool/icon/Universal/Learn.png
2026-01-29 17:45:35.698 [JavaFX Application Thread] INFO  o.b.s.BxWinLab.Base.BaseLabel - 控件库Debug模式已开启
2026-01-29 17:45:35.698 [JavaFX Application Thread] INFO  o.b.s.BxWinLab.Base.BaseLabel - 控件库Debug模式已开启
2026-01-29 17:45:35.699 [JavaFX Application Thread] INFO  o.b.s.BxWinLab.Base.BaseLabel - 控件库Debug模式已开启
2026-01-29 17:45:35.699 [JavaFX Application Thread] INFO  o.b.s.BxWinLab.Base.BaseLabel - 控件库Debug模式已开启
2026-01-29 17:45:35.699 [JavaFX Application Thread] INFO  o.b.s.BxWinLab.Base.BaseLabel - 控件库Debug模式已开启
2026-01-29 17:45:35.699 [JavaFX Application Thread] INFO  o.b.s.BxWinLab.Base.BaseLabel - 控件库Debug模式已开启
2026-01-29 17:45:35.699 [JavaFX Application Thread] INFO  o.b.s.BxWinLab.Base.BaseLabel - 控件库Debug模式已开启
2026-01-29 17:45:35.700 [JavaFX Application Thread] INFO  o.b.s.Utils.FileUtil - 成功加载文件/org/bxwbb/spigotplugincreatertool/icon/Universal/Quit.png
2026-01-29 17:45:35.700 [JavaFX Application Thread] INFO  o.b.s.BxWinLab.Base.BaseLabel - 控件库Debug模式已开启
2026-01-29 17:45:35.700 [JavaFX Application Thread] INFO  o.b.s.BxWinLab.Base.BaseLabel - 控件库Debug模式已开启
2026-01-29 17:45:35.701 [JavaFX Application Thread] INFO  o.b.s.BxWinLab.Base.BaseLabel - 控件库Debug模式已开启
2026-01-29 17:45:35.701 [JavaFX Application Thread] INFO  o.b.s.BxWinLab.Base.BaseLabel - 控件库Debug模式已开启
2026-01-29 17:45:35.701 [JavaFX Application Thread] INFO  o.b.s.BxWinLab.Base.BaseLabel - 控件库Debug模式已开启
2026-01-29 17:45:35.701 [JavaFX Application Thread] INFO  o.b.s.BxWinLab.Base.BaseLabel - 控件库Debug模式已开启
2026-01-29 17:45:35.701 [JavaFX Application Thread] INFO  o.b.s.BxWinLab.Base.BaseLabel - 控件库Debug模式已开启
2026-01-29 17:45:35.702 [JavaFX Application Thread] INFO  o.b.s.BxWinLab.Base.BaseLabel - 控件库Debug模式已开启
2026-01-29 17:45:35.704 [JavaFX Application Thread] INFO  o.b.s.BxWinLab.Base.BaseLabel - 控件库Debug模式已开启
2026-01-29 17:45:35.705 [JavaFX Application Thread] INFO  o.b.s.BxWinLab.Base.BaseLabel - 控件库Debug模式已开启
2026-01-29 17:45:35.705 [JavaFX Application Thread] INFO  o.b.s.BxWinLab.Base.BaseLabel - 控件库Debug模式已开启
2026-01-29 17:45:35.705 [JavaFX Application Thread] INFO  o.b.s.BxWinLab.Base.BaseLabel - 控件库Debug模式已开启
2026-01-29 17:45:35.705 [JavaFX Application Thread] WARN  o.b.s.BxWinLab.HideMenu - false
2026-01-29 17:45:35.705 [JavaFX Application Thread] WARN  o.b.s.BxWinLab.HideMenu - 250.0
2026-01-29 17:45:35.710 [JavaFX Application Thread] INFO  o.b.s.BxWinLab.Base.BaseLabel - 控件库Debug模式已开启
2026-01-29 17:45:35.711 [JavaFX Application Thread] INFO  o.b.s.BxWinLab.Base.BaseLabel - 控件库Debug模式已开启
2026-01-29 17:45:35.728 [JavaFX Application Thread] INFO  o.b.s.BxWinLab.Base.BaseLabel - 控件库Debug模式已开启
2026-01-29 17:45:35.729 [JavaFX Application Thread] INFO  o.b.s.BxWinLab.Base.BaseLabel - 控件库Debug模式已开启
2026-01-29 17:45:35.730 [JavaFX Application Thread] INFO  o.b.s.BxWinLab.Base.BaseLabel - 控件库Debug模式已开启
2026-01-29 17:45:35.730 [JavaFX Application Thread] INFO  o.b.s.BxWinLab.Base.BaseLabel - 控件库Debug模式已开启
2026-01-29 17:45:35.730 [JavaFX Application Thread] INFO  o.b.s.BxWinLab.Base.BaseLabel - 控件库Debug模式已开启
2026-01-29 17:45:35.730 [JavaFX Application Thread] WARN  o.b.s.BxWinLab.HideMenu - true
2026-01-29 17:45:35.730 [JavaFX Application Thread] WARN  o.b.s.BxWinLab.HideMenu - 60.0
2026-01-29 17:45:37.599 [JavaFX Application Thread] INFO  o.b.s.BxWinLab.Base.BaseLabel - 控件焦点改变至 - org.bxwbb.spigotplugincreatertool.Window.StartPage@753634d5
2026-01-29 17:45:38.211 [JavaFX Application Thread] INFO  o.b.s.BxWinLab.Base.BaseLabel - 控件焦点改变至 - org.bxwbb.spigotplugincreatertool.BxWinLab.SwitchBox@5488aca7
2026-01-29 17:45:39.931 [JavaFX Application Thread] INFO  o.b.s.BxWinLab.Base.BaseLabel - 控件焦点改变至 - org.bxwbb.spigotplugincreatertool.BxWinLab.SwitchBox@2529e996
2026-01-29 17:45:41.890 [JavaFX Application Thread] INFO  o.b.s.BxWinLab.Base.BaseLabel - 控件焦点改变至 - org.bxwbb.spigotplugincreatertool.BxWinLab.SwitchBox@5488aca7
2026-01-29 17:45:54.251 [JavaFX Application Thread] INFO  o.b.s.HelloApplication - 执行停止...
2026-01-29 17:46:13.619 [JavaFX-Launcher] INFO  o.b.s.HelloApplication - 执行初始化...
2026-01-29 17:46:13.624 [JavaFX Application Thread] INFO  o.b.s.HelloApplication - 工具开始启动并加载...
2026-01-29 17:46:13.668 [JavaFX Application Thread] INFO  o.b.s.Utils.FileUtil - 成功加载文件/org/bxwbb/spigotplugincreatertool/icon/icon.png
2026-01-29 17:46:13.854 [JavaFX Application Thread] INFO  o.b.s.Utils.FileUtil - 成功加载文件/org/bxwbb/spigotplugincreatertool/icon/Universal/OpenFolder.png
2026-01-29 17:46:13.860 [JavaFX Application Thread] INFO  o.b.s.Utils.FileUtil - 成功加载文件/org/bxwbb/spigotplugincreatertool/icon/Universal/NewProject.png
2026-01-29 17:46:13.863 [JavaFX Application Thread] INFO  o.b.s.Utils.FileUtil - 成功加载文件/org/bxwbb/spigotplugincreatertool/icon/Universal/Setting.png
2026-01-29 17:46:13.866 [JavaFX Application Thread] INFO  o.b.s.Utils.FileUtil - 成功加载文件/org/bxwbb/spigotplugincreatertool/icon/Universal/Learn.png
2026-01-29 17:46:13.867 [JavaFX Application Thread] INFO  o.b.s.Utils.FileUtil - 成功加载文件/org/bxwbb/spigotplugincreatertool/icon/Universal/Quit.png
2026-01-29 17:46:13.873 [JavaFX Application Thread] WARN  o.b.s.BxWinLab.HideMenu - false
2026-01-29 17:46:13.873 [JavaFX Application Thread] WARN  o.b.s.BxWinLab.HideMenu - 250.0
2026-01-29 17:46:13.892 [JavaFX Application Thread] WARN  o.b.s.BxWinLab.HideMenu - true
2026-01-29 17:46:13.892 [JavaFX Application Thread] WARN  o.b.s.BxWinLab.HideMenu - 60.0
2026-01-29 17:46:15.952 [JavaFX Application Thread] INFO  o.b.s.BxWinLab.Base.BaseLabel - 控件焦点改变至 - org.bxwbb.spigotplugincreatertool.BxWinLab.SwitchBox@739215e9
2026-01-29 17:46:19.805 [JavaFX Application Thread] INFO  o.b.s.HelloApplication - 执行停止...
2026-01-29 17:49:47.325 [JavaFX-Launcher] INFO  o.b.s.HelloApplication - 执行初始化...
2026-01-29 17:49:47.331 [JavaFX Application Thread] INFO  o.b.s.HelloApplication - 工具开始启动并加载...
2026-01-29 17:49:47.387 [JavaFX Application Thread] INFO  o.b.s.Utils.FileUtil - 成功加载文件/org/bxwbb/spigotplugincreatertool/icon/icon.png
2026-01-29 17:49:47.601 [JavaFX Application Thread] INFO  o.b.s.Utils.FileUtil - 成功加载文件/org/bxwbb/spigotplugincreatertool/icon/Universal/OpenFolder.png
2026-01-29 17:49:47.605 [JavaFX Application Thread] INFO  o.b.s.Utils.FileUtil - 成功加载文件/org/bxwbb/spigotplugincreatertool/icon/Universal/NewProject.png
2026-01-29 17:49:47.609 [JavaFX Application Thread] INFO  o.b.s.Utils.FileUtil - 成功加载文件/org/bxwbb/spigotplugincreatertool/icon/Universal/Setting.png
2026-01-29 17:49:47.611 [JavaFX Application Thread] INFO  o.b.s.Utils.FileUtil - 成功加载文件/org/bxwbb/spigotplugincreatertool/icon/Universal/Learn.png
2026-01-29 17:49:47.613 [JavaFX Application Thread] INFO  o.b.s.Utils.FileUtil - 成功加载文件/org/bxwbb/spigotplugincreatertool/icon/Universal/Quit.png
2026-01-29 17:50:25.514 [JavaFX Application Thread] INFO  o.b.s.BxWinLab.Base.BaseLabel - 控件焦点改变至 - org.bxwbb.spigotplugincreatertool.BxWinLab.SwitchBox@67a7b030
2026-01-29 17:50:29.060 [JavaFX Application Thread] INFO  o.b.s.BxWinLab.Base.BaseLabel - 控件焦点改变至 - org.bxwbb.spigotplugincreatertool.BxWinLab.SwitchBox@73f6f489
2026-01-29 17:50:34.477 [JavaFX Application Thread] INFO  o.b.s.HelloApplication - 执行停止...
2026-01-29 17:51:05.713 [JavaFX-Launcher] INFO  o.b.s.HelloApplication - 执行初始化...
2026-01-29 17:51:05.718 [JavaFX Application Thread] INFO  o.b.s.HelloApplication - 工具开始启动并加载...
2026-01-29 17:51:05.762 [JavaFX Application Thread] INFO  o.b.s.Utils.FileUtil - 成功加载文件/org/bxwbb/spigotplugincreatertool/icon/icon.png
2026-01-29 17:51:05.945 [JavaFX Application Thread] INFO  o.b.s.Utils.FileUtil - 成功加载文件/org/bxwbb/spigotplugincreatertool/icon/Universal/OpenFolder.png
2026-01-29 17:51:05.951 [JavaFX Application Thread] INFO  o.b.s.Utils.FileUtil - 成功加载文件/org/bxwbb/spigotplugincreatertool/icon/Universal/NewProject.png
2026-01-29 17:51:05.954 [JavaFX Application Thread] INFO  o.b.s.Utils.FileUtil - 成功加载文件/org/bxwbb/spigotplugincreatertool/icon/Universal/Setting.png
2026-01-29 17:51:05.957 [JavaFX Application Thread] INFO  o.b.s.Utils.FileUtil - 成功加载文件/org/bxwbb/spigotplugincreatertool/icon/Universal/Learn.png
2026-01-29 17:51:05.958 [JavaFX Application Thread] INFO  o.b.s.Utils.FileUtil - 成功加载文件/org/bxwbb/spigotplugincreatertool/icon/Universal/Quit.png
2026-01-29 17:51:07.372 [JavaFX Application Thread] INFO  o.b.s.BxWinLab.Base.BaseLabel - 控件焦点改变至 - org.bxwbb.spigotplugincreatertool.BxWinLab.SwitchBox@739215e9
2026-01-29 17:51:09.678 [JavaFX Application Thread] INFO  o.b.s.BxWinLab.Base.BaseLabel - 控件焦点改变至 - org.bxwbb.spigotplugincreatertool.BxWinLab.SwitchBox@6b3c70e
2026-01-29 17:51:12.167 [JavaFX Application Thread] INFO  o.b.s.HelloApplication - 执行停止...
2026-01-29 17:51:36.568 [JavaFX-Launcher] INFO  o.b.s.HelloApplication - 执行初始化...
2026-01-29 17:51:36.573 [JavaFX Application Thread] INFO  o.b.s.HelloApplication - 工具开始启动并加载...
2026-01-29 17:51:36.623 [JavaFX Application Thread] INFO  o.b.s.Utils.FileUtil - 成功加载文件/org/bxwbb/spigotplugincreatertool/icon/icon.png
2026-01-29 17:51:36.823 [JavaFX Application Thread] INFO  o.b.s.Utils.FileUtil - 成功加载文件/org/bxwbb/spigotplugincreatertool/icon/Universal/OpenFolder.png
2026-01-29 17:51:36.829 [JavaFX Application Thread] INFO  o.b.s.Utils.FileUtil - 成功加载文件/org/bxwbb/spigotplugincreatertool/icon/Universal/NewProject.png
2026-01-29 17:51:36.831 [JavaFX Application Thread] INFO  o.b.s.Utils.FileUtil - 成功加载文件/org/bxwbb/spigotplugincreatertool/icon/Universal/Setting.png
2026-01-29 17:51:36.834 [JavaFX Application Thread] INFO  o.b.s.Utils.FileUtil - 成功加载文件/org/bxwbb/spigotplugincreatertool/icon/Universal/Learn.png
2026-01-29 17:51:36.836 [JavaFX Application Thread] INFO  o.b.s.Utils.FileUtil - 成功加载文件/org/bxwbb/spigotplugincreatertool/icon/Universal/Quit.png
2026-01-29 17:51:42.660 [JavaFX Application Thread] INFO  o.b.s.HelloApplication - 执行停止...
2026-01-29 17:53:28.509 [JavaFX-Launcher] INFO  o.b.s.HelloApplication - 执行初始化...
2026-01-29 17:53:28.514 [JavaFX Application Thread] INFO  o.b.s.HelloApplication - 工具开始启动并加载...
2026-01-29 17:53:28.560 [JavaFX Application Thread] INFO  o.b.s.Utils.FileUtil - 成功加载文件/org/bxwbb/spigotplugincreatertool/icon/icon.png
2026-01-29 17:53:28.741 [JavaFX Application Thread] INFO  o.b.s.Utils.FileUtil - 成功加载文件/org/bxwbb/spigotplugincreatertool/icon/Universal/OpenFolder.png
2026-01-29 17:53:28.747 [JavaFX Application Thread] INFO  o.b.s.Utils.FileUtil - 成功加载文件/org/bxwbb/spigotplugincreatertool/icon/Universal/NewProject.png
2026-01-29 17:53:28.749 [JavaFX Application Thread] INFO  o.b.s.Utils.FileUtil - 成功加载文件/org/bxwbb/spigotplugincreatertool/icon/Universal/Setting.png
2026-01-29 17:53:28.752 [JavaFX Application Thread] INFO  o.b.s.Utils.FileUtil - 成功加载文件/org/bxwbb/spigotplugincreatertool/icon/Universal/Learn.png
2026-01-29 17:53:28.753 [JavaFX Application Thread] INFO  o.b.s.Utils.FileUtil - 成功加载文件/org/bxwbb/spigotplugincreatertool/icon/Universal/Quit.png
2026-01-29 17:53:30.608 [JavaFX Application Thread] INFO  o.b.s.BxWinLab.Base.BaseLabel - 控件焦点改变至 - org.bxwbb.spigotplugincreatertool.BxWinLab.SwitchBox@6238b76e
2026-01-29 17:53:31.828 [JavaFX Application Thread] INFO  o.b.s.BxWinLab.Base.BaseLabel - 控件焦点改变至 - org.bxwbb.spigotplugincreatertool.BxWinLab.SwitchBox@47e5cb99
2026-01-29 17:53:32.285 [JavaFX Application Thread] INFO  o.b.s.BxWinLab.Base.BaseLabel - 控件焦点改变至 - org.bxwbb.spigotplugincreatertool.Window.StartPage@3d36446d
2026-01-29 17:53:33.418 [JavaFX Application Thread] INFO  o.b.s.HelloApplication - 执行停止...
2026-01-29 18:03:41.170 [JavaFX-Launcher] INFO  o.b.s.HelloApplication - 执行初始化...
2026-01-29 18:03:41.176 [JavaFX Application Thread] INFO  o.b.s.HelloApplication - 工具开始启动并加载...
2026-01-29 18:03:41.224 [JavaFX Application Thread] INFO  o.b.s.Utils.FileUtil - 成功加载文件/org/bxwbb/spigotplugincreatertool/icon/icon.png
2026-01-29 18:03:41.441 [JavaFX Application Thread] INFO  o.b.s.Utils.FileUtil - 成功加载文件/org/bxwbb/spigotplugincreatertool/icon/Universal/OpenFolder.png
2026-01-29 18:03:41.447 [JavaFX Application Thread] INFO  o.b.s.Utils.FileUtil - 成功加载文件/org/bxwbb/spigotplugincreatertool/icon/Universal/NewProject.png
2026-01-29 18:03:41.449 [JavaFX Application Thread] INFO  o.b.s.Utils.FileUtil - 成功加载文件/org/bxwbb/spigotplugincreatertool/icon/Universal/Setting.png
2026-01-29 18:03:41.452 [JavaFX Application Thread] INFO  o.b.s.Utils.FileUtil - 成功加载文件/org/bxwbb/spigotplugincreatertool/icon/Universal/Learn.png
2026-01-29 18:03:41.454 [JavaFX Application Thread] INFO  o.b.s.Utils.FileUtil - 成功加载文件/org/bxwbb/spigotplugincreatertool/icon/Universal/Quit.png
2026-01-29 18:03:43.641 [JavaFX Application Thread] INFO  o.b.s.BxWinLab.Base.BaseLabel - 控件焦点改变至 - org.bxwbb.spigotplugincreatertool.BxWinLab.SwitchBox@755dff0f
2026-01-29 18:03:45.738 [JavaFX Application Thread] INFO  o.b.s.HelloApplication - 执行停止...
2026-01-29 18:03:56.836 [JavaFX-Launcher] INFO  o.b.s.HelloApplication - 执行初始化...
2026-01-29 18:03:56.842 [JavaFX Application Thread] INFO  o.b.s.HelloApplication - 工具开始启动并加载...
2026-01-29 18:03:56.880 [JavaFX Application Thread] INFO  o.b.s.BxWinLab.Base.BaseLabel - 控件库Debug模式已开启
2026-01-29 18:03:56.887 [JavaFX Application Thread] INFO  o.b.s.BxWinLab.Base.BaseLabel - 控件库Debug模式已开启
2026-01-29 18:03:56.889 [JavaFX Application Thread] INFO  o.b.s.BxWinLab.Base.BaseLabel - 控件库Debug模式已开启
2026-01-29 18:03:56.890 [JavaFX Application Thread] INFO  o.b.s.Utils.FileUtil - 成功加载文件/org/bxwbb/spigotplugincreatertool/icon/icon.png
2026-01-29 18:03:57.046 [JavaFX Application Thread] INFO  o.b.s.BxWinLab.Base.BaseLabel - 控件库Debug模式已开启
2026-01-29 18:03:57.049 [JavaFX Application Thread] INFO  o.b.s.BxWinLab.Base.BaseLabel - 控件库Debug模式已开启
2026-01-29 18:03:57.049 [JavaFX Application Thread] INFO  o.b.s.BxWinLab.Base.BaseLabel - 控件库Debug模式已开启
2026-01-29 18:03:57.049 [JavaFX Application Thread] INFO  o.b.s.BxWinLab.Base.BaseLabel - 控件库Debug模式已开启
2026-01-29 18:03:57.049 [JavaFX Application Thread] INFO  o.b.s.BxWinLab.Base.BaseLabel - 控件库Debug模式已开启
2026-01-29 18:03:57.075 [JavaFX Application Thread] INFO  o.b.s.BxWinLab.Base.BaseLabel - 控件库Debug模式已开启
2026-01-29 18:03:57.090 [JavaFX Application Thread] INFO  o.b.s.BxWinLab.Base.BaseLabel - 控件库Debug模式已开启
2026-01-29 18:03:57.090 [JavaFX Application Thread] INFO  o.b.s.BxWinLab.Base.BaseLabel - 控件库Debug模式已开启
2026-01-29 18:03:57.090 [JavaFX Application Thread] INFO  o.b.s.BxWinLab.Base.BaseLabel - 控件库Debug模式已开启
2026-01-29 18:03:57.090 [JavaFX Application Thread] INFO  o.b.s.BxWinLab.Base.BaseLabel - 控件库Debug模式已开启
2026-01-29 18:03:57.092 [JavaFX Application Thread] INFO  o.b.s.BxWinLab.Base.BaseLabel - 控件库Debug模式已开启
2026-01-29 18:03:57.093 [JavaFX Application Thread] INFO  o.b.s.BxWinLab.Base.BaseLabel - 控件库Debug模式已开启
2026-01-29 18:03:57.093 [JavaFX Application Thread] INFO  o.b.s.Utils.FileUtil - 成功加载文件/org/bxwbb/spigotplugincreatertool/icon/Universal/OpenFolder.png
2026-01-29 18:03:57.093 [JavaFX Application Thread] INFO  o.b.s.BxWinLab.Base.BaseLabel - 控件库Debug模式已开启
2026-01-29 18:03:57.094 [JavaFX Application Thread] INFO  o.b.s.BxWinLab.Base.BaseLabel - 控件库Debug模式已开启
2026-01-29 18:03:57.094 [JavaFX Application Thread] INFO  o.b.s.BxWinLab.Base.BaseLabel - 控件库Debug模式已开启
2026-01-29 18:03:57.096 [JavaFX Application Thread] INFO  o.b.s.BxWinLab.Base.BaseLabel - 控件库Debug模式已开启
2026-01-29 18:03:57.096 [JavaFX Application Thread] INFO  o.b.s.BxWinLab.Base.BaseLabel - 控件库Debug模式已开启
2026-01-29 18:03:57.096 [JavaFX Application Thread] INFO  o.b.s.BxWinLab.Base.BaseLabel - 控件库Debug模式已开启
2026-01-29 18:03:57.096 [JavaFX Application Thread] INFO  o.b.s.BxWinLab.Base.BaseLabel - 控件库Debug模式已开启
2026-01-29 18:03:57.098 [JavaFX Application Thread] INFO  o.b.s.Utils.FileUtil - 成功加载文件/org/bxwbb/spigotplugincreatertool/icon/Universal/NewProject.png
2026-01-29 18:03:57.098 [JavaFX Application Thread] INFO  o.b.s.BxWinLab.Base.BaseLabel - 控件库Debug模式已开启
2026-01-29 18:03:57.099 [JavaFX Application Thread] INFO  o.b.s.BxWinLab.Base.BaseLabel - 控件库Debug模式已开启
2026-01-29 18:03:57.099 [JavaFX Application Thread] INFO  o.b.s.BxWinLab.Base.BaseLabel - 控件库Debug模式已开启
2026-01-29 18:03:57.099 [JavaFX Application Thread] INFO  o.b.s.BxWinLab.Base.BaseLabel - 控件库Debug模式已开启
2026-01-29 18:03:57.099 [JavaFX Application Thread] INFO  o.b.s.BxWinLab.Base.BaseLabel - 控件库Debug模式已开启
2026-01-29 18:03:57.099 [JavaFX Application Thread] INFO  o.b.s.BxWinLab.Base.BaseLabel - 控件库Debug模式已开启
2026-01-29 18:03:57.100 [JavaFX Application Thread] INFO  o.b.s.BxWinLab.Base.BaseLabel - 控件库Debug模式已开启
2026-01-29 18:03:57.100 [JavaFX Application Thread] INFO  o.b.s.Utils.FileUtil - 成功加载文件/org/bxwbb/spigotplugincreatertool/icon/Universal/Setting.png
2026-01-29 18:03:57.101 [JavaFX Application Thread] INFO  o.b.s.BxWinLab.Base.BaseLabel - 控件库Debug模式已开启
2026-01-29 18:03:57.102 [JavaFX Application Thread] INFO  o.b.s.BxWinLab.Base.BaseLabel - 控件库Debug模式已开启
2026-01-29 18:03:57.102 [JavaFX Application Thread] INFO  o.b.s.BxWinLab.Base.BaseLabel - 控件库Debug模式已开启
2026-01-29 18:03:57.102 [JavaFX Application Thread] INFO  o.b.s.BxWinLab.Base.BaseLabel - 控件库Debug模式已开启
2026-01-29 18:03:57.103 [JavaFX Application Thread] INFO  o.b.s.BxWinLab.Base.BaseLabel - 控件库Debug模式已开启
2026-01-29 18:03:57.103 [JavaFX Application Thread] INFO  o.b.s.BxWinLab.Base.BaseLabel - 控件库Debug模式已开启
2026-01-29 18:03:57.103 [JavaFX Application Thread] INFO  o.b.s.BxWinLab.Base.BaseLabel - 控件库Debug模式已开启
2026-01-29 18:03:57.105 [JavaFX Application Thread] INFO  o.b.s.Utils.FileUtil - 成功加载文件/org/bxwbb/spigotplugincreatertool/icon/Universal/Learn.png
2026-01-29 18:03:57.106 [JavaFX Application Thread] INFO  o.b.s.BxWinLab.Base.BaseLabel - 控件库Debug模式已开启
2026-01-29 18:03:57.106 [JavaFX Application Thread] INFO  o.b.s.BxWinLab.Base.BaseLabel - 控件库Debug模式已开启
2026-01-29 18:03:57.106 [JavaFX Application Thread] INFO  o.b.s.BxWinLab.Base.BaseLabel - 控件库Debug模式已开启
2026-01-29 18:03:57.106 [JavaFX Application Thread] INFO  o.b.s.BxWinLab.Base.BaseLabel - 控件库Debug模式已开启
2026-01-29 18:03:57.107 [JavaFX Application Thread] INFO  o.b.s.BxWinLab.Base.BaseLabel - 控件库Debug模式已开启
2026-01-29 18:03:57.107 [JavaFX Application Thread] INFO  o.b.s.BxWinLab.Base.BaseLabel - 控件库Debug模式已开启
2026-01-29 18:03:57.107 [JavaFX Application Thread] INFO  o.b.s.BxWinLab.Base.BaseLabel - 控件库Debug模式已开启
2026-01-29 18:03:57.108 [JavaFX Application Thread] INFO  o.b.s.Utils.FileUtil - 成功加载文件/org/bxwbb/spigotplugincreatertool/icon/Universal/Quit.png
2026-01-29 18:03:57.108 [JavaFX Application Thread] INFO  o.b.s.BxWinLab.Base.BaseLabel - 控件库Debug模式已开启
2026-01-29 18:03:57.108 [JavaFX Application Thread] INFO  o.b.s.BxWinLab.Base.BaseLabel - 控件库Debug模式已开启
2026-01-29 18:03:57.109 [JavaFX Application Thread] INFO  o.b.s.BxWinLab.Base.BaseLabel - 控件库Debug模式已开启
2026-01-29 18:03:57.109 [JavaFX Application Thread] INFO  o.b.s.BxWinLab.Base.BaseLabel - 控件库Debug模式已开启
2026-01-29 18:03:57.109 [JavaFX Application Thread] INFO  o.b.s.BxWinLab.Base.BaseLabel - 控件库Debug模式已开启
2026-01-29 18:03:57.109 [JavaFX Application Thread] INFO  o.b.s.BxWinLab.Base.BaseLabel - 控件库Debug模式已开启
2026-01-29 18:03:57.109 [JavaFX Application Thread] INFO  o.b.s.BxWinLab.Base.BaseLabel - 控件库Debug模式已开启
2026-01-29 18:03:57.110 [JavaFX Application Thread] INFO  o.b.s.BxWinLab.Base.BaseLabel - 控件库Debug模式已开启
2026-01-29 18:03:57.111 [JavaFX Application Thread] INFO  o.b.s.BxWinLab.Base.BaseLabel - 控件库Debug模式已开启
2026-01-29 18:03:57.112 [JavaFX Application Thread] INFO  o.b.s.BxWinLab.Base.BaseLabel - 控件库Debug模式已开启
2026-01-29 18:03:57.112 [JavaFX Application Thread] INFO  o.b.s.BxWinLab.Base.BaseLabel - 控件库Debug模式已开启
2026-01-29 18:03:57.112 [JavaFX Application Thread] INFO  o.b.s.BxWinLab.Base.BaseLabel - 控件库Debug模式已开启
2026-01-29 18:03:57.117 [JavaFX Application Thread] INFO  o.b.s.BxWinLab.Base.BaseLabel - 控件库Debug模式已开启
2026-01-29 18:03:57.117 [JavaFX Application Thread] INFO  o.b.s.BxWinLab.Base.BaseLabel - 控件库Debug模式已开启
2026-01-29 18:03:57.136 [JavaFX Application Thread] INFO  o.b.s.BxWinLab.Base.BaseLabel - 控件库Debug模式已开启
2026-01-29 18:03:57.137 [JavaFX Application Thread] INFO  o.b.s.BxWinLab.Base.BaseLabel - 控件库Debug模式已开启
2026-01-29 18:03:57.137 [JavaFX Application Thread] INFO  o.b.s.BxWinLab.Base.BaseLabel - 控件库Debug模式已开启
2026-01-29 18:03:57.137 [JavaFX Application Thread] INFO  o.b.s.BxWinLab.Base.BaseLabel - 控件库Debug模式已开启
2026-01-29 18:03:57.137 [JavaFX Application Thread] INFO  o.b.s.BxWinLab.Base.BaseLabel - 控件库Debug模式已开启
2026-01-29 18:03:57.137 [JavaFX Application Thread] INFO  o.b.s.BxWinLab.Base.BaseLabel - 控件库Debug模式已开启
2026-01-29 18:03:57.137 [JavaFX Application Thread] INFO  o.b.s.BxWinLab.Base.BaseLabel - 控件库Debug模式已开启
2026-01-29 18:03:57.137 [JavaFX Application Thread] INFO  o.b.s.BxWinLab.Base.BaseLabel - 控件库Debug模式已开启
2026-01-29 18:03:57.138 [JavaFX Application Thread] INFO  o.b.s.BxWinLab.Base.BaseLabel - 控件库Debug模式已开启
2026-01-29 18:03:57.138 [JavaFX Application Thread] INFO  o.b.s.BxWinLab.Base.BaseLabel - 控件库Debug模式已开启
2026-01-29 18:03:57.138 [JavaFX Application Thread] INFO  o.b.s.BxWinLab.Base.BaseLabel - 控件库Debug模式已开启
2026-01-29 18:03:57.138 [JavaFX Application Thread] INFO  o.b.s.BxWinLab.Base.BaseLabel - 控件库Debug模式已开启
2026-01-29 18:03:57.139 [JavaFX Application Thread] INFO  o.b.s.BxWinLab.Base.BaseLabel - 控件库Debug模式已开启
2026-01-29 18:03:57.139 [JavaFX Application Thread] INFO  o.b.s.BxWinLab.Base.BaseLabel - 控件库Debug模式已开启
2026-01-29 18:03:57.139 [JavaFX Application Thread] INFO  o.b.s.BxWinLab.Base.BaseLabel - 控件库Debug模式已开启
2026-01-29 18:03:59.241 [JavaFX Application Thread] INFO  o.b.s.BxWinLab.Base.BaseLabel - 控件焦点改变至 - org.bxwbb.spigotplugincreatertool.BxWinLab.SwitchBox@1d710d77
2026-01-29 18:04:04.625 [JavaFX Application Thread] INFO  o.b.s.BxWinLab.Base.BaseLabel - 控件焦点改变至 - org.bxwbb.spigotplugincreatertool.BxWinLab.SwitchBox@231eb45c
2026-01-29 18:04:08.953 [JavaFX Application Thread] INFO  o.b.s.HelloApplication - 执行停止...
2026-01-29 18:04:24.964 [JavaFX-Launcher] INFO  o.b.s.HelloApplication - 执行初始化...
2026-01-29 18:04:24.970 [JavaFX Application Thread] INFO  o.b.s.HelloApplication - 工具开始启动并加载...
2026-01-29 18:04:25.007 [JavaFX Application Thread] INFO  o.b.s.BxWinLab.Base.BaseLabel - 控件库Debug模式已开启
2026-01-29 18:04:25.012 [JavaFX Application Thread] INFO  o.b.s.BxWinLab.Base.BaseLabel - 控件库Debug模式已开启
2026-01-29 18:04:25.015 [JavaFX Application Thread] INFO  o.b.s.BxWinLab.Base.BaseLabel - 控件库Debug模式已开启
2026-01-29 18:04:25.016 [JavaFX Application Thread] INFO  o.b.s.Utils.FileUtil - 成功加载文件/org/bxwbb/spigotplugincreatertool/icon/icon.png
2026-01-29 18:04:25.164 [JavaFX Application Thread] INFO  o.b.s.BxWinLab.Base.BaseLabel - 控件库Debug模式已开启
2026-01-29 18:04:25.166 [JavaFX Application Thread] INFO  o.b.s.BxWinLab.Base.BaseLabel - 控件库Debug模式已开启
2026-01-29 18:04:25.166 [JavaFX Application Thread] INFO  o.b.s.BxWinLab.Base.BaseLabel - 控件库Debug模式已开启
2026-01-29 18:04:25.166 [JavaFX Application Thread] INFO  o.b.s.BxWinLab.Base.BaseLabel - 控件库Debug模式已开启
2026-01-29 18:04:25.166 [JavaFX Application Thread] INFO  o.b.s.BxWinLab.Base.BaseLabel - 控件库Debug模式已开启
2026-01-29 18:04:25.190 [JavaFX Application Thread] INFO  o.b.s.BxWinLab.Base.BaseLabel - 控件库Debug模式已开启
2026-01-29 18:04:25.205 [JavaFX Application Thread] INFO  o.b.s.BxWinLab.Base.BaseLabel - 控件库Debug模式已开启
2026-01-29 18:04:25.205 [JavaFX Application Thread] INFO  o.b.s.BxWinLab.Base.BaseLabel - 控件库Debug模式已开启
2026-01-29 18:04:25.205 [JavaFX Application Thread] INFO  o.b.s.BxWinLab.Base.BaseLabel - 控件库Debug模式已开启
2026-01-29 18:04:25.206 [JavaFX Application Thread] INFO  o.b.s.BxWinLab.Base.BaseLabel - 控件库Debug模式已开启
2026-01-29 18:04:25.207 [JavaFX Application Thread] INFO  o.b.s.BxWinLab.Base.BaseLabel - 控件库Debug模式已开启
2026-01-29 18:04:25.207 [JavaFX Application Thread] INFO  o.b.s.BxWinLab.Base.BaseLabel - 控件库Debug模式已开启
2026-01-29 18:04:25.207 [JavaFX Application Thread] INFO  o.b.s.Utils.FileUtil - 成功加载文件/org/bxwbb/spigotplugincreatertool/icon/Universal/OpenFolder.png
2026-01-29 18:04:25.208 [JavaFX Application Thread] INFO  o.b.s.BxWinLab.Base.BaseLabel - 控件库Debug模式已开启
2026-01-29 18:04:25.208 [JavaFX Application Thread] INFO  o.b.s.BxWinLab.Base.BaseLabel - 控件库Debug模式已开启
2026-01-29 18:04:25.209 [JavaFX Application Thread] INFO  o.b.s.BxWinLab.Base.BaseLabel - 控件库Debug模式已开启
2026-01-29 18:04:25.212 [JavaFX Application Thread] INFO  o.b.s.BxWinLab.Base.BaseLabel - 控件库Debug模式已开启
2026-01-29 18:04:25.212 [JavaFX Application Thread] INFO  o.b.s.BxWinLab.Base.BaseLabel - 控件库Debug模式已开启
2026-01-29 18:04:25.212 [JavaFX Application Thread] INFO  o.b.s.BxWinLab.Base.BaseLabel - 控件库Debug模式已开启
2026-01-29 18:04:25.212 [JavaFX Application Thread] INFO  o.b.s.BxWinLab.Base.BaseLabel - 控件库Debug模式已开启
2026-01-29 18:04:25.213 [JavaFX Application Thread] INFO  o.b.s.Utils.FileUtil - 成功加载文件/org/bxwbb/spigotplugincreatertool/icon/Universal/NewProject.png
2026-01-29 18:04:25.214 [JavaFX Application Thread] INFO  o.b.s.BxWinLab.Base.BaseLabel - 控件库Debug模式已开启
2026-01-29 18:04:25.214 [JavaFX Application Thread] INFO  o.b.s.BxWinLab.Base.BaseLabel - 控件库Debug模式已开启
2026-01-29 18:04:25.215 [JavaFX Application Thread] INFO  o.b.s.BxWinLab.Base.BaseLabel - 控件库Debug模式已开启
2026-01-29 18:04:25.215 [JavaFX Application Thread] INFO  o.b.s.BxWinLab.Base.BaseLabel - 控件库Debug模式已开启
2026-01-29 18:04:25.215 [JavaFX Application Thread] INFO  o.b.s.BxWinLab.Base.BaseLabel - 控件库Debug模式已开启
2026-01-29 18:04:25.215 [JavaFX Application Thread] INFO  o.b.s.BxWinLab.Base.BaseLabel - 控件库Debug模式已开启
2026-01-29 18:04:25.215 [JavaFX Application Thread] INFO  o.b.s.BxWinLab.Base.BaseLabel - 控件库Debug模式已开启
2026-01-29 18:04:25.216 [JavaFX Application Thread] INFO  o.b.s.Utils.FileUtil - 成功加载文件/org/bxwbb/spigotplugincreatertool/icon/Universal/Setting.png
2026-01-29 18:04:25.217 [JavaFX Application Thread] INFO  o.b.s.BxWinLab.Base.BaseLabel - 控件库Debug模式已开启
2026-01-29 18:04:25.217 [JavaFX Application Thread] INFO  o.b.s.BxWinLab.Base.BaseLabel - 控件库Debug模式已开启
2026-01-29 18:04:25.218 [JavaFX Application Thread] INFO  o.b.s.BxWinLab.Base.BaseLabel - 控件库Debug模式已开启
2026-01-29 18:04:25.218 [JavaFX Application Thread] INFO  o.b.s.BxWinLab.Base.BaseLabel - 控件库Debug模式已开启
2026-01-29 18:04:25.218 [JavaFX Application Thread] INFO  o.b.s.BxWinLab.Base.BaseLabel - 控件库Debug模式已开启
2026-01-29 18:04:25.218 [JavaFX Application Thread] INFO  o.b.s.BxWinLab.Base.BaseLabel - 控件库Debug模式已开启
2026-01-29 18:04:25.219 [JavaFX Application Thread] INFO  o.b.s.BxWinLab.Base.BaseLabel - 控件库Debug模式已开启
2026-01-29 18:04:25.220 [JavaFX Application Thread] INFO  o.b.s.Utils.FileUtil - 成功加载文件/org/bxwbb/spigotplugincreatertool/icon/Universal/Learn.png
2026-01-29 18:04:25.221 [JavaFX Application Thread] INFO  o.b.s.BxWinLab.Base.BaseLabel - 控件库Debug模式已开启
2026-01-29 18:04:25.221 [JavaFX Application Thread] INFO  o.b.s.BxWinLab.Base.BaseLabel - 控件库Debug模式已开启
2026-01-29 18:04:25.221 [JavaFX Application Thread] INFO  o.b.s.BxWinLab.Base.BaseLabel - 控件库Debug模式已开启
2026-01-29 18:04:25.221 [JavaFX Application Thread] INFO  o.b.s.BxWinLab.Base.BaseLabel - 控件库Debug模式已开启
2026-01-29 18:04:25.221 [JavaFX Application Thread] INFO  o.b.s.BxWinLab.Base.BaseLabel - 控件库Debug模式已开启
2026-01-29 18:04:25.221 [JavaFX Application Thread] INFO  o.b.s.BxWinLab.Base.BaseLabel - 控件库Debug模式已开启
2026-01-29 18:04:25.222 [JavaFX Application Thread] INFO  o.b.s.BxWinLab.Base.BaseLabel - 控件库Debug模式已开启
2026-01-29 18:04:25.222 [JavaFX Application Thread] INFO  o.b.s.Utils.FileUtil - 成功加载文件/org/bxwbb/spigotplugincreatertool/icon/Universal/Quit.png
2026-01-29 18:04:25.223 [JavaFX Application Thread] INFO  o.b.s.BxWinLab.Base.BaseLabel - 控件库Debug模式已开启
2026-01-29 18:04:25.223 [JavaFX Application Thread] INFO  o.b.s.BxWinLab.Base.BaseLabel - 控件库Debug模式已开启
2026-01-29 18:04:25.223 [JavaFX Application Thread] INFO  o.b.s.BxWinLab.Base.BaseLabel - 控件库Debug模式已开启
2026-01-29 18:04:25.223 [JavaFX Application Thread] INFO  o.b.s.BxWinLab.Base.BaseLabel - 控件库Debug模式已开启
2026-01-29 18:04:25.223 [JavaFX Application Thread] INFO  o.b.s.BxWinLab.Base.BaseLabel - 控件库Debug模式已开启
2026-01-29 18:04:25.224 [JavaFX Application Thread] INFO  o.b.s.BxWinLab.Base.BaseLabel - 控件库Debug模式已开启
2026-01-29 18:04:25.224 [JavaFX Application Thread] INFO  o.b.s.BxWinLab.Base.BaseLabel - 控件库Debug模式已开启
2026-01-29 18:04:25.225 [JavaFX Application Thread] INFO  o.b.s.BxWinLab.Base.BaseLabel - 控件库Debug模式已开启
2026-01-29 18:04:25.225 [JavaFX Application Thread] INFO  o.b.s.BxWinLab.Base.BaseLabel - 控件库Debug模式已开启
2026-01-29 18:04:25.226 [JavaFX Application Thread] INFO  o.b.s.BxWinLab.Base.BaseLabel - 控件库Debug模式已开启
2026-01-29 18:04:25.227 [JavaFX Application Thread] INFO  o.b.s.BxWinLab.Base.BaseLabel - 控件库Debug模式已开启
2026-01-29 18:04:25.227 [JavaFX Application Thread] INFO  o.b.s.BxWinLab.Base.BaseLabel - 控件库Debug模式已开启
2026-01-29 18:04:25.231 [JavaFX Application Thread] INFO  o.b.s.BxWinLab.Base.BaseLabel - 控件库Debug模式已开启
2026-01-29 18:04:25.232 [JavaFX Application Thread] INFO  o.b.s.BxWinLab.Base.BaseLabel - 控件库Debug模式已开启
2026-01-29 18:04:25.249 [JavaFX Application Thread] INFO  o.b.s.BxWinLab.Base.BaseLabel - 控件库Debug模式已开启
2026-01-29 18:04:25.250 [JavaFX Application Thread] INFO  o.b.s.BxWinLab.Base.BaseLabel - 控件库Debug模式已开启
2026-01-29 18:04:25.250 [JavaFX Application Thread] INFO  o.b.s.BxWinLab.Base.BaseLabel - 控件库Debug模式已开启
2026-01-29 18:04:25.250 [JavaFX Application Thread] INFO  o.b.s.BxWinLab.Base.BaseLabel - 控件库Debug模式已开启
2026-01-29 18:04:25.250 [JavaFX Application Thread] INFO  o.b.s.BxWinLab.Base.BaseLabel - 控件库Debug模式已开启
2026-01-29 18:04:25.250 [JavaFX Application Thread] INFO  o.b.s.BxWinLab.Base.BaseLabel - 控件库Debug模式已开启
2026-01-29 18:04:25.250 [JavaFX Application Thread] INFO  o.b.s.BxWinLab.Base.BaseLabel - 控件库Debug模式已开启
2026-01-29 18:04:25.250 [JavaFX Application Thread] INFO  o.b.s.BxWinLab.Base.BaseLabel - 控件库Debug模式已开启
2026-01-29 18:04:25.250 [JavaFX Application Thread] INFO  o.b.s.BxWinLab.Base.BaseLabel - 控件库Debug模式已开启
2026-01-29 18:04:25.252 [JavaFX Application Thread] INFO  o.b.s.BxWinLab.Base.BaseLabel - 控件库Debug模式已开启
2026-01-29 18:04:25.252 [JavaFX Application Thread] INFO  o.b.s.BxWinLab.Base.BaseLabel - 控件库Debug模式已开启
2026-01-29 18:04:25.252 [JavaFX Application Thread] INFO  o.b.s.BxWinLab.Base.BaseLabel - 控件库Debug模式已开启
2026-01-29 18:04:25.253 [JavaFX Application Thread] INFO  o.b.s.BxWinLab.Base.BaseLabel - 控件库Debug模式已开启
2026-01-29 18:04:25.253 [JavaFX Application Thread] INFO  o.b.s.BxWinLab.Base.BaseLabel - 控件库Debug模式已开启
2026-01-29 18:04:25.253 [JavaFX Application Thread] INFO  o.b.s.BxWinLab.Base.BaseLabel - 控件库Debug模式已开启
2026-01-29 18:04:27.093 [JavaFX Application Thread] INFO  o.b.s.HelloApplication - 执行停止...
2026-01-29 18:04:29.435 [JavaFX-Launcher] INFO  o.b.s.HelloApplication - 执行初始化...
2026-01-29 18:04:29.440 [JavaFX Application Thread] INFO  o.b.s.HelloApplication - 工具开始启动并加载...
2026-01-29 18:04:29.478 [JavaFX Application Thread] INFO  o.b.s.BxWinLab.Base.BaseLabel - 控件库Debug模式已开启
2026-01-29 18:04:29.482 [JavaFX Application Thread] INFO  o.b.s.BxWinLab.Base.BaseLabel - 控件库Debug模式已开启
2026-01-29 18:04:29.485 [JavaFX Application Thread] INFO  o.b.s.BxWinLab.Base.BaseLabel - 控件库Debug模式已开启
2026-01-29 18:04:29.486 [JavaFX Application Thread] INFO  o.b.s.Utils.FileUtil - 成功加载文件/org/bxwbb/spigotplugincreatertool/icon/icon.png
2026-01-29 18:04:29.633 [JavaFX Application Thread] INFO  o.b.s.BxWinLab.Base.BaseLabel - 控件库Debug模式已开启
2026-01-29 18:04:29.636 [JavaFX Application Thread] INFO  o.b.s.BxWinLab.Base.BaseLabel - 控件库Debug模式已开启
2026-01-29 18:04:29.636 [JavaFX Application Thread] INFO  o.b.s.BxWinLab.Base.BaseLabel - 控件库Debug模式已开启
2026-01-29 18:04:29.636 [JavaFX Application Thread] INFO  o.b.s.BxWinLab.Base.BaseLabel - 控件库Debug模式已开启
2026-01-29 18:04:29.636 [JavaFX Application Thread] INFO  o.b.s.BxWinLab.Base.BaseLabel - 控件库Debug模式已开启
2026-01-29 18:04:29.659 [JavaFX Application Thread] INFO  o.b.s.BxWinLab.Base.BaseLabel - 控件库Debug模式已开启
2026-01-29 18:04:29.673 [JavaFX Application Thread] INFO  o.b.s.BxWinLab.Base.BaseLabel - 控件库Debug模式已开启
2026-01-29 18:04:29.673 [JavaFX Application Thread] INFO  o.b.s.BxWinLab.Base.BaseLabel - 控件库Debug模式已开启
2026-01-29 18:04:29.674 [JavaFX Application Thread] INFO  o.b.s.BxWinLab.Base.BaseLabel - 控件库Debug模式已开启
2026-01-29 18:04:29.674 [JavaFX Application Thread] INFO  o.b.s.BxWinLab.Base.BaseLabel - 控件库Debug模式已开启
2026-01-29 18:04:29.674 [JavaFX Application Thread] INFO  o.b.s.BxWinLab.Base.BaseLabel - 控件库Debug模式已开启
2026-01-29 18:04:29.676 [JavaFX Application Thread] INFO  o.b.s.BxWinLab.Base.BaseLabel - 控件库Debug模式已开启
2026-01-29 18:04:29.676 [JavaFX Application Thread] INFO  o.b.s.Utils.FileUtil - 成功加载文件/org/bxwbb/spigotplugincreatertool/icon/Universal/OpenFolder.png
2026-01-29 18:04:29.677 [JavaFX Application Thread] INFO  o.b.s.BxWinLab.Base.BaseLabel - 控件库Debug模式已开启
2026-01-29 18:04:29.677 [JavaFX Application Thread] INFO  o.b.s.BxWinLab.Base.BaseLabel - 控件库Debug模式已开启
2026-01-29 18:04:29.678 [JavaFX Application Thread] INFO  o.b.s.BxWinLab.Base.BaseLabel - 控件库Debug模式已开启
2026-01-29 18:04:29.679 [JavaFX Application Thread] INFO  o.b.s.BxWinLab.Base.BaseLabel - 控件库Debug模式已开启
2026-01-29 18:04:29.679 [JavaFX Application Thread] INFO  o.b.s.BxWinLab.Base.BaseLabel - 控件库Debug模式已开启
2026-01-29 18:04:29.680 [JavaFX Application Thread] INFO  o.b.s.BxWinLab.Base.BaseLabel - 控件库Debug模式已开启
2026-01-29 18:04:29.680 [JavaFX Application Thread] INFO  o.b.s.BxWinLab.Base.BaseLabel - 控件库Debug模式已开启
2026-01-29 18:04:29.681 [JavaFX Application Thread] INFO  o.b.s.Utils.FileUtil - 成功加载文件/org/bxwbb/spigotplugincreatertool/icon/Universal/NewProject.png
2026-01-29 18:04:29.681 [JavaFX Application Thread] INFO  o.b.s.BxWinLab.Base.BaseLabel - 控件库Debug模式已开启
2026-01-29 18:04:29.682 [JavaFX Application Thread] INFO  o.b.s.BxWinLab.Base.BaseLabel - 控件库Debug模式已开启
2026-01-29 18:04:29.682 [JavaFX Application Thread] INFO  o.b.s.BxWinLab.Base.BaseLabel - 控件库Debug模式已开启
2026-01-29 18:04:29.683 [JavaFX Application Thread] INFO  o.b.s.BxWinLab.Base.BaseLabel - 控件库Debug模式已开启
2026-01-29 18:04:29.683 [JavaFX Application Thread] INFO  o.b.s.BxWinLab.Base.BaseLabel - 控件库Debug模式已开启
2026-01-29 18:04:29.683 [JavaFX Application Thread] INFO  o.b.s.BxWinLab.Base.BaseLabel - 控件库Debug模式已开启
2026-01-29 18:04:29.683 [JavaFX Application Thread] INFO  o.b.s.BxWinLab.Base.BaseLabel - 控件库Debug模式已开启
2026-01-29 18:04:29.684 [JavaFX Application Thread] INFO  o.b.s.Utils.FileUtil - 成功加载文件/org/bxwbb/spigotplugincreatertool/icon/Universal/Setting.png
2026-01-29 18:04:29.685 [JavaFX Application Thread] INFO  o.b.s.BxWinLab.Base.BaseLabel - 控件库Debug模式已开启
2026-01-29 18:04:29.686 [JavaFX Application Thread] INFO  o.b.s.BxWinLab.Base.BaseLabel - 控件库Debug模式已开启
2026-01-29 18:04:29.686 [JavaFX Application Thread] INFO  o.b.s.BxWinLab.Base.BaseLabel - 控件库Debug模式已开启
2026-01-29 18:04:29.686 [JavaFX Application Thread] INFO  o.b.s.BxWinLab.Base.BaseLabel - 控件库Debug模式已开启
2026-01-29 18:04:29.686 [JavaFX Application Thread] INFO  o.b.s.BxWinLab.Base.BaseLabel - 控件库Debug模式已开启
2026-01-29 18:04:29.686 [JavaFX Application Thread] INFO  o.b.s.BxWinLab.Base.BaseLabel - 控件库Debug模式已开启
2026-01-29 18:04:29.686 [JavaFX Application Thread] INFO  o.b.s.BxWinLab.Base.BaseLabel - 控件库Debug模式已开启
2026-01-29 18:04:29.687 [JavaFX Application Thread] INFO  o.b.s.Utils.FileUtil - 成功加载文件/org/bxwbb/spigotplugincreatertool/icon/Universal/Learn.png
2026-01-29 18:04:29.688 [JavaFX Application Thread] INFO  o.b.s.BxWinLab.Base.BaseLabel - 控件库Debug模式已开启
2026-01-29 18:04:29.688 [JavaFX Application Thread] INFO  o.b.s.BxWinLab.Base.BaseLabel - 控件库Debug模式已开启
2026-01-29 18:04:29.689 [JavaFX Application Thread] INFO  o.b.s.BxWinLab.Base.BaseLabel - 控件库Debug模式已开启
2026-01-29 18:04:29.689 [JavaFX Application Thread] INFO  o.b.s.BxWinLab.Base.BaseLabel - 控件库Debug模式已开启
2026-01-29 18:04:29.689 [JavaFX Application Thread] INFO  o.b.s.BxWinLab.Base.BaseLabel - 控件库Debug模式已开启
2026-01-29 18:04:29.689 [JavaFX Application Thread] INFO  o.b.s.BxWinLab.Base.BaseLabel - 控件库Debug模式已开启
2026-01-29 18:04:29.689 [JavaFX Application Thread] INFO  o.b.s.BxWinLab.Base.BaseLabel - 控件库Debug模式已开启
2026-01-29 18:04:29.690 [JavaFX Application Thread] INFO  o.b.s.Utils.FileUtil - 成功加载文件/org/bxwbb/spigotplugincreatertool/icon/Universal/Quit.png
2026-01-29 18:04:29.691 [JavaFX Application Thread] INFO  o.b.s.BxWinLab.Base.BaseLabel - 控件库Debug模式已开启
2026-01-29 18:04:29.691 [JavaFX Application Thread] INFO  o.b.s.BxWinLab.Base.BaseLabel - 控件库Debug模式已开启
2026-01-29 18:04:29.691 [JavaFX Application Thread] INFO  o.b.s.BxWinLab.Base.BaseLabel - 控件库Debug模式已开启
2026-01-29 18:04:29.692 [JavaFX Application Thread] INFO  o.b.s.BxWinLab.Base.BaseLabel - 控件库Debug模式已开启
2026-01-29 18:04:29.692 [JavaFX Application Thread] INFO  o.b.s.BxWinLab.Base.BaseLabel - 控件库Debug模式已开启
2026-01-29 18:04:29.692 [JavaFX Application Thread] INFO  o.b.s.BxWinLab.Base.BaseLabel - 控件库Debug模式已开启
2026-01-29 18:04:29.692 [JavaFX Application Thread] INFO  o.b.s.BxWinLab.Base.BaseLabel - 控件库Debug模式已开启
2026-01-29 18:04:29.694 [JavaFX Application Thread] INFO  o.b.s.BxWinLab.Base.BaseLabel - 控件库Debug模式已开启
2026-01-29 18:04:29.694 [JavaFX Application Thread] INFO  o.b.s.BxWinLab.Base.BaseLabel - 控件库Debug模式已开启
2026-01-29 18:04:29.695 [JavaFX Application Thread] INFO  o.b.s.BxWinLab.Base.BaseLabel - 控件库Debug模式已开启
2026-01-29 18:04:29.696 [JavaFX Application Thread] INFO  o.b.s.BxWinLab.Base.BaseLabel - 控件库Debug模式已开启
2026-01-29 18:04:29.696 [JavaFX Application Thread] INFO  o.b.s.BxWinLab.Base.BaseLabel - 控件库Debug模式已开启
2026-01-29 18:04:29.700 [JavaFX Application Thread] INFO  o.b.s.BxWinLab.Base.BaseLabel - 控件库Debug模式已开启
2026-01-29 18:04:29.701 [JavaFX Application Thread] INFO  o.b.s.BxWinLab.Base.BaseLabel - 控件库Debug模式已开启
2026-01-29 18:04:29.717 [JavaFX Application Thread] INFO  o.b.s.BxWinLab.Base.BaseLabel - 控件库Debug模式已开启
2026-01-29 18:04:29.719 [JavaFX Application Thread] INFO  o.b.s.BxWinLab.Base.BaseLabel - 控件库Debug模式已开启
2026-01-29 18:04:29.719 [JavaFX Application Thread] INFO  o.b.s.BxWinLab.Base.BaseLabel - 控件库Debug模式已开启
2026-01-29 18:04:29.719 [JavaFX Application Thread] INFO  o.b.s.BxWinLab.Base.BaseLabel - 控件库Debug模式已开启
2026-01-29 18:04:29.719 [JavaFX Application Thread] INFO  o.b.s.BxWinLab.Base.BaseLabel - 控件库Debug模式已开启
2026-01-29 18:04:29.719 [JavaFX Application Thread] INFO  o.b.s.BxWinLab.Base.BaseLabel - 控件库Debug模式已开启
2026-01-29 18:04:29.720 [JavaFX Application Thread] INFO  o.b.s.BxWinLab.Base.BaseLabel - 控件库Debug模式已开启
2026-01-29 18:04:29.720 [JavaFX Application Thread] INFO  o.b.s.BxWinLab.Base.BaseLabel - 控件库Debug模式已开启
2026-01-29 18:04:29.720 [JavaFX Application Thread] INFO  o.b.s.BxWinLab.Base.BaseLabel - 控件库Debug模式已开启
2026-01-29 18:04:29.720 [JavaFX Application Thread] INFO  o.b.s.BxWinLab.Base.BaseLabel - 控件库Debug模式已开启
2026-01-29 18:04:29.720 [JavaFX Application Thread] INFO  o.b.s.BxWinLab.Base.BaseLabel - 控件库Debug模式已开启
2026-01-29 18:04:29.720 [JavaFX Application Thread] INFO  o.b.s.BxWinLab.Base.BaseLabel - 控件库Debug模式已开启
2026-01-29 18:04:29.720 [JavaFX Application Thread] INFO  o.b.s.BxWinLab.Base.BaseLabel - 控件库Debug模式已开启
2026-01-29 18:04:29.720 [JavaFX Application Thread] INFO  o.b.s.BxWinLab.Base.BaseLabel - 控件库Debug模式已开启
2026-01-29 18:04:29.720 [JavaFX Application Thread] INFO  o.b.s.BxWinLab.Base.BaseLabel - 控件库Debug模式已开启
2026-01-29 18:04:35.346 [JavaFX Application Thread] INFO  o.b.s.BxWinLab.Base.BaseLabel - 控件焦点改变至 - org.bxwbb.spigotplugincreatertool.BxWinLab.SwitchBox@6c230648
2026-01-29 18:04:46.375 [JavaFX Application Thread] INFO  o.b.s.HelloApplication - 执行停止...
2026-01-29 18:09:13.979 [JavaFX-Launcher] INFO  o.b.s.HelloApplication - 执行初始化...
2026-01-29 18:09:13.986 [JavaFX Application Thread] INFO  o.b.s.HelloApplication - 工具开始启动并加载...
2026-01-29 18:09:14.031 [JavaFX Application Thread] INFO  o.b.s.Utils.FileUtil - 成功加载文件/org/bxwbb/spigotplugincreatertool/icon/icon.png
2026-01-29 18:09:14.217 [JavaFX Application Thread] INFO  o.b.s.Utils.FileUtil - 成功加载文件/org/bxwbb/spigotplugincreatertool/icon/Universal/OpenFolder.png
2026-01-29 18:09:14.222 [JavaFX Application Thread] INFO  o.b.s.Utils.FileUtil - 成功加载文件/org/bxwbb/spigotplugincreatertool/icon/Universal/NewProject.png
2026-01-29 18:09:14.224 [JavaFX Application Thread] INFO  o.b.s.Utils.FileUtil - 成功加载文件/org/bxwbb/spigotplugincreatertool/icon/Universal/Setting.png
2026-01-29 18:09:14.227 [JavaFX Application Thread] INFO  o.b.s.Utils.FileUtil - 成功加载文件/org/bxwbb/spigotplugincreatertool/icon/Universal/Learn.png
2026-01-29 18:09:14.230 [JavaFX Application Thread] INFO  o.b.s.Utils.FileUtil - 成功加载文件/org/bxwbb/spigotplugincreatertool/icon/Universal/Quit.png
2026-01-29 18:09:16.857 [JavaFX Application Thread] INFO  o.b.s.BxWinLab.Base.BaseLabel - 控件焦点改变至 - org.bxwbb.spigotplugincreatertool.BxWinLab.SwitchBox@1be9c496
2026-01-29 18:09:22.128 [JavaFX Application Thread] INFO  o.b.s.HelloApplication - 执行停止...
2026-01-29 18:09:27.409 [JavaFX-Launcher] INFO  o.b.s.HelloApplication - 执行初始化...
2026-01-29 18:09:27.415 [JavaFX Application Thread] INFO  o.b.s.HelloApplication - 工具开始启动并加载...
2026-01-29 18:09:27.470 [JavaFX Application Thread] INFO  o.b.s.Utils.FileUtil - 成功加载文件/org/bxwbb/spigotplugincreatertool/icon/icon.png
2026-01-29 18:09:27.681 [JavaFX Application Thread] INFO  o.b.s.Utils.FileUtil - 成功加载文件/org/bxwbb/spigotplugincreatertool/icon/Universal/OpenFolder.png
2026-01-29 18:09:27.687 [JavaFX Application Thread] INFO  o.b.s.Utils.FileUtil - 成功加载文件/org/bxwbb/spigotplugincreatertool/icon/Universal/NewProject.png
2026-01-29 18:09:27.690 [JavaFX Application Thread] INFO  o.b.s.Utils.FileUtil - 成功加载文件/org/bxwbb/spigotplugincreatertool/icon/Universal/Setting.png
2026-01-29 18:09:27.692 [JavaFX Application Thread] INFO  o.b.s.Utils.FileUtil - 成功加载文件/org/bxwbb/spigotplugincreatertool/icon/Universal/Learn.png
2026-01-29 18:09:27.694 [JavaFX Application Thread] INFO  o.b.s.Utils.FileUtil - 成功加载文件/org/bxwbb/spigotplugincreatertool/icon/Universal/Quit.png
2026-01-29 18:09:31.301 [JavaFX Application Thread] INFO  o.b.s.HelloApplication - 执行停止...
2026-01-29 18:09:43.807 [JavaFX-Launcher] INFO  o.b.s.HelloApplication - 执行初始化...
2026-01-29 18:09:43.813 [JavaFX Application Thread] INFO  o.b.s.HelloApplication - 工具开始启动并加载...
2026-01-29 18:09:43.866 [JavaFX Application Thread] INFO  o.b.s.Utils.FileUtil - 成功加载文件/org/bxwbb/spigotplugincreatertool/icon/icon.png
2026-01-29 18:09:44.067 [JavaFX Application Thread] INFO  o.b.s.Utils.FileUtil - 成功加载文件/org/bxwbb/spigotplugincreatertool/icon/Universal/OpenFolder.png
2026-01-29 18:09:44.073 [JavaFX Application Thread] INFO  o.b.s.Utils.FileUtil - 成功加载文件/org/bxwbb/spigotplugincreatertool/icon/Universal/NewProject.png
2026-01-29 18:09:44.075 [JavaFX Application Thread] INFO  o.b.s.Utils.FileUtil - 成功加载文件/org/bxwbb/spigotplugincreatertool/icon/Universal/Setting.png
2026-01-29 18:09:44.077 [JavaFX Application Thread] INFO  o.b.s.Utils.FileUtil - 成功加载文件/org/bxwbb/spigotplugincreatertool/icon/Universal/Learn.png
2026-01-29 18:09:44.080 [JavaFX Application Thread] INFO  o.b.s.Utils.FileUtil - 成功加载文件/org/bxwbb/spigotplugincreatertool/icon/Universal/Quit.png
2026-01-29 18:09:47.884 [JavaFX Application Thread] INFO  o.b.s.BxWinLab.Base.BaseLabel - 控件焦点改变至 - org.bxwbb.spigotplugincreatertool.BxWinLab.SwitchBox@e866a3a
2026-01-29 18:09:51.318 [JavaFX Application Thread] INFO  o.b.s.HelloApplication - 执行停止...
2026-01-29 18:10:06.127 [JavaFX-Launcher] INFO  o.b.s.HelloApplication - 执行初始化...
2026-01-29 18:10:06.132 [JavaFX Application Thread] INFO  o.b.s.HelloApplication - 工具开始启动并加载...
2026-01-29 18:10:06.186 [JavaFX Application Thread] INFO  o.b.s.Utils.FileUtil - 成功加载文件/org/bxwbb/spigotplugincreatertool/icon/icon.png
2026-01-29 18:10:06.392 [JavaFX Application Thread] INFO  o.b.s.Utils.FileUtil - 成功加载文件/org/bxwbb/spigotplugincreatertool/icon/Universal/OpenFolder.png
2026-01-29 18:10:06.397 [JavaFX Application Thread] INFO  o.b.s.Utils.FileUtil - 成功加载文件/org/bxwbb/spigotplugincreatertool/icon/Universal/NewProject.png
2026-01-29 18:10:06.399 [JavaFX Application Thread] INFO  o.b.s.Utils.FileUtil - 成功加载文件/org/bxwbb/spigotplugincreatertool/icon/Universal/Setting.png
2026-01-29 18:10:06.403 [JavaFX Application Thread] INFO  o.b.s.Utils.FileUtil - 成功加载文件/org/bxwbb/spigotplugincreatertool/icon/Universal/Learn.png
2026-01-29 18:10:06.404 [JavaFX Application Thread] INFO  o.b.s.Utils.FileUtil - 成功加载文件/org/bxwbb/spigotplugincreatertool/icon/Universal/Quit.png
2026-01-29 18:10:07.576 [JavaFX Application Thread] INFO  o.b.s.BxWinLab.Base.BaseLabel - 控件焦点改变至 - org.bxwbb.spigotplugincreatertool.BxWinLab.SwitchBox@1be9c496
2026-01-29 18:10:09.149 [JavaFX Application Thread] INFO  o.b.s.HelloApplication - 执行停止...
2026-01-29 18:14:30.579 [JavaFX-Launcher] INFO  o.b.s.HelloApplication - 执行初始化...
2026-01-29 18:14:30.585 [JavaFX Application Thread] INFO  o.b.s.HelloApplication - 工具开始启动并加载...
2026-01-29 18:14:30.636 [JavaFX Application Thread] INFO  o.b.s.Utils.FileUtil - 成功加载文件/org/bxwbb/spigotplugincreatertool/icon/icon.png
2026-01-29 18:14:30.849 [JavaFX Application Thread] INFO  o.b.s.Utils.FileUtil - 成功加载文件/org/bxwbb/spigotplugincreatertool/icon/Universal/OpenFolder.png
2026-01-29 18:14:30.855 [JavaFX Application Thread] INFO  o.b.s.Utils.FileUtil - 成功加载文件/org/bxwbb/spigotplugincreatertool/icon/Universal/NewProject.png
2026-01-29 18:14:30.858 [JavaFX Application Thread] INFO  o.b.s.Utils.FileUtil - 成功加载文件/org/bxwbb/spigotplugincreatertool/icon/Universal/Setting.png
2026-01-29 18:14:30.861 [JavaFX Application Thread] INFO  o.b.s.Utils.FileUtil - 成功加载文件/org/bxwbb/spigotplugincreatertool/icon/Universal/Learn.png
2026-01-29 18:14:30.863 [JavaFX Application Thread] INFO  o.b.s.Utils.FileUtil - 成功加载文件/org/bxwbb/spigotplugincreatertool/icon/Universal/Quit.png
2026-01-29 18:14:33.348 [JavaFX Application Thread] INFO  o.b.s.BxWinLab.Base.BaseLabel - 控件焦点改变至 - org.bxwbb.spigotplugincreatertool.BxWinLab.SwitchBox@5378cc26
2026-01-29 18:14:37.634 [JavaFX Application Thread] INFO  o.b.s.HelloApplication - 执行停止...
2026-01-29 18:25:24.319 [JavaFX-Launcher] INFO  o.b.s.HelloApplication - 执行初始化...
2026-01-29 18:25:24.325 [JavaFX Application Thread] INFO  o.b.s.HelloApplication - 工具开始启动并加载...
2026-01-29 18:25:24.382 [JavaFX Application Thread] INFO  o.b.s.Utils.FileUtil - 成功加载文件/org/bxwbb/spigotplugincreatertool/icon/icon.png
2026-01-29 18:25:24.550 [JavaFX Application Thread] INFO  o.b.s.Utils.FileUtil - 成功加载文件/org/bxwbb/spigotplugincreatertool/icon/Universal/NewProject.png
2026-01-29 18:25:24.626 [JavaFX Application Thread] INFO  o.b.s.Utils.FileUtil - 成功加载文件/org/bxwbb/spigotplugincreatertool/icon/Universal/OpenFolder.png
2026-01-29 18:25:24.631 [JavaFX Application Thread] INFO  o.b.s.Utils.FileUtil - 成功加载文件/org/bxwbb/spigotplugincreatertool/icon/Universal/NewProject.png
2026-01-29 18:25:24.633 [JavaFX Application Thread] INFO  o.b.s.Utils.FileUtil - 成功加载文件/org/bxwbb/spigotplugincreatertool/icon/Universal/Setting.png
2026-01-29 18:25:24.636 [JavaFX Application Thread] INFO  o.b.s.Utils.FileUtil - 成功加载文件/org/bxwbb/spigotplugincreatertool/icon/Universal/Learn.png
2026-01-29 18:25:24.638 [JavaFX Application Thread] INFO  o.b.s.Utils.FileUtil - 成功加载文件/org/bxwbb/spigotplugincreatertool/icon/Universal/Quit.png
2026-01-29 18:25:26.763 [JavaFX Application Thread] INFO  o.b.s.BxWinLab.Base.BaseLabel - 控件焦点改变至 - org.bxwbb.spigotplugincreatertool.BxWinLab.SwitchBox@1b3049a0
2026-01-29 18:25:33.915 [JavaFX Application Thread] INFO  o.b.s.HelloApplication - 执行停止...
2026-01-29 18:25:51.305 [JavaFX-Launcher] INFO  o.b.s.HelloApplication - 执行初始化...
2026-01-29 18:25:51.311 [JavaFX Application Thread] INFO  o.b.s.HelloApplication - 工具开始启动并加载...
2026-01-29 18:25:51.355 [JavaFX Application Thread] INFO  o.b.s.Utils.FileUtil - 成功加载文件/org/bxwbb/spigotplugincreatertool/icon/icon.png
2026-01-29 18:25:51.543 [JavaFX Application Thread] INFO  o.b.s.Utils.FileUtil - 成功加载文件/org/bxwbb/spigotplugincreatertool/icon/Universal/OpenFolder.png
2026-01-29 18:25:51.546 [JavaFX Application Thread] INFO  o.b.s.Utils.FileUtil - 成功加载文件/org/bxwbb/spigotplugincreatertool/icon/Universal/NewProject.png
2026-01-29 18:25:51.549 [JavaFX Application Thread] INFO  o.b.s.Utils.FileUtil - 成功加载文件/org/bxwbb/spigotplugincreatertool/icon/Universal/Setting.png
2026-01-29 18:25:51.553 [JavaFX Application Thread] INFO  o.b.s.Utils.FileUtil - 成功加载文件/org/bxwbb/spigotplugincreatertool/icon/Universal/Learn.png
2026-01-29 18:25:51.555 [JavaFX Application Thread] INFO  o.b.s.Utils.FileUtil - 成功加载文件/org/bxwbb/spigotplugincreatertool/icon/Universal/Quit.png
2026-01-29 18:25:52.494 [JavaFX Application Thread] INFO  o.b.s.BxWinLab.Base.BaseLabel - 控件焦点改变至 - org.bxwbb.spigotplugincreatertool.BxWinLab.SwitchBox@1be9c496
2026-01-29 18:25:54.042 [JavaFX Application Thread] INFO  o.b.s.HelloApplication - 执行停止...
2026-01-29 18:30:18.456 [JavaFX-Launcher] INFO  o.b.s.HelloApplication - 执行初始化...
2026-01-29 18:30:18.463 [JavaFX Application Thread] INFO  o.b.s.HelloApplication - 工具开始启动并加载...
2026-01-29 18:30:18.509 [JavaFX Application Thread] INFO  o.b.s.Utils.FileUtil - 成功加载文件/org/bxwbb/spigotplugincreatertool/icon/icon.png
2026-01-29 18:30:18.662 [JavaFX Application Thread] INFO  o.b.s.Utils.FileUtil - 成功加载文件/org/bxwbb/spigotplugincreatertool/icon/Universal/NewProject.png
2026-01-29 18:30:18.703 [JavaFX Application Thread] INFO  o.b.s.Utils.FileUtil - 成功加载文件/org/bxwbb/spigotplugincreatertool/icon/Universal/OpenFolder.png
2026-01-29 18:30:18.708 [JavaFX Application Thread] INFO  o.b.s.Utils.FileUtil - 成功加载文件/org/bxwbb/spigotplugincreatertool/icon/Universal/NewProject.png
2026-01-29 18:30:18.711 [JavaFX Application Thread] INFO  o.b.s.Utils.FileUtil - 成功加载文件/org/bxwbb/spigotplugincreatertool/icon/Universal/Setting.png
2026-01-29 18:30:18.713 [JavaFX Application Thread] INFO  o.b.s.Utils.FileUtil - 成功加载文件/org/bxwbb/spigotplugincreatertool/icon/Universal/Learn.png
2026-01-29 18:30:18.715 [JavaFX Application Thread] INFO  o.b.s.Utils.FileUtil - 成功加载文件/org/bxwbb/spigotplugincreatertool/icon/Universal/Quit.png
2026-01-29 18:30:19.787 [JavaFX Application Thread] INFO  o.b.s.BxWinLab.Base.BaseLabel - 控件焦点改变至 - org.bxwbb.spigotplugincreatertool.BxWinLab.SwitchBox@1b3049a0
2026-01-29 18:30:22.248 [JavaFX Application Thread] INFO  o.b.s.HelloApplication - 执行停止...
2026-01-29 18:30:33.177 [JavaFX-Launcher] INFO  o.b.s.HelloApplication - 执行初始化...
2026-01-29 18:30:33.182 [JavaFX Application Thread] INFO  o.b.s.HelloApplication - 工具开始启动并加载...
2026-01-29 18:30:33.221 [JavaFX Application Thread] INFO  o.b.s.BxWinLab.Base.BaseLabel - 控件库Debug模式已开启
2026-01-29 18:30:33.226 [JavaFX Application Thread] INFO  o.b.s.BxWinLab.Base.BaseLabel - 控件库Debug模式已开启
2026-01-29 18:30:33.228 [JavaFX Application Thread] INFO  o.b.s.BxWinLab.Base.BaseLabel - 控件库Debug模式已开启
2026-01-29 18:30:33.229 [JavaFX Application Thread] INFO  o.b.s.Utils.FileUtil - 成功加载文件/org/bxwbb/spigotplugincreatertool/icon/icon.png
2026-01-29 18:30:33.380 [JavaFX Application Thread] INFO  o.b.s.BxWinLab.Base.BaseLabel - 控件库Debug模式已开启
2026-01-29 18:30:33.383 [JavaFX Application Thread] INFO  o.b.s.Utils.FileUtil - 成功加载文件/org/bxwbb/spigotplugincreatertool/icon/Universal/NewProject.png
2026-01-29 18:30:33.383 [JavaFX Application Thread] INFO  o.b.s.BxWinLab.Base.BaseLabel - 控件库Debug模式已开启
2026-01-29 18:30:33.384 [JavaFX Application Thread] INFO  o.b.s.BxWinLab.Base.BaseLabel - 控件库Debug模式已开启
2026-01-29 18:30:33.384 [JavaFX Application Thread] INFO  o.b.s.BxWinLab.Base.BaseLabel - 控件库Debug模式已开启
2026-01-29 18:30:33.384 [JavaFX Application Thread] INFO  o.b.s.BxWinLab.Base.BaseLabel - 控件库Debug模式已开启
2026-01-29 18:30:33.407 [JavaFX Application Thread] INFO  o.b.s.BxWinLab.Base.BaseLabel - 控件库Debug模式已开启
2026-01-29 18:30:33.422 [JavaFX Application Thread] INFO  o.b.s.BxWinLab.Base.BaseLabel - 控件库Debug模式已开启
2026-01-29 18:30:33.423 [JavaFX Application Thread] INFO  o.b.s.BxWinLab.Base.BaseLabel - 控件库Debug模式已开启
2026-01-29 18:30:33.423 [JavaFX Application Thread] INFO  o.b.s.BxWinLab.Base.BaseLabel - 控件库Debug模式已开启
2026-01-29 18:30:33.423 [JavaFX Application Thread] INFO  o.b.s.BxWinLab.Base.BaseLabel - 控件库Debug模式已开启
2026-01-29 18:30:33.424 [JavaFX Application Thread] INFO  o.b.s.BxWinLab.Base.BaseLabel - 控件库Debug模式已开启
2026-01-29 18:30:33.425 [JavaFX Application Thread] INFO  o.b.s.BxWinLab.Base.BaseLabel - 控件库Debug模式已开启
2026-01-29 18:30:33.425 [JavaFX Application Thread] INFO  o.b.s.Utils.FileUtil - 成功加载文件/org/bxwbb/spigotplugincreatertool/icon/Universal/OpenFolder.png
2026-01-29 18:30:33.427 [JavaFX Application Thread] INFO  o.b.s.BxWinLab.Base.BaseLabel - 控件库Debug模式已开启
2026-01-29 18:30:33.427 [JavaFX Application Thread] INFO  o.b.s.BxWinLab.Base.BaseLabel - 控件库Debug模式已开启
2026-01-29 18:30:33.428 [JavaFX Application Thread] INFO  o.b.s.BxWinLab.Base.BaseLabel - 控件库Debug模式已开启
2026-01-29 18:30:33.429 [JavaFX Application Thread] INFO  o.b.s.BxWinLab.Base.BaseLabel - 控件库Debug模式已开启
2026-01-29 18:30:33.429 [JavaFX Application Thread] INFO  o.b.s.BxWinLab.Base.BaseLabel - 控件库Debug模式已开启
2026-01-29 18:30:33.430 [JavaFX Application Thread] INFO  o.b.s.BxWinLab.Base.BaseLabel - 控件库Debug模式已开启
2026-01-29 18:30:33.430 [JavaFX Application Thread] INFO  o.b.s.BxWinLab.Base.BaseLabel - 控件库Debug模式已开启
2026-01-29 18:30:33.431 [JavaFX Application Thread] INFO  o.b.s.Utils.FileUtil - 成功加载文件/org/bxwbb/spigotplugincreatertool/icon/Universal/NewProject.png
2026-01-29 18:30:33.431 [JavaFX Application Thread] INFO  o.b.s.BxWinLab.Base.BaseLabel - 控件库Debug模式已开启
2026-01-29 18:30:33.431 [JavaFX Application Thread] INFO  o.b.s.BxWinLab.Base.BaseLabel - 控件库Debug模式已开启
2026-01-29 18:30:33.433 [JavaFX Application Thread] INFO  o.b.s.BxWinLab.Base.BaseLabel - 控件库Debug模式已开启
2026-01-29 18:30:33.433 [JavaFX Application Thread] INFO  o.b.s.BxWinLab.Base.BaseLabel - 控件库Debug模式已开启
2026-01-29 18:30:33.433 [JavaFX Application Thread] INFO  o.b.s.BxWinLab.Base.BaseLabel - 控件库Debug模式已开启
2026-01-29 18:30:33.433 [JavaFX Application Thread] INFO  o.b.s.BxWinLab.Base.BaseLabel - 控件库Debug模式已开启
2026-01-29 18:30:33.433 [JavaFX Application Thread] INFO  o.b.s.BxWinLab.Base.BaseLabel - 控件库Debug模式已开启
2026-01-29 18:30:33.434 [JavaFX Application Thread] INFO  o.b.s.Utils.FileUtil - 成功加载文件/org/bxwbb/spigotplugincreatertool/icon/Universal/Setting.png
2026-01-29 18:30:33.435 [JavaFX Application Thread] INFO  o.b.s.BxWinLab.Base.BaseLabel - 控件库Debug模式已开启
2026-01-29 18:30:33.435 [JavaFX Application Thread] INFO  o.b.s.BxWinLab.Base.BaseLabel - 控件库Debug模式已开启
2026-01-29 18:30:33.436 [JavaFX Application Thread] INFO  o.b.s.BxWinLab.Base.BaseLabel - 控件库Debug模式已开启
2026-01-29 18:30:33.436 [JavaFX Application Thread] INFO  o.b.s.BxWinLab.Base.BaseLabel - 控件库Debug模式已开启
2026-01-29 18:30:33.436 [JavaFX Application Thread] INFO  o.b.s.BxWinLab.Base.BaseLabel - 控件库Debug模式已开启
2026-01-29 18:30:33.436 [JavaFX Application Thread] INFO  o.b.s.BxWinLab.Base.BaseLabel - 控件库Debug模式已开启
2026-01-29 18:30:33.437 [JavaFX Application Thread] INFO  o.b.s.BxWinLab.Base.BaseLabel - 控件库Debug模式已开启
2026-01-29 18:30:33.438 [JavaFX Application Thread] INFO  o.b.s.Utils.FileUtil - 成功加载文件/org/bxwbb/spigotplugincreatertool/icon/Universal/Learn.png
2026-01-29 18:30:33.439 [JavaFX Application Thread] INFO  o.b.s.BxWinLab.Base.BaseLabel - 控件库Debug模式已开启
2026-01-29 18:30:33.439 [JavaFX Application Thread] INFO  o.b.s.BxWinLab.Base.BaseLabel - 控件库Debug模式已开启
2026-01-29 18:30:33.439 [JavaFX Application Thread] INFO  o.b.s.BxWinLab.Base.BaseLabel - 控件库Debug模式已开启
2026-01-29 18:30:33.439 [JavaFX Application Thread] INFO  o.b.s.BxWinLab.Base.BaseLabel - 控件库Debug模式已开启
2026-01-29 18:30:33.439 [JavaFX Application Thread] INFO  o.b.s.BxWinLab.Base.BaseLabel - 控件库Debug模式已开启
2026-01-29 18:30:33.440 [JavaFX Application Thread] INFO  o.b.s.BxWinLab.Base.BaseLabel - 控件库Debug模式已开启
2026-01-29 18:30:33.440 [JavaFX Application Thread] INFO  o.b.s.BxWinLab.Base.BaseLabel - 控件库Debug模式已开启
2026-01-29 18:30:33.440 [JavaFX Application Thread] INFO  o.b.s.Utils.FileUtil - 成功加载文件/org/bxwbb/spigotplugincreatertool/icon/Universal/Quit.png
2026-01-29 18:30:33.441 [JavaFX Application Thread] INFO  o.b.s.BxWinLab.Base.BaseLabel - 控件库Debug模式已开启
2026-01-29 18:30:33.441 [JavaFX Application Thread] INFO  o.b.s.BxWinLab.Base.BaseLabel - 控件库Debug模式已开启
2026-01-29 18:30:33.442 [JavaFX Application Thread] INFO  o.b.s.BxWinLab.Base.BaseLabel - 控件库Debug模式已开启
2026-01-29 18:30:33.442 [JavaFX Application Thread] INFO  o.b.s.BxWinLab.Base.BaseLabel - 控件库Debug模式已开启
2026-01-29 18:30:33.442 [JavaFX Application Thread] INFO  o.b.s.BxWinLab.Base.BaseLabel - 控件库Debug模式已开启
2026-01-29 18:30:33.442 [JavaFX Application Thread] INFO  o.b.s.BxWinLab.Base.BaseLabel - 控件库Debug模式已开启
2026-01-29 18:30:33.442 [JavaFX Application Thread] INFO  o.b.s.BxWinLab.Base.BaseLabel - 控件库Debug模式已开启
2026-01-29 18:30:33.443 [JavaFX Application Thread] INFO  o.b.s.BxWinLab.Base.BaseLabel - 控件库Debug模式已开启
2026-01-29 18:30:33.444 [JavaFX Application Thread] INFO  o.b.s.BxWinLab.Base.BaseLabel - 控件库Debug模式已开启
2026-01-29 18:30:33.446 [JavaFX Application Thread] INFO  o.b.s.BxWinLab.Base.BaseLabel - 控件库Debug模式已开启
2026-01-29 18:30:33.446 [JavaFX Application Thread] INFO  o.b.s.BxWinLab.Base.BaseLabel - 控件库Debug模式已开启
2026-01-29 18:30:33.446 [JavaFX Application Thread] INFO  o.b.s.BxWinLab.Base.BaseLabel - 控件库Debug模式已开启
2026-01-29 18:30:33.451 [JavaFX Application Thread] INFO  o.b.s.BxWinLab.Base.BaseLabel - 控件库Debug模式已开启
2026-01-29 18:30:33.451 [JavaFX Application Thread] INFO  o.b.s.BxWinLab.Base.BaseLabel - 控件库Debug模式已开启
2026-01-29 18:30:33.468 [JavaFX Application Thread] INFO  o.b.s.BxWinLab.Base.BaseLabel - 控件库Debug模式已开启
2026-01-29 18:30:33.470 [JavaFX Application Thread] INFO  o.b.s.BxWinLab.Base.BaseLabel - 控件库Debug模式已开启
2026-01-29 18:30:33.470 [JavaFX Application Thread] INFO  o.b.s.BxWinLab.Base.BaseLabel - 控件库Debug模式已开启
2026-01-29 18:30:33.470 [JavaFX Application Thread] INFO  o.b.s.BxWinLab.Base.BaseLabel - 控件库Debug模式已开启
2026-01-29 18:30:33.471 [JavaFX Application Thread] INFO  o.b.s.BxWinLab.Base.BaseLabel - 控件库Debug模式已开启
2026-01-29 18:30:33.471 [JavaFX Application Thread] INFO  o.b.s.BxWinLab.Base.BaseLabel - 控件库Debug模式已开启
2026-01-29 18:30:33.472 [JavaFX Application Thread] INFO  o.b.s.BxWinLab.Base.BaseLabel - 控件库Debug模式已开启
2026-01-29 18:30:33.472 [JavaFX Application Thread] INFO  o.b.s.BxWinLab.Base.BaseLabel - 控件库Debug模式已开启
2026-01-29 18:30:33.472 [JavaFX Application Thread] INFO  o.b.s.BxWinLab.Base.BaseLabel - 控件库Debug模式已开启
2026-01-29 18:30:33.472 [JavaFX Application Thread] INFO  o.b.s.BxWinLab.Base.BaseLabel - 控件库Debug模式已开启
2026-01-29 18:30:33.472 [JavaFX Application Thread] INFO  o.b.s.BxWinLab.Base.BaseLabel - 控件库Debug模式已开启
2026-01-29 18:30:33.472 [JavaFX Application Thread] INFO  o.b.s.BxWinLab.Base.BaseLabel - 控件库Debug模式已开启
2026-01-29 18:30:33.472 [JavaFX Application Thread] INFO  o.b.s.BxWinLab.Base.BaseLabel - 控件库Debug模式已开启
2026-01-29 18:30:33.472 [JavaFX Application Thread] INFO  o.b.s.BxWinLab.Base.BaseLabel - 控件库Debug模式已开启
2026-01-29 18:30:33.472 [JavaFX Application Thread] INFO  o.b.s.BxWinLab.Base.BaseLabel - 控件库Debug模式已开启
2026-01-29 18:30:33.474 [JavaFX Application Thread] INFO  o.b.s.BxWinLab.Base.BaseLabel - 控件库Debug模式已开启
2026-01-29 18:30:33.475 [JavaFX Application Thread] INFO  o.b.s.BxWinLab.Base.BaseLabel - 控件库Debug模式已开启
2026-01-29 18:30:33.475 [JavaFX Application Thread] INFO  o.b.s.BxWinLab.Base.BaseLabel - 控件库Debug模式已开启
2026-01-29 18:30:33.475 [JavaFX Application Thread] INFO  o.b.s.BxWinLab.Base.BaseLabel - 控件库Debug模式已开启
2026-01-29 18:30:36.061 [JavaFX Application Thread] INFO  o.b.s.BxWinLab.Base.BaseLabel - 控件焦点改变至 - org.bxwbb.spigotplugincreatertool.BxWinLab.SwitchBox@1d6fc279
2026-01-29 18:31:15.440 [JavaFX Application Thread] INFO  o.b.s.HelloApplication - 执行停止...
2026-01-29 18:32:23.309 [JavaFX-Launcher] INFO  o.b.s.HelloApplication - 执行初始化...
2026-01-29 18:32:23.316 [JavaFX Application Thread] INFO  o.b.s.HelloApplication - 工具开始启动并加载...
2026-01-29 18:32:23.354 [JavaFX Application Thread] INFO  o.b.s.BxWinLab.Base.BaseLabel - 控件库Debug模式已开启
2026-01-29 18:32:23.361 [JavaFX Application Thread] INFO  o.b.s.BxWinLab.Base.BaseLabel - 控件库Debug模式已开启
2026-01-29 18:32:23.363 [JavaFX Application Thread] INFO  o.b.s.BxWinLab.Base.BaseLabel - 控件库Debug模式已开启
2026-01-29 18:32:23.364 [JavaFX Application Thread] INFO  o.b.s.Utils.FileUtil - 成功加载文件/org/bxwbb/spigotplugincreatertool/icon/icon.png
2026-01-29 18:32:23.516 [JavaFX Application Thread] INFO  o.b.s.BxWinLab.Base.BaseLabel - 控件库Debug模式已开启
2026-01-29 18:32:23.518 [JavaFX Application Thread] INFO  o.b.s.Utils.FileUtil - 成功加载文件/org/bxwbb/spigotplugincreatertool/icon/Universal/NewProject.png
2026-01-29 18:32:23.518 [JavaFX Application Thread] INFO  o.b.s.BxWinLab.Base.BaseLabel - 控件库Debug模式已开启
2026-01-29 18:32:23.519 [JavaFX Application Thread] INFO  o.b.s.BxWinLab.Base.BaseLabel - 控件库Debug模式已开启
2026-01-29 18:32:23.519 [JavaFX Application Thread] INFO  o.b.s.BxWinLab.Base.BaseLabel - 控件库Debug模式已开启
2026-01-29 18:32:23.519 [JavaFX Application Thread] INFO  o.b.s.BxWinLab.Base.BaseLabel - 控件库Debug模式已开启
2026-01-29 18:32:23.543 [JavaFX Application Thread] INFO  o.b.s.BxWinLab.Base.BaseLabel - 控件库Debug模式已开启
2026-01-29 18:32:23.558 [JavaFX Application Thread] INFO  o.b.s.BxWinLab.Base.BaseLabel - 控件库Debug模式已开启
2026-01-29 18:32:23.558 [JavaFX Application Thread] INFO  o.b.s.BxWinLab.Base.BaseLabel - 控件库Debug模式已开启
2026-01-29 18:32:23.558 [JavaFX Application Thread] INFO  o.b.s.BxWinLab.Base.BaseLabel - 控件库Debug模式已开启
2026-01-29 18:32:23.558 [JavaFX Application Thread] INFO  o.b.s.BxWinLab.Base.BaseLabel - 控件库Debug模式已开启
2026-01-29 18:32:23.559 [JavaFX Application Thread] INFO  o.b.s.BxWinLab.Base.BaseLabel - 控件库Debug模式已开启
2026-01-29 18:32:23.560 [JavaFX Application Thread] INFO  o.b.s.BxWinLab.Base.BaseLabel - 控件库Debug模式已开启
2026-01-29 18:32:23.560 [JavaFX Application Thread] INFO  o.b.s.Utils.FileUtil - 成功加载文件/org/bxwbb/spigotplugincreatertool/icon/Universal/OpenFolder.png
2026-01-29 18:32:23.561 [JavaFX Application Thread] INFO  o.b.s.BxWinLab.Base.BaseLabel - 控件库Debug模式已开启
2026-01-29 18:32:23.561 [JavaFX Application Thread] INFO  o.b.s.BxWinLab.Base.BaseLabel - 控件库Debug模式已开启
2026-01-29 18:32:23.562 [JavaFX Application Thread] INFO  o.b.s.BxWinLab.Base.BaseLabel - 控件库Debug模式已开启
2026-01-29 18:32:23.563 [JavaFX Application Thread] INFO  o.b.s.BxWinLab.Base.BaseLabel - 控件库Debug模式已开启
2026-01-29 18:32:23.563 [JavaFX Application Thread] INFO  o.b.s.BxWinLab.Base.BaseLabel - 控件库Debug模式已开启
2026-01-29 18:32:23.563 [JavaFX Application Thread] INFO  o.b.s.BxWinLab.Base.BaseLabel - 控件库Debug模式已开启
2026-01-29 18:32:23.563 [JavaFX Application Thread] INFO  o.b.s.BxWinLab.Base.BaseLabel - 控件库Debug模式已开启
2026-01-29 18:32:23.566 [JavaFX Application Thread] INFO  o.b.s.Utils.FileUtil - 成功加载文件/org/bxwbb/spigotplugincreatertool/icon/Universal/NewProject.png
2026-01-29 18:32:23.567 [JavaFX Application Thread] INFO  o.b.s.BxWinLab.Base.BaseLabel - 控件库Debug模式已开启
2026-01-29 18:32:23.567 [JavaFX Application Thread] INFO  o.b.s.BxWinLab.Base.BaseLabel - 控件库Debug模式已开启
2026-01-29 18:32:23.567 [JavaFX Application Thread] INFO  o.b.s.BxWinLab.Base.BaseLabel - 控件库Debug模式已开启
2026-01-29 18:32:23.567 [JavaFX Application Thread] INFO  o.b.s.BxWinLab.Base.BaseLabel - 控件库Debug模式已开启
2026-01-29 18:32:23.567 [JavaFX Application Thread] INFO  o.b.s.BxWinLab.Base.BaseLabel - 控件库Debug模式已开启
2026-01-29 18:32:23.568 [JavaFX Application Thread] INFO  o.b.s.BxWinLab.Base.BaseLabel - 控件库Debug模式已开启
2026-01-29 18:32:23.568 [JavaFX Application Thread] INFO  o.b.s.BxWinLab.Base.BaseLabel - 控件库Debug模式已开启
2026-01-29 18:32:23.569 [JavaFX Application Thread] INFO  o.b.s.Utils.FileUtil - 成功加载文件/org/bxwbb/spigotplugincreatertool/icon/Universal/Setting.png
2026-01-29 18:32:23.570 [JavaFX Application Thread] INFO  o.b.s.BxWinLab.Base.BaseLabel - 控件库Debug模式已开启
2026-01-29 18:32:23.570 [JavaFX Application Thread] INFO  o.b.s.BxWinLab.Base.BaseLabel - 控件库Debug模式已开启
2026-01-29 18:32:23.570 [JavaFX Application Thread] INFO  o.b.s.BxWinLab.Base.BaseLabel - 控件库Debug模式已开启
2026-01-29 18:32:23.570 [JavaFX Application Thread] INFO  o.b.s.BxWinLab.Base.BaseLabel - 控件库Debug模式已开启
2026-01-29 18:32:23.570 [JavaFX Application Thread] INFO  o.b.s.BxWinLab.Base.BaseLabel - 控件库Debug模式已开启
2026-01-29 18:32:23.571 [JavaFX Application Thread] INFO  o.b.s.BxWinLab.Base.BaseLabel - 控件库Debug模式已开启
2026-01-29 18:32:23.571 [JavaFX Application Thread] INFO  o.b.s.BxWinLab.Base.BaseLabel - 控件库Debug模式已开启
2026-01-29 18:32:23.572 [JavaFX Application Thread] INFO  o.b.s.Utils.FileUtil - 成功加载文件/org/bxwbb/spigotplugincreatertool/icon/Universal/Learn.png
2026-01-29 18:32:23.573 [JavaFX Application Thread] INFO  o.b.s.BxWinLab.Base.BaseLabel - 控件库Debug模式已开启
2026-01-29 18:32:23.573 [JavaFX Application Thread] INFO  o.b.s.BxWinLab.Base.BaseLabel - 控件库Debug模式已开启
2026-01-29 18:32:23.573 [JavaFX Application Thread] INFO  o.b.s.BxWinLab.Base.BaseLabel - 控件库Debug模式已开启
2026-01-29 18:32:23.574 [JavaFX Application Thread] INFO  o.b.s.BxWinLab.Base.BaseLabel - 控件库Debug模式已开启
2026-01-29 18:32:23.574 [JavaFX Application Thread] INFO  o.b.s.BxWinLab.Base.BaseLabel - 控件库Debug模式已开启
2026-01-29 18:32:23.574 [JavaFX Application Thread] INFO  o.b.s.BxWinLab.Base.BaseLabel - 控件库Debug模式已开启
2026-01-29 18:32:23.574 [JavaFX Application Thread] INFO  o.b.s.BxWinLab.Base.BaseLabel - 控件库Debug模式已开启
2026-01-29 18:32:23.575 [JavaFX Application Thread] INFO  o.b.s.Utils.FileUtil - 成功加载文件/org/bxwbb/spigotplugincreatertool/icon/Universal/Quit.png
2026-01-29 18:32:23.575 [JavaFX Application Thread] INFO  o.b.s.BxWinLab.Base.BaseLabel - 控件库Debug模式已开启
2026-01-29 18:32:23.576 [JavaFX Application Thread] INFO  o.b.s.BxWinLab.Base.BaseLabel - 控件库Debug模式已开启
2026-01-29 18:32:23.576 [JavaFX Application Thread] INFO  o.b.s.BxWinLab.Base.BaseLabel - 控件库Debug模式已开启
2026-01-29 18:32:23.576 [JavaFX Application Thread] INFO  o.b.s.BxWinLab.Base.BaseLabel - 控件库Debug模式已开启
2026-01-29 18:32:23.576 [JavaFX Application Thread] INFO  o.b.s.BxWinLab.Base.BaseLabel - 控件库Debug模式已开启
2026-01-29 18:32:23.576 [JavaFX Application Thread] INFO  o.b.s.BxWinLab.Base.BaseLabel - 控件库Debug模式已开启
2026-01-29 18:32:23.576 [JavaFX Application Thread] INFO  o.b.s.BxWinLab.Base.BaseLabel - 控件库Debug模式已开启
2026-01-29 18:32:23.578 [JavaFX Application Thread] INFO  o.b.s.BxWinLab.Base.BaseLabel - 控件库Debug模式已开启
2026-01-29 18:32:23.578 [JavaFX Application Thread] INFO  o.b.s.BxWinLab.Base.BaseLabel - 控件库Debug模式已开启
2026-01-29 18:32:23.579 [JavaFX Application Thread] INFO  o.b.s.BxWinLab.Base.BaseLabel - 控件库Debug模式已开启
2026-01-29 18:32:23.579 [JavaFX Application Thread] INFO  o.b.s.BxWinLab.Base.BaseLabel - 控件库Debug模式已开启
2026-01-29 18:32:23.579 [JavaFX Application Thread] INFO  o.b.s.BxWinLab.Base.BaseLabel - 控件库Debug模式已开启
2026-01-29 18:32:23.585 [JavaFX Application Thread] INFO  o.b.s.BxWinLab.Base.BaseLabel - 控件库Debug模式已开启
2026-01-29 18:32:23.585 [JavaFX Application Thread] INFO  o.b.s.BxWinLab.Base.BaseLabel - 控件库Debug模式已开启
2026-01-29 18:32:23.601 [JavaFX Application Thread] INFO  o.b.s.BxWinLab.Base.BaseLabel - 控件库Debug模式已开启
2026-01-29 18:32:23.603 [JavaFX Application Thread] INFO  o.b.s.BxWinLab.Base.BaseLabel - 控件库Debug模式已开启
2026-01-29 18:32:23.603 [JavaFX Application Thread] INFO  o.b.s.BxWinLab.Base.BaseLabel - 控件库Debug模式已开启
2026-01-29 18:32:23.603 [JavaFX Application Thread] INFO  o.b.s.BxWinLab.Base.BaseLabel - 控件库Debug模式已开启
2026-01-29 18:32:23.603 [JavaFX Application Thread] INFO  o.b.s.BxWinLab.Base.BaseLabel - 控件库Debug模式已开启
2026-01-29 18:32:23.604 [JavaFX Application Thread] INFO  o.b.s.BxWinLab.Base.BaseLabel - 控件库Debug模式已开启
2026-01-29 18:32:23.604 [JavaFX Application Thread] INFO  o.b.s.BxWinLab.Base.BaseLabel - 控件库Debug模式已开启
2026-01-29 18:32:23.604 [JavaFX Application Thread] INFO  o.b.s.BxWinLab.Base.BaseLabel - 控件库Debug模式已开启
2026-01-29 18:32:23.604 [JavaFX Application Thread] INFO  o.b.s.BxWinLab.Base.BaseLabel - 控件库Debug模式已开启
2026-01-29 18:32:23.604 [JavaFX Application Thread] INFO  o.b.s.BxWinLab.Base.BaseLabel - 控件库Debug模式已开启
2026-01-29 18:32:23.604 [JavaFX Application Thread] INFO  o.b.s.BxWinLab.Base.BaseLabel - 控件库Debug模式已开启
2026-01-29 18:32:23.604 [JavaFX Application Thread] INFO  o.b.s.BxWinLab.Base.BaseLabel - 控件库Debug模式已开启
2026-01-29 18:32:23.604 [JavaFX Application Thread] INFO  o.b.s.BxWinLab.Base.BaseLabel - 控件库Debug模式已开启
2026-01-29 18:32:23.604 [JavaFX Application Thread] INFO  o.b.s.BxWinLab.Base.BaseLabel - 控件库Debug模式已开启
2026-01-29 18:32:23.604 [JavaFX Application Thread] INFO  o.b.s.BxWinLab.Base.BaseLabel - 控件库Debug模式已开启
2026-01-29 18:32:23.606 [JavaFX Application Thread] INFO  o.b.s.BxWinLab.Base.BaseLabel - 控件库Debug模式已开启
2026-01-29 18:32:23.607 [JavaFX Application Thread] INFO  o.b.s.BxWinLab.Base.BaseLabel - 控件库Debug模式已开启
2026-01-29 18:32:23.607 [JavaFX Application Thread] INFO  o.b.s.BxWinLab.Base.BaseLabel - 控件库Debug模式已开启
2026-01-29 18:32:23.607 [JavaFX Application Thread] INFO  o.b.s.BxWinLab.Base.BaseLabel - 控件库Debug模式已开启
2026-01-29 18:32:25.368 [JavaFX Application Thread] INFO  o.b.s.BxWinLab.Base.BaseLabel - 控件焦点改变至 - org.bxwbb.spigotplugincreatertool.BxWinLab.SwitchBox@49943263
2026-01-29 18:32:27.744 [JavaFX Application Thread] INFO  o.b.s.HelloApplication - 执行停止...
2026-01-29 18:32:32.429 [JavaFX-Launcher] INFO  o.b.s.HelloApplication - 执行初始化...
2026-01-29 18:32:32.435 [JavaFX Application Thread] INFO  o.b.s.HelloApplication - 工具开始启动并加载...
2026-01-29 18:32:32.473 [JavaFX Application Thread] INFO  o.b.s.BxWinLab.Base.BaseLabel - 控件库Debug模式已开启
2026-01-29 18:32:32.479 [JavaFX Application Thread] INFO  o.b.s.BxWinLab.Base.BaseLabel - 控件库Debug模式已开启
2026-01-29 18:32:32.481 [JavaFX Application Thread] INFO  o.b.s.BxWinLab.Base.BaseLabel - 控件库Debug模式已开启
2026-01-29 18:32:32.483 [JavaFX Application Thread] INFO  o.b.s.Utils.FileUtil - 成功加载文件/org/bxwbb/spigotplugincreatertool/icon/icon.png
2026-01-29 18:32:32.629 [JavaFX Application Thread] INFO  o.b.s.BxWinLab.Base.BaseLabel - 控件库Debug模式已开启
2026-01-29 18:32:32.632 [JavaFX Application Thread] INFO  o.b.s.Utils.FileUtil - 成功加载文件/org/bxwbb/spigotplugincreatertool/icon/Universal/NewProject.png
2026-01-29 18:32:32.632 [JavaFX Application Thread] INFO  o.b.s.BxWinLab.Base.BaseLabel - 控件库Debug模式已开启
2026-01-29 18:32:32.633 [JavaFX Application Thread] INFO  o.b.s.BxWinLab.Base.BaseLabel - 控件库Debug模式已开启
2026-01-29 18:32:32.633 [JavaFX Application Thread] INFO  o.b.s.BxWinLab.Base.BaseLabel - 控件库Debug模式已开启
2026-01-29 18:32:32.633 [JavaFX Application Thread] INFO  o.b.s.BxWinLab.Base.BaseLabel - 控件库Debug模式已开启
2026-01-29 18:32:32.656 [JavaFX Application Thread] INFO  o.b.s.BxWinLab.Base.BaseLabel - 控件库Debug模式已开启
2026-01-29 18:32:32.670 [JavaFX Application Thread] INFO  o.b.s.BxWinLab.Base.BaseLabel - 控件库Debug模式已开启
2026-01-29 18:32:32.671 [JavaFX Application Thread] INFO  o.b.s.BxWinLab.Base.BaseLabel - 控件库Debug模式已开启
2026-01-29 18:32:32.671 [JavaFX Application Thread] INFO  o.b.s.BxWinLab.Base.BaseLabel - 控件库Debug模式已开启
2026-01-29 18:32:32.671 [JavaFX Application Thread] INFO  o.b.s.BxWinLab.Base.BaseLabel - 控件库Debug模式已开启
2026-01-29 18:32:32.673 [JavaFX Application Thread] INFO  o.b.s.BxWinLab.Base.BaseLabel - 控件库Debug模式已开启
2026-01-29 18:32:32.673 [JavaFX Application Thread] INFO  o.b.s.BxWinLab.Base.BaseLabel - 控件库Debug模式已开启
2026-01-29 18:32:32.674 [JavaFX Application Thread] INFO  o.b.s.Utils.FileUtil - 成功加载文件/org/bxwbb/spigotplugincreatertool/icon/Universal/OpenFolder.png
2026-01-29 18:32:32.675 [JavaFX Application Thread] INFO  o.b.s.BxWinLab.Base.BaseLabel - 控件库Debug模式已开启
2026-01-29 18:32:32.675 [JavaFX Application Thread] INFO  o.b.s.BxWinLab.Base.BaseLabel - 控件库Debug模式已开启
2026-01-29 18:32:32.675 [JavaFX Application Thread] INFO  o.b.s.BxWinLab.Base.BaseLabel - 控件库Debug模式已开启
2026-01-29 18:32:32.676 [JavaFX Application Thread] INFO  o.b.s.BxWinLab.Base.BaseLabel - 控件库Debug模式已开启
2026-01-29 18:32:32.676 [JavaFX Application Thread] INFO  o.b.s.BxWinLab.Base.BaseLabel - 控件库Debug模式已开启
2026-01-29 18:32:32.676 [JavaFX Application Thread] INFO  o.b.s.BxWinLab.Base.BaseLabel - 控件库Debug模式已开启
2026-01-29 18:32:32.678 [JavaFX Application Thread] INFO  o.b.s.BxWinLab.Base.BaseLabel - 控件库Debug模式已开启
2026-01-29 18:32:32.679 [JavaFX Application Thread] INFO  o.b.s.Utils.FileUtil - 成功加载文件/org/bxwbb/spigotplugincreatertool/icon/Universal/NewProject.png
2026-01-29 18:32:32.679 [JavaFX Application Thread] INFO  o.b.s.BxWinLab.Base.BaseLabel - 控件库Debug模式已开启
2026-01-29 18:32:32.680 [JavaFX Application Thread] INFO  o.b.s.BxWinLab.Base.BaseLabel - 控件库Debug模式已开启
2026-01-29 18:32:32.680 [JavaFX Application Thread] INFO  o.b.s.BxWinLab.Base.BaseLabel - 控件库Debug模式已开启
2026-01-29 18:32:32.681 [JavaFX Application Thread] INFO  o.b.s.BxWinLab.Base.BaseLabel - 控件库Debug模式已开启
2026-01-29 18:32:32.681 [JavaFX Application Thread] INFO  o.b.s.BxWinLab.Base.BaseLabel - 控件库Debug模式已开启
2026-01-29 18:32:32.681 [JavaFX Application Thread] INFO  o.b.s.BxWinLab.Base.BaseLabel - 控件库Debug模式已开启
2026-01-29 18:32:32.681 [JavaFX Application Thread] INFO  o.b.s.BxWinLab.Base.BaseLabel - 控件库Debug模式已开启
2026-01-29 18:32:32.683 [JavaFX Application Thread] INFO  o.b.s.Utils.FileUtil - 成功加载文件/org/bxwbb/spigotplugincreatertool/icon/Universal/Setting.png
2026-01-29 18:32:32.684 [JavaFX Application Thread] INFO  o.b.s.BxWinLab.Base.BaseLabel - 控件库Debug模式已开启
2026-01-29 18:32:32.684 [JavaFX Application Thread] INFO  o.b.s.BxWinLab.Base.BaseLabel - 控件库Debug模式已开启
2026-01-29 18:32:32.684 [JavaFX Application Thread] INFO  o.b.s.BxWinLab.Base.BaseLabel - 控件库Debug模式已开启
2026-01-29 18:32:32.684 [JavaFX Application Thread] INFO  o.b.s.BxWinLab.Base.BaseLabel - 控件库Debug模式已开启
2026-01-29 18:32:32.684 [JavaFX Application Thread] INFO  o.b.s.BxWinLab.Base.BaseLabel - 控件库Debug模式已开启
2026-01-29 18:32:32.684 [JavaFX Application Thread] INFO  o.b.s.BxWinLab.Base.BaseLabel - 控件库Debug模式已开启
2026-01-29 18:32:32.684 [JavaFX Application Thread] INFO  o.b.s.BxWinLab.Base.BaseLabel - 控件库Debug模式已开启
2026-01-29 18:32:32.685 [JavaFX Application Thread] INFO  o.b.s.Utils.FileUtil - 成功加载文件/org/bxwbb/spigotplugincreatertool/icon/Universal/Learn.png
2026-01-29 18:32:32.686 [JavaFX Application Thread] INFO  o.b.s.BxWinLab.Base.BaseLabel - 控件库Debug模式已开启
2026-01-29 18:32:32.686 [JavaFX Application Thread] INFO  o.b.s.BxWinLab.Base.BaseLabel - 控件库Debug模式已开启
2026-01-29 18:32:32.687 [JavaFX Application Thread] INFO  o.b.s.BxWinLab.Base.BaseLabel - 控件库Debug模式已开启
2026-01-29 18:32:32.687 [JavaFX Application Thread] INFO  o.b.s.BxWinLab.Base.BaseLabel - 控件库Debug模式已开启
2026-01-29 18:32:32.687 [JavaFX Application Thread] INFO  o.b.s.BxWinLab.Base.BaseLabel - 控件库Debug模式已开启
2026-01-29 18:32:32.687 [JavaFX Application Thread] INFO  o.b.s.BxWinLab.Base.BaseLabel - 控件库Debug模式已开启
2026-01-29 18:32:32.687 [JavaFX Application Thread] INFO  o.b.s.BxWinLab.Base.BaseLabel - 控件库Debug模式已开启
2026-01-29 18:32:32.689 [JavaFX Application Thread] INFO  o.b.s.Utils.FileUtil - 成功加载文件/org/bxwbb/spigotplugincreatertool/icon/Universal/Quit.png
2026-01-29 18:32:32.689 [JavaFX Application Thread] INFO  o.b.s.BxWinLab.Base.BaseLabel - 控件库Debug模式已开启
2026-01-29 18:32:32.689 [JavaFX Application Thread] INFO  o.b.s.BxWinLab.Base.BaseLabel - 控件库Debug模式已开启
2026-01-29 18:32:32.690 [JavaFX Application Thread] INFO  o.b.s.BxWinLab.Base.BaseLabel - 控件库Debug模式已开启
2026-01-29 18:32:32.690 [JavaFX Application Thread] INFO  o.b.s.BxWinLab.Base.BaseLabel - 控件库Debug模式已开启
2026-01-29 18:32:32.691 [JavaFX Application Thread] INFO  o.b.s.BxWinLab.Base.BaseLabel - 控件库Debug模式已开启
2026-01-29 18:32:32.691 [JavaFX Application Thread] INFO  o.b.s.BxWinLab.Base.BaseLabel - 控件库Debug模式已开启
2026-01-29 18:32:32.691 [JavaFX Application Thread] INFO  o.b.s.BxWinLab.Base.BaseLabel - 控件库Debug模式已开启
2026-01-29 18:32:32.692 [JavaFX Application Thread] INFO  o.b.s.BxWinLab.Base.BaseLabel - 控件库Debug模式已开启
2026-01-29 18:32:32.693 [JavaFX Application Thread] INFO  o.b.s.BxWinLab.Base.BaseLabel - 控件库Debug模式已开启
2026-01-29 18:32:32.694 [JavaFX Application Thread] INFO  o.b.s.BxWinLab.Base.BaseLabel - 控件库Debug模式已开启
2026-01-29 18:32:32.694 [JavaFX Application Thread] INFO  o.b.s.BxWinLab.Base.BaseLabel - 控件库Debug模式已开启
2026-01-29 18:32:32.694 [JavaFX Application Thread] INFO  o.b.s.BxWinLab.Base.BaseLabel - 控件库Debug模式已开启
2026-01-29 18:32:32.699 [JavaFX Application Thread] INFO  o.b.s.BxWinLab.Base.BaseLabel - 控件库Debug模式已开启
2026-01-29 18:32:32.699 [JavaFX Application Thread] INFO  o.b.s.BxWinLab.Base.BaseLabel - 控件库Debug模式已开启
2026-01-29 18:32:32.716 [JavaFX Application Thread] INFO  o.b.s.BxWinLab.Base.BaseLabel - 控件库Debug模式已开启
2026-01-29 18:32:32.718 [JavaFX Application Thread] INFO  o.b.s.BxWinLab.Base.BaseLabel - 控件库Debug模式已开启
2026-01-29 18:32:32.718 [JavaFX Application Thread] INFO  o.b.s.BxWinLab.Base.BaseLabel - 控件库Debug模式已开启
2026-01-29 18:32:32.719 [JavaFX Application Thread] INFO  o.b.s.BxWinLab.Base.BaseLabel - 控件库Debug模式已开启
2026-01-29 18:32:32.719 [JavaFX Application Thread] INFO  o.b.s.BxWinLab.Base.BaseLabel - 控件库Debug模式已开启
2026-01-29 18:32:32.719 [JavaFX Application Thread] INFO  o.b.s.BxWinLab.Base.BaseLabel - 控件库Debug模式已开启
2026-01-29 18:32:32.719 [JavaFX Application Thread] INFO  o.b.s.BxWinLab.Base.BaseLabel - 控件库Debug模式已开启
2026-01-29 18:32:32.719 [JavaFX Application Thread] INFO  o.b.s.BxWinLab.Base.BaseLabel - 控件库Debug模式已开启
2026-01-29 18:32:32.719 [JavaFX Application Thread] INFO  o.b.s.BxWinLab.Base.BaseLabel - 控件库Debug模式已开启
2026-01-29 18:32:32.719 [JavaFX Application Thread] INFO  o.b.s.BxWinLab.Base.BaseLabel - 控件库Debug模式已开启
2026-01-29 18:32:32.719 [JavaFX Application Thread] INFO  o.b.s.BxWinLab.Base.BaseLabel - 控件库Debug模式已开启
2026-01-29 18:32:32.719 [JavaFX Application Thread] INFO  o.b.s.BxWinLab.Base.BaseLabel - 控件库Debug模式已开启
2026-01-29 18:32:32.719 [JavaFX Application Thread] INFO  o.b.s.BxWinLab.Base.BaseLabel - 控件库Debug模式已开启
2026-01-29 18:32:32.720 [JavaFX Application Thread] INFO  o.b.s.BxWinLab.Base.BaseLabel - 控件库Debug模式已开启
2026-01-29 18:32:32.721 [JavaFX Application Thread] INFO  o.b.s.BxWinLab.Base.BaseLabel - 控件库Debug模式已开启
2026-01-29 18:32:32.721 [JavaFX Application Thread] INFO  o.b.s.BxWinLab.Base.BaseLabel - 控件库Debug模式已开启
2026-01-29 18:32:32.721 [JavaFX Application Thread] INFO  o.b.s.BxWinLab.Base.BaseLabel - 控件库Debug模式已开启
2026-01-29 18:32:34.618 [JavaFX Application Thread] INFO  o.b.s.BxWinLab.Base.BaseLabel - 控件焦点改变至 - org.bxwbb.spigotplugincreatertool.BxWinLab.SwitchBox@64bb80ee
2026-01-29 18:32:36.730 [JavaFX Application Thread] INFO  o.b.s.HelloApplication - 执行停止...
2026-01-29 18:33:02.583 [JavaFX-Launcher] INFO  o.b.s.HelloApplication - 执行初始化...
2026-01-29 18:33:02.590 [JavaFX Application Thread] INFO  o.b.s.HelloApplication - 工具开始启动并加载...
2026-01-29 18:33:02.628 [JavaFX Application Thread] INFO  o.b.s.BxWinLab.Base.BaseLabel - 控件库Debug模式已开启
2026-01-29 18:33:02.634 [JavaFX Application Thread] INFO  o.b.s.BxWinLab.Base.BaseLabel - 控件库Debug模式已开启
2026-01-29 18:33:02.636 [JavaFX Application Thread] INFO  o.b.s.BxWinLab.Base.BaseLabel - 控件库Debug模式已开启
2026-01-29 18:33:02.637 [JavaFX Application Thread] INFO  o.b.s.Utils.FileUtil - 成功加载文件/org/bxwbb/spigotplugincreatertool/icon/icon.png
2026-01-29 18:33:02.785 [JavaFX Application Thread] INFO  o.b.s.BxWinLab.Base.BaseLabel - 控件库Debug模式已开启
2026-01-29 18:33:02.787 [JavaFX Application Thread] INFO  o.b.s.Utils.FileUtil - 成功加载文件/org/bxwbb/spigotplugincreatertool/icon/Universal/NewProject.png
2026-01-29 18:33:02.788 [JavaFX Application Thread] INFO  o.b.s.BxWinLab.Base.BaseLabel - 控件库Debug模式已开启
2026-01-29 18:33:02.788 [JavaFX Application Thread] INFO  o.b.s.BxWinLab.Base.BaseLabel - 控件库Debug模式已开启
2026-01-29 18:33:02.788 [JavaFX Application Thread] INFO  o.b.s.BxWinLab.Base.BaseLabel - 控件库Debug模式已开启
2026-01-29 18:33:02.788 [JavaFX Application Thread] INFO  o.b.s.BxWinLab.Base.BaseLabel - 控件库Debug模式已开启
2026-01-29 18:33:02.813 [JavaFX Application Thread] INFO  o.b.s.BxWinLab.Base.BaseLabel - 控件库Debug模式已开启
2026-01-29 18:33:02.828 [JavaFX Application Thread] INFO  o.b.s.BxWinLab.Base.BaseLabel - 控件库Debug模式已开启
2026-01-29 18:33:02.828 [JavaFX Application Thread] INFO  o.b.s.BxWinLab.Base.BaseLabel - 控件库Debug模式已开启
2026-01-29 18:33:02.829 [JavaFX Application Thread] INFO  o.b.s.BxWinLab.Base.BaseLabel - 控件库Debug模式已开启
2026-01-29 18:33:02.829 [JavaFX Application Thread] INFO  o.b.s.BxWinLab.Base.BaseLabel - 控件库Debug模式已开启
2026-01-29 18:33:02.830 [JavaFX Application Thread] INFO  o.b.s.BxWinLab.Base.BaseLabel - 控件库Debug模式已开启
2026-01-29 18:33:02.831 [JavaFX Application Thread] INFO  o.b.s.BxWinLab.Base.BaseLabel - 控件库Debug模式已开启
2026-01-29 18:33:02.831 [JavaFX Application Thread] INFO  o.b.s.Utils.FileUtil - 成功加载文件/org/bxwbb/spigotplugincreatertool/icon/Universal/OpenFolder.png
2026-01-29 18:33:02.832 [JavaFX Application Thread] INFO  o.b.s.BxWinLab.Base.BaseLabel - 控件库Debug模式已开启
2026-01-29 18:33:02.832 [JavaFX Application Thread] INFO  o.b.s.BxWinLab.Base.BaseLabel - 控件库Debug模式已开启
2026-01-29 18:33:02.833 [JavaFX Application Thread] INFO  o.b.s.BxWinLab.Base.BaseLabel - 控件库Debug模式已开启
2026-01-29 18:33:02.834 [JavaFX Application Thread] INFO  o.b.s.BxWinLab.Base.BaseLabel - 控件库Debug模式已开启
2026-01-29 18:33:02.835 [JavaFX Application Thread] INFO  o.b.s.BxWinLab.Base.BaseLabel - 控件库Debug模式已开启
2026-01-29 18:33:02.835 [JavaFX Application Thread] INFO  o.b.s.BxWinLab.Base.BaseLabel - 控件库Debug模式已开启
2026-01-29 18:33:02.835 [JavaFX Application Thread] INFO  o.b.s.BxWinLab.Base.BaseLabel - 控件库Debug模式已开启
2026-01-29 18:33:02.836 [JavaFX Application Thread] INFO  o.b.s.Utils.FileUtil - 成功加载文件/org/bxwbb/spigotplugincreatertool/icon/Universal/NewProject.png
2026-01-29 18:33:02.837 [JavaFX Application Thread] INFO  o.b.s.BxWinLab.Base.BaseLabel - 控件库Debug模式已开启
2026-01-29 18:33:02.837 [JavaFX Application Thread] INFO  o.b.s.BxWinLab.Base.BaseLabel - 控件库Debug模式已开启
2026-01-29 18:33:02.837 [JavaFX Application Thread] INFO  o.b.s.BxWinLab.Base.BaseLabel - 控件库Debug模式已开启
2026-01-29 18:33:02.837 [JavaFX Application Thread] INFO  o.b.s.BxWinLab.Base.BaseLabel - 控件库Debug模式已开启
2026-01-29 18:33:02.837 [JavaFX Application Thread] INFO  o.b.s.BxWinLab.Base.BaseLabel - 控件库Debug模式已开启
2026-01-29 18:33:02.838 [JavaFX Application Thread] INFO  o.b.s.BxWinLab.Base.BaseLabel - 控件库Debug模式已开启
2026-01-29 18:33:02.838 [JavaFX Application Thread] INFO  o.b.s.BxWinLab.Base.BaseLabel - 控件库Debug模式已开启
2026-01-29 18:33:02.840 [JavaFX Application Thread] INFO  o.b.s.Utils.FileUtil - 成功加载文件/org/bxwbb/spigotplugincreatertool/icon/Universal/Setting.png
2026-01-29 18:33:02.841 [JavaFX Application Thread] INFO  o.b.s.BxWinLab.Base.BaseLabel - 控件库Debug模式已开启
2026-01-29 18:33:02.841 [JavaFX Application Thread] INFO  o.b.s.BxWinLab.Base.BaseLabel - 控件库Debug模式已开启
2026-01-29 18:33:02.841 [JavaFX Application Thread] INFO  o.b.s.BxWinLab.Base.BaseLabel - 控件库Debug模式已开启
2026-01-29 18:33:02.842 [JavaFX Application Thread] INFO  o.b.s.BxWinLab.Base.BaseLabel - 控件库Debug模式已开启
2026-01-29 18:33:02.842 [JavaFX Application Thread] INFO  o.b.s.BxWinLab.Base.BaseLabel - 控件库Debug模式已开启
2026-01-29 18:33:02.842 [JavaFX Application Thread] INFO  o.b.s.BxWinLab.Base.BaseLabel - 控件库Debug模式已开启
2026-01-29 18:33:02.842 [JavaFX Application Thread] INFO  o.b.s.BxWinLab.Base.BaseLabel - 控件库Debug模式已开启
2026-01-29 18:33:02.843 [JavaFX Application Thread] INFO  o.b.s.Utils.FileUtil - 成功加载文件/org/bxwbb/spigotplugincreatertool/icon/Universal/Learn.png
2026-01-29 18:33:02.844 [JavaFX Application Thread] INFO  o.b.s.BxWinLab.Base.BaseLabel - 控件库Debug模式已开启
2026-01-29 18:33:02.844 [JavaFX Application Thread] INFO  o.b.s.BxWinLab.Base.BaseLabel - 控件库Debug模式已开启
2026-01-29 18:33:02.844 [JavaFX Application Thread] INFO  o.b.s.BxWinLab.Base.BaseLabel - 控件库Debug模式已开启
2026-01-29 18:33:02.844 [JavaFX Application Thread] INFO  o.b.s.BxWinLab.Base.BaseLabel - 控件库Debug模式已开启
2026-01-29 18:33:02.844 [JavaFX Application Thread] INFO  o.b.s.BxWinLab.Base.BaseLabel - 控件库Debug模式已开启
2026-01-29 18:33:02.845 [JavaFX Application Thread] INFO  o.b.s.BxWinLab.Base.BaseLabel - 控件库Debug模式已开启
2026-01-29 18:33:02.845 [JavaFX Application Thread] INFO  o.b.s.BxWinLab.Base.BaseLabel - 控件库Debug模式已开启
2026-01-29 18:33:02.845 [JavaFX Application Thread] INFO  o.b.s.Utils.FileUtil - 成功加载文件/org/bxwbb/spigotplugincreatertool/icon/Universal/Quit.png
2026-01-29 18:33:02.846 [JavaFX Application Thread] INFO  o.b.s.BxWinLab.Base.BaseLabel - 控件库Debug模式已开启
2026-01-29 18:33:02.846 [JavaFX Application Thread] INFO  o.b.s.BxWinLab.Base.BaseLabel - 控件库Debug模式已开启
2026-01-29 18:33:02.847 [JavaFX Application Thread] INFO  o.b.s.BxWinLab.Base.BaseLabel - 控件库Debug模式已开启
2026-01-29 18:33:02.847 [JavaFX Application Thread] INFO  o.b.s.BxWinLab.Base.BaseLabel - 控件库Debug模式已开启
2026-01-29 18:33:02.847 [JavaFX Application Thread] INFO  o.b.s.BxWinLab.Base.BaseLabel - 控件库Debug模式已开启
2026-01-29 18:33:02.847 [JavaFX Application Thread] INFO  o.b.s.BxWinLab.Base.BaseLabel - 控件库Debug模式已开启
2026-01-29 18:33:02.847 [JavaFX Application Thread] INFO  o.b.s.BxWinLab.Base.BaseLabel - 控件库Debug模式已开启
2026-01-29 18:33:02.849 [JavaFX Application Thread] INFO  o.b.s.BxWinLab.Base.BaseLabel - 控件库Debug模式已开启
2026-01-29 18:33:02.849 [JavaFX Application Thread] INFO  o.b.s.BxWinLab.Base.BaseLabel - 控件库Debug模式已开启
2026-01-29 18:33:02.851 [JavaFX Application Thread] INFO  o.b.s.BxWinLab.Base.BaseLabel - 控件库Debug模式已开启
2026-01-29 18:33:02.851 [JavaFX Application Thread] INFO  o.b.s.BxWinLab.Base.BaseLabel - 控件库Debug模式已开启
2026-01-29 18:33:02.851 [JavaFX Application Thread] INFO  o.b.s.BxWinLab.Base.BaseLabel - 控件库Debug模式已开启
2026-01-29 18:33:02.856 [JavaFX Application Thread] INFO  o.b.s.BxWinLab.Base.BaseLabel - 控件库Debug模式已开启
2026-01-29 18:33:02.856 [JavaFX Application Thread] INFO  o.b.s.BxWinLab.Base.BaseLabel - 控件库Debug模式已开启
2026-01-29 18:33:02.874 [JavaFX Application Thread] INFO  o.b.s.BxWinLab.Base.BaseLabel - 控件库Debug模式已开启
2026-01-29 18:33:02.876 [JavaFX Application Thread] INFO  o.b.s.BxWinLab.Base.BaseLabel - 控件库Debug模式已开启
2026-01-29 18:33:02.876 [JavaFX Application Thread] INFO  o.b.s.BxWinLab.Base.BaseLabel - 控件库Debug模式已开启
2026-01-29 18:33:02.877 [JavaFX Application Thread] INFO  o.b.s.BxWinLab.Base.BaseLabel - 控件库Debug模式已开启
2026-01-29 18:33:02.877 [JavaFX Application Thread] INFO  o.b.s.BxWinLab.Base.BaseLabel - 控件库Debug模式已开启
2026-01-29 18:33:02.877 [JavaFX Application Thread] INFO  o.b.s.BxWinLab.Base.BaseLabel - 控件库Debug模式已开启
2026-01-29 18:33:02.877 [JavaFX Application Thread] INFO  o.b.s.BxWinLab.Base.BaseLabel - 控件库Debug模式已开启
2026-01-29 18:33:02.877 [JavaFX Application Thread] INFO  o.b.s.BxWinLab.Base.BaseLabel - 控件库Debug模式已开启
2026-01-29 18:33:02.877 [JavaFX Application Thread] INFO  o.b.s.BxWinLab.Base.BaseLabel - 控件库Debug模式已开启
2026-01-29 18:33:02.877 [JavaFX Application Thread] INFO  o.b.s.BxWinLab.Base.BaseLabel - 控件库Debug模式已开启
2026-01-29 18:33:02.877 [JavaFX Application Thread] INFO  o.b.s.BxWinLab.Base.BaseLabel - 控件库Debug模式已开启
2026-01-29 18:33:02.877 [JavaFX Application Thread] INFO  o.b.s.BxWinLab.Base.BaseLabel - 控件库Debug模式已开启
2026-01-29 18:33:02.878 [JavaFX Application Thread] INFO  o.b.s.BxWinLab.Base.BaseLabel - 控件库Debug模式已开启
2026-01-29 18:33:02.878 [JavaFX Application Thread] INFO  o.b.s.BxWinLab.Base.BaseLabel - 控件库Debug模式已开启
2026-01-29 18:33:02.878 [JavaFX Application Thread] INFO  o.b.s.BxWinLab.Base.BaseLabel - 控件库Debug模式已开启
2026-01-29 18:33:02.878 [JavaFX Application Thread] INFO  o.b.s.BxWinLab.Base.BaseLabel - 控件库Debug模式已开启
2026-01-29 18:33:02.878 [JavaFX Application Thread] INFO  o.b.s.BxWinLab.Base.BaseLabel - 控件库Debug模式已开启
2026-01-29 18:33:04.021 [JavaFX Application Thread] INFO  o.b.s.BxWinLab.Base.BaseLabel - 控件焦点改变至 - org.bxwbb.spigotplugincreatertool.BxWinLab.SwitchBox@1ebae285
2026-01-29 18:33:05.827 [JavaFX Application Thread] INFO  o.b.s.HelloApplication - 执行停止...
2026-01-29 19:45:27.320 [JavaFX-Launcher] INFO  o.b.s.HelloApplication - 执行初始化...
2026-01-29 19:45:27.326 [JavaFX Application Thread] INFO  o.b.s.HelloApplication - 工具开始启动并加载...
2026-01-29 19:45:27.361 [JavaFX Application Thread] INFO  o.b.s.BxWinLab.Base.BaseLabel - 控件库Debug模式已开启
2026-01-29 19:45:27.367 [JavaFX Application Thread] INFO  o.b.s.BxWinLab.Base.BaseLabel - 控件库Debug模式已开启
2026-01-29 19:45:27.370 [JavaFX Application Thread] INFO  o.b.s.BxWinLab.Base.BaseLabel - 控件库Debug模式已开启
2026-01-29 19:45:27.371 [JavaFX Application Thread] INFO  o.b.s.Utils.FileUtil - 成功加载文件/org/bxwbb/spigotplugincreatertool/icon/icon.png
2026-01-29 19:45:27.514 [JavaFX Application Thread] INFO  o.b.s.BxWinLab.Base.BaseLabel - 控件库Debug模式已开启
2026-01-29 19:45:27.516 [JavaFX Application Thread] INFO  o.b.s.Utils.FileUtil - 成功加载文件/org/bxwbb/spigotplugincreatertool/icon/Universal/NewProject.png
2026-01-29 19:45:27.517 [JavaFX Application Thread] INFO  o.b.s.BxWinLab.Base.BaseLabel - 控件库Debug模式已开启
2026-01-29 19:45:27.517 [JavaFX Application Thread] INFO  o.b.s.BxWinLab.Base.BaseLabel - 控件库Debug模式已开启
2026-01-29 19:45:27.517 [JavaFX Application Thread] INFO  o.b.s.BxWinLab.Base.BaseLabel - 控件库Debug模式已开启
2026-01-29 19:45:27.518 [JavaFX Application Thread] INFO  o.b.s.BxWinLab.Base.BaseLabel - 控件库Debug模式已开启
2026-01-29 19:45:27.540 [JavaFX Application Thread] INFO  o.b.s.BxWinLab.Base.BaseLabel - 控件库Debug模式已开启
2026-01-29 19:45:27.555 [JavaFX Application Thread] INFO  o.b.s.BxWinLab.Base.BaseLabel - 控件库Debug模式已开启
2026-01-29 19:45:27.555 [JavaFX Application Thread] INFO  o.b.s.BxWinLab.Base.BaseLabel - 控件库Debug模式已开启
2026-01-29 19:45:27.555 [JavaFX Application Thread] INFO  o.b.s.BxWinLab.Base.BaseLabel - 控件库Debug模式已开启
2026-01-29 19:45:27.556 [JavaFX Application Thread] INFO  o.b.s.BxWinLab.Base.BaseLabel - 控件库Debug模式已开启
2026-01-29 19:45:27.557 [JavaFX Application Thread] INFO  o.b.s.BxWinLab.Base.BaseLabel - 控件库Debug模式已开启
2026-01-29 19:45:27.557 [JavaFX Application Thread] INFO  o.b.s.BxWinLab.Base.BaseLabel - 控件库Debug模式已开启
2026-01-29 19:45:27.557 [JavaFX Application Thread] INFO  o.b.s.Utils.FileUtil - 成功加载文件/org/bxwbb/spigotplugincreatertool/icon/Universal/OpenFolder.png
2026-01-29 19:45:27.559 [JavaFX Application Thread] INFO  o.b.s.BxWinLab.Base.BaseLabel - 控件库Debug模式已开启
2026-01-29 19:45:27.559 [JavaFX Application Thread] INFO  o.b.s.BxWinLab.Base.BaseLabel - 控件库Debug模式已开启
2026-01-29 19:45:27.559 [JavaFX Application Thread] INFO  o.b.s.BxWinLab.Base.BaseLabel - 控件库Debug模式已开启
2026-01-29 19:45:27.560 [JavaFX Application Thread] INFO  o.b.s.BxWinLab.Base.BaseLabel - 控件库Debug模式已开启
2026-01-29 19:45:27.560 [JavaFX Application Thread] INFO  o.b.s.BxWinLab.Base.BaseLabel - 控件库Debug模式已开启
2026-01-29 19:45:27.562 [JavaFX Application Thread] INFO  o.b.s.BxWinLab.Base.BaseLabel - 控件库Debug模式已开启
2026-01-29 19:45:27.562 [JavaFX Application Thread] INFO  o.b.s.BxWinLab.Base.BaseLabel - 控件库Debug模式已开启
2026-01-29 19:45:27.563 [JavaFX Application Thread] INFO  o.b.s.Utils.FileUtil - 成功加载文件/org/bxwbb/spigotplugincreatertool/icon/Universal/NewProject.png
2026-01-29 19:45:27.565 [JavaFX Application Thread] INFO  o.b.s.BxWinLab.Base.BaseLabel - 控件库Debug模式已开启
2026-01-29 19:45:27.565 [JavaFX Application Thread] INFO  o.b.s.BxWinLab.Base.BaseLabel - 控件库Debug模式已开启
2026-01-29 19:45:27.566 [JavaFX Application Thread] INFO  o.b.s.BxWinLab.Base.BaseLabel - 控件库Debug模式已开启
2026-01-29 19:45:27.566 [JavaFX Application Thread] INFO  o.b.s.BxWinLab.Base.BaseLabel - 控件库Debug模式已开启
2026-01-29 19:45:27.566 [JavaFX Application Thread] INFO  o.b.s.BxWinLab.Base.BaseLabel - 控件库Debug模式已开启
2026-01-29 19:45:27.566 [JavaFX Application Thread] INFO  o.b.s.BxWinLab.Base.BaseLabel - 控件库Debug模式已开启
2026-01-29 19:45:27.567 [JavaFX Application Thread] INFO  o.b.s.BxWinLab.Base.BaseLabel - 控件库Debug模式已开启
2026-01-29 19:45:27.568 [JavaFX Application Thread] INFO  o.b.s.Utils.FileUtil - 成功加载文件/org/bxwbb/spigotplugincreatertool/icon/Universal/Setting.png
2026-01-29 19:45:27.570 [JavaFX Application Thread] INFO  o.b.s.BxWinLab.Base.BaseLabel - 控件库Debug模式已开启
2026-01-29 19:45:27.570 [JavaFX Application Thread] INFO  o.b.s.BxWinLab.Base.BaseLabel - 控件库Debug模式已开启
2026-01-29 19:45:27.570 [JavaFX Application Thread] INFO  o.b.s.BxWinLab.Base.BaseLabel - 控件库Debug模式已开启
2026-01-29 19:45:27.570 [JavaFX Application Thread] INFO  o.b.s.BxWinLab.Base.BaseLabel - 控件库Debug模式已开启
2026-01-29 19:45:27.570 [JavaFX Application Thread] INFO  o.b.s.BxWinLab.Base.BaseLabel - 控件库Debug模式已开启
2026-01-29 19:45:27.570 [JavaFX Application Thread] INFO  o.b.s.BxWinLab.Base.BaseLabel - 控件库Debug模式已开启
2026-01-29 19:45:27.570 [JavaFX Application Thread] INFO  o.b.s.BxWinLab.Base.BaseLabel - 控件库Debug模式已开启
2026-01-29 19:45:27.571 [JavaFX Application Thread] INFO  o.b.s.Utils.FileUtil - 成功加载文件/org/bxwbb/spigotplugincreatertool/icon/Universal/Learn.png
2026-01-29 19:45:27.573 [JavaFX Application Thread] INFO  o.b.s.BxWinLab.Base.BaseLabel - 控件库Debug模式已开启
2026-01-29 19:45:27.573 [JavaFX Application Thread] INFO  o.b.s.BxWinLab.Base.BaseLabel - 控件库Debug模式已开启
2026-01-29 19:45:27.573 [JavaFX Application Thread] INFO  o.b.s.BxWinLab.Base.BaseLabel - 控件库Debug模式已开启
2026-01-29 19:45:27.574 [JavaFX Application Thread] INFO  o.b.s.BxWinLab.Base.BaseLabel - 控件库Debug模式已开启
2026-01-29 19:45:27.574 [JavaFX Application Thread] INFO  o.b.s.BxWinLab.Base.BaseLabel - 控件库Debug模式已开启
2026-01-29 19:45:27.574 [JavaFX Application Thread] INFO  o.b.s.BxWinLab.Base.BaseLabel - 控件库Debug模式已开启
2026-01-29 19:45:27.574 [JavaFX Application Thread] INFO  o.b.s.BxWinLab.Base.BaseLabel - 控件库Debug模式已开启
2026-01-29 19:45:27.575 [JavaFX Application Thread] INFO  o.b.s.Utils.FileUtil - 成功加载文件/org/bxwbb/spigotplugincreatertool/icon/Universal/Quit.png
2026-01-29 19:45:27.576 [JavaFX Application Thread] INFO  o.b.s.BxWinLab.Base.BaseLabel - 控件库Debug模式已开启
2026-01-29 19:45:27.577 [JavaFX Application Thread] INFO  o.b.s.BxWinLab.Base.BaseLabel - 控件库Debug模式已开启
2026-01-29 19:45:27.577 [JavaFX Application Thread] INFO  o.b.s.BxWinLab.Base.BaseLabel - 控件库Debug模式已开启
2026-01-29 19:45:27.577 [JavaFX Application Thread] INFO  o.b.s.BxWinLab.Base.BaseLabel - 控件库Debug模式已开启
2026-01-29 19:45:27.577 [JavaFX Application Thread] INFO  o.b.s.BxWinLab.Base.BaseLabel - 控件库Debug模式已开启
2026-01-29 19:45:27.577 [JavaFX Application Thread] INFO  o.b.s.BxWinLab.Base.BaseLabel - 控件库Debug模式已开启
2026-01-29 19:45:27.577 [JavaFX Application Thread] INFO  o.b.s.BxWinLab.Base.BaseLabel - 控件库Debug模式已开启
2026-01-29 19:45:27.578 [JavaFX Application Thread] INFO  o.b.s.BxWinLab.Base.BaseLabel - 控件库Debug模式已开启
2026-01-29 19:45:27.578 [JavaFX Application Thread] INFO  o.b.s.BxWinLab.Base.BaseLabel - 控件库Debug模式已开启
2026-01-29 19:45:27.580 [JavaFX Application Thread] INFO  o.b.s.BxWinLab.Base.BaseLabel - 控件库Debug模式已开启
2026-01-29 19:45:27.580 [JavaFX Application Thread] INFO  o.b.s.BxWinLab.Base.BaseLabel - 控件库Debug模式已开启
2026-01-29 19:45:27.580 [JavaFX Application Thread] INFO  o.b.s.BxWinLab.Base.BaseLabel - 控件库Debug模式已开启
2026-01-29 19:45:27.585 [JavaFX Application Thread] INFO  o.b.s.BxWinLab.Base.BaseLabel - 控件库Debug模式已开启
2026-01-29 19:45:27.586 [JavaFX Application Thread] INFO  o.b.s.BxWinLab.Base.BaseLabel - 控件库Debug模式已开启
2026-01-29 19:45:27.602 [JavaFX Application Thread] INFO  o.b.s.BxWinLab.Base.BaseLabel - 控件库Debug模式已开启
2026-01-29 19:45:27.604 [JavaFX Application Thread] INFO  o.b.s.BxWinLab.Base.BaseLabel - 控件库Debug模式已开启
2026-01-29 19:45:27.604 [JavaFX Application Thread] INFO  o.b.s.BxWinLab.Base.BaseLabel - 控件库Debug模式已开启
2026-01-29 19:45:27.604 [JavaFX Application Thread] INFO  o.b.s.BxWinLab.Base.BaseLabel - 控件库Debug模式已开启
2026-01-29 19:45:27.605 [JavaFX Application Thread] INFO  o.b.s.BxWinLab.Base.BaseLabel - 控件库Debug模式已开启
2026-01-29 19:45:27.605 [JavaFX Application Thread] INFO  o.b.s.BxWinLab.Base.BaseLabel - 控件库Debug模式已开启
2026-01-29 19:45:27.605 [JavaFX Application Thread] INFO  o.b.s.BxWinLab.Base.BaseLabel - 控件库Debug模式已开启
2026-01-29 19:45:27.606 [JavaFX Application Thread] INFO  o.b.s.BxWinLab.Base.BaseLabel - 控件库Debug模式已开启
2026-01-29 19:45:27.606 [JavaFX Application Thread] INFO  o.b.s.BxWinLab.Base.BaseLabel - 控件库Debug模式已开启
2026-01-29 19:45:27.606 [JavaFX Application Thread] INFO  o.b.s.BxWinLab.Base.BaseLabel - 控件库Debug模式已开启
2026-01-29 19:45:27.606 [JavaFX Application Thread] INFO  o.b.s.BxWinLab.Base.BaseLabel - 控件库Debug模式已开启
2026-01-29 19:45:27.606 [JavaFX Application Thread] INFO  o.b.s.BxWinLab.Base.BaseLabel - 控件库Debug模式已开启
2026-01-29 19:45:27.606 [JavaFX Application Thread] INFO  o.b.s.BxWinLab.Base.BaseLabel - 控件库Debug模式已开启
2026-01-29 19:45:27.606 [JavaFX Application Thread] INFO  o.b.s.BxWinLab.Base.BaseLabel - 控件库Debug模式已开启
2026-01-29 19:45:27.606 [JavaFX Application Thread] INFO  o.b.s.BxWinLab.Base.BaseLabel - 控件库Debug模式已开启
2026-01-29 19:45:27.607 [JavaFX Application Thread] INFO  o.b.s.BxWinLab.Base.BaseLabel - 控件库Debug模式已开启
2026-01-29 19:45:27.608 [JavaFX Application Thread] INFO  o.b.s.BxWinLab.Base.BaseLabel - 控件库Debug模式已开启
2026-01-29 19:45:27.608 [JavaFX Application Thread] INFO  o.b.s.BxWinLab.Base.BaseLabel - 控件库Debug模式已开启
2026-01-29 19:45:27.608 [JavaFX Application Thread] INFO  o.b.s.BxWinLab.Base.BaseLabel - 控件库Debug模式已开启
2026-01-29 19:45:29.332 [JavaFX Application Thread] INFO  o.b.s.BxWinLab.Base.BaseLabel - 控件焦点改变至 - org.bxwbb.spigotplugincreatertool.BxWinLab.SwitchBox@1d6fc279
2026-01-29 19:45:31.526 [JavaFX Application Thread] INFO  o.b.s.HelloApplication - 执行停止...
2026-01-29 19:47:40.141 [JavaFX-Launcher] INFO  o.b.s.HelloApplication - 执行初始化...
2026-01-29 19:47:40.147 [JavaFX Application Thread] INFO  o.b.s.HelloApplication - 工具开始启动并加载...
2026-01-29 19:47:40.184 [JavaFX Application Thread] INFO  o.b.s.BxWinLab.Base.BaseLabel - 控件库Debug模式已开启
2026-01-29 19:47:40.189 [JavaFX Application Thread] INFO  o.b.s.BxWinLab.Base.BaseLabel - 控件库Debug模式已开启
2026-01-29 19:47:40.191 [JavaFX Application Thread] INFO  o.b.s.BxWinLab.Base.BaseLabel - 控件库Debug模式已开启
2026-01-29 19:47:40.192 [JavaFX Application Thread] INFO  o.b.s.Utils.FileUtil - 成功加载文件/org/bxwbb/spigotplugincreatertool/icon/icon.png
2026-01-29 19:47:40.335 [JavaFX Application Thread] INFO  o.b.s.BxWinLab.Base.BaseLabel - 控件库Debug模式已开启
2026-01-29 19:47:40.337 [JavaFX Application Thread] INFO  o.b.s.Utils.FileUtil - 成功加载文件/org/bxwbb/spigotplugincreatertool/icon/Universal/NewProject.png
2026-01-29 19:47:40.337 [JavaFX Application Thread] INFO  o.b.s.BxWinLab.Base.BaseLabel - 控件库Debug模式已开启
2026-01-29 19:47:40.337 [JavaFX Application Thread] INFO  o.b.s.BxWinLab.Base.BaseLabel - 控件库Debug模式已开启
2026-01-29 19:47:40.337 [JavaFX Application Thread] INFO  o.b.s.BxWinLab.Base.BaseLabel - 控件库Debug模式已开启
2026-01-29 19:47:40.337 [JavaFX Application Thread] INFO  o.b.s.BxWinLab.Base.BaseLabel - 控件库Debug模式已开启
2026-01-29 19:47:40.357 [JavaFX Application Thread] INFO  o.b.s.BxWinLab.Base.BaseLabel - 控件库Debug模式已开启
2026-01-29 19:47:40.376 [JavaFX Application Thread] INFO  o.b.s.BxWinLab.Base.BaseLabel - 控件库Debug模式已开启
2026-01-29 19:47:40.376 [JavaFX Application Thread] INFO  o.b.s.BxWinLab.Base.BaseLabel - 控件库Debug模式已开启
2026-01-29 19:47:40.376 [JavaFX Application Thread] INFO  o.b.s.BxWinLab.Base.BaseLabel - 控件库Debug模式已开启
2026-01-29 19:47:40.376 [JavaFX Application Thread] INFO  o.b.s.BxWinLab.Base.BaseLabel - 控件库Debug模式已开启
2026-01-29 19:47:40.377 [JavaFX Application Thread] INFO  o.b.s.BxWinLab.Base.BaseLabel - 控件库Debug模式已开启
2026-01-29 19:47:40.378 [JavaFX Application Thread] INFO  o.b.s.BxWinLab.Base.BaseLabel - 控件库Debug模式已开启
2026-01-29 19:47:40.378 [JavaFX Application Thread] INFO  o.b.s.Utils.FileUtil - 成功加载文件/org/bxwbb/spigotplugincreatertool/icon/Universal/OpenFolder.png
2026-01-29 19:47:40.379 [JavaFX Application Thread] INFO  o.b.s.BxWinLab.Base.BaseLabel - 控件库Debug模式已开启
2026-01-29 19:47:40.379 [JavaFX Application Thread] INFO  o.b.s.BxWinLab.Base.BaseLabel - 控件库Debug模式已开启
2026-01-29 19:47:40.380 [JavaFX Application Thread] INFO  o.b.s.BxWinLab.Base.BaseLabel - 控件库Debug模式已开启
2026-01-29 19:47:40.381 [JavaFX Application Thread] INFO  o.b.s.BxWinLab.Base.BaseLabel - 控件库Debug模式已开启
2026-01-29 19:47:40.381 [JavaFX Application Thread] INFO  o.b.s.BxWinLab.Base.BaseLabel - 控件库Debug模式已开启
2026-01-29 19:47:40.382 [JavaFX Application Thread] INFO  o.b.s.BxWinLab.Base.BaseLabel - 控件库Debug模式已开启
2026-01-29 19:47:40.382 [JavaFX Application Thread] INFO  o.b.s.BxWinLab.Base.BaseLabel - 控件库Debug模式已开启
2026-01-29 19:47:40.383 [JavaFX Application Thread] INFO  o.b.s.Utils.FileUtil - 成功加载文件/org/bxwbb/spigotplugincreatertool/icon/Universal/NewProject.png
2026-01-29 19:47:40.384 [JavaFX Application Thread] INFO  o.b.s.BxWinLab.Base.BaseLabel - 控件库Debug模式已开启
2026-01-29 19:47:40.384 [JavaFX Application Thread] INFO  o.b.s.BxWinLab.Base.BaseLabel - 控件库Debug模式已开启
2026-01-29 19:47:40.384 [JavaFX Application Thread] INFO  o.b.s.BxWinLab.Base.BaseLabel - 控件库Debug模式已开启
2026-01-29 19:47:40.384 [JavaFX Application Thread] INFO  o.b.s.BxWinLab.Base.BaseLabel - 控件库Debug模式已开启
2026-01-29 19:47:40.385 [JavaFX Application Thread] INFO  o.b.s.BxWinLab.Base.BaseLabel - 控件库Debug模式已开启
2026-01-29 19:47:40.385 [JavaFX Application Thread] INFO  o.b.s.BxWinLab.Base.BaseLabel - 控件库Debug模式已开启
2026-01-29 19:47:40.385 [JavaFX Application Thread] INFO  o.b.s.BxWinLab.Base.BaseLabel - 控件库Debug模式已开启
2026-01-29 19:47:40.386 [JavaFX Application Thread] INFO  o.b.s.Utils.FileUtil - 成功加载文件/org/bxwbb/spigotplugincreatertool/icon/Universal/Setting.png
2026-01-29 19:47:40.387 [JavaFX Application Thread] INFO  o.b.s.BxWinLab.Base.BaseLabel - 控件库Debug模式已开启
2026-01-29 19:47:40.387 [JavaFX Application Thread] INFO  o.b.s.BxWinLab.Base.BaseLabel - 控件库Debug模式已开启
2026-01-29 19:47:40.387 [JavaFX Application Thread] INFO  o.b.s.BxWinLab.Base.BaseLabel - 控件库Debug模式已开启
2026-01-29 19:47:40.387 [JavaFX Application Thread] INFO  o.b.s.BxWinLab.Base.BaseLabel - 控件库Debug模式已开启
2026-01-29 19:47:40.389 [JavaFX Application Thread] INFO  o.b.s.BxWinLab.Base.BaseLabel - 控件库Debug模式已开启
2026-01-29 19:47:40.389 [JavaFX Application Thread] INFO  o.b.s.BxWinLab.Base.BaseLabel - 控件库Debug模式已开启
2026-01-29 19:47:40.389 [JavaFX Application Thread] INFO  o.b.s.BxWinLab.Base.BaseLabel - 控件库Debug模式已开启
2026-01-29 19:47:40.390 [JavaFX Application Thread] INFO  o.b.s.Utils.FileUtil - 成功加载文件/org/bxwbb/spigotplugincreatertool/icon/Universal/Learn.png
2026-01-29 19:47:40.390 [JavaFX Application Thread] INFO  o.b.s.BxWinLab.Base.BaseLabel - 控件库Debug模式已开启
2026-01-29 19:47:40.391 [JavaFX Application Thread] INFO  o.b.s.BxWinLab.Base.BaseLabel - 控件库Debug模式已开启
2026-01-29 19:47:40.391 [JavaFX Application Thread] INFO  o.b.s.BxWinLab.Base.BaseLabel - 控件库Debug模式已开启
2026-01-29 19:47:40.391 [JavaFX Application Thread] INFO  o.b.s.BxWinLab.Base.BaseLabel - 控件库Debug模式已开启
2026-01-29 19:47:40.391 [JavaFX Application Thread] INFO  o.b.s.BxWinLab.Base.BaseLabel - 控件库Debug模式已开启
2026-01-29 19:47:40.391 [JavaFX Application Thread] INFO  o.b.s.BxWinLab.Base.BaseLabel - 控件库Debug模式已开启
2026-01-29 19:47:40.391 [JavaFX Application Thread] INFO  o.b.s.BxWinLab.Base.BaseLabel - 控件库Debug模式已开启
2026-01-29 19:47:40.392 [JavaFX Application Thread] INFO  o.b.s.Utils.FileUtil - 成功加载文件/org/bxwbb/spigotplugincreatertool/icon/Universal/Quit.png
2026-01-29 19:47:40.393 [JavaFX Application Thread] INFO  o.b.s.BxWinLab.Base.BaseLabel - 控件库Debug模式已开启
2026-01-29 19:47:40.393 [JavaFX Application Thread] INFO  o.b.s.BxWinLab.Base.BaseLabel - 控件库Debug模式已开启
2026-01-29 19:47:40.393 [JavaFX Application Thread] INFO  o.b.s.BxWinLab.Base.BaseLabel - 控件库Debug模式已开启
2026-01-29 19:47:40.393 [JavaFX Application Thread] INFO  o.b.s.BxWinLab.Base.BaseLabel - 控件库Debug模式已开启
2026-01-29 19:47:40.393 [JavaFX Application Thread] INFO  o.b.s.BxWinLab.Base.BaseLabel - 控件库Debug模式已开启
2026-01-29 19:47:40.394 [JavaFX Application Thread] INFO  o.b.s.BxWinLab.Base.BaseLabel - 控件库Debug模式已开启
2026-01-29 19:47:40.394 [JavaFX Application Thread] INFO  o.b.s.BxWinLab.Base.BaseLabel - 控件库Debug模式已开启
2026-01-29 19:47:40.394 [JavaFX Application Thread] INFO  o.b.s.BxWinLab.Base.BaseLabel - 控件库Debug模式已开启
2026-01-29 19:47:40.395 [JavaFX Application Thread] INFO  o.b.s.BxWinLab.Base.BaseLabel - 控件库Debug模式已开启
2026-01-29 19:47:40.396 [JavaFX Application Thread] INFO  o.b.s.BxWinLab.Base.BaseLabel - 控件库Debug模式已开启
2026-01-29 19:47:40.397 [JavaFX Application Thread] INFO  o.b.s.BxWinLab.Base.BaseLabel - 控件库Debug模式已开启
2026-01-29 19:47:40.397 [JavaFX Application Thread] INFO  o.b.s.BxWinLab.Base.BaseLabel - 控件库Debug模式已开启
2026-01-29 19:47:40.401 [JavaFX Application Thread] INFO  o.b.s.BxWinLab.Base.BaseLabel - 控件库Debug模式已开启
2026-01-29 19:47:40.401 [JavaFX Application Thread] INFO  o.b.s.BxWinLab.Base.BaseLabel - 控件库Debug模式已开启
2026-01-29 19:47:40.417 [JavaFX Application Thread] INFO  o.b.s.BxWinLab.Base.BaseLabel - 控件库Debug模式已开启
2026-01-29 19:47:40.419 [JavaFX Application Thread] INFO  o.b.s.BxWinLab.Base.BaseLabel - 控件库Debug模式已开启
2026-01-29 19:47:40.419 [JavaFX Application Thread] INFO  o.b.s.BxWinLab.Base.BaseLabel - 控件库Debug模式已开启
2026-01-29 19:47:40.419 [JavaFX Application Thread] INFO  o.b.s.BxWinLab.Base.BaseLabel - 控件库Debug模式已开启
2026-01-29 19:47:40.419 [JavaFX Application Thread] INFO  o.b.s.BxWinLab.Base.BaseLabel - 控件库Debug模式已开启
2026-01-29 19:47:40.420 [JavaFX Application Thread] INFO  o.b.s.BxWinLab.Base.BaseLabel - 控件库Debug模式已开启
2026-01-29 19:47:40.420 [JavaFX Application Thread] INFO  o.b.s.BxWinLab.Base.BaseLabel - 控件库Debug模式已开启
2026-01-29 19:47:40.420 [JavaFX Application Thread] INFO  o.b.s.BxWinLab.Base.BaseLabel - 控件库Debug模式已开启
2026-01-29 19:47:40.420 [JavaFX Application Thread] INFO  o.b.s.BxWinLab.Base.BaseLabel - 控件库Debug模式已开启
2026-01-29 19:47:40.420 [JavaFX Application Thread] INFO  o.b.s.BxWinLab.Base.BaseLabel - 控件库Debug模式已开启
2026-01-29 19:47:40.420 [JavaFX Application Thread] INFO  o.b.s.BxWinLab.Base.BaseLabel - 控件库Debug模式已开启
2026-01-29 19:47:40.420 [JavaFX Application Thread] INFO  o.b.s.BxWinLab.Base.BaseLabel - 控件库Debug模式已开启
2026-01-29 19:47:40.420 [JavaFX Application Thread] INFO  o.b.s.BxWinLab.Base.BaseLabel - 控件库Debug模式已开启
2026-01-29 19:47:40.421 [JavaFX Application Thread] INFO  o.b.s.BxWinLab.Base.BaseLabel - 控件库Debug模式已开启
2026-01-29 19:47:40.421 [JavaFX Application Thread] INFO  o.b.s.BxWinLab.Base.BaseLabel - 控件库Debug模式已开启
2026-01-29 19:47:40.422 [JavaFX Application Thread] INFO  o.b.s.BxWinLab.Base.BaseLabel - 控件库Debug模式已开启
2026-01-29 19:47:40.422 [JavaFX Application Thread] INFO  o.b.s.BxWinLab.Base.BaseLabel - 控件库Debug模式已开启
2026-01-29 19:47:40.422 [JavaFX Application Thread] INFO  o.b.s.BxWinLab.Base.BaseLabel - 控件库Debug模式已开启
2026-01-29 19:47:40.422 [JavaFX Application Thread] INFO  o.b.s.BxWinLab.Base.BaseLabel - 控件库Debug模式已开启
2026-01-29 19:47:44.209 [JavaFX Application Thread] INFO  o.b.s.BxWinLab.Base.BaseLabel - 控件焦点改变至 - org.bxwbb.spigotplugincreatertool.BxWinLab.SwitchBox@7554d17f
2026-01-29 19:47:46.624 [JavaFX Application Thread] INFO  o.b.s.BxWinLab.Base.BaseLabel - 控件焦点改变至 - org.bxwbb.spigotplugincreatertool.BxWinLab.SwitchBox@10bb0d76
2026-01-29 19:47:49.435 [JavaFX Application Thread] INFO  o.b.s.HelloApplication - 执行停止...
2026-01-29 19:48:20.610 [JavaFX-Launcher] INFO  o.b.s.HelloApplication - 执行初始化...
2026-01-29 19:48:20.615 [JavaFX Application Thread] INFO  o.b.s.HelloApplication - 工具开始启动并加载...
2026-01-29 19:48:20.650 [JavaFX Application Thread] INFO  o.b.s.BxWinLab.Base.BaseLabel - 控件库Debug模式已开启
2026-01-29 19:48:20.656 [JavaFX Application Thread] INFO  o.b.s.BxWinLab.Base.BaseLabel - 控件库Debug模式已开启
2026-01-29 19:48:20.658 [JavaFX Application Thread] INFO  o.b.s.BxWinLab.Base.BaseLabel - 控件库Debug模式已开启
2026-01-29 19:48:20.658 [JavaFX Application Thread] INFO  o.b.s.Utils.FileUtil - 成功加载文件/org/bxwbb/spigotplugincreatertool/icon/icon.png
2026-01-29 19:48:20.803 [JavaFX Application Thread] INFO  o.b.s.BxWinLab.Base.BaseLabel - 控件库Debug模式已开启
2026-01-29 19:48:20.806 [JavaFX Application Thread] INFO  o.b.s.Utils.FileUtil - 成功加载文件/org/bxwbb/spigotplugincreatertool/icon/Universal/NewProject.png
2026-01-29 19:48:20.806 [JavaFX Application Thread] INFO  o.b.s.BxWinLab.Base.BaseLabel - 控件库Debug模式已开启
2026-01-29 19:48:20.806 [JavaFX Application Thread] INFO  o.b.s.BxWinLab.Base.BaseLabel - 控件库Debug模式已开启
2026-01-29 19:48:20.806 [JavaFX Application Thread] INFO  o.b.s.BxWinLab.Base.BaseLabel - 控件库Debug模式已开启
2026-01-29 19:48:20.807 [JavaFX Application Thread] INFO  o.b.s.BxWinLab.Base.BaseLabel - 控件库Debug模式已开启
2026-01-29 19:48:20.829 [JavaFX Application Thread] INFO  o.b.s.BxWinLab.Base.BaseLabel - 控件库Debug模式已开启
2026-01-29 19:48:20.842 [JavaFX Application Thread] INFO  o.b.s.BxWinLab.Base.BaseLabel - 控件库Debug模式已开启
2026-01-29 19:48:20.843 [JavaFX Application Thread] INFO  o.b.s.BxWinLab.Base.BaseLabel - 控件库Debug模式已开启
2026-01-29 19:48:20.843 [JavaFX Application Thread] INFO  o.b.s.BxWinLab.Base.BaseLabel - 控件库Debug模式已开启
2026-01-29 19:48:20.843 [JavaFX Application Thread] INFO  o.b.s.BxWinLab.Base.BaseLabel - 控件库Debug模式已开启
2026-01-29 19:48:20.844 [JavaFX Application Thread] INFO  o.b.s.BxWinLab.Base.BaseLabel - 控件库Debug模式已开启
2026-01-29 19:48:20.845 [JavaFX Application Thread] INFO  o.b.s.BxWinLab.Base.BaseLabel - 控件库Debug模式已开启
2026-01-29 19:48:20.845 [JavaFX Application Thread] INFO  o.b.s.Utils.FileUtil - 成功加载文件/org/bxwbb/spigotplugincreatertool/icon/Universal/OpenFolder.png
2026-01-29 19:48:20.847 [JavaFX Application Thread] INFO  o.b.s.BxWinLab.Base.BaseLabel - 控件库Debug模式已开启
2026-01-29 19:48:20.847 [JavaFX Application Thread] INFO  o.b.s.BxWinLab.Base.BaseLabel - 控件库Debug模式已开启
2026-01-29 19:48:20.848 [JavaFX Application Thread] INFO  o.b.s.BxWinLab.Base.BaseLabel - 控件库Debug模式已开启
2026-01-29 19:48:20.849 [JavaFX Application Thread] INFO  o.b.s.BxWinLab.Base.BaseLabel - 控件库Debug模式已开启
2026-01-29 19:48:20.849 [JavaFX Application Thread] INFO  o.b.s.BxWinLab.Base.BaseLabel - 控件库Debug模式已开启
2026-01-29 19:48:20.849 [JavaFX Application Thread] INFO  o.b.s.BxWinLab.Base.BaseLabel - 控件库Debug模式已开启
2026-01-29 19:48:20.849 [JavaFX Application Thread] INFO  o.b.s.BxWinLab.Base.BaseLabel - 控件库Debug模式已开启
2026-01-29 19:48:20.850 [JavaFX Application Thread] INFO  o.b.s.Utils.FileUtil - 成功加载文件/org/bxwbb/spigotplugincreatertool/icon/Universal/NewProject.png
2026-01-29 19:48:20.851 [JavaFX Application Thread] INFO  o.b.s.BxWinLab.Base.BaseLabel - 控件库Debug模式已开启
2026-01-29 19:48:20.852 [JavaFX Application Thread] INFO  o.b.s.BxWinLab.Base.BaseLabel - 控件库Debug模式已开启
2026-01-29 19:48:20.852 [JavaFX Application Thread] INFO  o.b.s.BxWinLab.Base.BaseLabel - 控件库Debug模式已开启
2026-01-29 19:48:20.852 [JavaFX Application Thread] INFO  o.b.s.BxWinLab.Base.BaseLabel - 控件库Debug模式已开启
2026-01-29 19:48:20.852 [JavaFX Application Thread] INFO  o.b.s.BxWinLab.Base.BaseLabel - 控件库Debug模式已开启
2026-01-29 19:48:20.852 [JavaFX Application Thread] INFO  o.b.s.BxWinLab.Base.BaseLabel - 控件库Debug模式已开启
2026-01-29 19:48:20.853 [JavaFX Application Thread] INFO  o.b.s.BxWinLab.Base.BaseLabel - 控件库Debug模式已开启
2026-01-29 19:48:20.854 [JavaFX Application Thread] INFO  o.b.s.Utils.FileUtil - 成功加载文件/org/bxwbb/spigotplugincreatertool/icon/Universal/Setting.png
2026-01-29 19:48:20.855 [JavaFX Application Thread] INFO  o.b.s.BxWinLab.Base.BaseLabel - 控件库Debug模式已开启
2026-01-29 19:48:20.855 [JavaFX Application Thread] INFO  o.b.s.BxWinLab.Base.BaseLabel - 控件库Debug模式已开启
2026-01-29 19:48:20.855 [JavaFX Application Thread] INFO  o.b.s.BxWinLab.Base.BaseLabel - 控件库Debug模式已开启
2026-01-29 19:48:20.856 [JavaFX Application Thread] INFO  o.b.s.BxWinLab.Base.BaseLabel - 控件库Debug模式已开启
2026-01-29 19:48:20.856 [JavaFX Application Thread] INFO  o.b.s.BxWinLab.Base.BaseLabel - 控件库Debug模式已开启
2026-01-29 19:48:20.856 [JavaFX Application Thread] INFO  o.b.s.BxWinLab.Base.BaseLabel - 控件库Debug模式已开启
2026-01-29 19:48:20.856 [JavaFX Application Thread] INFO  o.b.s.BxWinLab.Base.BaseLabel - 控件库Debug模式已开启
2026-01-29 19:48:20.857 [JavaFX Application Thread] INFO  o.b.s.Utils.FileUtil - 成功加载文件/org/bxwbb/spigotplugincreatertool/icon/Universal/Learn.png
2026-01-29 19:48:20.857 [JavaFX Application Thread] INFO  o.b.s.BxWinLab.Base.BaseLabel - 控件库Debug模式已开启
2026-01-29 19:48:20.857 [JavaFX Application Thread] INFO  o.b.s.BxWinLab.Base.BaseLabel - 控件库Debug模式已开启
2026-01-29 19:48:20.859 [JavaFX Application Thread] INFO  o.b.s.BxWinLab.Base.BaseLabel - 控件库Debug模式已开启
2026-01-29 19:48:20.859 [JavaFX Application Thread] INFO  o.b.s.BxWinLab.Base.BaseLabel - 控件库Debug模式已开启
2026-01-29 19:48:20.859 [JavaFX Application Thread] INFO  o.b.s.BxWinLab.Base.BaseLabel - 控件库Debug模式已开启
2026-01-29 19:48:20.859 [JavaFX Application Thread] INFO  o.b.s.BxWinLab.Base.BaseLabel - 控件库Debug模式已开启
2026-01-29 19:48:20.859 [JavaFX Application Thread] INFO  o.b.s.BxWinLab.Base.BaseLabel - 控件库Debug模式已开启
2026-01-29 19:48:20.860 [JavaFX Application Thread] INFO  o.b.s.Utils.FileUtil - 成功加载文件/org/bxwbb/spigotplugincreatertool/icon/Universal/Quit.png
2026-01-29 19:48:20.860 [JavaFX Application Thread] INFO  o.b.s.BxWinLab.Base.BaseLabel - 控件库Debug模式已开启
2026-01-29 19:48:20.860 [JavaFX Application Thread] INFO  o.b.s.BxWinLab.Base.BaseLabel - 控件库Debug模式已开启
2026-01-29 19:48:20.860 [JavaFX Application Thread] INFO  o.b.s.BxWinLab.Base.BaseLabel - 控件库Debug模式已开启
2026-01-29 19:48:20.860 [JavaFX Application Thread] INFO  o.b.s.BxWinLab.Base.BaseLabel - 控件库Debug模式已开启
2026-01-29 19:48:20.860 [JavaFX Application Thread] INFO  o.b.s.BxWinLab.Base.BaseLabel - 控件库Debug模式已开启
2026-01-29 19:48:20.861 [JavaFX Application Thread] INFO  o.b.s.BxWinLab.Base.BaseLabel - 控件库Debug模式已开启
2026-01-29 19:48:20.861 [JavaFX Application Thread] INFO  o.b.s.BxWinLab.Base.BaseLabel - 控件库Debug模式已开启
2026-01-29 19:48:20.862 [JavaFX Application Thread] INFO  o.b.s.BxWinLab.Base.BaseLabel - 控件库Debug模式已开启
2026-01-29 19:48:20.862 [JavaFX Application Thread] INFO  o.b.s.BxWinLab.Base.BaseLabel - 控件库Debug模式已开启
2026-01-29 19:48:20.864 [JavaFX Application Thread] INFO  o.b.s.BxWinLab.Base.BaseLabel - 控件库Debug模式已开启
2026-01-29 19:48:20.864 [JavaFX Application Thread] INFO  o.b.s.BxWinLab.Base.BaseLabel - 控件库Debug模式已开启
2026-01-29 19:48:20.864 [JavaFX Application Thread] INFO  o.b.s.BxWinLab.Base.BaseLabel - 控件库Debug模式已开启
2026-01-29 19:48:20.869 [JavaFX Application Thread] INFO  o.b.s.BxWinLab.Base.BaseLabel - 控件库Debug模式已开启
2026-01-29 19:48:20.869 [JavaFX Application Thread] INFO  o.b.s.BxWinLab.Base.BaseLabel - 控件库Debug模式已开启
2026-01-29 19:48:20.885 [JavaFX Application Thread] INFO  o.b.s.BxWinLab.Base.BaseLabel - 控件库Debug模式已开启
2026-01-29 19:48:20.886 [JavaFX Application Thread] INFO  o.b.s.BxWinLab.Base.BaseLabel - 控件库Debug模式已开启
2026-01-29 19:48:20.887 [JavaFX Application Thread] INFO  o.b.s.BxWinLab.Base.BaseLabel - 控件库Debug模式已开启
2026-01-29 19:48:20.887 [JavaFX Application Thread] INFO  o.b.s.BxWinLab.Base.BaseLabel - 控件库Debug模式已开启
2026-01-29 19:48:20.887 [JavaFX Application Thread] INFO  o.b.s.BxWinLab.Base.BaseLabel - 控件库Debug模式已开启
2026-01-29 19:48:20.888 [JavaFX Application Thread] INFO  o.b.s.BxWinLab.Base.BaseLabel - 控件库Debug模式已开启
2026-01-29 19:48:20.888 [JavaFX Application Thread] INFO  o.b.s.BxWinLab.Base.BaseLabel - 控件库Debug模式已开启
2026-01-29 19:48:20.888 [JavaFX Application Thread] INFO  o.b.s.BxWinLab.Base.BaseLabel - 控件库Debug模式已开启
2026-01-29 19:48:20.888 [JavaFX Application Thread] INFO  o.b.s.BxWinLab.Base.BaseLabel - 控件库Debug模式已开启
2026-01-29 19:48:20.888 [JavaFX Application Thread] INFO  o.b.s.BxWinLab.Base.BaseLabel - 控件库Debug模式已开启
2026-01-29 19:48:20.888 [JavaFX Application Thread] INFO  o.b.s.BxWinLab.Base.BaseLabel - 控件库Debug模式已开启
2026-01-29 19:48:20.888 [JavaFX Application Thread] INFO  o.b.s.BxWinLab.Base.BaseLabel - 控件库Debug模式已开启
2026-01-29 19:48:20.888 [JavaFX Application Thread] INFO  o.b.s.BxWinLab.Base.BaseLabel - 控件库Debug模式已开启
2026-01-29 19:48:20.889 [JavaFX Application Thread] INFO  o.b.s.BxWinLab.Base.BaseLabel - 控件库Debug模式已开启
2026-01-29 19:48:20.889 [JavaFX Application Thread] INFO  o.b.s.BxWinLab.Base.BaseLabel - 控件库Debug模式已开启
2026-01-29 19:48:20.889 [JavaFX Application Thread] INFO  o.b.s.BxWinLab.Base.BaseLabel - 控件库Debug模式已开启
2026-01-29 19:48:20.890 [JavaFX Application Thread] INFO  o.b.s.BxWinLab.Base.BaseLabel - 控件库Debug模式已开启
2026-01-29 19:48:20.890 [JavaFX Application Thread] INFO  o.b.s.BxWinLab.Base.BaseLabel - 控件库Debug模式已开启
2026-01-29 19:48:20.890 [JavaFX Application Thread] INFO  o.b.s.BxWinLab.Base.BaseLabel - 控件库Debug模式已开启
2026-01-29 19:48:22.795 [JavaFX Application Thread] INFO  o.b.s.BxWinLab.Base.BaseLabel - 控件焦点改变至 - org.bxwbb.spigotplugincreatertool.BxWinLab.SwitchBox@1d6fc279
2026-01-29 19:48:31.213 [JavaFX Application Thread] INFO  o.b.s.HelloApplication - 执行停止...
2026-01-29 19:48:40.198 [JavaFX-Launcher] INFO  o.b.s.HelloApplication - 执行初始化...
2026-01-29 19:48:40.203 [JavaFX Application Thread] INFO  o.b.s.HelloApplication - 工具开始启动并加载...
2026-01-29 19:48:40.247 [JavaFX Application Thread] INFO  o.b.s.Utils.FileUtil - 成功加载文件/org/bxwbb/spigotplugincreatertool/icon/icon.png
2026-01-29 19:48:40.385 [JavaFX Application Thread] INFO  o.b.s.Utils.FileUtil - 成功加载文件/org/bxwbb/spigotplugincreatertool/icon/Universal/NewProject.png
2026-01-29 19:48:40.421 [JavaFX Application Thread] INFO  o.b.s.Utils.FileUtil - 成功加载文件/org/bxwbb/spigotplugincreatertool/icon/Universal/OpenFolder.png
2026-01-29 19:48:40.426 [JavaFX Application Thread] INFO  o.b.s.Utils.FileUtil - 成功加载文件/org/bxwbb/spigotplugincreatertool/icon/Universal/NewProject.png
2026-01-29 19:48:40.429 [JavaFX Application Thread] INFO  o.b.s.Utils.FileUtil - 成功加载文件/org/bxwbb/spigotplugincreatertool/icon/Universal/Setting.png
2026-01-29 19:48:40.432 [JavaFX Application Thread] INFO  o.b.s.Utils.FileUtil - 成功加载文件/org/bxwbb/spigotplugincreatertool/icon/Universal/Learn.png
2026-01-29 19:48:40.434 [JavaFX Application Thread] INFO  o.b.s.Utils.FileUtil - 成功加载文件/org/bxwbb/spigotplugincreatertool/icon/Universal/Quit.png
2026-01-29 19:48:41.888 [JavaFX Application Thread] INFO  o.b.s.BxWinLab.Base.BaseLabel - 控件焦点改变至 - org.bxwbb.spigotplugincreatertool.BxWinLab.SwitchBox@7f38476a
2026-01-29 19:48:52.191 [JavaFX Application Thread] INFO  o.b.s.HelloApplication - 执行停止...
2026-01-29 19:49:20.864 [JavaFX-Launcher] INFO  o.b.s.HelloApplication - 执行初始化...
2026-01-29 19:49:20.871 [JavaFX Application Thread] INFO  o.b.s.HelloApplication - 工具开始启动并加载...
2026-01-29 19:49:20.931 [JavaFX Application Thread] INFO  o.b.s.Utils.FileUtil - 成功加载文件/org/bxwbb/spigotplugincreatertool/icon/icon.png
2026-01-29 19:49:21.082 [JavaFX Application Thread] INFO  o.b.s.Utils.FileUtil - 成功加载文件/org/bxwbb/spigotplugincreatertool/icon/Universal/NewProject.png
2026-01-29 19:49:21.120 [JavaFX Application Thread] INFO  o.b.s.Utils.FileUtil - 成功加载文件/org/bxwbb/spigotplugincreatertool/icon/Universal/OpenFolder.png
2026-01-29 19:49:21.127 [JavaFX Application Thread] INFO  o.b.s.Utils.FileUtil - 成功加载文件/org/bxwbb/spigotplugincreatertool/icon/Universal/NewProject.png
2026-01-29 19:49:21.131 [JavaFX Application Thread] INFO  o.b.s.Utils.FileUtil - 成功加载文件/org/bxwbb/spigotplugincreatertool/icon/Universal/Setting.png
2026-01-29 19:49:21.133 [JavaFX Application Thread] INFO  o.b.s.Utils.FileUtil - 成功加载文件/org/bxwbb/spigotplugincreatertool/icon/Universal/Learn.png
2026-01-29 19:49:21.135 [JavaFX Application Thread] INFO  o.b.s.Utils.FileUtil - 成功加载文件/org/bxwbb/spigotplugincreatertool/icon/Universal/Quit.png
2026-01-29 19:54:02.739 [JavaFX-Launcher] INFO  o.b.s.HelloApplication - 执行初始化...
2026-01-29 19:54:02.745 [JavaFX Application Thread] INFO  o.b.s.HelloApplication - 工具开始启动并加载...
2026-01-29 19:54:02.796 [JavaFX Application Thread] INFO  o.b.s.Utils.FileUtil - 成功加载文件/org/bxwbb/spigotplugincreatertool/icon/icon.png
2026-01-29 19:54:02.949 [JavaFX Application Thread] INFO  o.b.s.Utils.FileUtil - 成功加载文件/org/bxwbb/spigotplugincreatertool/icon/Universal/NewProject.png
2026-01-29 19:54:02.987 [JavaFX Application Thread] INFO  o.b.s.Utils.FileUtil - 成功加载文件/org/bxwbb/spigotplugincreatertool/icon/Universal/OpenFolder.png
2026-01-29 19:54:02.994 [JavaFX Application Thread] INFO  o.b.s.Utils.FileUtil - 成功加载文件/org/bxwbb/spigotplugincreatertool/icon/Universal/NewProject.png
2026-01-29 19:54:02.997 [JavaFX Application Thread] INFO  o.b.s.Utils.FileUtil - 成功加载文件/org/bxwbb/spigotplugincreatertool/icon/Universal/Setting.png
2026-01-29 19:54:02.999 [JavaFX Application Thread] INFO  o.b.s.Utils.FileUtil - 成功加载文件/org/bxwbb/spigotplugincreatertool/icon/Universal/Learn.png
2026-01-29 19:54:03.001 [JavaFX Application Thread] INFO  o.b.s.Utils.FileUtil - 成功加载文件/org/bxwbb/spigotplugincreatertool/icon/Universal/Quit.png
2026-01-29 19:55:24.734 [JavaFX-Launcher] INFO  o.b.s.HelloApplication - 执行初始化...
2026-01-29 19:55:24.740 [JavaFX Application Thread] INFO  o.b.s.HelloApplication - 工具开始启动并加载...
2026-01-29 19:55:24.783 [JavaFX Application Thread] INFO  o.b.s.Utils.FileUtil - 成功加载文件/org/bxwbb/spigotplugincreatertool/icon/icon.png
2026-01-29 19:55:24.922 [JavaFX Application Thread] INFO  o.b.s.Utils.FileUtil - 成功加载文件/org/bxwbb/spigotplugincreatertool/icon/Universal/NewProject.png
2026-01-29 19:55:24.960 [JavaFX Application Thread] INFO  o.b.s.Utils.FileUtil - 成功加载文件/org/bxwbb/spigotplugincreatertool/icon/Universal/OpenFolder.png
2026-01-29 19:55:24.966 [JavaFX Application Thread] INFO  o.b.s.Utils.FileUtil - 成功加载文件/org/bxwbb/spigotplugincreatertool/icon/Universal/NewProject.png
2026-01-29 19:55:24.968 [JavaFX Application Thread] INFO  o.b.s.Utils.FileUtil - 成功加载文件/org/bxwbb/spigotplugincreatertool/icon/Universal/Setting.png
2026-01-29 19:55:24.970 [JavaFX Application Thread] INFO  o.b.s.Utils.FileUtil - 成功加载文件/org/bxwbb/spigotplugincreatertool/icon/Universal/Learn.png
2026-01-29 19:55:24.972 [JavaFX Application Thread] INFO  o.b.s.Utils.FileUtil - 成功加载文件/org/bxwbb/spigotplugincreatertool/icon/Universal/Quit.png
2026-01-29 19:55:27.756 [JavaFX Application Thread] INFO  o.b.s.BxWinLab.Base.BaseLabel - 控件焦点改变至 - org.bxwbb.spigotplugincreatertool.BxWinLab.SwitchBox@21713133
2026-01-29 19:55:30.052 [JavaFX Application Thread] INFO  o.b.s.HelloApplication - 执行停止...
2026-01-29 19:55:41.013 [JavaFX-Launcher] INFO  o.b.s.HelloApplication - 执行初始化...
2026-01-29 19:55:41.019 [JavaFX Application Thread] INFO  o.b.s.HelloApplication - 工具开始启动并加载...
2026-01-29 19:55:41.061 [JavaFX Application Thread] INFO  o.b.s.Utils.FileUtil - 成功加载文件/org/bxwbb/spigotplugincreatertool/icon/icon.png
2026-01-29 19:55:41.202 [JavaFX Application Thread] INFO  o.b.s.Utils.FileUtil - 成功加载文件/org/bxwbb/spigotplugincreatertool/icon/Universal/NewProject.png
2026-01-29 19:55:41.238 [JavaFX Application Thread] INFO  o.b.s.Utils.FileUtil - 成功加载文件/org/bxwbb/spigotplugincreatertool/icon/Universal/OpenFolder.png
2026-01-29 19:55:41.243 [JavaFX Application Thread] INFO  o.b.s.Utils.FileUtil - 成功加载文件/org/bxwbb/spigotplugincreatertool/icon/Universal/NewProject.png
2026-01-29 19:55:41.246 [JavaFX Application Thread] INFO  o.b.s.Utils.FileUtil - 成功加载文件/org/bxwbb/spigotplugincreatertool/icon/Universal/Setting.png
2026-01-29 19:55:41.249 [JavaFX Application Thread] INFO  o.b.s.Utils.FileUtil - 成功加载文件/org/bxwbb/spigotplugincreatertool/icon/Universal/Learn.png
2026-01-29 19:55:41.251 [JavaFX Application Thread] INFO  o.b.s.Utils.FileUtil - 成功加载文件/org/bxwbb/spigotplugincreatertool/icon/Universal/Quit.png
2026-01-29 19:55:45.732 [JavaFX Application Thread] INFO  o.b.s.HelloApplication - 执行停止...
2026-01-29 19:58:39.013 [JavaFX-Launcher] INFO  o.b.s.HelloApplication - 执行初始化...
2026-01-29 19:58:39.018 [JavaFX Application Thread] INFO  o.b.s.HelloApplication - 工具开始启动并加载...
2026-01-29 19:58:39.059 [JavaFX Application Thread] INFO  o.b.s.Utils.FileUtil - 成功加载文件/org/bxwbb/spigotplugincreatertool/icon/icon.png
2026-01-29 19:58:39.205 [JavaFX Application Thread] INFO  o.b.s.Utils.FileUtil - 成功加载文件/org/bxwbb/spigotplugincreatertool/icon/Universal/NewProject.png
2026-01-29 19:58:39.243 [JavaFX Application Thread] INFO  o.b.s.Utils.FileUtil - 成功加载文件/org/bxwbb/spigotplugincreatertool/icon/Universal/OpenFolder.png
2026-01-29 19:58:39.248 [JavaFX Application Thread] INFO  o.b.s.Utils.FileUtil - 成功加载文件/org/bxwbb/spigotplugincreatertool/icon/Universal/NewProject.png
2026-01-29 19:58:39.251 [JavaFX Application Thread] INFO  o.b.s.Utils.FileUtil - 成功加载文件/org/bxwbb/spigotplugincreatertool/icon/Universal/Setting.png
2026-01-29 19:58:39.253 [JavaFX Application Thread] INFO  o.b.s.Utils.FileUtil - 成功加载文件/org/bxwbb/spigotplugincreatertool/icon/Universal/Learn.png
2026-01-29 19:58:39.255 [JavaFX Application Thread] INFO  o.b.s.Utils.FileUtil - 成功加载文件/org/bxwbb/spigotplugincreatertool/icon/Universal/Quit.png
2026-01-29 19:58:43.510 [JavaFX Application Thread] INFO  o.b.s.HelloApplication - 执行停止...
2026-01-29 20:00:34.210 [JavaFX-Launcher] INFO  o.b.s.HelloApplication - 执行初始化...
2026-01-29 20:00:34.215 [JavaFX Application Thread] INFO  o.b.s.HelloApplication - 工具开始启动并加载...
2026-01-29 20:00:34.257 [JavaFX Application Thread] INFO  o.b.s.Utils.FileUtil - 成功加载文件/org/bxwbb/spigotplugincreatertool/icon/icon.png
2026-01-29 20:00:34.395 [JavaFX Application Thread] INFO  o.b.s.Utils.FileUtil - 成功加载文件/org/bxwbb/spigotplugincreatertool/icon/Universal/NewProject.png
2026-01-29 20:00:34.432 [JavaFX Application Thread] INFO  o.b.s.Utils.FileUtil - 成功加载文件/org/bxwbb/spigotplugincreatertool/icon/Universal/OpenFolder.png
2026-01-29 20:00:34.438 [JavaFX Application Thread] INFO  o.b.s.Utils.FileUtil - 成功加载文件/org/bxwbb/spigotplugincreatertool/icon/Universal/NewProject.png
2026-01-29 20:00:34.441 [JavaFX Application Thread] INFO  o.b.s.Utils.FileUtil - 成功加载文件/org/bxwbb/spigotplugincreatertool/icon/Universal/Setting.png
2026-01-29 20:00:34.443 [JavaFX Application Thread] INFO  o.b.s.Utils.FileUtil - 成功加载文件/org/bxwbb/spigotplugincreatertool/icon/Universal/Learn.png
2026-01-29 20:00:34.445 [JavaFX Application Thread] INFO  o.b.s.Utils.FileUtil - 成功加载文件/org/bxwbb/spigotplugincreatertool/icon/Universal/Quit.png
2026-01-29 20:00:40.024 [JavaFX Application Thread] INFO  o.b.s.BxWinLab.Base.BaseLabel - 控件焦点改变至 - org.bxwbb.spigotplugincreatertool.BxWinLab.SwitchBox@7f38476a
2026-01-29 20:00:44.458 [JavaFX Application Thread] INFO  o.b.s.HelloApplication - 执行停止...
2026-01-29 20:00:52.422 [JavaFX-Launcher] INFO  o.b.s.HelloApplication - 执行初始化...
2026-01-29 20:00:52.428 [JavaFX Application Thread] INFO  o.b.s.HelloApplication - 工具开始启动并加载...
2026-01-29 20:00:52.470 [JavaFX Application Thread] INFO  o.b.s.Utils.FileUtil - 成功加载文件/org/bxwbb/spigotplugincreatertool/icon/icon.png
2026-01-29 20:00:52.616 [JavaFX Application Thread] INFO  o.b.s.Utils.FileUtil - 成功加载文件/org/bxwbb/spigotplugincreatertool/icon/Universal/NewProject.png
2026-01-29 20:00:52.653 [JavaFX Application Thread] INFO  o.b.s.Utils.FileUtil - 成功加载文件/org/bxwbb/spigotplugincreatertool/icon/Universal/OpenFolder.png
2026-01-29 20:00:52.659 [JavaFX Application Thread] INFO  o.b.s.Utils.FileUtil - 成功加载文件/org/bxwbb/spigotplugincreatertool/icon/Universal/NewProject.png
2026-01-29 20:00:52.661 [JavaFX Application Thread] INFO  o.b.s.Utils.FileUtil - 成功加载文件/org/bxwbb/spigotplugincreatertool/icon/Universal/Setting.png
2026-01-29 20:00:52.664 [JavaFX Application Thread] INFO  o.b.s.Utils.FileUtil - 成功加载文件/org/bxwbb/spigotplugincreatertool/icon/Universal/Learn.png
2026-01-29 20:00:52.666 [JavaFX Application Thread] INFO  o.b.s.Utils.FileUtil - 成功加载文件/org/bxwbb/spigotplugincreatertool/icon/Universal/Quit.png
2026-01-29 20:00:54.601 [JavaFX Application Thread] INFO  o.b.s.BxWinLab.Base.BaseLabel - 控件焦点改变至 - org.bxwbb.spigotplugincreatertool.BxWinLab.SwitchBox@7f38476a
2026-01-29 20:00:56.075 [JavaFX Application Thread] INFO  o.b.s.BxWinLab.Base.BaseLabel - 控件焦点改变至 - org.bxwbb.spigotplugincreatertool.BxWinLab.SwitchBox@63bb68b0
2026-01-29 20:01:26.688 [JavaFX Application Thread] INFO  o.b.s.HelloApplication - 执行停止...
2026-01-29 20:04:52.627 [JavaFX-Launcher] INFO  o.b.s.HelloApplication - 执行初始化...
2026-01-29 20:04:52.633 [JavaFX Application Thread] INFO  o.b.s.HelloApplication - 工具开始启动并加载...
2026-01-29 20:04:52.675 [JavaFX Application Thread] INFO  o.b.s.Utils.FileUtil - 成功加载文件/org/bxwbb/spigotplugincreatertool/icon/icon.png
2026-01-29 20:04:52.821 [JavaFX Application Thread] INFO  o.b.s.Utils.FileUtil - 成功加载文件/org/bxwbb/spigotplugincreatertool/icon/Universal/NewProject.png
2026-01-29 20:04:52.858 [JavaFX Application Thread] INFO  o.b.s.Utils.FileUtil - 成功加载文件/org/bxwbb/spigotplugincreatertool/icon/Universal/OpenFolder.png
2026-01-29 20:04:52.864 [JavaFX Application Thread] INFO  o.b.s.Utils.FileUtil - 成功加载文件/org/bxwbb/spigotplugincreatertool/icon/Universal/NewProject.png
2026-01-29 20:04:52.866 [JavaFX Application Thread] INFO  o.b.s.Utils.FileUtil - 成功加载文件/org/bxwbb/spigotplugincreatertool/icon/Universal/Setting.png
2026-01-29 20:04:52.869 [JavaFX Application Thread] INFO  o.b.s.Utils.FileUtil - 成功加载文件/org/bxwbb/spigotplugincreatertool/icon/Universal/Learn.png
2026-01-29 20:04:52.871 [JavaFX Application Thread] INFO  o.b.s.Utils.FileUtil - 成功加载文件/org/bxwbb/spigotplugincreatertool/icon/Universal/Quit.png
2026-01-29 20:04:54.132 [JavaFX Application Thread] INFO  o.b.s.BxWinLab.Base.BaseLabel - 控件焦点改变至 - org.bxwbb.spigotplugincreatertool.BxWinLab.SwitchBox@7f38476a
2026-01-29 20:04:55.087 [JavaFX Application Thread] INFO  o.b.s.BxWinLab.Base.BaseLabel - 控件焦点改变至 - org.bxwbb.spigotplugincreatertool.BxWinLab.Stage@63bb68b0
2026-01-29 20:04:55.582 [JavaFX Application Thread] INFO  o.b.s.BxWinLab.Base.BaseLabel - 控件焦点改变至 - org.bxwbb.spigotplugincreatertool.BxWinLab.SwitchBox@7f38476a
2026-01-29 20:04:56.022 [JavaFX Application Thread] INFO  o.b.s.BxWinLab.Base.BaseLabel - 控件焦点改变至 - org.bxwbb.spigotplugincreatertool.BxWinLab.Stage@63bb68b0
2026-01-29 20:04:56.599 [JavaFX Application Thread] INFO  o.b.s.BxWinLab.Base.BaseLabel - 控件焦点改变至 - org.bxwbb.spigotplugincreatertool.BxWinLab.SwitchBox@7f38476a
2026-01-29 20:04:58.795 [JavaFX Application Thread] INFO  o.b.s.HelloApplication - 执行停止...
2026-01-29 20:07:24.983 [JavaFX-Launcher] INFO  o.b.s.HelloApplication - 执行初始化...
2026-01-29 20:07:24.988 [JavaFX Application Thread] INFO  o.b.s.HelloApplication - 工具开始启动并加载...
2026-01-29 20:07:25.030 [JavaFX Application Thread] INFO  o.b.s.Utils.FileUtil - 成功加载文件/org/bxwbb/spigotplugincreatertool/icon/icon.png
2026-01-29 20:07:25.169 [JavaFX Application Thread] INFO  o.b.s.Utils.FileUtil - 成功加载文件/org/bxwbb/spigotplugincreatertool/icon/Universal/NewProject.png
2026-01-29 20:07:25.207 [JavaFX Application Thread] INFO  o.b.s.Utils.FileUtil - 成功加载文件/org/bxwbb/spigotplugincreatertool/icon/Universal/OpenFolder.png
2026-01-29 20:07:25.212 [JavaFX Application Thread] INFO  o.b.s.Utils.FileUtil - 成功加载文件/org/bxwbb/spigotplugincreatertool/icon/Universal/NewProject.png
2026-01-29 20:07:25.215 [JavaFX Application Thread] INFO  o.b.s.Utils.FileUtil - 成功加载文件/org/bxwbb/spigotplugincreatertool/icon/Universal/Setting.png
2026-01-29 20:07:25.217 [JavaFX Application Thread] INFO  o.b.s.Utils.FileUtil - 成功加载文件/org/bxwbb/spigotplugincreatertool/icon/Universal/Learn.png
2026-01-29 20:07:25.219 [JavaFX Application Thread] INFO  o.b.s.Utils.FileUtil - 成功加载文件/org/bxwbb/spigotplugincreatertool/icon/Universal/Quit.png
2026-01-29 20:07:26.565 [JavaFX Application Thread] INFO  o.b.s.BxWinLab.Base.BaseLabel - 控件焦点改变至 - org.bxwbb.spigotplugincreatertool.BxWinLab.SwitchBox@7f38476a
2026-01-29 20:07:31.028 [JavaFX Application Thread] INFO  o.b.s.HelloApplication - 执行停止...
2026-01-29 20:07:55.387 [JavaFX-Launcher] INFO  o.b.s.HelloApplication - 执行初始化...
2026-01-29 20:07:55.393 [JavaFX Application Thread] INFO  o.b.s.HelloApplication - 工具开始启动并加载...
2026-01-29 20:07:55.435 [JavaFX Application Thread] INFO  o.b.s.Utils.FileUtil - 成功加载文件/org/bxwbb/spigotplugincreatertool/icon/icon.png
2026-01-29 20:07:55.571 [JavaFX Application Thread] INFO  o.b.s.Utils.FileUtil - 成功加载文件/org/bxwbb/spigotplugincreatertool/icon/Universal/NewProject.png
2026-01-29 20:07:55.609 [JavaFX Application Thread] INFO  o.b.s.Utils.FileUtil - 成功加载文件/org/bxwbb/spigotplugincreatertool/icon/Universal/OpenFolder.png
2026-01-29 20:07:55.614 [JavaFX Application Thread] INFO  o.b.s.Utils.FileUtil - 成功加载文件/org/bxwbb/spigotplugincreatertool/icon/Universal/NewProject.png
2026-01-29 20:07:55.617 [JavaFX Application Thread] INFO  o.b.s.Utils.FileUtil - 成功加载文件/org/bxwbb/spigotplugincreatertool/icon/Universal/Setting.png
2026-01-29 20:07:55.619 [JavaFX Application Thread] INFO  o.b.s.Utils.FileUtil - 成功加载文件/org/bxwbb/spigotplugincreatertool/icon/Universal/Learn.png
2026-01-29 20:07:55.621 [JavaFX Application Thread] INFO  o.b.s.Utils.FileUtil - 成功加载文件/org/bxwbb/spigotplugincreatertool/icon/Universal/Quit.png
2026-01-29 20:07:56.322 [JavaFX Application Thread] INFO  o.b.s.BxWinLab.Base.BaseLabel - 控件焦点改变至 - org.bxwbb.spigotplugincreatertool.BxWinLab.SwitchBox@7f38476a
2026-01-29 20:07:57.051 [JavaFX Application Thread] INFO  o.b.s.BxWinLab.Base.BaseLabel - 控件焦点改变至 - org.bxwbb.spigotplugincreatertool.BxWinLab.Stage@53e77e9
2026-01-29 20:07:57.583 [JavaFX Application Thread] INFO  o.b.s.BxWinLab.Base.BaseLabel - 控件焦点改变至 - org.bxwbb.spigotplugincreatertool.BxWinLab.SwitchBox@7f38476a
2026-01-29 20:07:57.995 [JavaFX Application Thread] INFO  o.b.s.BxWinLab.Base.BaseLabel - 控件焦点改变至 - org.bxwbb.spigotplugincreatertool.BxWinLab.Stage@53e77e9
2026-01-29 20:08:00.301 [JavaFX Application Thread] INFO  o.b.s.HelloApplication - 执行停止...
2026-01-29 20:08:18.076 [JavaFX-Launcher] INFO  o.b.s.HelloApplication - 执行初始化...
2026-01-29 20:08:18.082 [JavaFX Application Thread] INFO  o.b.s.HelloApplication - 工具开始启动并加载...
2026-01-29 20:08:18.122 [JavaFX Application Thread] INFO  o.b.s.Utils.FileUtil - 成功加载文件/org/bxwbb/spigotplugincreatertool/icon/icon.png
2026-01-29 20:08:18.269 [JavaFX Application Thread] INFO  o.b.s.Utils.FileUtil - 成功加载文件/org/bxwbb/spigotplugincreatertool/icon/Universal/NewProject.png
2026-01-29 20:08:18.307 [JavaFX Application Thread] INFO  o.b.s.Utils.FileUtil - 成功加载文件/org/bxwbb/spigotplugincreatertool/icon/Universal/OpenFolder.png
2026-01-29 20:08:18.312 [JavaFX Application Thread] INFO  o.b.s.Utils.FileUtil - 成功加载文件/org/bxwbb/spigotplugincreatertool/icon/Universal/NewProject.png
2026-01-29 20:08:18.315 [JavaFX Application Thread] INFO  o.b.s.Utils.FileUtil - 成功加载文件/org/bxwbb/spigotplugincreatertool/icon/Universal/Setting.png
2026-01-29 20:08:18.317 [JavaFX Application Thread] INFO  o.b.s.Utils.FileUtil - 成功加载文件/org/bxwbb/spigotplugincreatertool/icon/Universal/Learn.png
2026-01-29 20:08:18.319 [JavaFX Application Thread] INFO  o.b.s.Utils.FileUtil - 成功加载文件/org/bxwbb/spigotplugincreatertool/icon/Universal/Quit.png
2026-01-29 20:08:19.353 [JavaFX Application Thread] INFO  o.b.s.BxWinLab.Base.BaseLabel - 控件焦点改变至 - org.bxwbb.spigotplugincreatertool.BxWinLab.SwitchBox@7f38476a
2026-01-29 20:08:21.712 [JavaFX Application Thread] INFO  o.b.s.HelloApplication - 执行停止...
2026-01-29 20:08:26.172 [JavaFX-Launcher] INFO  o.b.s.HelloApplication - 执行初始化...
2026-01-29 20:08:26.177 [JavaFX Application Thread] INFO  o.b.s.HelloApplication - 工具开始启动并加载...
2026-01-29 20:08:26.218 [JavaFX Application Thread] INFO  o.b.s.Utils.FileUtil - 成功加载文件/org/bxwbb/spigotplugincreatertool/icon/icon.png
2026-01-29 20:08:26.363 [JavaFX Application Thread] INFO  o.b.s.Utils.FileUtil - 成功加载文件/org/bxwbb/spigotplugincreatertool/icon/Universal/NewProject.png
2026-01-29 20:08:26.401 [JavaFX Application Thread] INFO  o.b.s.Utils.FileUtil - 成功加载文件/org/bxwbb/spigotplugincreatertool/icon/Universal/OpenFolder.png
2026-01-29 20:08:26.406 [JavaFX Application Thread] INFO  o.b.s.Utils.FileUtil - 成功加载文件/org/bxwbb/spigotplugincreatertool/icon/Universal/NewProject.png
2026-01-29 20:08:26.408 [JavaFX Application Thread] INFO  o.b.s.Utils.FileUtil - 成功加载文件/org/bxwbb/spigotplugincreatertool/icon/Universal/Setting.png
2026-01-29 20:08:26.410 [JavaFX Application Thread] INFO  o.b.s.Utils.FileUtil - 成功加载文件/org/bxwbb/spigotplugincreatertool/icon/Universal/Learn.png
2026-01-29 20:08:26.412 [JavaFX Application Thread] INFO  o.b.s.Utils.FileUtil - 成功加载文件/org/bxwbb/spigotplugincreatertool/icon/Universal/Quit.png
2026-01-29 20:08:27.976 [JavaFX Application Thread] INFO  o.b.s.BxWinLab.Base.BaseLabel - 控件焦点改变至 - org.bxwbb.spigotplugincreatertool.BxWinLab.SwitchBox@7f38476a
2026-01-29 20:08:29.473 [JavaFX Application Thread] INFO  o.b.s.HelloApplication - 执行停止...
2026-01-29 20:10:19.071 [JavaFX-Launcher] INFO  o.b.s.HelloApplication - 执行初始化...
2026-01-29 20:10:19.076 [JavaFX Application Thread] INFO  o.b.s.HelloApplication - 工具开始启动并加载...
2026-01-29 20:10:19.117 [JavaFX Application Thread] INFO  o.b.s.Utils.FileUtil - 成功加载文件/org/bxwbb/spigotplugincreatertool/icon/icon.png
2026-01-29 20:10:19.257 [JavaFX Application Thread] INFO  o.b.s.Utils.FileUtil - 成功加载文件/org/bxwbb/spigotplugincreatertool/icon/Universal/NewProject.png
2026-01-29 20:10:19.293 [JavaFX Application Thread] INFO  o.b.s.Utils.FileUtil - 成功加载文件/org/bxwbb/spigotplugincreatertool/icon/Universal/OpenFolder.png
2026-01-29 20:10:19.298 [JavaFX Application Thread] INFO  o.b.s.Utils.FileUtil - 成功加载文件/org/bxwbb/spigotplugincreatertool/icon/Universal/NewProject.png
2026-01-29 20:10:19.301 [JavaFX Application Thread] INFO  o.b.s.Utils.FileUtil - 成功加载文件/org/bxwbb/spigotplugincreatertool/icon/Universal/Setting.png
2026-01-29 20:10:19.303 [JavaFX Application Thread] INFO  o.b.s.Utils.FileUtil - 成功加载文件/org/bxwbb/spigotplugincreatertool/icon/Universal/Learn.png
2026-01-29 20:10:19.305 [JavaFX Application Thread] INFO  o.b.s.Utils.FileUtil - 成功加载文件/org/bxwbb/spigotplugincreatertool/icon/Universal/Quit.png
2026-01-29 20:10:20.397 [JavaFX Application Thread] INFO  o.b.s.BxWinLab.Base.BaseLabel - 控件焦点改变至 - org.bxwbb.spigotplugincreatertool.BxWinLab.SwitchBox@7f38476a
2026-01-29 20:10:23.674 [JavaFX Application Thread] INFO  o.b.s.HelloApplication - 执行停止...
2026-01-29 20:10:40.479 [JavaFX-Launcher] INFO  o.b.s.HelloApplication - 执行初始化...
2026-01-29 20:10:40.485 [JavaFX Application Thread] INFO  o.b.s.HelloApplication - 工具开始启动并加载...
2026-01-29 20:10:40.527 [JavaFX Application Thread] INFO  o.b.s.Utils.FileUtil - 成功加载文件/org/bxwbb/spigotplugincreatertool/icon/icon.png
2026-01-29 20:10:40.673 [JavaFX Application Thread] INFO  o.b.s.Utils.FileUtil - 成功加载文件/org/bxwbb/spigotplugincreatertool/icon/Universal/NewProject.png
2026-01-29 20:10:40.710 [JavaFX Application Thread] INFO  o.b.s.Utils.FileUtil - 成功加载文件/org/bxwbb/spigotplugincreatertool/icon/Universal/OpenFolder.png
2026-01-29 20:10:40.714 [JavaFX Application Thread] INFO  o.b.s.Utils.FileUtil - 成功加载文件/org/bxwbb/spigotplugincreatertool/icon/Universal/NewProject.png
2026-01-29 20:10:40.716 [JavaFX Application Thread] INFO  o.b.s.Utils.FileUtil - 成功加载文件/org/bxwbb/spigotplugincreatertool/icon/Universal/Setting.png
2026-01-29 20:10:40.719 [JavaFX Application Thread] INFO  o.b.s.Utils.FileUtil - 成功加载文件/org/bxwbb/spigotplugincreatertool/icon/Universal/Learn.png
2026-01-29 20:10:40.721 [JavaFX Application Thread] INFO  o.b.s.Utils.FileUtil - 成功加载文件/org/bxwbb/spigotplugincreatertool/icon/Universal/Quit.png
2026-01-29 20:10:42.967 [JavaFX Application Thread] INFO  o.b.s.BxWinLab.Base.BaseLabel - 控件焦点改变至 - org.bxwbb.spigotplugincreatertool.BxWinLab.SwitchBox@7f38476a
2026-01-29 20:10:48.142 [JavaFX Application Thread] INFO  o.b.s.HelloApplication - 执行停止...
2026-01-29 20:11:26.409 [JavaFX-Launcher] INFO  o.b.s.HelloApplication - 执行初始化...
2026-01-29 20:11:26.414 [JavaFX Application Thread] INFO  o.b.s.HelloApplication - 工具开始启动并加载...
2026-01-29 20:11:26.455 [JavaFX Application Thread] INFO  o.b.s.Utils.FileUtil - 成功加载文件/org/bxwbb/spigotplugincreatertool/icon/icon.png
2026-01-29 20:11:26.601 [JavaFX Application Thread] INFO  o.b.s.Utils.FileUtil - 成功加载文件/org/bxwbb/spigotplugincreatertool/icon/Universal/NewProject.png
2026-01-29 20:11:26.637 [JavaFX Application Thread] INFO  o.b.s.Utils.FileUtil - 成功加载文件/org/bxwbb/spigotplugincreatertool/icon/Universal/OpenFolder.png
2026-01-29 20:11:26.642 [JavaFX Application Thread] INFO  o.b.s.Utils.FileUtil - 成功加载文件/org/bxwbb/spigotplugincreatertool/icon/Universal/NewProject.png
2026-01-29 20:11:26.645 [JavaFX Application Thread] INFO  o.b.s.Utils.FileUtil - 成功加载文件/org/bxwbb/spigotplugincreatertool/icon/Universal/Setting.png
2026-01-29 20:11:26.647 [JavaFX Application Thread] INFO  o.b.s.Utils.FileUtil - 成功加载文件/org/bxwbb/spigotplugincreatertool/icon/Universal/Learn.png
2026-01-29 20:11:26.649 [JavaFX Application Thread] INFO  o.b.s.Utils.FileUtil - 成功加载文件/org/bxwbb/spigotplugincreatertool/icon/Universal/Quit.png
2026-01-29 20:11:28.516 [JavaFX Application Thread] INFO  o.b.s.BxWinLab.Base.BaseLabel - 控件焦点改变至 - org.bxwbb.spigotplugincreatertool.BxWinLab.TextBox@7fd6a038
2026-01-29 20:11:29.160 [JavaFX Application Thread] INFO  o.b.s.BxWinLab.Base.BaseLabel - 控件焦点改变至 - org.bxwbb.spigotplugincreatertool.BxWinLab.SwitchBox@669f2e2c
2026-01-29 20:11:29.979 [JavaFX Application Thread] INFO  o.b.s.BxWinLab.Base.BaseLabel - 控件焦点改变至 - org.bxwbb.spigotplugincreatertool.BxWinLab.TextBox@7fd6a038
2026-01-29 20:11:30.787 [JavaFX Application Thread] INFO  o.b.s.BxWinLab.Base.BaseLabel - 控件焦点改变至 - org.bxwbb.spigotplugincreatertool.BxWinLab.SwitchBox@669f2e2c
2026-01-29 20:11:31.393 [JavaFX Application Thread] INFO  o.b.s.BxWinLab.Base.BaseLabel - 控件焦点改变至 - org.bxwbb.spigotplugincreatertool.BxWinLab.TextBox@7fd6a038
2026-01-29 20:11:31.903 [JavaFX Application Thread] INFO  o.b.s.BxWinLab.Base.BaseLabel - 控件焦点改变至 - org.bxwbb.spigotplugincreatertool.BxWinLab.SwitchBox@669f2e2c
2026-01-29 20:11:32.159 [JavaFX Application Thread] INFO  o.b.s.BxWinLab.Base.BaseLabel - 控件焦点改变至 - org.bxwbb.spigotplugincreatertool.BxWinLab.TextBox@7fd6a038
2026-01-29 20:11:33.300 [JavaFX Application Thread] INFO  o.b.s.HelloApplication - 执行停止...
2026-01-29 20:12:02.192 [JavaFX-Launcher] INFO  o.b.s.HelloApplication - 执行初始化...
2026-01-29 20:12:02.198 [JavaFX Application Thread] INFO  o.b.s.HelloApplication - 工具开始启动并加载...
2026-01-29 20:12:02.238 [JavaFX Application Thread] INFO  o.b.s.Utils.FileUtil - 成功加载文件/org/bxwbb/spigotplugincreatertool/icon/icon.png
2026-01-29 20:12:02.383 [JavaFX Application Thread] INFO  o.b.s.Utils.FileUtil - 成功加载文件/org/bxwbb/spigotplugincreatertool/icon/Universal/NewProject.png
2026-01-29 20:12:02.420 [JavaFX Application Thread] INFO  o.b.s.Utils.FileUtil - 成功加载文件/org/bxwbb/spigotplugincreatertool/icon/Universal/OpenFolder.png
2026-01-29 20:12:02.424 [JavaFX Application Thread] INFO  o.b.s.Utils.FileUtil - 成功加载文件/org/bxwbb/spigotplugincreatertool/icon/Universal/NewProject.png
2026-01-29 20:12:02.426 [JavaFX Application Thread] INFO  o.b.s.Utils.FileUtil - 成功加载文件/org/bxwbb/spigotplugincreatertool/icon/Universal/Setting.png
2026-01-29 20:12:02.428 [JavaFX Application Thread] INFO  o.b.s.Utils.FileUtil - 成功加载文件/org/bxwbb/spigotplugincreatertool/icon/Universal/Learn.png
2026-01-29 20:12:02.431 [JavaFX Application Thread] INFO  o.b.s.Utils.FileUtil - 成功加载文件/org/bxwbb/spigotplugincreatertool/icon/Universal/Quit.png
2026-01-29 20:12:03.746 [JavaFX Application Thread] INFO  o.b.s.BxWinLab.Base.BaseLabel - 控件焦点改变至 - org.bxwbb.spigotplugincreatertool.BxWinLab.SwitchBox@7fd6a038
2026-01-29 20:12:04.857 [JavaFX Application Thread] INFO  o.b.s.BxWinLab.Base.BaseLabel - 控件焦点改变至 - org.bxwbb.spigotplugincreatertool.BxWinLab.TextBox@669f2e2c
2026-01-29 20:12:05.610 [JavaFX Application Thread] INFO  o.b.s.BxWinLab.Base.BaseLabel - 控件焦点改变至 - org.bxwbb.spigotplugincreatertool.BxWinLab.SwitchBox@7fd6a038
2026-01-29 20:12:08.232 [JavaFX Application Thread] INFO  o.b.s.HelloApplication - 执行停止...
2026-01-29 20:12:42.901 [JavaFX-Launcher] INFO  o.b.s.HelloApplication - 执行初始化...
2026-01-29 20:12:42.907 [JavaFX Application Thread] INFO  o.b.s.HelloApplication - 工具开始启动并加载...
2026-01-29 20:12:42.948 [JavaFX Application Thread] INFO  o.b.s.Utils.FileUtil - 成功加载文件/org/bxwbb/spigotplugincreatertool/icon/icon.png
2026-01-29 20:12:43.086 [JavaFX Application Thread] INFO  o.b.s.Utils.FileUtil - 成功加载文件/org/bxwbb/spigotplugincreatertool/icon/Universal/NewProject.png
2026-01-29 20:12:43.124 [JavaFX Application Thread] INFO  o.b.s.Utils.FileUtil - 成功加载文件/org/bxwbb/spigotplugincreatertool/icon/Universal/OpenFolder.png
2026-01-29 20:12:43.130 [JavaFX Application Thread] INFO  o.b.s.Utils.FileUtil - 成功加载文件/org/bxwbb/spigotplugincreatertool/icon/Universal/NewProject.png
2026-01-29 20:12:43.132 [JavaFX Application Thread] INFO  o.b.s.Utils.FileUtil - 成功加载文件/org/bxwbb/spigotplugincreatertool/icon/Universal/Setting.png
2026-01-29 20:12:43.135 [JavaFX Application Thread] INFO  o.b.s.Utils.FileUtil - 成功加载文件/org/bxwbb/spigotplugincreatertool/icon/Universal/Learn.png
2026-01-29 20:12:43.136 [JavaFX Application Thread] INFO  o.b.s.Utils.FileUtil - 成功加载文件/org/bxwbb/spigotplugincreatertool/icon/Universal/Quit.png
2026-01-29 20:12:44.442 [JavaFX Application Thread] INFO  o.b.s.BxWinLab.Base.BaseLabel - 控件焦点改变至 - org.bxwbb.spigotplugincreatertool.BxWinLab.SwitchBox@7fd6a038
2026-01-29 20:12:49.224 [JavaFX Application Thread] INFO  o.b.s.HelloApplication - 执行停止...
2026-01-29 20:13:27.248 [JavaFX-Launcher] INFO  o.b.s.HelloApplication - 执行初始化...
2026-01-29 20:13:27.253 [JavaFX Application Thread] INFO  o.b.s.HelloApplication - 工具开始启动并加载...
2026-01-29 20:13:27.295 [JavaFX Application Thread] INFO  o.b.s.Utils.FileUtil - 成功加载文件/org/bxwbb/spigotplugincreatertool/icon/icon.png
2026-01-29 20:13:27.435 [JavaFX Application Thread] INFO  o.b.s.Utils.FileUtil - 成功加载文件/org/bxwbb/spigotplugincreatertool/icon/Universal/NewProject.png
2026-01-29 20:13:27.471 [JavaFX Application Thread] INFO  o.b.s.Utils.FileUtil - 成功加载文件/org/bxwbb/spigotplugincreatertool/icon/Universal/OpenFolder.png
2026-01-29 20:13:27.477 [JavaFX Application Thread] INFO  o.b.s.Utils.FileUtil - 成功加载文件/org/bxwbb/spigotplugincreatertool/icon/Universal/NewProject.png
2026-01-29 20:13:27.479 [JavaFX Application Thread] INFO  o.b.s.Utils.FileUtil - 成功加载文件/org/bxwbb/spigotplugincreatertool/icon/Universal/Setting.png
2026-01-29 20:13:27.481 [JavaFX Application Thread] INFO  o.b.s.Utils.FileUtil - 成功加载文件/org/bxwbb/spigotplugincreatertool/icon/Universal/Learn.png
2026-01-29 20:13:27.483 [JavaFX Application Thread] INFO  o.b.s.Utils.FileUtil - 成功加载文件/org/bxwbb/spigotplugincreatertool/icon/Universal/Quit.png
2026-01-29 20:13:29.118 [JavaFX Application Thread] INFO  o.b.s.BxWinLab.Base.BaseLabel - 控件焦点改变至 - org.bxwbb.spigotplugincreatertool.BxWinLab.SwitchBox@4df6c07a
2026-01-29 20:13:31.189 [JavaFX Application Thread] INFO  o.b.s.HelloApplication - 执行停止...
2026-01-29 20:13:45.323 [JavaFX-Launcher] INFO  o.b.s.HelloApplication - 执行初始化...
2026-01-29 20:13:45.328 [JavaFX Application Thread] INFO  o.b.s.HelloApplication - 工具开始启动并加载...
2026-01-29 20:13:45.370 [JavaFX Application Thread] INFO  o.b.s.Utils.FileUtil - 成功加载文件/org/bxwbb/spigotplugincreatertool/icon/icon.png
2026-01-29 20:13:45.511 [JavaFX Application Thread] INFO  o.b.s.Utils.FileUtil - 成功加载文件/org/bxwbb/spigotplugincreatertool/icon/Universal/NewProject.png
2026-01-29 20:13:45.548 [JavaFX Application Thread] INFO  o.b.s.Utils.FileUtil - 成功加载文件/org/bxwbb/spigotplugincreatertool/icon/Universal/OpenFolder.png
2026-01-29 20:13:45.553 [JavaFX Application Thread] INFO  o.b.s.Utils.FileUtil - 成功加载文件/org/bxwbb/spigotplugincreatertool/icon/Universal/NewProject.png
2026-01-29 20:13:45.556 [JavaFX Application Thread] INFO  o.b.s.Utils.FileUtil - 成功加载文件/org/bxwbb/spigotplugincreatertool/icon/Universal/Setting.png
2026-01-29 20:13:45.558 [JavaFX Application Thread] INFO  o.b.s.Utils.FileUtil - 成功加载文件/org/bxwbb/spigotplugincreatertool/icon/Universal/Learn.png
2026-01-29 20:13:45.560 [JavaFX Application Thread] INFO  o.b.s.Utils.FileUtil - 成功加载文件/org/bxwbb/spigotplugincreatertool/icon/Universal/Quit.png
2026-01-29 20:13:48.182 [JavaFX Application Thread] INFO  o.b.s.BxWinLab.Base.BaseLabel - 控件焦点改变至 - org.bxwbb.spigotplugincreatertool.Window.StartPage@7fd6a038
2026-01-29 20:13:49.093 [JavaFX Application Thread] INFO  o.b.s.BxWinLab.Base.BaseLabel - 控件焦点改变至 - org.bxwbb.spigotplugincreatertool.BxWinLab.SwitchBox@2f83d558
2026-01-29 20:13:51.093 [JavaFX Application Thread] INFO  o.b.s.HelloApplication - 执行停止...
2026-01-29 20:14:37.088 [JavaFX-Launcher] INFO  o.b.s.HelloApplication - 执行初始化...
2026-01-29 20:14:37.093 [JavaFX Application Thread] INFO  o.b.s.HelloApplication - 工具开始启动并加载...
2026-01-29 20:14:37.134 [JavaFX Application Thread] INFO  o.b.s.Utils.FileUtil - 成功加载文件/org/bxwbb/spigotplugincreatertool/icon/icon.png
2026-01-29 20:14:37.272 [JavaFX Application Thread] INFO  o.b.s.Utils.FileUtil - 成功加载文件/org/bxwbb/spigotplugincreatertool/icon/Universal/NewProject.png
2026-01-29 20:14:37.310 [JavaFX Application Thread] INFO  o.b.s.Utils.FileUtil - 成功加载文件/org/bxwbb/spigotplugincreatertool/icon/Universal/OpenFolder.png
2026-01-29 20:14:37.315 [JavaFX Application Thread] INFO  o.b.s.Utils.FileUtil - 成功加载文件/org/bxwbb/spigotplugincreatertool/icon/Universal/NewProject.png
2026-01-29 20:14:37.318 [JavaFX Application Thread] INFO  o.b.s.Utils.FileUtil - 成功加载文件/org/bxwbb/spigotplugincreatertool/icon/Universal/Setting.png
2026-01-29 20:14:37.321 [JavaFX Application Thread] INFO  o.b.s.Utils.FileUtil - 成功加载文件/org/bxwbb/spigotplugincreatertool/icon/Universal/Learn.png
2026-01-29 20:14:37.323 [JavaFX Application Thread] INFO  o.b.s.Utils.FileUtil - 成功加载文件/org/bxwbb/spigotplugincreatertool/icon/Universal/Quit.png
2026-01-29 20:14:38.767 [JavaFX Application Thread] INFO  o.b.s.BxWinLab.Base.BaseLabel - 控件焦点改变至 - org.bxwbb.spigotplugincreatertool.BxWinLab.SwitchBox@7fd6a038
2026-01-29 20:14:39.971 [JavaFX Application Thread] INFO  o.b.s.BxWinLab.Base.BaseLabel - 控件焦点改变至 - org.bxwbb.spigotplugincreatertool.BxWinLab.Stage@2f83d558
2026-01-29 20:14:40.505 [JavaFX Application Thread] INFO  o.b.s.BxWinLab.Base.BaseLabel - 控件焦点改变至 - org.bxwbb.spigotplugincreatertool.BxWinLab.SwitchBox@7fd6a038
2026-01-29 20:14:42.449 [JavaFX Application Thread] INFO  o.b.s.HelloApplication - 执行停止...
2026-01-29 20:16:00.194 [JavaFX-Launcher] INFO  o.b.s.HelloApplication - 执行初始化...
2026-01-29 20:16:00.200 [JavaFX Application Thread] INFO  o.b.s.HelloApplication - 工具开始启动并加载...
2026-01-29 20:16:00.243 [JavaFX Application Thread] INFO  o.b.s.Utils.FileUtil - 成功加载文件/org/bxwbb/spigotplugincreatertool/icon/icon.png
2026-01-29 20:16:00.382 [JavaFX Application Thread] INFO  o.b.s.Utils.FileUtil - 成功加载文件/org/bxwbb/spigotplugincreatertool/icon/Universal/NewProject.png
2026-01-29 20:16:00.420 [JavaFX Application Thread] INFO  o.b.s.Utils.FileUtil - 成功加载文件/org/bxwbb/spigotplugincreatertool/icon/Universal/OpenFolder.png
2026-01-29 20:16:00.425 [JavaFX Application Thread] INFO  o.b.s.Utils.FileUtil - 成功加载文件/org/bxwbb/spigotplugincreatertool/icon/Universal/NewProject.png
2026-01-29 20:16:00.428 [JavaFX Application Thread] INFO  o.b.s.Utils.FileUtil - 成功加载文件/org/bxwbb/spigotplugincreatertool/icon/Universal/Setting.png
2026-01-29 20:16:00.430 [JavaFX Application Thread] INFO  o.b.s.Utils.FileUtil - 成功加载文件/org/bxwbb/spigotplugincreatertool/icon/Universal/Learn.png
2026-01-29 20:16:00.433 [JavaFX Application Thread] INFO  o.b.s.Utils.FileUtil - 成功加载文件/org/bxwbb/spigotplugincreatertool/icon/Universal/Quit.png
2026-01-29 20:16:01.451 [JavaFX Application Thread] INFO  o.b.s.BxWinLab.Base.BaseLabel - 控件焦点改变至 - org.bxwbb.spigotplugincreatertool.BxWinLab.ButtonBox@63058784
2026-01-29 20:16:02.600 [JavaFX Application Thread] INFO  o.b.s.BxWinLab.Base.BaseLabel - 控件焦点改变至 - org.bxwbb.spigotplugincreatertool.BxWinLab.SwitchBox@2a866cfd
2026-01-29 20:16:03.585 [JavaFX Application Thread] INFO  o.b.s.BxWinLab.Base.BaseLabel - 控件焦点改变至 - org.bxwbb.spigotplugincreatertool.BxWinLab.ButtonBox@63058784
2026-01-29 20:16:04.329 [JavaFX Application Thread] INFO  o.b.s.BxWinLab.Base.BaseLabel - 控件焦点改变至 - org.bxwbb.spigotplugincreatertool.BxWinLab.SwitchBox@2a866cfd
2026-01-29 20:16:04.778 [JavaFX Application Thread] INFO  o.b.s.BxWinLab.Base.BaseLabel - 控件焦点改变至 - org.bxwbb.spigotplugincreatertool.BxWinLab.ButtonBox@63058784
2026-01-29 20:16:05.894 [JavaFX Application Thread] INFO  o.b.s.HelloApplication - 执行停止...
2026-01-29 20:17:51.933 [JavaFX-Launcher] INFO  o.b.s.HelloApplication - 执行初始化...
2026-01-29 20:17:51.939 [JavaFX Application Thread] INFO  o.b.s.HelloApplication - 工具开始启动并加载...
2026-01-29 20:17:51.981 [JavaFX Application Thread] INFO  o.b.s.Utils.FileUtil - 成功加载文件/org/bxwbb/spigotplugincreatertool/icon/icon.png
2026-01-29 20:17:52.119 [JavaFX Application Thread] INFO  o.b.s.Utils.FileUtil - 成功加载文件/org/bxwbb/spigotplugincreatertool/icon/Universal/NewProject.png
2026-01-29 20:17:52.157 [JavaFX Application Thread] INFO  o.b.s.Utils.FileUtil - 成功加载文件/org/bxwbb/spigotplugincreatertool/icon/Universal/OpenFolder.png
2026-01-29 20:17:52.163 [JavaFX Application Thread] INFO  o.b.s.Utils.FileUtil - 成功加载文件/org/bxwbb/spigotplugincreatertool/icon/Universal/NewProject.png
2026-01-29 20:17:52.165 [JavaFX Application Thread] INFO  o.b.s.Utils.FileUtil - 成功加载文件/org/bxwbb/spigotplugincreatertool/icon/Universal/Setting.png
2026-01-29 20:17:52.168 [JavaFX Application Thread] INFO  o.b.s.Utils.FileUtil - 成功加载文件/org/bxwbb/spigotplugincreatertool/icon/Universal/Learn.png
2026-01-29 20:17:52.170 [JavaFX Application Thread] INFO  o.b.s.Utils.FileUtil - 成功加载文件/org/bxwbb/spigotplugincreatertool/icon/Universal/Quit.png
2026-01-29 20:17:52.942 [JavaFX Application Thread] INFO  o.b.s.BxWinLab.Base.BaseLabel - 控件焦点改变至 - org.bxwbb.spigotplugincreatertool.BxWinLab.SwitchBox@d0f99e1
2026-01-29 20:17:55.930 [JavaFX Application Thread] INFO  o.b.s.BxWinLab.Base.BaseLabel - 控件焦点改变至 - org.bxwbb.spigotplugincreatertool.BxWinLab.ButtonBox@32fbb47c
2026-01-29 20:17:56.666 [JavaFX Application Thread] INFO  o.b.s.BxWinLab.Base.BaseLabel - 控件焦点改变至 - org.bxwbb.spigotplugincreatertool.Window.StartPage@561f196
2026-01-29 20:17:57.091 [JavaFX Application Thread] INFO  o.b.s.BxWinLab.Base.BaseLabel - 控件焦点改变至 - org.bxwbb.spigotplugincreatertool.BxWinLab.SwitchBox@d0f99e1
2026-01-29 20:17:58.492 [JavaFX Application Thread] INFO  o.b.s.BxWinLab.Base.BaseLabel - 控件焦点改变至 - org.bxwbb.spigotplugincreatertool.BxWinLab.ButtonBox@32fbb47c
2026-01-29 20:18:02.575 [JavaFX Application Thread] INFO  o.b.s.BxWinLab.Base.BaseLabel - 控件焦点改变至 - org.bxwbb.spigotplugincreatertool.BxWinLab.SwitchBox@d0f99e1
2026-01-29 20:18:04.186 [JavaFX Application Thread] INFO  o.b.s.HelloApplication - 执行停止...
2026-01-29 20:18:20.203 [JavaFX-Launcher] INFO  o.b.s.HelloApplication - 执行初始化...
2026-01-29 20:18:20.209 [JavaFX Application Thread] INFO  o.b.s.HelloApplication - 工具开始启动并加载...
2026-01-29 20:18:20.252 [JavaFX Application Thread] INFO  o.b.s.Utils.FileUtil - 成功加载文件/org/bxwbb/spigotplugincreatertool/icon/icon.png
2026-01-29 20:18:20.401 [JavaFX Application Thread] INFO  o.b.s.Utils.FileUtil - 成功加载文件/org/bxwbb/spigotplugincreatertool/icon/Universal/NewProject.png
2026-01-29 20:18:20.438 [JavaFX Application Thread] INFO  o.b.s.Utils.FileUtil - 成功加载文件/org/bxwbb/spigotplugincreatertool/icon/Universal/OpenFolder.png
2026-01-29 20:18:20.443 [JavaFX Application Thread] INFO  o.b.s.Utils.FileUtil - 成功加载文件/org/bxwbb/spigotplugincreatertool/icon/Universal/NewProject.png
2026-01-29 20:18:20.446 [JavaFX Application Thread] INFO  o.b.s.Utils.FileUtil - 成功加载文件/org/bxwbb/spigotplugincreatertool/icon/Universal/Setting.png
2026-01-29 20:18:20.448 [JavaFX Application Thread] INFO  o.b.s.Utils.FileUtil - 成功加载文件/org/bxwbb/spigotplugincreatertool/icon/Universal/Learn.png
2026-01-29 20:18:20.450 [JavaFX Application Thread] INFO  o.b.s.Utils.FileUtil - 成功加载文件/org/bxwbb/spigotplugincreatertool/icon/Universal/Quit.png
2026-01-29 20:18:21.153 [JavaFX Application Thread] INFO  o.b.s.BxWinLab.Base.BaseLabel - 控件焦点改变至 - org.bxwbb.spigotplugincreatertool.BxWinLab.SwitchBox@e9ce573
2026-01-29 20:18:22.543 [JavaFX Application Thread] INFO  o.b.s.BxWinLab.Base.BaseLabel - 控件焦点改变至 - org.bxwbb.spigotplugincreatertool.BxWinLab.SwitchBox@26d33376
2026-01-29 20:18:24.263 [JavaFX Application Thread] INFO  o.b.s.BxWinLab.Base.BaseLabel - 控件焦点改变至 - org.bxwbb.spigotplugincreatertool.BxWinLab.ButtonBox@5488aca7
2026-01-29 20:18:27.988 [JavaFX Application Thread] INFO  o.b.s.HelloApplication - 执行停止...
2026-01-29 20:18:56.778 [JavaFX-Launcher] INFO  o.b.s.HelloApplication - 执行初始化...
2026-01-29 20:18:56.784 [JavaFX Application Thread] INFO  o.b.s.HelloApplication - 工具开始启动并加载...
2026-01-29 20:18:56.824 [JavaFX Application Thread] INFO  o.b.s.Utils.FileUtil - 成功加载文件/org/bxwbb/spigotplugincreatertool/icon/icon.png
2026-01-29 20:18:56.963 [JavaFX Application Thread] INFO  o.b.s.Utils.FileUtil - 成功加载文件/org/bxwbb/spigotplugincreatertool/icon/Universal/NewProject.png
2026-01-29 20:18:57.000 [JavaFX Application Thread] INFO  o.b.s.Utils.FileUtil - 成功加载文件/org/bxwbb/spigotplugincreatertool/icon/Universal/OpenFolder.png
2026-01-29 20:18:57.005 [JavaFX Application Thread] INFO  o.b.s.Utils.FileUtil - 成功加载文件/org/bxwbb/spigotplugincreatertool/icon/Universal/NewProject.png
2026-01-29 20:18:57.008 [JavaFX Application Thread] INFO  o.b.s.Utils.FileUtil - 成功加载文件/org/bxwbb/spigotplugincreatertool/icon/Universal/Setting.png
2026-01-29 20:18:57.011 [JavaFX Application Thread] INFO  o.b.s.Utils.FileUtil - 成功加载文件/org/bxwbb/spigotplugincreatertool/icon/Universal/Learn.png
2026-01-29 20:18:57.013 [JavaFX Application Thread] INFO  o.b.s.Utils.FileUtil - 成功加载文件/org/bxwbb/spigotplugincreatertool/icon/Universal/Quit.png
2026-01-29 20:18:57.665 [JavaFX Application Thread] INFO  o.b.s.BxWinLab.Base.BaseLabel - 控件焦点改变至 - org.bxwbb.spigotplugincreatertool.BxWinLab.SwitchBox@d0f99e1
2026-01-29 20:18:58.733 [JavaFX Application Thread] INFO  o.b.s.BxWinLab.Base.BaseLabel - 控件焦点改变至 - org.bxwbb.spigotplugincreatertool.BxWinLab.ButtonBox@32fbb47c
2026-01-29 20:18:59.453 [JavaFX Application Thread] INFO  o.b.s.BxWinLab.Base.BaseLabel - 控件焦点改变至 - org.bxwbb.spigotplugincreatertool.BxWinLab.SwitchBox@d0f99e1
2026-01-29 20:19:01.037 [JavaFX Application Thread] INFO  o.b.s.BxWinLab.Base.BaseLabel - 控件焦点改变至 - org.bxwbb.spigotplugincreatertool.Window.StartPage@3b169475
2026-01-29 20:19:02.270 [JavaFX Application Thread] INFO  o.b.s.BxWinLab.Base.BaseLabel - 控件焦点改变至 - org.bxwbb.spigotplugincreatertool.BxWinLab.SwitchBox@d0f99e1
2026-01-29 20:19:02.952 [JavaFX Application Thread] INFO  o.b.s.BxWinLab.Base.BaseLabel - 控件焦点改变至 - org.bxwbb.spigotplugincreatertool.BxWinLab.TextBox@561f196
2026-01-29 20:19:03.941 [JavaFX Application Thread] INFO  o.b.s.HelloApplication - 执行停止...
2026-01-29 20:19:36.346 [JavaFX-Launcher] INFO  o.b.s.HelloApplication - 执行初始化...
2026-01-29 20:19:36.352 [JavaFX Application Thread] INFO  o.b.s.HelloApplication - 工具开始启动并加载...
2026-01-29 20:19:36.395 [JavaFX Application Thread] INFO  o.b.s.Utils.FileUtil - 成功加载文件/org/bxwbb/spigotplugincreatertool/icon/icon.png
2026-01-29 20:19:36.540 [JavaFX Application Thread] INFO  o.b.s.Utils.FileUtil - 成功加载文件/org/bxwbb/spigotplugincreatertool/icon/Universal/NewProject.png
2026-01-29 20:19:36.576 [JavaFX Application Thread] INFO  o.b.s.Utils.FileUtil - 成功加载文件/org/bxwbb/spigotplugincreatertool/icon/Universal/OpenFolder.png
2026-01-29 20:19:36.582 [JavaFX Application Thread] INFO  o.b.s.Utils.FileUtil - 成功加载文件/org/bxwbb/spigotplugincreatertool/icon/Universal/NewProject.png
2026-01-29 20:19:36.584 [JavaFX Application Thread] INFO  o.b.s.Utils.FileUtil - 成功加载文件/org/bxwbb/spigotplugincreatertool/icon/Universal/Setting.png
2026-01-29 20:19:36.587 [JavaFX Application Thread] INFO  o.b.s.Utils.FileUtil - 成功加载文件/org/bxwbb/spigotplugincreatertool/icon/Universal/Learn.png
2026-01-29 20:19:36.589 [JavaFX Application Thread] INFO  o.b.s.Utils.FileUtil - 成功加载文件/org/bxwbb/spigotplugincreatertool/icon/Universal/Quit.png
2026-01-29 20:19:37.400 [JavaFX Application Thread] INFO  o.b.s.BxWinLab.Base.BaseLabel - 控件焦点改变至 - org.bxwbb.spigotplugincreatertool.Window.StartPage@2ad88271
2026-01-29 20:19:37.819 [JavaFX Application Thread] INFO  o.b.s.BxWinLab.Base.BaseLabel - 控件焦点改变至 - org.bxwbb.spigotplugincreatertool.BxWinLab.SwitchBox@43ed34bb
2026-01-29 20:19:39.355 [JavaFX Application Thread] INFO  o.b.s.BxWinLab.Base.BaseLabel - 控件焦点改变至 - org.bxwbb.spigotplugincreatertool.BxWinLab.SwitchBox@13575cd6
2026-01-29 20:19:40.804 [JavaFX Application Thread] INFO  o.b.s.BxWinLab.Base.BaseLabel - 控件焦点改变至 - org.bxwbb.spigotplugincreatertool.BxWinLab.ButtonBox@3fd3fbd6
2026-01-29 20:19:42.862 [JavaFX Application Thread] INFO  o.b.s.HelloApplication - 执行停止...
2026-01-29 20:19:54.532 [JavaFX-Launcher] INFO  o.b.s.HelloApplication - 执行初始化...
2026-01-29 20:19:54.538 [JavaFX Application Thread] INFO  o.b.s.HelloApplication - 工具开始启动并加载...
2026-01-29 20:19:54.578 [JavaFX Application Thread] INFO  o.b.s.Utils.FileUtil - 成功加载文件/org/bxwbb/spigotplugincreatertool/icon/icon.png
2026-01-29 20:19:54.715 [JavaFX Application Thread] INFO  o.b.s.Utils.FileUtil - 成功加载文件/org/bxwbb/spigotplugincreatertool/icon/Universal/NewProject.png
2026-01-29 20:19:54.753 [JavaFX Application Thread] INFO  o.b.s.Utils.FileUtil - 成功加载文件/org/bxwbb/spigotplugincreatertool/icon/Universal/OpenFolder.png
2026-01-29 20:19:54.758 [JavaFX Application Thread] INFO  o.b.s.Utils.FileUtil - 成功加载文件/org/bxwbb/spigotplugincreatertool/icon/Universal/NewProject.png
2026-01-29 20:19:54.761 [JavaFX Application Thread] INFO  o.b.s.Utils.FileUtil - 成功加载文件/org/bxwbb/spigotplugincreatertool/icon/Universal/Setting.png
2026-01-29 20:19:54.764 [JavaFX Application Thread] INFO  o.b.s.Utils.FileUtil - 成功加载文件/org/bxwbb/spigotplugincreatertool/icon/Universal/Learn.png
2026-01-29 20:19:54.766 [JavaFX Application Thread] INFO  o.b.s.Utils.FileUtil - 成功加载文件/org/bxwbb/spigotplugincreatertool/icon/Universal/Quit.png
2026-01-29 20:19:55.745 [JavaFX Application Thread] INFO  o.b.s.BxWinLab.Base.BaseLabel - 控件焦点改变至 - org.bxwbb.spigotplugincreatertool.BxWinLab.SwitchBox@e9ce573
2026-01-29 20:19:56.793 [JavaFX Application Thread] INFO  o.b.s.BxWinLab.Base.BaseLabel - 控件焦点改变至 - org.bxwbb.spigotplugincreatertool.BxWinLab.ButtonBox@26d33376
2026-01-29 20:19:57.702 [JavaFX Application Thread] INFO  o.b.s.BxWinLab.Base.BaseLabel - 控件焦点改变至 - org.bxwbb.spigotplugincreatertool.BxWinLab.SwitchBox@e9ce573
2026-01-29 20:19:58.414 [JavaFX Application Thread] INFO  o.b.s.BxWinLab.Base.BaseLabel - 控件焦点改变至 - org.bxwbb.spigotplugincreatertool.BxWinLab.ButtonBox@26d33376
2026-01-29 20:19:59.360 [JavaFX Application Thread] INFO  o.b.s.BxWinLab.Base.BaseLabel - 控件焦点改变至 - org.bxwbb.spigotplugincreatertool.BxWinLab.SwitchBox@e9ce573
2026-01-29 20:20:00.024 [JavaFX Application Thread] INFO  o.b.s.BxWinLab.Base.BaseLabel - 控件焦点改变至 - org.bxwbb.spigotplugincreatertool.BxWinLab.ButtonBox@26d33376
2026-01-29 20:20:01.118 [JavaFX Application Thread] INFO  o.b.s.HelloApplication - 执行停止...
2026-01-29 20:21:11.643 [JavaFX-Launcher] INFO  o.b.s.HelloApplication - 执行初始化...
2026-01-29 20:21:11.649 [JavaFX Application Thread] INFO  o.b.s.HelloApplication - 工具开始启动并加载...
2026-01-29 20:21:11.685 [JavaFX Application Thread] INFO  o.b.s.BxWinLab.Base.BaseLabel - 控件库Debug模式已开启
2026-01-29 20:21:11.690 [JavaFX Application Thread] INFO  o.b.s.BxWinLab.Base.BaseLabel - 控件库Debug模式已开启
2026-01-29 20:21:11.692 [JavaFX Application Thread] INFO  o.b.s.BxWinLab.Base.BaseLabel - 控件库Debug模式已开启
2026-01-29 20:21:11.693 [JavaFX Application Thread] INFO  o.b.s.Utils.FileUtil - 成功加载文件/org/bxwbb/spigotplugincreatertool/icon/icon.png
2026-01-29 20:21:11.835 [JavaFX Application Thread] INFO  o.b.s.BxWinLab.Base.BaseLabel - 控件库Debug模式已开启
2026-01-29 20:21:11.838 [JavaFX Application Thread] INFO  o.b.s.Utils.FileUtil - 成功加载文件/org/bxwbb/spigotplugincreatertool/icon/Universal/NewProject.png
2026-01-29 20:21:11.838 [JavaFX Application Thread] INFO  o.b.s.BxWinLab.Base.BaseLabel - 控件库Debug模式已开启
2026-01-29 20:21:11.838 [JavaFX Application Thread] INFO  o.b.s.BxWinLab.Base.BaseLabel - 控件库Debug模式已开启
2026-01-29 20:21:11.839 [JavaFX Application Thread] INFO  o.b.s.BxWinLab.Base.BaseLabel - 控件库Debug模式已开启
2026-01-29 20:21:11.839 [JavaFX Application Thread] INFO  o.b.s.BxWinLab.Base.BaseLabel - 控件库Debug模式已开启
2026-01-29 20:21:11.857 [JavaFX Application Thread] INFO  o.b.s.BxWinLab.Base.BaseLabel - 控件库Debug模式已开启
2026-01-29 20:21:11.874 [JavaFX Application Thread] INFO  o.b.s.BxWinLab.Base.BaseLabel - 控件库Debug模式已开启
2026-01-29 20:21:11.874 [JavaFX Application Thread] INFO  o.b.s.BxWinLab.Base.BaseLabel - 控件库Debug模式已开启
2026-01-29 20:21:11.874 [JavaFX Application Thread] INFO  o.b.s.BxWinLab.Base.BaseLabel - 控件库Debug模式已开启
2026-01-29 20:21:11.874 [JavaFX Application Thread] INFO  o.b.s.BxWinLab.Base.BaseLabel - 控件库Debug模式已开启
2026-01-29 20:21:11.876 [JavaFX Application Thread] INFO  o.b.s.BxWinLab.Base.BaseLabel - 控件库Debug模式已开启
2026-01-29 20:21:11.877 [JavaFX Application Thread] INFO  o.b.s.BxWinLab.Base.BaseLabel - 控件库Debug模式已开启
2026-01-29 20:21:11.877 [JavaFX Application Thread] INFO  o.b.s.Utils.FileUtil - 成功加载文件/org/bxwbb/spigotplugincreatertool/icon/Universal/OpenFolder.png
2026-01-29 20:21:11.878 [JavaFX Application Thread] INFO  o.b.s.BxWinLab.Base.BaseLabel - 控件库Debug模式已开启
2026-01-29 20:21:11.878 [JavaFX Application Thread] INFO  o.b.s.BxWinLab.Base.BaseLabel - 控件库Debug模式已开启
2026-01-29 20:21:11.878 [JavaFX Application Thread] INFO  o.b.s.BxWinLab.Base.BaseLabel - 控件库Debug模式已开启
2026-01-29 20:21:11.880 [JavaFX Application Thread] INFO  o.b.s.BxWinLab.Base.BaseLabel - 控件库Debug模式已开启
2026-01-29 20:21:11.880 [JavaFX Application Thread] INFO  o.b.s.BxWinLab.Base.BaseLabel - 控件库Debug模式已开启
2026-01-29 20:21:11.880 [JavaFX Application Thread] INFO  o.b.s.BxWinLab.Base.BaseLabel - 控件库Debug模式已开启
2026-01-29 20:21:11.880 [JavaFX Application Thread] INFO  o.b.s.BxWinLab.Base.BaseLabel - 控件库Debug模式已开启
2026-01-29 20:21:11.882 [JavaFX Application Thread] INFO  o.b.s.Utils.FileUtil - 成功加载文件/org/bxwbb/spigotplugincreatertool/icon/Universal/NewProject.png
2026-01-29 20:21:11.882 [JavaFX Application Thread] INFO  o.b.s.BxWinLab.Base.BaseLabel - 控件库Debug模式已开启
2026-01-29 20:21:11.883 [JavaFX Application Thread] INFO  o.b.s.BxWinLab.Base.BaseLabel - 控件库Debug模式已开启
2026-01-29 20:21:11.883 [JavaFX Application Thread] INFO  o.b.s.BxWinLab.Base.BaseLabel - 控件库Debug模式已开启
2026-01-29 20:21:11.883 [JavaFX Application Thread] INFO  o.b.s.BxWinLab.Base.BaseLabel - 控件库Debug模式已开启
2026-01-29 20:21:11.883 [JavaFX Application Thread] INFO  o.b.s.BxWinLab.Base.BaseLabel - 控件库Debug模式已开启
2026-01-29 20:21:11.883 [JavaFX Application Thread] INFO  o.b.s.BxWinLab.Base.BaseLabel - 控件库Debug模式已开启
2026-01-29 20:21:11.883 [JavaFX Application Thread] INFO  o.b.s.BxWinLab.Base.BaseLabel - 控件库Debug模式已开启
2026-01-29 20:21:11.885 [JavaFX Application Thread] INFO  o.b.s.Utils.FileUtil - 成功加载文件/org/bxwbb/spigotplugincreatertool/icon/Universal/Setting.png
2026-01-29 20:21:11.885 [JavaFX Application Thread] INFO  o.b.s.BxWinLab.Base.BaseLabel - 控件库Debug模式已开启
2026-01-29 20:21:11.885 [JavaFX Application Thread] INFO  o.b.s.BxWinLab.Base.BaseLabel - 控件库Debug模式已开启
2026-01-29 20:21:11.886 [JavaFX Application Thread] INFO  o.b.s.BxWinLab.Base.BaseLabel - 控件库Debug模式已开启
2026-01-29 20:21:11.886 [JavaFX Application Thread] INFO  o.b.s.BxWinLab.Base.BaseLabel - 控件库Debug模式已开启
2026-01-29 20:21:11.886 [JavaFX Application Thread] INFO  o.b.s.BxWinLab.Base.BaseLabel - 控件库Debug模式已开启
2026-01-29 20:21:11.886 [JavaFX Application Thread] INFO  o.b.s.BxWinLab.Base.BaseLabel - 控件库Debug模式已开启
2026-01-29 20:21:11.886 [JavaFX Application Thread] INFO  o.b.s.BxWinLab.Base.BaseLabel - 控件库Debug模式已开启
2026-01-29 20:21:11.888 [JavaFX Application Thread] INFO  o.b.s.Utils.FileUtil - 成功加载文件/org/bxwbb/spigotplugincreatertool/icon/Universal/Learn.png
2026-01-29 20:21:11.888 [JavaFX Application Thread] INFO  o.b.s.BxWinLab.Base.BaseLabel - 控件库Debug模式已开启
2026-01-29 20:21:11.888 [JavaFX Application Thread] INFO  o.b.s.BxWinLab.Base.BaseLabel - 控件库Debug模式已开启
2026-01-29 20:21:11.889 [JavaFX Application Thread] INFO  o.b.s.BxWinLab.Base.BaseLabel - 控件库Debug模式已开启
2026-01-29 20:21:11.889 [JavaFX Application Thread] INFO  o.b.s.BxWinLab.Base.BaseLabel - 控件库Debug模式已开启
2026-01-29 20:21:11.889 [JavaFX Application Thread] INFO  o.b.s.BxWinLab.Base.BaseLabel - 控件库Debug模式已开启
2026-01-29 20:21:11.889 [JavaFX Application Thread] INFO  o.b.s.BxWinLab.Base.BaseLabel - 控件库Debug模式已开启
2026-01-29 20:21:11.889 [JavaFX Application Thread] INFO  o.b.s.BxWinLab.Base.BaseLabel - 控件库Debug模式已开启
2026-01-29 20:21:11.890 [JavaFX Application Thread] INFO  o.b.s.Utils.FileUtil - 成功加载文件/org/bxwbb/spigotplugincreatertool/icon/Universal/Quit.png
2026-01-29 20:21:11.891 [JavaFX Application Thread] INFO  o.b.s.BxWinLab.Base.BaseLabel - 控件库Debug模式已开启
2026-01-29 20:21:11.891 [JavaFX Application Thread] INFO  o.b.s.BxWinLab.Base.BaseLabel - 控件库Debug模式已开启
2026-01-29 20:21:11.891 [JavaFX Application Thread] INFO  o.b.s.BxWinLab.Base.BaseLabel - 控件库Debug模式已开启
2026-01-29 20:21:11.892 [JavaFX Application Thread] INFO  o.b.s.BxWinLab.Base.BaseLabel - 控件库Debug模式已开启
2026-01-29 20:21:11.892 [JavaFX Application Thread] INFO  o.b.s.BxWinLab.Base.BaseLabel - 控件库Debug模式已开启
2026-01-29 20:21:11.892 [JavaFX Application Thread] INFO  o.b.s.BxWinLab.Base.BaseLabel - 控件库Debug模式已开启
2026-01-29 20:21:11.892 [JavaFX Application Thread] INFO  o.b.s.BxWinLab.Base.BaseLabel - 控件库Debug模式已开启
2026-01-29 20:21:11.893 [JavaFX Application Thread] INFO  o.b.s.BxWinLab.Base.BaseLabel - 控件库Debug模式已开启
2026-01-29 20:21:11.893 [JavaFX Application Thread] INFO  o.b.s.BxWinLab.Base.BaseLabel - 控件库Debug模式已开启
2026-01-29 20:21:11.894 [JavaFX Application Thread] INFO  o.b.s.BxWinLab.Base.BaseLabel - 控件库Debug模式已开启
2026-01-29 20:21:11.895 [JavaFX Application Thread] INFO  o.b.s.BxWinLab.Base.BaseLabel - 控件库Debug模式已开启
2026-01-29 20:21:11.895 [JavaFX Application Thread] INFO  o.b.s.BxWinLab.Base.BaseLabel - 控件库Debug模式已开启
2026-01-29 20:21:11.895 [JavaFX Application Thread] INFO  o.b.s.BxWinLab.Base.BaseLabel - 控件库Debug模式已开启
2026-01-29 20:21:11.895 [JavaFX Application Thread] INFO  o.b.s.BxWinLab.Base.BaseLabel - 控件库Debug模式已开启
2026-01-29 20:21:11.895 [JavaFX Application Thread] INFO  o.b.s.BxWinLab.Base.BaseLabel - 控件库Debug模式已开启
2026-01-29 20:21:11.895 [JavaFX Application Thread] INFO  o.b.s.BxWinLab.Base.BaseLabel - 控件库Debug模式已开启
2026-01-29 20:21:11.895 [JavaFX Application Thread] INFO  o.b.s.BxWinLab.Base.BaseLabel - 控件库Debug模式已开启
2026-01-29 20:21:11.895 [JavaFX Application Thread] INFO  o.b.s.BxWinLab.Base.BaseLabel - 控件库Debug模式已开启
2026-01-29 20:21:11.895 [JavaFX Application Thread] INFO  o.b.s.BxWinLab.Base.BaseLabel - 控件库Debug模式已开启
2026-01-29 20:21:11.895 [JavaFX Application Thread] INFO  o.b.s.BxWinLab.Base.BaseLabel - 控件库Debug模式已开启
2026-01-29 20:21:11.896 [JavaFX Application Thread] INFO  o.b.s.BxWinLab.Base.BaseLabel - 控件库Debug模式已开启
2026-01-29 20:21:11.896 [JavaFX Application Thread] INFO  o.b.s.BxWinLab.Base.BaseLabel - 控件库Debug模式已开启
2026-01-29 20:21:11.901 [JavaFX Application Thread] INFO  o.b.s.BxWinLab.Base.BaseLabel - 控件库Debug模式已开启
2026-01-29 20:21:11.902 [JavaFX Application Thread] INFO  o.b.s.BxWinLab.Base.BaseLabel - 控件库Debug模式已开启
2026-01-29 20:21:11.918 [JavaFX Application Thread] INFO  o.b.s.BxWinLab.Base.BaseLabel - 控件库Debug模式已开启
2026-01-29 20:21:11.920 [JavaFX Application Thread] INFO  o.b.s.BxWinLab.Base.BaseLabel - 控件库Debug模式已开启
2026-01-29 20:21:11.921 [JavaFX Application Thread] INFO  o.b.s.BxWinLab.Base.BaseLabel - 控件库Debug模式已开启
2026-01-29 20:21:11.921 [JavaFX Application Thread] INFO  o.b.s.BxWinLab.Base.BaseLabel - 控件库Debug模式已开启
2026-01-29 20:21:11.921 [JavaFX Application Thread] INFO  o.b.s.BxWinLab.Base.BaseLabel - 控件库Debug模式已开启
2026-01-29 20:21:11.922 [JavaFX Application Thread] INFO  o.b.s.BxWinLab.Base.BaseLabel - 控件库Debug模式已开启
2026-01-29 20:21:11.922 [JavaFX Application Thread] INFO  o.b.s.BxWinLab.Base.BaseLabel - 控件库Debug模式已开启
2026-01-29 20:21:11.922 [JavaFX Application Thread] INFO  o.b.s.BxWinLab.Base.BaseLabel - 控件库Debug模式已开启
2026-01-29 20:21:11.922 [JavaFX Application Thread] INFO  o.b.s.BxWinLab.Base.BaseLabel - 控件库Debug模式已开启
2026-01-29 20:21:11.922 [JavaFX Application Thread] INFO  o.b.s.BxWinLab.Base.BaseLabel - 控件库Debug模式已开启
2026-01-29 20:21:11.922 [JavaFX Application Thread] INFO  o.b.s.BxWinLab.Base.BaseLabel - 控件库Debug模式已开启
2026-01-29 20:21:11.922 [JavaFX Application Thread] INFO  o.b.s.BxWinLab.Base.BaseLabel - 控件库Debug模式已开启
2026-01-29 20:21:11.922 [JavaFX Application Thread] INFO  o.b.s.BxWinLab.Base.BaseLabel - 控件库Debug模式已开启
2026-01-29 20:21:11.922 [JavaFX Application Thread] INFO  o.b.s.BxWinLab.Base.BaseLabel - 控件库Debug模式已开启
2026-01-29 20:21:11.922 [JavaFX Application Thread] INFO  o.b.s.BxWinLab.Base.BaseLabel - 控件库Debug模式已开启
2026-01-29 20:21:11.923 [JavaFX Application Thread] INFO  o.b.s.BxWinLab.Base.BaseLabel - 控件库Debug模式已开启
2026-01-29 20:21:11.923 [JavaFX Application Thread] INFO  o.b.s.BxWinLab.Base.BaseLabel - 控件库Debug模式已开启
2026-01-29 20:21:11.923 [JavaFX Application Thread] INFO  o.b.s.BxWinLab.Base.BaseLabel - 控件库Debug模式已开启
2026-01-29 20:21:11.923 [JavaFX Application Thread] INFO  o.b.s.BxWinLab.Base.BaseLabel - 控件库Debug模式已开启
2026-01-29 20:21:11.924 [JavaFX Application Thread] INFO  o.b.s.BxWinLab.Base.BaseLabel - 控件库Debug模式已开启
2026-01-29 20:21:11.924 [JavaFX Application Thread] INFO  o.b.s.BxWinLab.Base.BaseLabel - 控件库Debug模式已开启
2026-01-29 20:21:11.924 [JavaFX Application Thread] INFO  o.b.s.BxWinLab.Base.BaseLabel - 控件库Debug模式已开启
2026-01-29 20:21:11.924 [JavaFX Application Thread] INFO  o.b.s.BxWinLab.Base.BaseLabel - 控件库Debug模式已开启
2026-01-29 20:21:11.924 [JavaFX Application Thread] INFO  o.b.s.BxWinLab.Base.BaseLabel - 控件库Debug模式已开启
2026-01-29 20:21:11.924 [JavaFX Application Thread] INFO  o.b.s.BxWinLab.Base.BaseLabel - 控件库Debug模式已开启
2026-01-29 20:21:11.924 [JavaFX Application Thread] INFO  o.b.s.BxWinLab.Base.BaseLabel - 控件库Debug模式已开启
2026-01-29 20:21:11.924 [JavaFX Application Thread] INFO  o.b.s.BxWinLab.Base.BaseLabel - 控件库Debug模式已开启
2026-01-29 20:21:11.924 [JavaFX Application Thread] INFO  o.b.s.BxWinLab.Base.BaseLabel - 控件库Debug模式已开启
2026-01-29 20:21:11.924 [JavaFX Application Thread] INFO  o.b.s.BxWinLab.Base.BaseLabel - 控件库Debug模式已开启
2026-01-29 20:21:11.925 [JavaFX Application Thread] INFO  o.b.s.BxWinLab.Base.BaseLabel - 控件库Debug模式已开启
2026-01-29 20:21:11.925 [JavaFX Application Thread] INFO  o.b.s.BxWinLab.Base.BaseLabel - 控件库Debug模式已开启
2026-01-29 20:21:11.925 [JavaFX Application Thread] INFO  o.b.s.BxWinLab.Base.BaseLabel - 控件库Debug模式已开启
2026-01-29 20:21:11.925 [JavaFX Application Thread] INFO  o.b.s.BxWinLab.Base.BaseLabel - 控件库Debug模式已开启
2026-01-29 20:21:11.925 [JavaFX Application Thread] INFO  o.b.s.BxWinLab.Base.BaseLabel - 控件库Debug模式已开启
2026-01-29 20:21:11.925 [JavaFX Application Thread] INFO  o.b.s.BxWinLab.Base.BaseLabel - 控件库Debug模式已开启
2026-01-29 20:21:11.925 [JavaFX Application Thread] INFO  o.b.s.BxWinLab.Base.BaseLabel - 控件库Debug模式已开启
2026-01-29 20:21:11.925 [JavaFX Application Thread] INFO  o.b.s.BxWinLab.Base.BaseLabel - 控件库Debug模式已开启
2026-01-29 20:21:11.925 [JavaFX Application Thread] INFO  o.b.s.BxWinLab.Base.BaseLabel - 控件库Debug模式已开启
2026-01-29 20:21:11.925 [JavaFX Application Thread] INFO  o.b.s.BxWinLab.Base.BaseLabel - 控件库Debug模式已开启
2026-01-29 20:21:11.925 [JavaFX Application Thread] INFO  o.b.s.BxWinLab.Base.BaseLabel - 控件库Debug模式已开启
2026-01-29 20:21:11.925 [JavaFX Application Thread] INFO  o.b.s.BxWinLab.Base.BaseLabel - 控件库Debug模式已开启
2026-01-29 20:21:11.925 [JavaFX Application Thread] INFO  o.b.s.BxWinLab.Base.BaseLabel - 控件库Debug模式已开启
2026-01-29 20:21:11.926 [JavaFX Application Thread] INFO  o.b.s.BxWinLab.Base.BaseLabel - 控件库Debug模式已开启
2026-01-29 20:21:11.926 [JavaFX Application Thread] INFO  o.b.s.BxWinLab.Base.BaseLabel - 控件库Debug模式已开启
2026-01-29 20:21:11.926 [JavaFX Application Thread] INFO  o.b.s.BxWinLab.Base.BaseLabel - 控件库Debug模式已开启
2026-01-29 20:21:11.926 [JavaFX Application Thread] INFO  o.b.s.BxWinLab.Base.BaseLabel - 控件库Debug模式已开启
2026-01-29 20:21:14.000 [JavaFX Application Thread] INFO  o.b.s.BxWinLab.Base.BaseLabel - 控件焦点改变至 - org.bxwbb.spigotplugincreatertool.BxWinLab.SwitchBox@453957b0
2026-01-29 20:21:34.391 [JavaFX Application Thread] INFO  o.b.s.HelloApplication - 执行停止...
2026-01-29 20:21:43.973 [JavaFX-Launcher] INFO  o.b.s.HelloApplication - 执行初始化...
2026-01-29 20:21:43.979 [JavaFX Application Thread] INFO  o.b.s.HelloApplication - 工具开始启动并加载...
2026-01-29 20:21:44.012 [JavaFX Application Thread] INFO  o.b.s.BxWinLab.Base.BaseLabel - 控件库Debug模式已开启
2026-01-29 20:21:44.018 [JavaFX Application Thread] INFO  o.b.s.BxWinLab.Base.BaseLabel - 控件库Debug模式已开启
2026-01-29 20:21:44.020 [JavaFX Application Thread] INFO  o.b.s.BxWinLab.Base.BaseLabel - 控件库Debug模式已开启
2026-01-29 20:21:44.021 [JavaFX Application Thread] INFO  o.b.s.Utils.FileUtil - 成功加载文件/org/bxwbb/spigotplugincreatertool/icon/icon.png
2026-01-29 20:21:44.158 [JavaFX Application Thread] INFO  o.b.s.BxWinLab.Base.BaseLabel - 控件库Debug模式已开启
2026-01-29 20:21:44.160 [JavaFX Application Thread] INFO  o.b.s.Utils.FileUtil - 成功加载文件/org/bxwbb/spigotplugincreatertool/icon/Universal/NewProject.png
2026-01-29 20:21:44.161 [JavaFX Application Thread] INFO  o.b.s.BxWinLab.Base.BaseLabel - 控件库Debug模式已开启
2026-01-29 20:21:44.161 [JavaFX Application Thread] INFO  o.b.s.BxWinLab.Base.BaseLabel - 控件库Debug模式已开启
2026-01-29 20:21:44.161 [JavaFX Application Thread] INFO  o.b.s.BxWinLab.Base.BaseLabel - 控件库Debug模式已开启
2026-01-29 20:21:44.162 [JavaFX Application Thread] INFO  o.b.s.BxWinLab.Base.BaseLabel - 控件库Debug模式已开启
2026-01-29 20:21:44.183 [JavaFX Application Thread] INFO  o.b.s.BxWinLab.Base.BaseLabel - 控件库Debug模式已开启
2026-01-29 20:21:44.197 [JavaFX Application Thread] INFO  o.b.s.BxWinLab.Base.BaseLabel - 控件库Debug模式已开启
2026-01-29 20:21:44.198 [JavaFX Application Thread] INFO  o.b.s.BxWinLab.Base.BaseLabel - 控件库Debug模式已开启
2026-01-29 20:21:44.198 [JavaFX Application Thread] INFO  o.b.s.BxWinLab.Base.BaseLabel - 控件库Debug模式已开启
2026-01-29 20:21:44.198 [JavaFX Application Thread] INFO  o.b.s.BxWinLab.Base.BaseLabel - 控件库Debug模式已开启
2026-01-29 20:21:44.199 [JavaFX Application Thread] INFO  o.b.s.BxWinLab.Base.BaseLabel - 控件库Debug模式已开启
2026-01-29 20:21:44.200 [JavaFX Application Thread] INFO  o.b.s.BxWinLab.Base.BaseLabel - 控件库Debug模式已开启
2026-01-29 20:21:44.200 [JavaFX Application Thread] INFO  o.b.s.Utils.FileUtil - 成功加载文件/org/bxwbb/spigotplugincreatertool/icon/Universal/OpenFolder.png
2026-01-29 20:21:44.202 [JavaFX Application Thread] INFO  o.b.s.BxWinLab.Base.BaseLabel - 控件库Debug模式已开启
2026-01-29 20:21:44.202 [JavaFX Application Thread] INFO  o.b.s.BxWinLab.Base.BaseLabel - 控件库Debug模式已开启
2026-01-29 20:21:44.203 [JavaFX Application Thread] INFO  o.b.s.BxWinLab.Base.BaseLabel - 控件库Debug模式已开启
2026-01-29 20:21:44.204 [JavaFX Application Thread] INFO  o.b.s.BxWinLab.Base.BaseLabel - 控件库Debug模式已开启
2026-01-29 20:21:44.204 [JavaFX Application Thread] INFO  o.b.s.BxWinLab.Base.BaseLabel - 控件库Debug模式已开启
2026-01-29 20:21:44.204 [JavaFX Application Thread] INFO  o.b.s.BxWinLab.Base.BaseLabel - 控件库Debug模式已开启
2026-01-29 20:21:44.204 [JavaFX Application Thread] INFO  o.b.s.BxWinLab.Base.BaseLabel - 控件库Debug模式已开启
2026-01-29 20:21:44.206 [JavaFX Application Thread] INFO  o.b.s.Utils.FileUtil - 成功加载文件/org/bxwbb/spigotplugincreatertool/icon/Universal/NewProject.png
2026-01-29 20:21:44.207 [JavaFX Application Thread] INFO  o.b.s.BxWinLab.Base.BaseLabel - 控件库Debug模式已开启
2026-01-29 20:21:44.207 [JavaFX Application Thread] INFO  o.b.s.BxWinLab.Base.BaseLabel - 控件库Debug模式已开启
2026-01-29 20:21:44.207 [JavaFX Application Thread] INFO  o.b.s.BxWinLab.Base.BaseLabel - 控件库Debug模式已开启
2026-01-29 20:21:44.208 [JavaFX Application Thread] INFO  o.b.s.BxWinLab.Base.BaseLabel - 控件库Debug模式已开启
2026-01-29 20:21:44.208 [JavaFX Application Thread] INFO  o.b.s.BxWinLab.Base.BaseLabel - 控件库Debug模式已开启
2026-01-29 20:21:44.208 [JavaFX Application Thread] INFO  o.b.s.BxWinLab.Base.BaseLabel - 控件库Debug模式已开启
2026-01-29 20:21:44.208 [JavaFX Application Thread] INFO  o.b.s.BxWinLab.Base.BaseLabel - 控件库Debug模式已开启
2026-01-29 20:21:44.209 [JavaFX Application Thread] INFO  o.b.s.Utils.FileUtil - 成功加载文件/org/bxwbb/spigotplugincreatertool/icon/Universal/Setting.png
2026-01-29 20:21:44.210 [JavaFX Application Thread] INFO  o.b.s.BxWinLab.Base.BaseLabel - 控件库Debug模式已开启
2026-01-29 20:21:44.210 [JavaFX Application Thread] INFO  o.b.s.BxWinLab.Base.BaseLabel - 控件库Debug模式已开启
2026-01-29 20:21:44.211 [JavaFX Application Thread] INFO  o.b.s.BxWinLab.Base.BaseLabel - 控件库Debug模式已开启
2026-01-29 20:21:44.211 [JavaFX Application Thread] INFO  o.b.s.BxWinLab.Base.BaseLabel - 控件库Debug模式已开启
2026-01-29 20:21:44.211 [JavaFX Application Thread] INFO  o.b.s.BxWinLab.Base.BaseLabel - 控件库Debug模式已开启
2026-01-29 20:21:44.211 [JavaFX Application Thread] INFO  o.b.s.BxWinLab.Base.BaseLabel - 控件库Debug模式已开启
2026-01-29 20:21:44.211 [JavaFX Application Thread] INFO  o.b.s.BxWinLab.Base.BaseLabel - 控件库Debug模式已开启
2026-01-29 20:21:44.212 [JavaFX Application Thread] INFO  o.b.s.Utils.FileUtil - 成功加载文件/org/bxwbb/spigotplugincreatertool/icon/Universal/Learn.png
2026-01-29 20:21:44.213 [JavaFX Application Thread] INFO  o.b.s.BxWinLab.Base.BaseLabel - 控件库Debug模式已开启
2026-01-29 20:21:44.213 [JavaFX Application Thread] INFO  o.b.s.BxWinLab.Base.BaseLabel - 控件库Debug模式已开启
2026-01-29 20:21:44.213 [JavaFX Application Thread] INFO  o.b.s.BxWinLab.Base.BaseLabel - 控件库Debug模式已开启
2026-01-29 20:21:44.214 [JavaFX Application Thread] INFO  o.b.s.BxWinLab.Base.BaseLabel - 控件库Debug模式已开启
2026-01-29 20:21:44.214 [JavaFX Application Thread] INFO  o.b.s.BxWinLab.Base.BaseLabel - 控件库Debug模式已开启
2026-01-29 20:21:44.214 [JavaFX Application Thread] INFO  o.b.s.BxWinLab.Base.BaseLabel - 控件库Debug模式已开启
2026-01-29 20:21:44.214 [JavaFX Application Thread] INFO  o.b.s.BxWinLab.Base.BaseLabel - 控件库Debug模式已开启
2026-01-29 20:21:44.215 [JavaFX Application Thread] INFO  o.b.s.Utils.FileUtil - 成功加载文件/org/bxwbb/spigotplugincreatertool/icon/Universal/Quit.png
2026-01-29 20:21:44.216 [JavaFX Application Thread] INFO  o.b.s.BxWinLab.Base.BaseLabel - 控件库Debug模式已开启
2026-01-29 20:21:44.216 [JavaFX Application Thread] INFO  o.b.s.BxWinLab.Base.BaseLabel - 控件库Debug模式已开启
2026-01-29 20:21:44.216 [JavaFX Application Thread] INFO  o.b.s.BxWinLab.Base.BaseLabel - 控件库Debug模式已开启
2026-01-29 20:21:44.216 [JavaFX Application Thread] INFO  o.b.s.BxWinLab.Base.BaseLabel - 控件库Debug模式已开启
2026-01-29 20:21:44.217 [JavaFX Application Thread] INFO  o.b.s.BxWinLab.Base.BaseLabel - 控件库Debug模式已开启
2026-01-29 20:21:44.217 [JavaFX Application Thread] INFO  o.b.s.BxWinLab.Base.BaseLabel - 控件库Debug模式已开启
2026-01-29 20:21:44.217 [JavaFX Application Thread] INFO  o.b.s.BxWinLab.Base.BaseLabel - 控件库Debug模式已开启
2026-01-29 20:21:44.218 [JavaFX Application Thread] INFO  o.b.s.BxWinLab.Base.BaseLabel - 控件库Debug模式已开启
2026-01-29 20:21:44.219 [JavaFX Application Thread] INFO  o.b.s.BxWinLab.Base.BaseLabel - 控件库Debug模式已开启
2026-01-29 20:21:44.220 [JavaFX Application Thread] INFO  o.b.s.BxWinLab.Base.BaseLabel - 控件库Debug模式已开启
2026-01-29 20:21:44.220 [JavaFX Application Thread] INFO  o.b.s.BxWinLab.Base.BaseLabel - 控件库Debug模式已开启
2026-01-29 20:21:44.220 [JavaFX Application Thread] INFO  o.b.s.BxWinLab.Base.BaseLabel - 控件库Debug模式已开启
2026-01-29 20:21:44.220 [JavaFX Application Thread] INFO  o.b.s.BxWinLab.Base.BaseLabel - 控件库Debug模式已开启
2026-01-29 20:21:44.220 [JavaFX Application Thread] INFO  o.b.s.BxWinLab.Base.BaseLabel - 控件库Debug模式已开启
2026-01-29 20:21:44.220 [JavaFX Application Thread] INFO  o.b.s.BxWinLab.Base.BaseLabel - 控件库Debug模式已开启
2026-01-29 20:21:44.220 [JavaFX Application Thread] INFO  o.b.s.BxWinLab.Base.BaseLabel - 控件库Debug模式已开启
2026-01-29 20:21:44.220 [JavaFX Application Thread] INFO  o.b.s.BxWinLab.Base.BaseLabel - 控件库Debug模式已开启
2026-01-29 20:21:44.221 [JavaFX Application Thread] INFO  o.b.s.BxWinLab.Base.BaseLabel - 控件库Debug模式已开启
2026-01-29 20:21:44.221 [JavaFX Application Thread] INFO  o.b.s.BxWinLab.Base.BaseLabel - 控件库Debug模式已开启
2026-01-29 20:21:44.221 [JavaFX Application Thread] INFO  o.b.s.BxWinLab.Base.BaseLabel - 控件库Debug模式已开启
2026-01-29 20:21:44.221 [JavaFX Application Thread] INFO  o.b.s.BxWinLab.Base.BaseLabel - 控件库Debug模式已开启
2026-01-29 20:21:44.221 [JavaFX Application Thread] INFO  o.b.s.BxWinLab.Base.BaseLabel - 控件库Debug模式已开启
2026-01-29 20:21:44.226 [JavaFX Application Thread] INFO  o.b.s.BxWinLab.Base.BaseLabel - 控件库Debug模式已开启
2026-01-29 20:21:44.226 [JavaFX Application Thread] INFO  o.b.s.BxWinLab.Base.BaseLabel - 控件库Debug模式已开启
2026-01-29 20:21:44.242 [JavaFX Application Thread] INFO  o.b.s.BxWinLab.Base.BaseLabel - 控件库Debug模式已开启
2026-01-29 20:21:44.244 [JavaFX Application Thread] INFO  o.b.s.BxWinLab.Base.BaseLabel - 控件库Debug模式已开启
2026-01-29 20:21:44.244 [JavaFX Application Thread] INFO  o.b.s.BxWinLab.Base.BaseLabel - 控件库Debug模式已开启
2026-01-29 20:21:44.244 [JavaFX Application Thread] INFO  o.b.s.BxWinLab.Base.BaseLabel - 控件库Debug模式已开启
2026-01-29 20:21:44.245 [JavaFX Application Thread] INFO  o.b.s.BxWinLab.Base.BaseLabel - 控件库Debug模式已开启
2026-01-29 20:21:44.245 [JavaFX Application Thread] INFO  o.b.s.BxWinLab.Base.BaseLabel - 控件库Debug模式已开启
2026-01-29 20:21:44.246 [JavaFX Application Thread] INFO  o.b.s.BxWinLab.Base.BaseLabel - 控件库Debug模式已开启
2026-01-29 20:21:44.246 [JavaFX Application Thread] INFO  o.b.s.BxWinLab.Base.BaseLabel - 控件库Debug模式已开启
2026-01-29 20:21:44.246 [JavaFX Application Thread] INFO  o.b.s.BxWinLab.Base.BaseLabel - 控件库Debug模式已开启
2026-01-29 20:21:44.246 [JavaFX Application Thread] INFO  o.b.s.BxWinLab.Base.BaseLabel - 控件库Debug模式已开启
2026-01-29 20:21:44.246 [JavaFX Application Thread] INFO  o.b.s.BxWinLab.Base.BaseLabel - 控件库Debug模式已开启
2026-01-29 20:21:44.246 [JavaFX Application Thread] INFO  o.b.s.BxWinLab.Base.BaseLabel - 控件库Debug模式已开启
2026-01-29 20:21:44.246 [JavaFX Application Thread] INFO  o.b.s.BxWinLab.Base.BaseLabel - 控件库Debug模式已开启
2026-01-29 20:21:44.246 [JavaFX Application Thread] INFO  o.b.s.BxWinLab.Base.BaseLabel - 控件库Debug模式已开启
2026-01-29 20:21:44.246 [JavaFX Application Thread] INFO  o.b.s.BxWinLab.Base.BaseLabel - 控件库Debug模式已开启
2026-01-29 20:21:44.247 [JavaFX Application Thread] INFO  o.b.s.BxWinLab.Base.BaseLabel - 控件库Debug模式已开启
2026-01-29 20:21:44.247 [JavaFX Application Thread] INFO  o.b.s.BxWinLab.Base.BaseLabel - 控件库Debug模式已开启
2026-01-29 20:21:44.247 [JavaFX Application Thread] INFO  o.b.s.BxWinLab.Base.BaseLabel - 控件库Debug模式已开启
2026-01-29 20:21:44.247 [JavaFX Application Thread] INFO  o.b.s.BxWinLab.Base.BaseLabel - 控件库Debug模式已开启
2026-01-29 20:21:44.247 [JavaFX Application Thread] INFO  o.b.s.BxWinLab.Base.BaseLabel - 控件库Debug模式已开启
2026-01-29 20:21:44.247 [JavaFX Application Thread] INFO  o.b.s.BxWinLab.Base.BaseLabel - 控件库Debug模式已开启
2026-01-29 20:21:44.247 [JavaFX Application Thread] INFO  o.b.s.BxWinLab.Base.BaseLabel - 控件库Debug模式已开启
2026-01-29 20:21:44.247 [JavaFX Application Thread] INFO  o.b.s.BxWinLab.Base.BaseLabel - 控件库Debug模式已开启
2026-01-29 20:21:44.248 [JavaFX Application Thread] INFO  o.b.s.BxWinLab.Base.BaseLabel - 控件库Debug模式已开启
2026-01-29 20:21:44.248 [JavaFX Application Thread] INFO  o.b.s.BxWinLab.Base.BaseLabel - 控件库Debug模式已开启
2026-01-29 20:21:44.248 [JavaFX Application Thread] INFO  o.b.s.BxWinLab.Base.BaseLabel - 控件库Debug模式已开启
2026-01-29 20:21:44.248 [JavaFX Application Thread] INFO  o.b.s.BxWinLab.Base.BaseLabel - 控件库Debug模式已开启
2026-01-29 20:21:44.248 [JavaFX Application Thread] INFO  o.b.s.BxWinLab.Base.BaseLabel - 控件库Debug模式已开启
2026-01-29 20:21:44.248 [JavaFX Application Thread] INFO  o.b.s.BxWinLab.Base.BaseLabel - 控件库Debug模式已开启
2026-01-29 20:21:44.248 [JavaFX Application Thread] INFO  o.b.s.BxWinLab.Base.BaseLabel - 控件库Debug模式已开启
2026-01-29 20:21:44.249 [JavaFX Application Thread] INFO  o.b.s.BxWinLab.Base.BaseLabel - 控件库Debug模式已开启
2026-01-29 20:21:44.249 [JavaFX Application Thread] INFO  o.b.s.BxWinLab.Base.BaseLabel - 控件库Debug模式已开启
2026-01-29 20:21:44.249 [JavaFX Application Thread] INFO  o.b.s.BxWinLab.Base.BaseLabel - 控件库Debug模式已开启
2026-01-29 20:21:44.249 [JavaFX Application Thread] INFO  o.b.s.BxWinLab.Base.BaseLabel - 控件库Debug模式已开启
2026-01-29 20:21:44.249 [JavaFX Application Thread] INFO  o.b.s.BxWinLab.Base.BaseLabel - 控件库Debug模式已开启
2026-01-29 20:21:44.249 [JavaFX Application Thread] INFO  o.b.s.BxWinLab.Base.BaseLabel - 控件库Debug模式已开启
2026-01-29 20:21:44.249 [JavaFX Application Thread] INFO  o.b.s.BxWinLab.Base.BaseLabel - 控件库Debug模式已开启
2026-01-29 20:21:44.249 [JavaFX Application Thread] INFO  o.b.s.BxWinLab.Base.BaseLabel - 控件库Debug模式已开启
2026-01-29 20:21:44.249 [JavaFX Application Thread] INFO  o.b.s.BxWinLab.Base.BaseLabel - 控件库Debug模式已开启
2026-01-29 20:21:44.249 [JavaFX Application Thread] INFO  o.b.s.BxWinLab.Base.BaseLabel - 控件库Debug模式已开启
2026-01-29 20:21:44.249 [JavaFX Application Thread] INFO  o.b.s.BxWinLab.Base.BaseLabel - 控件库Debug模式已开启
2026-01-29 20:21:44.249 [JavaFX Application Thread] INFO  o.b.s.BxWinLab.Base.BaseLabel - 控件库Debug模式已开启
2026-01-29 20:21:44.250 [JavaFX Application Thread] INFO  o.b.s.BxWinLab.Base.BaseLabel - 控件库Debug模式已开启
2026-01-29 20:21:44.250 [JavaFX Application Thread] INFO  o.b.s.BxWinLab.Base.BaseLabel - 控件库Debug模式已开启
2026-01-29 20:21:44.250 [JavaFX Application Thread] INFO  o.b.s.BxWinLab.Base.BaseLabel - 控件库Debug模式已开启
2026-01-29 20:21:44.250 [JavaFX Application Thread] INFO  o.b.s.BxWinLab.Base.BaseLabel - 控件库Debug模式已开启
2026-01-29 20:21:50.632 [JavaFX Application Thread] INFO  o.b.s.BxWinLab.Base.BaseLabel - 控件焦点改变至 - org.bxwbb.spigotplugincreatertool.BxWinLab.SwitchBox@453957b0
2026-01-29 20:21:53.112 [JavaFX Application Thread] INFO  o.b.s.BxWinLab.Base.BaseLabel - 控件焦点改变至 - org.bxwbb.spigotplugincreatertool.BxWinLab.ButtonBox@23c7d09
2026-01-29 20:21:53.903 [JavaFX Application Thread] INFO  o.b.s.BxWinLab.Base.BaseLabel - 控件焦点改变至 - org.bxwbb.spigotplugincreatertool.Window.StartPage@4ff82a12
2026-01-29 20:21:55.680 [JavaFX Application Thread] INFO  o.b.s.BxWinLab.Base.BaseLabel - 控件焦点改变至 - org.bxwbb.spigotplugincreatertool.BxWinLab.SwitchBox@4839714c
2026-01-29 20:22:32.131 [JavaFX Application Thread] INFO  o.b.s.HelloApplication - 执行停止...
2026-01-29 20:23:23.933 [JavaFX-Launcher] INFO  o.b.s.HelloApplication - 执行初始化...
2026-01-29 20:23:23.938 [JavaFX Application Thread] INFO  o.b.s.HelloApplication - 工具开始启动并加载...
2026-01-29 20:23:23.973 [JavaFX Application Thread] INFO  o.b.s.BxWinLab.Base.BaseLabel - 控件库Debug模式已开启
2026-01-29 20:23:23.979 [JavaFX Application Thread] INFO  o.b.s.BxWinLab.Base.BaseLabel - 控件库Debug模式已开启
2026-01-29 20:23:23.981 [JavaFX Application Thread] INFO  o.b.s.BxWinLab.Base.BaseLabel - 控件库Debug模式已开启
2026-01-29 20:23:23.982 [JavaFX Application Thread] INFO  o.b.s.Utils.FileUtil - 成功加载文件/org/bxwbb/spigotplugincreatertool/icon/icon.png
2026-01-29 20:23:24.123 [JavaFX Application Thread] INFO  o.b.s.BxWinLab.Base.BaseLabel - 控件库Debug模式已开启
2026-01-29 20:23:24.125 [JavaFX Application Thread] INFO  o.b.s.Utils.FileUtil - 成功加载文件/org/bxwbb/spigotplugincreatertool/icon/Universal/NewProject.png
2026-01-29 20:23:24.126 [JavaFX Application Thread] INFO  o.b.s.BxWinLab.Base.BaseLabel - 控件库Debug模式已开启
2026-01-29 20:23:24.126 [JavaFX Application Thread] INFO  o.b.s.BxWinLab.Base.BaseLabel - 控件库Debug模式已开启
2026-01-29 20:23:24.126 [JavaFX Application Thread] INFO  o.b.s.BxWinLab.Base.BaseLabel - 控件库Debug模式已开启
2026-01-29 20:23:24.127 [JavaFX Application Thread] INFO  o.b.s.BxWinLab.Base.BaseLabel - 控件库Debug模式已开启
2026-01-29 20:23:24.148 [JavaFX Application Thread] INFO  o.b.s.BxWinLab.Base.BaseLabel - 控件库Debug模式已开启
2026-01-29 20:23:24.161 [JavaFX Application Thread] INFO  o.b.s.BxWinLab.Base.BaseLabel - 控件库Debug模式已开启
2026-01-29 20:23:24.161 [JavaFX Application Thread] INFO  o.b.s.BxWinLab.Base.BaseLabel - 控件库Debug模式已开启
2026-01-29 20:23:24.161 [JavaFX Application Thread] INFO  o.b.s.BxWinLab.Base.BaseLabel - 控件库Debug模式已开启
2026-01-29 20:23:24.162 [JavaFX Application Thread] INFO  o.b.s.BxWinLab.Base.BaseLabel - 控件库Debug模式已开启
2026-01-29 20:23:24.163 [JavaFX Application Thread] INFO  o.b.s.BxWinLab.Base.BaseLabel - 控件库Debug模式已开启
2026-01-29 20:23:24.163 [JavaFX Application Thread] INFO  o.b.s.BxWinLab.Base.BaseLabel - 控件库Debug模式已开启
2026-01-29 20:23:24.164 [JavaFX Application Thread] INFO  o.b.s.Utils.FileUtil - 成功加载文件/org/bxwbb/spigotplugincreatertool/icon/Universal/OpenFolder.png
2026-01-29 20:23:24.164 [JavaFX Application Thread] INFO  o.b.s.BxWinLab.Base.BaseLabel - 控件库Debug模式已开启
2026-01-29 20:23:24.165 [JavaFX Application Thread] INFO  o.b.s.BxWinLab.Base.BaseLabel - 控件库Debug模式已开启
2026-01-29 20:23:24.165 [JavaFX Application Thread] INFO  o.b.s.BxWinLab.Base.BaseLabel - 控件库Debug模式已开启
2026-01-29 20:23:24.166 [JavaFX Application Thread] INFO  o.b.s.BxWinLab.Base.BaseLabel - 控件库Debug模式已开启
2026-01-29 20:23:24.166 [JavaFX Application Thread] INFO  o.b.s.BxWinLab.Base.BaseLabel - 控件库Debug模式已开启
2026-01-29 20:23:24.167 [JavaFX Application Thread] INFO  o.b.s.BxWinLab.Base.BaseLabel - 控件库Debug模式已开启
2026-01-29 20:23:24.167 [JavaFX Application Thread] INFO  o.b.s.BxWinLab.Base.BaseLabel - 控件库Debug模式已开启
2026-01-29 20:23:24.168 [JavaFX Application Thread] INFO  o.b.s.Utils.FileUtil - 成功加载文件/org/bxwbb/spigotplugincreatertool/icon/Universal/NewProject.png
2026-01-29 20:23:24.169 [JavaFX Application Thread] INFO  o.b.s.BxWinLab.Base.BaseLabel - 控件库Debug模式已开启
2026-01-29 20:23:24.169 [JavaFX Application Thread] INFO  o.b.s.BxWinLab.Base.BaseLabel - 控件库Debug模式已开启
2026-01-29 20:23:24.169 [JavaFX Application Thread] INFO  o.b.s.BxWinLab.Base.BaseLabel - 控件库Debug模式已开启
2026-01-29 20:23:24.169 [JavaFX Application Thread] INFO  o.b.s.BxWinLab.Base.BaseLabel - 控件库Debug模式已开启
2026-01-29 20:23:24.170 [JavaFX Application Thread] INFO  o.b.s.BxWinLab.Base.BaseLabel - 控件库Debug模式已开启
2026-01-29 20:23:24.170 [JavaFX Application Thread] INFO  o.b.s.BxWinLab.Base.BaseLabel - 控件库Debug模式已开启
2026-01-29 20:23:24.170 [JavaFX Application Thread] INFO  o.b.s.BxWinLab.Base.BaseLabel - 控件库Debug模式已开启
2026-01-29 20:23:24.171 [JavaFX Application Thread] INFO  o.b.s.Utils.FileUtil - 成功加载文件/org/bxwbb/spigotplugincreatertool/icon/Universal/Setting.png
2026-01-29 20:23:24.172 [JavaFX Application Thread] INFO  o.b.s.BxWinLab.Base.BaseLabel - 控件库Debug模式已开启
2026-01-29 20:23:24.172 [JavaFX Application Thread] INFO  o.b.s.BxWinLab.Base.BaseLabel - 控件库Debug模式已开启
2026-01-29 20:23:24.173 [JavaFX Application Thread] INFO  o.b.s.BxWinLab.Base.BaseLabel - 控件库Debug模式已开启
2026-01-29 20:23:24.173 [JavaFX Application Thread] INFO  o.b.s.BxWinLab.Base.BaseLabel - 控件库Debug模式已开启
2026-01-29 20:23:24.173 [JavaFX Application Thread] INFO  o.b.s.BxWinLab.Base.BaseLabel - 控件库Debug模式已开启
2026-01-29 20:23:24.173 [JavaFX Application Thread] INFO  o.b.s.BxWinLab.Base.BaseLabel - 控件库Debug模式已开启
2026-01-29 20:23:24.173 [JavaFX Application Thread] INFO  o.b.s.BxWinLab.Base.BaseLabel - 控件库Debug模式已开启
2026-01-29 20:23:24.174 [JavaFX Application Thread] INFO  o.b.s.Utils.FileUtil - 成功加载文件/org/bxwbb/spigotplugincreatertool/icon/Universal/Learn.png
2026-01-29 20:23:24.175 [JavaFX Application Thread] INFO  o.b.s.BxWinLab.Base.BaseLabel - 控件库Debug模式已开启
2026-01-29 20:23:24.175 [JavaFX Application Thread] INFO  o.b.s.BxWinLab.Base.BaseLabel - 控件库Debug模式已开启
2026-01-29 20:23:24.175 [JavaFX Application Thread] INFO  o.b.s.BxWinLab.Base.BaseLabel - 控件库Debug模式已开启
2026-01-29 20:23:24.175 [JavaFX Application Thread] INFO  o.b.s.BxWinLab.Base.BaseLabel - 控件库Debug模式已开启
2026-01-29 20:23:24.176 [JavaFX Application Thread] INFO  o.b.s.BxWinLab.Base.BaseLabel - 控件库Debug模式已开启
2026-01-29 20:23:24.176 [JavaFX Application Thread] INFO  o.b.s.BxWinLab.Base.BaseLabel - 控件库Debug模式已开启
2026-01-29 20:23:24.176 [JavaFX Application Thread] INFO  o.b.s.BxWinLab.Base.BaseLabel - 控件库Debug模式已开启
2026-01-29 20:23:24.177 [JavaFX Application Thread] INFO  o.b.s.Utils.FileUtil - 成功加载文件/org/bxwbb/spigotplugincreatertool/icon/Universal/Quit.png
2026-01-29 20:23:24.177 [JavaFX Application Thread] INFO  o.b.s.BxWinLab.Base.BaseLabel - 控件库Debug模式已开启
2026-01-29 20:23:24.178 [JavaFX Application Thread] INFO  o.b.s.BxWinLab.Base.BaseLabel - 控件库Debug模式已开启
2026-01-29 20:23:24.178 [JavaFX Application Thread] INFO  o.b.s.BxWinLab.Base.BaseLabel - 控件库Debug模式已开启
2026-01-29 20:23:24.178 [JavaFX Application Thread] INFO  o.b.s.BxWinLab.Base.BaseLabel - 控件库Debug模式已开启
2026-01-29 20:23:24.178 [JavaFX Application Thread] INFO  o.b.s.BxWinLab.Base.BaseLabel - 控件库Debug模式已开启
2026-01-29 20:23:24.179 [JavaFX Application Thread] INFO  o.b.s.BxWinLab.Base.BaseLabel - 控件库Debug模式已开启
2026-01-29 20:23:24.179 [JavaFX Application Thread] INFO  o.b.s.BxWinLab.Base.BaseLabel - 控件库Debug模式已开启
2026-01-29 20:23:24.179 [JavaFX Application Thread] INFO  o.b.s.BxWinLab.Base.BaseLabel - 控件库Debug模式已开启
2026-01-29 20:23:24.180 [JavaFX Application Thread] INFO  o.b.s.BxWinLab.Base.BaseLabel - 控件库Debug模式已开启
2026-01-29 20:23:24.181 [JavaFX Application Thread] INFO  o.b.s.BxWinLab.Base.BaseLabel - 控件库Debug模式已开启
2026-01-29 20:23:24.181 [JavaFX Application Thread] INFO  o.b.s.BxWinLab.Base.BaseLabel - 控件库Debug模式已开启
2026-01-29 20:23:24.181 [JavaFX Application Thread] INFO  o.b.s.BxWinLab.Base.BaseLabel - 控件库Debug模式已开启
2026-01-29 20:23:24.182 [JavaFX Application Thread] INFO  o.b.s.BxWinLab.Base.BaseLabel - 控件库Debug模式已开启
2026-01-29 20:23:24.182 [JavaFX Application Thread] INFO  o.b.s.BxWinLab.Base.BaseLabel - 控件库Debug模式已开启
2026-01-29 20:23:24.182 [JavaFX Application Thread] INFO  o.b.s.BxWinLab.Base.BaseLabel - 控件库Debug模式已开启
2026-01-29 20:23:24.182 [JavaFX Application Thread] INFO  o.b.s.BxWinLab.Base.BaseLabel - 控件库Debug模式已开启
2026-01-29 20:23:24.182 [JavaFX Application Thread] INFO  o.b.s.BxWinLab.Base.BaseLabel - 控件库Debug模式已开启
2026-01-29 20:23:24.182 [JavaFX Application Thread] INFO  o.b.s.BxWinLab.Base.BaseLabel - 控件库Debug模式已开启
2026-01-29 20:23:24.182 [JavaFX Application Thread] INFO  o.b.s.BxWinLab.Base.BaseLabel - 控件库Debug模式已开启
2026-01-29 20:23:24.182 [JavaFX Application Thread] INFO  o.b.s.BxWinLab.Base.BaseLabel - 控件库Debug模式已开启
2026-01-29 20:23:24.182 [JavaFX Application Thread] INFO  o.b.s.BxWinLab.Base.BaseLabel - 控件库Debug模式已开启
2026-01-29 20:23:24.183 [JavaFX Application Thread] INFO  o.b.s.BxWinLab.Base.BaseLabel - 控件库Debug模式已开启
2026-01-29 20:23:24.188 [JavaFX Application Thread] INFO  o.b.s.BxWinLab.Base.BaseLabel - 控件库Debug模式已开启
2026-01-29 20:23:24.188 [JavaFX Application Thread] INFO  o.b.s.BxWinLab.Base.BaseLabel - 控件库Debug模式已开启
2026-01-29 20:23:24.205 [JavaFX Application Thread] INFO  o.b.s.BxWinLab.Base.BaseLabel - 控件库Debug模式已开启
2026-01-29 20:23:24.207 [JavaFX Application Thread] INFO  o.b.s.BxWinLab.Base.BaseLabel - 控件库Debug模式已开启
2026-01-29 20:23:24.207 [JavaFX Application Thread] INFO  o.b.s.BxWinLab.Base.BaseLabel - 控件库Debug模式已开启
2026-01-29 20:23:24.207 [JavaFX Application Thread] INFO  o.b.s.BxWinLab.Base.BaseLabel - 控件库Debug模式已开启
2026-01-29 20:23:24.207 [JavaFX Application Thread] INFO  o.b.s.BxWinLab.Base.BaseLabel - 控件库Debug模式已开启
2026-01-29 20:23:24.208 [JavaFX Application Thread] INFO  o.b.s.BxWinLab.Base.BaseLabel - 控件库Debug模式已开启
2026-01-29 20:23:24.208 [JavaFX Application Thread] INFO  o.b.s.BxWinLab.Base.BaseLabel - 控件库Debug模式已开启
2026-01-29 20:23:24.208 [JavaFX Application Thread] INFO  o.b.s.BxWinLab.Base.BaseLabel - 控件库Debug模式已开启
2026-01-29 20:23:24.208 [JavaFX Application Thread] INFO  o.b.s.BxWinLab.Base.BaseLabel - 控件库Debug模式已开启
2026-01-29 20:23:24.208 [JavaFX Application Thread] INFO  o.b.s.BxWinLab.Base.BaseLabel - 控件库Debug模式已开启
2026-01-29 20:23:24.208 [JavaFX Application Thread] INFO  o.b.s.BxWinLab.Base.BaseLabel - 控件库Debug模式已开启
2026-01-29 20:23:24.208 [JavaFX Application Thread] INFO  o.b.s.BxWinLab.Base.BaseLabel - 控件库Debug模式已开启
2026-01-29 20:23:24.208 [JavaFX Application Thread] INFO  o.b.s.BxWinLab.Base.BaseLabel - 控件库Debug模式已开启
2026-01-29 20:23:24.208 [JavaFX Application Thread] INFO  o.b.s.BxWinLab.Base.BaseLabel - 控件库Debug模式已开启
2026-01-29 20:23:24.208 [JavaFX Application Thread] INFO  o.b.s.BxWinLab.Base.BaseLabel - 控件库Debug模式已开启
2026-01-29 20:23:24.209 [JavaFX Application Thread] INFO  o.b.s.BxWinLab.Base.BaseLabel - 控件库Debug模式已开启
2026-01-29 20:23:24.209 [JavaFX Application Thread] INFO  o.b.s.BxWinLab.Base.BaseLabel - 控件库Debug模式已开启
2026-01-29 20:23:24.210 [JavaFX Application Thread] INFO  o.b.s.BxWinLab.Base.BaseLabel - 控件库Debug模式已开启
2026-01-29 20:23:24.210 [JavaFX Application Thread] INFO  o.b.s.BxWinLab.Base.BaseLabel - 控件库Debug模式已开启
2026-01-29 20:23:24.210 [JavaFX Application Thread] INFO  o.b.s.BxWinLab.Base.BaseLabel - 控件库Debug模式已开启
2026-01-29 20:23:24.210 [JavaFX Application Thread] INFO  o.b.s.BxWinLab.Base.BaseLabel - 控件库Debug模式已开启
2026-01-29 20:23:24.210 [JavaFX Application Thread] INFO  o.b.s.BxWinLab.Base.BaseLabel - 控件库Debug模式已开启
2026-01-29 20:23:24.210 [JavaFX Application Thread] INFO  o.b.s.BxWinLab.Base.BaseLabel - 控件库Debug模式已开启
2026-01-29 20:23:24.210 [JavaFX Application Thread] INFO  o.b.s.BxWinLab.Base.BaseLabel - 控件库Debug模式已开启
2026-01-29 20:23:24.210 [JavaFX Application Thread] INFO  o.b.s.BxWinLab.Base.BaseLabel - 控件库Debug模式已开启
2026-01-29 20:23:24.210 [JavaFX Application Thread] INFO  o.b.s.BxWinLab.Base.BaseLabel - 控件库Debug模式已开启
2026-01-29 20:23:24.210 [JavaFX Application Thread] INFO  o.b.s.BxWinLab.Base.BaseLabel - 控件库Debug模式已开启
2026-01-29 20:23:24.210 [JavaFX Application Thread] INFO  o.b.s.BxWinLab.Base.BaseLabel - 控件库Debug模式已开启
2026-01-29 20:23:24.210 [JavaFX Application Thread] INFO  o.b.s.BxWinLab.Base.BaseLabel - 控件库Debug模式已开启
2026-01-29 20:23:24.211 [JavaFX Application Thread] INFO  o.b.s.BxWinLab.Base.BaseLabel - 控件库Debug模式已开启
2026-01-29 20:23:24.211 [JavaFX Application Thread] INFO  o.b.s.BxWinLab.Base.BaseLabel - 控件库Debug模式已开启
2026-01-29 20:23:24.211 [JavaFX Application Thread] INFO  o.b.s.BxWinLab.Base.BaseLabel - 控件库Debug模式已开启
2026-01-29 20:23:24.211 [JavaFX Application Thread] INFO  o.b.s.BxWinLab.Base.BaseLabel - 控件库Debug模式已开启
2026-01-29 20:23:24.211 [JavaFX Application Thread] INFO  o.b.s.BxWinLab.Base.BaseLabel - 控件库Debug模式已开启
2026-01-29 20:23:24.211 [JavaFX Application Thread] INFO  o.b.s.BxWinLab.Base.BaseLabel - 控件库Debug模式已开启
2026-01-29 20:23:24.211 [JavaFX Application Thread] INFO  o.b.s.BxWinLab.Base.BaseLabel - 控件库Debug模式已开启
2026-01-29 20:23:24.211 [JavaFX Application Thread] INFO  o.b.s.BxWinLab.Base.BaseLabel - 控件库Debug模式已开启
2026-01-29 20:23:24.211 [JavaFX Application Thread] INFO  o.b.s.BxWinLab.Base.BaseLabel - 控件库Debug模式已开启
2026-01-29 20:23:24.211 [JavaFX Application Thread] INFO  o.b.s.BxWinLab.Base.BaseLabel - 控件库Debug模式已开启
2026-01-29 20:23:24.211 [JavaFX Application Thread] INFO  o.b.s.BxWinLab.Base.BaseLabel - 控件库Debug模式已开启
2026-01-29 20:23:24.212 [JavaFX Application Thread] INFO  o.b.s.BxWinLab.Base.BaseLabel - 控件库Debug模式已开启
2026-01-29 20:23:24.212 [JavaFX Application Thread] INFO  o.b.s.BxWinLab.Base.BaseLabel - 控件库Debug模式已开启
2026-01-29 20:23:24.212 [JavaFX Application Thread] INFO  o.b.s.BxWinLab.Base.BaseLabel - 控件库Debug模式已开启
2026-01-29 20:23:24.212 [JavaFX Application Thread] INFO  o.b.s.BxWinLab.Base.BaseLabel - 控件库Debug模式已开启
2026-01-29 20:23:24.212 [JavaFX Application Thread] INFO  o.b.s.BxWinLab.Base.BaseLabel - 控件库Debug模式已开启
2026-01-29 20:23:24.212 [JavaFX Application Thread] INFO  o.b.s.BxWinLab.Base.BaseLabel - 控件库Debug模式已开启
2026-01-29 20:23:27.632 [JavaFX Application Thread] INFO  o.b.s.HelloApplication - 执行停止...
2026-01-29 20:23:35.636 [JavaFX-Launcher] INFO  o.b.s.HelloApplication - 执行初始化...
2026-01-29 20:23:35.642 [JavaFX Application Thread] INFO  o.b.s.HelloApplication - 工具开始启动并加载...
2026-01-29 20:23:35.676 [JavaFX Application Thread] INFO  o.b.s.BxWinLab.Base.BaseLabel - 控件库Debug模式已开启
2026-01-29 20:23:35.682 [JavaFX Application Thread] INFO  o.b.s.BxWinLab.Base.BaseLabel - 控件库Debug模式已开启
2026-01-29 20:23:35.684 [JavaFX Application Thread] INFO  o.b.s.BxWinLab.Base.BaseLabel - 控件库Debug模式已开启
2026-01-29 20:23:35.685 [JavaFX Application Thread] INFO  o.b.s.Utils.FileUtil - 成功加载文件/org/bxwbb/spigotplugincreatertool/icon/icon.png
2026-01-29 20:23:35.827 [JavaFX Application Thread] INFO  o.b.s.BxWinLab.Base.BaseLabel - 控件库Debug模式已开启
2026-01-29 20:23:35.832 [JavaFX Application Thread] INFO  o.b.s.Utils.FileUtil - 成功加载文件/org/bxwbb/spigotplugincreatertool/icon/Universal/NewProject.png
2026-01-29 20:23:35.832 [JavaFX Application Thread] INFO  o.b.s.BxWinLab.Base.BaseLabel - 控件库Debug模式已开启
2026-01-29 20:23:35.833 [JavaFX Application Thread] INFO  o.b.s.BxWinLab.Base.BaseLabel - 控件库Debug模式已开启
2026-01-29 20:23:35.833 [JavaFX Application Thread] INFO  o.b.s.BxWinLab.Base.BaseLabel - 控件库Debug模式已开启
2026-01-29 20:23:35.833 [JavaFX Application Thread] INFO  o.b.s.BxWinLab.Base.BaseLabel - 控件库Debug模式已开启
2026-01-29 20:23:35.855 [JavaFX Application Thread] INFO  o.b.s.BxWinLab.Base.BaseLabel - 控件库Debug模式已开启
2026-01-29 20:23:35.869 [JavaFX Application Thread] INFO  o.b.s.BxWinLab.Base.BaseLabel - 控件库Debug模式已开启
2026-01-29 20:23:35.869 [JavaFX Application Thread] INFO  o.b.s.BxWinLab.Base.BaseLabel - 控件库Debug模式已开启
2026-01-29 20:23:35.869 [JavaFX Application Thread] INFO  o.b.s.BxWinLab.Base.BaseLabel - 控件库Debug模式已开启
2026-01-29 20:23:35.869 [JavaFX Application Thread] INFO  o.b.s.BxWinLab.Base.BaseLabel - 控件库Debug模式已开启
2026-01-29 20:23:35.870 [JavaFX Application Thread] INFO  o.b.s.BxWinLab.Base.BaseLabel - 控件库Debug模式已开启
2026-01-29 20:23:35.871 [JavaFX Application Thread] INFO  o.b.s.BxWinLab.Base.BaseLabel - 控件库Debug模式已开启
2026-01-29 20:23:35.871 [JavaFX Application Thread] INFO  o.b.s.Utils.FileUtil - 成功加载文件/org/bxwbb/spigotplugincreatertool/icon/Universal/OpenFolder.png
2026-01-29 20:23:35.872 [JavaFX Application Thread] INFO  o.b.s.BxWinLab.Base.BaseLabel - 控件库Debug模式已开启
2026-01-29 20:23:35.872 [JavaFX Application Thread] INFO  o.b.s.BxWinLab.Base.BaseLabel - 控件库Debug模式已开启
2026-01-29 20:23:35.873 [JavaFX Application Thread] INFO  o.b.s.BxWinLab.Base.BaseLabel - 控件库Debug模式已开启
2026-01-29 20:23:35.874 [JavaFX Application Thread] INFO  o.b.s.BxWinLab.Base.BaseLabel - 控件库Debug模式已开启
2026-01-29 20:23:35.874 [JavaFX Application Thread] INFO  o.b.s.BxWinLab.Base.BaseLabel - 控件库Debug模式已开启
2026-01-29 20:23:35.875 [JavaFX Application Thread] INFO  o.b.s.BxWinLab.Base.BaseLabel - 控件库Debug模式已开启
2026-01-29 20:23:35.875 [JavaFX Application Thread] INFO  o.b.s.BxWinLab.Base.BaseLabel - 控件库Debug模式已开启
2026-01-29 20:23:35.876 [JavaFX Application Thread] INFO  o.b.s.Utils.FileUtil - 成功加载文件/org/bxwbb/spigotplugincreatertool/icon/Universal/NewProject.png
2026-01-29 20:23:35.877 [JavaFX Application Thread] INFO  o.b.s.BxWinLab.Base.BaseLabel - 控件库Debug模式已开启
2026-01-29 20:23:35.877 [JavaFX Application Thread] INFO  o.b.s.BxWinLab.Base.BaseLabel - 控件库Debug模式已开启
2026-01-29 20:23:35.877 [JavaFX Application Thread] INFO  o.b.s.BxWinLab.Base.BaseLabel - 控件库Debug模式已开启
2026-01-29 20:23:35.877 [JavaFX Application Thread] INFO  o.b.s.BxWinLab.Base.BaseLabel - 控件库Debug模式已开启
2026-01-29 20:23:35.877 [JavaFX Application Thread] INFO  o.b.s.BxWinLab.Base.BaseLabel - 控件库Debug模式已开启
2026-01-29 20:23:35.877 [JavaFX Application Thread] INFO  o.b.s.BxWinLab.Base.BaseLabel - 控件库Debug模式已开启
2026-01-29 20:23:35.877 [JavaFX Application Thread] INFO  o.b.s.BxWinLab.Base.BaseLabel - 控件库Debug模式已开启
2026-01-29 20:23:35.879 [JavaFX Application Thread] INFO  o.b.s.Utils.FileUtil - 成功加载文件/org/bxwbb/spigotplugincreatertool/icon/Universal/Setting.png
2026-01-29 20:23:35.880 [JavaFX Application Thread] INFO  o.b.s.BxWinLab.Base.BaseLabel - 控件库Debug模式已开启
2026-01-29 20:23:35.880 [JavaFX Application Thread] INFO  o.b.s.BxWinLab.Base.BaseLabel - 控件库Debug模式已开启
2026-01-29 20:23:35.880 [JavaFX Application Thread] INFO  o.b.s.BxWinLab.Base.BaseLabel - 控件库Debug模式已开启
2026-01-29 20:23:35.880 [JavaFX Application Thread] INFO  o.b.s.BxWinLab.Base.BaseLabel - 控件库Debug模式已开启
2026-01-29 20:23:35.881 [JavaFX Application Thread] INFO  o.b.s.BxWinLab.Base.BaseLabel - 控件库Debug模式已开启
2026-01-29 20:23:35.881 [JavaFX Application Thread] INFO  o.b.s.BxWinLab.Base.BaseLabel - 控件库Debug模式已开启
2026-01-29 20:23:35.881 [JavaFX Application Thread] INFO  o.b.s.BxWinLab.Base.BaseLabel - 控件库Debug模式已开启
2026-01-29 20:23:35.882 [JavaFX Application Thread] INFO  o.b.s.Utils.FileUtil - 成功加载文件/org/bxwbb/spigotplugincreatertool/icon/Universal/Learn.png
2026-01-29 20:23:35.882 [JavaFX Application Thread] INFO  o.b.s.BxWinLab.Base.BaseLabel - 控件库Debug模式已开启
2026-01-29 20:23:35.883 [JavaFX Application Thread] INFO  o.b.s.BxWinLab.Base.BaseLabel - 控件库Debug模式已开启
2026-01-29 20:23:35.883 [JavaFX Application Thread] INFO  o.b.s.BxWinLab.Base.BaseLabel - 控件库Debug模式已开启
2026-01-29 20:23:35.883 [JavaFX Application Thread] INFO  o.b.s.BxWinLab.Base.BaseLabel - 控件库Debug模式已开启
2026-01-29 20:23:35.883 [JavaFX Application Thread] INFO  o.b.s.BxWinLab.Base.BaseLabel - 控件库Debug模式已开启
2026-01-29 20:23:35.883 [JavaFX Application Thread] INFO  o.b.s.BxWinLab.Base.BaseLabel - 控件库Debug模式已开启
2026-01-29 20:23:35.883 [JavaFX Application Thread] INFO  o.b.s.BxWinLab.Base.BaseLabel - 控件库Debug模式已开启
2026-01-29 20:23:35.884 [JavaFX Application Thread] INFO  o.b.s.Utils.FileUtil - 成功加载文件/org/bxwbb/spigotplugincreatertool/icon/Universal/Quit.png
2026-01-29 20:23:35.885 [JavaFX Application Thread] INFO  o.b.s.BxWinLab.Base.BaseLabel - 控件库Debug模式已开启
2026-01-29 20:23:35.885 [JavaFX Application Thread] INFO  o.b.s.BxWinLab.Base.BaseLabel - 控件库Debug模式已开启
2026-01-29 20:23:35.885 [JavaFX Application Thread] INFO  o.b.s.BxWinLab.Base.BaseLabel - 控件库Debug模式已开启
2026-01-29 20:23:35.886 [JavaFX Application Thread] INFO  o.b.s.BxWinLab.Base.BaseLabel - 控件库Debug模式已开启
2026-01-29 20:23:35.886 [JavaFX Application Thread] INFO  o.b.s.BxWinLab.Base.BaseLabel - 控件库Debug模式已开启
2026-01-29 20:23:35.886 [JavaFX Application Thread] INFO  o.b.s.BxWinLab.Base.BaseLabel - 控件库Debug模式已开启
2026-01-29 20:23:35.886 [JavaFX Application Thread] INFO  o.b.s.BxWinLab.Base.BaseLabel - 控件库Debug模式已开启
2026-01-29 20:23:35.887 [JavaFX Application Thread] INFO  o.b.s.BxWinLab.Base.BaseLabel - 控件库Debug模式已开启
2026-01-29 20:23:35.887 [JavaFX Application Thread] INFO  o.b.s.BxWinLab.Base.BaseLabel - 控件库Debug模式已开启
2026-01-29 20:23:35.888 [JavaFX Application Thread] INFO  o.b.s.BxWinLab.Base.BaseLabel - 控件库Debug模式已开启
2026-01-29 20:23:35.888 [JavaFX Application Thread] INFO  o.b.s.BxWinLab.Base.BaseLabel - 控件库Debug模式已开启
2026-01-29 20:23:35.888 [JavaFX Application Thread] INFO  o.b.s.BxWinLab.Base.BaseLabel - 控件库Debug模式已开启
2026-01-29 20:23:35.890 [JavaFX Application Thread] INFO  o.b.s.BxWinLab.Base.BaseLabel - 控件库Debug模式已开启
2026-01-29 20:23:35.890 [JavaFX Application Thread] INFO  o.b.s.BxWinLab.Base.BaseLabel - 控件库Debug模式已开启
2026-01-29 20:23:35.890 [JavaFX Application Thread] INFO  o.b.s.BxWinLab.Base.BaseLabel - 控件库Debug模式已开启
2026-01-29 20:23:35.890 [JavaFX Application Thread] INFO  o.b.s.BxWinLab.Base.BaseLabel - 控件库Debug模式已开启
2026-01-29 20:23:35.890 [JavaFX Application Thread] INFO  o.b.s.BxWinLab.Base.BaseLabel - 控件库Debug模式已开启
2026-01-29 20:23:35.890 [JavaFX Application Thread] INFO  o.b.s.BxWinLab.Base.BaseLabel - 控件库Debug模式已开启
2026-01-29 20:23:35.890 [JavaFX Application Thread] INFO  o.b.s.BxWinLab.Base.BaseLabel - 控件库Debug模式已开启
2026-01-29 20:23:35.890 [JavaFX Application Thread] INFO  o.b.s.BxWinLab.Base.BaseLabel - 控件库Debug模式已开启
2026-01-29 20:23:35.890 [JavaFX Application Thread] INFO  o.b.s.BxWinLab.Base.BaseLabel - 控件库Debug模式已开启
2026-01-29 20:23:35.890 [JavaFX Application Thread] INFO  o.b.s.BxWinLab.Base.BaseLabel - 控件库Debug模式已开启
2026-01-29 20:23:35.895 [JavaFX Application Thread] INFO  o.b.s.BxWinLab.Base.BaseLabel - 控件库Debug模式已开启
2026-01-29 20:23:35.895 [JavaFX Application Thread] INFO  o.b.s.BxWinLab.Base.BaseLabel - 控件库Debug模式已开启
2026-01-29 20:23:35.913 [JavaFX Application Thread] INFO  o.b.s.BxWinLab.Base.BaseLabel - 控件库Debug模式已开启
2026-01-29 20:23:35.914 [JavaFX Application Thread] INFO  o.b.s.BxWinLab.Base.BaseLabel - 控件库Debug模式已开启
2026-01-29 20:23:35.914 [JavaFX Application Thread] INFO  o.b.s.BxWinLab.Base.BaseLabel - 控件库Debug模式已开启
2026-01-29 20:23:35.914 [JavaFX Application Thread] INFO  o.b.s.BxWinLab.Base.BaseLabel - 控件库Debug模式已开启
2026-01-29 20:23:35.915 [JavaFX Application Thread] INFO  o.b.s.BxWinLab.Base.BaseLabel - 控件库Debug模式已开启
2026-01-29 20:23:35.915 [JavaFX Application Thread] INFO  o.b.s.BxWinLab.Base.BaseLabel - 控件库Debug模式已开启
2026-01-29 20:23:35.916 [JavaFX Application Thread] INFO  o.b.s.BxWinLab.Base.BaseLabel - 控件库Debug模式已开启
2026-01-29 20:23:35.916 [JavaFX Application Thread] INFO  o.b.s.BxWinLab.Base.BaseLabel - 控件库Debug模式已开启
2026-01-29 20:23:35.916 [JavaFX Application Thread] INFO  o.b.s.BxWinLab.Base.BaseLabel - 控件库Debug模式已开启
2026-01-29 20:23:35.916 [JavaFX Application Thread] INFO  o.b.s.BxWinLab.Base.BaseLabel - 控件库Debug模式已开启
2026-01-29 20:23:35.916 [JavaFX Application Thread] INFO  o.b.s.BxWinLab.Base.BaseLabel - 控件库Debug模式已开启
2026-01-29 20:23:35.916 [JavaFX Application Thread] INFO  o.b.s.BxWinLab.Base.BaseLabel - 控件库Debug模式已开启
2026-01-29 20:23:35.916 [JavaFX Application Thread] INFO  o.b.s.BxWinLab.Base.BaseLabel - 控件库Debug模式已开启
2026-01-29 20:23:35.916 [JavaFX Application Thread] INFO  o.b.s.BxWinLab.Base.BaseLabel - 控件库Debug模式已开启
2026-01-29 20:23:35.916 [JavaFX Application Thread] INFO  o.b.s.BxWinLab.Base.BaseLabel - 控件库Debug模式已开启
2026-01-29 20:23:35.917 [JavaFX Application Thread] INFO  o.b.s.BxWinLab.Base.BaseLabel - 控件库Debug模式已开启
2026-01-29 20:23:35.917 [JavaFX Application Thread] INFO  o.b.s.BxWinLab.Base.BaseLabel - 控件库Debug模式已开启
2026-01-29 20:23:35.917 [JavaFX Application Thread] INFO  o.b.s.BxWinLab.Base.BaseLabel - 控件库Debug模式已开启
2026-01-29 20:23:35.917 [JavaFX Application Thread] INFO  o.b.s.BxWinLab.Base.BaseLabel - 控件库Debug模式已开启
2026-01-29 20:23:35.917 [JavaFX Application Thread] INFO  o.b.s.BxWinLab.Base.BaseLabel - 控件库Debug模式已开启
2026-01-29 20:23:35.918 [JavaFX Application Thread] INFO  o.b.s.BxWinLab.Base.BaseLabel - 控件库Debug模式已开启
2026-01-29 20:23:35.918 [JavaFX Application Thread] INFO  o.b.s.BxWinLab.Base.BaseLabel - 控件库Debug模式已开启
2026-01-29 20:23:35.918 [JavaFX Application Thread] INFO  o.b.s.BxWinLab.Base.BaseLabel - 控件库Debug模式已开启
2026-01-29 20:23:35.918 [JavaFX Application Thread] INFO  o.b.s.BxWinLab.Base.BaseLabel - 控件库Debug模式已开启
2026-01-29 20:23:35.918 [JavaFX Application Thread] INFO  o.b.s.BxWinLab.Base.BaseLabel - 控件库Debug模式已开启
2026-01-29 20:23:35.918 [JavaFX Application Thread] INFO  o.b.s.BxWinLab.Base.BaseLabel - 控件库Debug模式已开启
2026-01-29 20:23:35.918 [JavaFX Application Thread] INFO  o.b.s.BxWinLab.Base.BaseLabel - 控件库Debug模式已开启
2026-01-29 20:23:35.918 [JavaFX Application Thread] INFO  o.b.s.BxWinLab.Base.BaseLabel - 控件库Debug模式已开启
2026-01-29 20:23:35.918 [JavaFX Application Thread] INFO  o.b.s.BxWinLab.Base.BaseLabel - 控件库Debug模式已开启
2026-01-29 20:23:35.918 [JavaFX Application Thread] INFO  o.b.s.BxWinLab.Base.BaseLabel - 控件库Debug模式已开启
2026-01-29 20:23:35.918 [JavaFX Application Thread] INFO  o.b.s.BxWinLab.Base.BaseLabel - 控件库Debug模式已开启
2026-01-29 20:23:35.918 [JavaFX Application Thread] INFO  o.b.s.BxWinLab.Base.BaseLabel - 控件库Debug模式已开启
2026-01-29 20:23:35.918 [JavaFX Application Thread] INFO  o.b.s.BxWinLab.Base.BaseLabel - 控件库Debug模式已开启
2026-01-29 20:23:35.918 [JavaFX Application Thread] INFO  o.b.s.BxWinLab.Base.BaseLabel - 控件库Debug模式已开启
2026-01-29 20:23:35.920 [JavaFX Application Thread] INFO  o.b.s.BxWinLab.Base.BaseLabel - 控件库Debug模式已开启
2026-01-29 20:23:35.920 [JavaFX Application Thread] INFO  o.b.s.BxWinLab.Base.BaseLabel - 控件库Debug模式已开启
2026-01-29 20:23:35.920 [JavaFX Application Thread] INFO  o.b.s.BxWinLab.Base.BaseLabel - 控件库Debug模式已开启
2026-01-29 20:23:35.920 [JavaFX Application Thread] INFO  o.b.s.BxWinLab.Base.BaseLabel - 控件库Debug模式已开启
2026-01-29 20:23:35.920 [JavaFX Application Thread] INFO  o.b.s.BxWinLab.Base.BaseLabel - 控件库Debug模式已开启
2026-01-29 20:23:35.920 [JavaFX Application Thread] INFO  o.b.s.BxWinLab.Base.BaseLabel - 控件库Debug模式已开启
2026-01-29 20:23:35.920 [JavaFX Application Thread] INFO  o.b.s.BxWinLab.Base.BaseLabel - 控件库Debug模式已开启
2026-01-29 20:23:35.920 [JavaFX Application Thread] INFO  o.b.s.BxWinLab.Base.BaseLabel - 控件库Debug模式已开启
2026-01-29 20:23:35.920 [JavaFX Application Thread] INFO  o.b.s.BxWinLab.Base.BaseLabel - 控件库Debug模式已开启
2026-01-29 20:23:35.920 [JavaFX Application Thread] INFO  o.b.s.BxWinLab.Base.BaseLabel - 控件库Debug模式已开启
2026-01-29 20:23:35.920 [JavaFX Application Thread] INFO  o.b.s.BxWinLab.Base.BaseLabel - 控件库Debug模式已开启
2026-01-29 20:23:35.920 [JavaFX Application Thread] INFO  o.b.s.BxWinLab.Base.BaseLabel - 控件库Debug模式已开启
2026-01-29 20:23:47.336 [JavaFX Application Thread] INFO  o.b.s.BxWinLab.Base.BaseLabel - 控件焦点改变至 - org.bxwbb.spigotplugincreatertool.BxWinLab.SwitchBox@b462775
2026-01-29 20:23:48.292 [JavaFX Application Thread] INFO  o.b.s.BxWinLab.Base.BaseLabel - 控件焦点改变至 - org.bxwbb.spigotplugincreatertool.BxWinLab.ButtonBox@27e9bd0e
2026-01-29 20:23:49.475 [JavaFX Application Thread] INFO  o.b.s.BxWinLab.Base.BaseLabel - 控件焦点改变至 - org.bxwbb.spigotplugincreatertool.BxWinLab.SwitchBox@b462775
2026-01-29 20:23:50.180 [JavaFX Application Thread] INFO  o.b.s.BxWinLab.Base.BaseLabel - 控件焦点改变至 - org.bxwbb.spigotplugincreatertool.BxWinLab.ButtonBox@27e9bd0e
2026-01-29 20:23:53.038 [JavaFX Application Thread] INFO  o.b.s.HelloApplication - 执行停止...
2026-01-29 20:23:59.733 [JavaFX-Launcher] INFO  o.b.s.HelloApplication - 执行初始化...
2026-01-29 20:23:59.738 [JavaFX Application Thread] INFO  o.b.s.HelloApplication - 工具开始启动并加载...
2026-01-29 20:23:59.780 [JavaFX Application Thread] INFO  o.b.s.Utils.FileUtil - 成功加载文件/org/bxwbb/spigotplugincreatertool/icon/icon.png
2026-01-29 20:23:59.919 [JavaFX Application Thread] INFO  o.b.s.Utils.FileUtil - 成功加载文件/org/bxwbb/spigotplugincreatertool/icon/Universal/NewProject.png
2026-01-29 20:23:59.955 [JavaFX Application Thread] INFO  o.b.s.Utils.FileUtil - 成功加载文件/org/bxwbb/spigotplugincreatertool/icon/Universal/OpenFolder.png
2026-01-29 20:23:59.960 [JavaFX Application Thread] INFO  o.b.s.Utils.FileUtil - 成功加载文件/org/bxwbb/spigotplugincreatertool/icon/Universal/NewProject.png
2026-01-29 20:23:59.963 [JavaFX Application Thread] INFO  o.b.s.Utils.FileUtil - 成功加载文件/org/bxwbb/spigotplugincreatertool/icon/Universal/Setting.png
2026-01-29 20:23:59.965 [JavaFX Application Thread] INFO  o.b.s.Utils.FileUtil - 成功加载文件/org/bxwbb/spigotplugincreatertool/icon/Universal/Learn.png
2026-01-29 20:23:59.968 [JavaFX Application Thread] INFO  o.b.s.Utils.FileUtil - 成功加载文件/org/bxwbb/spigotplugincreatertool/icon/Universal/Quit.png
2026-01-29 20:24:24.757 [JavaFX Application Thread] INFO  o.b.s.BxWinLab.Base.BaseLabel - 控件焦点改变至 - org.bxwbb.spigotplugincreatertool.BxWinLab.ImageTextButtonBox@1b5b4ba8
2026-01-29 20:24:25.132 [JavaFX Application Thread] INFO  o.b.s.BxWinLab.Base.BaseLabel - 控件焦点改变至 - org.bxwbb.spigotplugincreatertool.Window.StartPage@155959f8
2026-01-29 20:24:25.628 [JavaFX Application Thread] INFO  o.b.s.BxWinLab.Base.BaseLabel - 控件焦点改变至 - org.bxwbb.spigotplugincreatertool.BxWinLab.ImageTextButtonBox@1f3ef784
2026-01-29 20:24:26.852 [JavaFX Application Thread] INFO  o.b.s.BxWinLab.Base.BaseLabel - 控件焦点改变至 - org.bxwbb.spigotplugincreatertool.BxWinLab.SwitchBox@4cb21235
2026-01-29 20:24:30.180 [JavaFX Application Thread] INFO  o.b.s.BxWinLab.Base.BaseLabel - 控件焦点改变至 - org.bxwbb.spigotplugincreatertool.BxWinLab.ImageTextButtonBox@1f3ef784
2026-01-29 20:24:37.235 [JavaFX Application Thread] INFO  o.b.s.HelloApplication - 执行停止...
2026-01-29 20:25:07.574 [JavaFX-Launcher] INFO  o.b.s.HelloApplication - 执行初始化...
2026-01-29 20:25:07.580 [JavaFX Application Thread] INFO  o.b.s.HelloApplication - 工具开始启动并加载...
2026-01-29 20:25:07.621 [JavaFX Application Thread] INFO  o.b.s.Utils.FileUtil - 成功加载文件/org/bxwbb/spigotplugincreatertool/icon/icon.png
2026-01-29 20:25:07.765 [JavaFX Application Thread] INFO  o.b.s.Utils.FileUtil - 成功加载文件/org/bxwbb/spigotplugincreatertool/icon/Universal/NewProject.png
2026-01-29 20:25:07.803 [JavaFX Application Thread] INFO  o.b.s.Utils.FileUtil - 成功加载文件/org/bxwbb/spigotplugincreatertool/icon/Universal/OpenFolder.png
2026-01-29 20:25:07.808 [JavaFX Application Thread] INFO  o.b.s.Utils.FileUtil - 成功加载文件/org/bxwbb/spigotplugincreatertool/icon/Universal/NewProject.png
2026-01-29 20:25:07.811 [JavaFX Application Thread] INFO  o.b.s.Utils.FileUtil - 成功加载文件/org/bxwbb/spigotplugincreatertool/icon/Universal/Setting.png
2026-01-29 20:25:07.814 [JavaFX Application Thread] INFO  o.b.s.Utils.FileUtil - 成功加载文件/org/bxwbb/spigotplugincreatertool/icon/Universal/Learn.png
2026-01-29 20:25:07.815 [JavaFX Application Thread] INFO  o.b.s.Utils.FileUtil - 成功加载文件/org/bxwbb/spigotplugincreatertool/icon/Universal/Quit.png
2026-01-29 20:25:08.800 [JavaFX Application Thread] INFO  o.b.s.BxWinLab.Base.BaseLabel - 控件焦点改变至 - org.bxwbb.spigotplugincreatertool.BxWinLab.ImageTextButtonBox@4323213a
2026-01-29 20:25:08.873 [JavaFX Application Thread] INFO  o.b.s.HelloApplication - 执行停止...
2026-01-29 20:25:13.377 [JavaFX-Launcher] INFO  o.b.s.HelloApplication - 执行初始化...
2026-01-29 20:25:13.382 [JavaFX Application Thread] INFO  o.b.s.HelloApplication - 工具开始启动并加载...
2026-01-29 20:25:13.423 [JavaFX Application Thread] INFO  o.b.s.Utils.FileUtil - 成功加载文件/org/bxwbb/spigotplugincreatertool/icon/icon.png
2026-01-29 20:25:13.568 [JavaFX Application Thread] INFO  o.b.s.Utils.FileUtil - 成功加载文件/org/bxwbb/spigotplugincreatertool/icon/Universal/NewProject.png
2026-01-29 20:25:13.605 [JavaFX Application Thread] INFO  o.b.s.Utils.FileUtil - 成功加载文件/org/bxwbb/spigotplugincreatertool/icon/Universal/OpenFolder.png
2026-01-29 20:25:13.611 [JavaFX Application Thread] INFO  o.b.s.Utils.FileUtil - 成功加载文件/org/bxwbb/spigotplugincreatertool/icon/Universal/NewProject.png
2026-01-29 20:25:13.612 [JavaFX Application Thread] INFO  o.b.s.Utils.FileUtil - 成功加载文件/org/bxwbb/spigotplugincreatertool/icon/Universal/Setting.png
2026-01-29 20:25:13.615 [JavaFX Application Thread] INFO  o.b.s.Utils.FileUtil - 成功加载文件/org/bxwbb/spigotplugincreatertool/icon/Universal/Learn.png
2026-01-29 20:25:13.617 [JavaFX Application Thread] INFO  o.b.s.Utils.FileUtil - 成功加载文件/org/bxwbb/spigotplugincreatertool/icon/Universal/Quit.png
2026-01-29 20:25:14.159 [JavaFX Application Thread] INFO  o.b.s.BxWinLab.Base.BaseLabel - 控件焦点改变至 - org.bxwbb.spigotplugincreatertool.BxWinLab.ImageTextButtonBox@6f5974
2026-01-29 20:25:14.481 [JavaFX Application Thread] INFO  o.b.s.BxWinLab.Base.BaseLabel - 控件焦点改变至 - org.bxwbb.spigotplugincreatertool.BxWinLab.ImageTextButtonBox@3b169475
2026-01-29 20:25:14.777 [JavaFX Application Thread] INFO  o.b.s.BxWinLab.Base.BaseLabel - 控件焦点改变至 - org.bxwbb.spigotplugincreatertool.BxWinLab.ImageTextButtonBox@561f196
2026-01-29 20:25:15.811 [JavaFX Application Thread] INFO  o.b.s.BxWinLab.Base.BaseLabel - 控件焦点改变至 - org.bxwbb.spigotplugincreatertool.BxWinLab.ImageTextButtonBox@7554d17f
2026-01-29 20:25:16.589 [JavaFX Application Thread] INFO  o.b.s.BxWinLab.Base.BaseLabel - 控件焦点改变至 - org.bxwbb.spigotplugincreatertool.BxWinLab.SwitchBox@1a63c3fd
2026-01-29 20:25:17.344 [JavaFX Application Thread] INFO  o.b.s.BxWinLab.Base.BaseLabel - 控件焦点改变至 - org.bxwbb.spigotplugincreatertool.BxWinLab.ImageTextButtonBox@155959f8
2026-01-29 20:25:17.432 [JavaFX Application Thread] INFO  o.b.s.HelloApplication - 执行停止...
2026-01-29 20:25:26.393 [JavaFX-Launcher] INFO  o.b.s.HelloApplication - 执行初始化...
2026-01-29 20:25:26.399 [JavaFX Application Thread] INFO  o.b.s.HelloApplication - 工具开始启动并加载...
2026-01-29 20:25:26.441 [JavaFX Application Thread] INFO  o.b.s.Utils.FileUtil - 成功加载文件/org/bxwbb/spigotplugincreatertool/icon/icon.png
2026-01-29 20:25:26.580 [JavaFX Application Thread] INFO  o.b.s.Utils.FileUtil - 成功加载文件/org/bxwbb/spigotplugincreatertool/icon/Universal/NewProject.png
2026-01-29 20:25:26.615 [JavaFX Application Thread] INFO  o.b.s.Utils.FileUtil - 成功加载文件/org/bxwbb/spigotplugincreatertool/icon/Universal/OpenFolder.png
2026-01-29 20:25:26.621 [JavaFX Application Thread] INFO  o.b.s.Utils.FileUtil - 成功加载文件/org/bxwbb/spigotplugincreatertool/icon/Universal/NewProject.png
2026-01-29 20:25:26.623 [JavaFX Application Thread] INFO  o.b.s.Utils.FileUtil - 成功加载文件/org/bxwbb/spigotplugincreatertool/icon/Universal/Setting.png
2026-01-29 20:25:26.625 [JavaFX Application Thread] INFO  o.b.s.Utils.FileUtil - 成功加载文件/org/bxwbb/spigotplugincreatertool/icon/Universal/Learn.png
2026-01-29 20:25:26.627 [JavaFX Application Thread] INFO  o.b.s.Utils.FileUtil - 成功加载文件/org/bxwbb/spigotplugincreatertool/icon/Universal/Quit.png
2026-01-29 20:25:28.401 [JavaFX Application Thread] INFO  o.b.s.BxWinLab.Base.BaseLabel - 控件焦点改变至 - org.bxwbb.spigotplugincreatertool.BxWinLab.SwitchBox@6f5974
2026-01-29 20:25:31.777 [JavaFX Application Thread] INFO  o.b.s.BxWinLab.Base.BaseLabel - 控件焦点改变至 - org.bxwbb.spigotplugincreatertool.BxWinLab.ButtonBox@3b169475
2026-01-29 20:25:32.674 [JavaFX Application Thread] INFO  o.b.s.BxWinLab.Base.BaseLabel - 控件焦点改变至 - org.bxwbb.spigotplugincreatertool.BxWinLab.SwitchBox@6f5974
2026-01-29 20:25:33.059 [JavaFX Application Thread] INFO  o.b.s.BxWinLab.Base.BaseLabel - 控件焦点改变至 - org.bxwbb.spigotplugincreatertool.BxWinLab.ButtonBox@3b169475
2026-01-29 20:25:34.843 [JavaFX Application Thread] INFO  o.b.s.BxWinLab.Base.BaseLabel - 控件焦点改变至 - org.bxwbb.spigotplugincreatertool.BxWinLab.SwitchBox@6f5974
2026-01-29 20:25:41.467 [JavaFX Application Thread] INFO  o.b.s.HelloApplication - 执行停止...
2026-01-29 20:26:24.236 [JavaFX-Launcher] INFO  o.b.s.HelloApplication - 执行初始化...
2026-01-29 20:26:24.242 [JavaFX Application Thread] INFO  o.b.s.HelloApplication - 工具开始启动并加载...
2026-01-29 20:26:24.283 [JavaFX Application Thread] INFO  o.b.s.Utils.FileUtil - 成功加载文件/org/bxwbb/spigotplugincreatertool/icon/icon.png
2026-01-29 20:26:24.423 [JavaFX Application Thread] INFO  o.b.s.Utils.FileUtil - 成功加载文件/org/bxwbb/spigotplugincreatertool/icon/Universal/NewProject.png
2026-01-29 20:26:24.459 [JavaFX Application Thread] INFO  o.b.s.Utils.FileUtil - 成功加载文件/org/bxwbb/spigotplugincreatertool/icon/Universal/OpenFolder.png
2026-01-29 20:26:24.464 [JavaFX Application Thread] INFO  o.b.s.Utils.FileUtil - 成功加载文件/org/bxwbb/spigotplugincreatertool/icon/Universal/NewProject.png
2026-01-29 20:26:24.467 [JavaFX Application Thread] INFO  o.b.s.Utils.FileUtil - 成功加载文件/org/bxwbb/spigotplugincreatertool/icon/Universal/Setting.png
2026-01-29 20:26:24.469 [JavaFX Application Thread] INFO  o.b.s.Utils.FileUtil - 成功加载文件/org/bxwbb/spigotplugincreatertool/icon/Universal/Learn.png
2026-01-29 20:26:24.472 [JavaFX Application Thread] INFO  o.b.s.Utils.FileUtil - 成功加载文件/org/bxwbb/spigotplugincreatertool/icon/Universal/Quit.png
2026-01-29 20:26:25.824 [JavaFX Application Thread] INFO  o.b.s.BxWinLab.Base.BaseLabel - 控件焦点改变至 - org.bxwbb.spigotplugincreatertool.Window.StartPage@6f5974
2026-01-29 20:26:26.150 [JavaFX Application Thread] INFO  o.b.s.BxWinLab.Base.BaseLabel - 控件焦点改变至 - org.bxwbb.spigotplugincreatertool.BxWinLab.SwitchBox@3b169475
2026-01-29 20:26:27.362 [JavaFX Application Thread] INFO  o.b.s.BxWinLab.Base.BaseLabel - 控件焦点改变至 - org.bxwbb.spigotplugincreatertool.BxWinLab.ButtonBox@561f196
2026-01-29 20:26:28.234 [JavaFX Application Thread] INFO  o.b.s.BxWinLab.Base.BaseLabel - 控件焦点改变至 - org.bxwbb.spigotplugincreatertool.BxWinLab.SwitchBox@3b169475
2026-01-29 20:26:31.221 [JavaFX Application Thread] INFO  o.b.s.BxWinLab.Base.BaseLabel - 控件焦点改变至 - org.bxwbb.spigotplugincreatertool.BxWinLab.ButtonBox@561f196
2026-01-29 20:26:33.324 [JavaFX Application Thread] INFO  o.b.s.HelloApplication - 执行停止...
2026-01-29 20:27:09.853 [JavaFX-Launcher] INFO  o.b.s.HelloApplication - 执行初始化...
2026-01-29 20:27:09.859 [JavaFX Application Thread] INFO  o.b.s.HelloApplication - 工具开始启动并加载...
2026-01-29 20:27:09.901 [JavaFX Application Thread] INFO  o.b.s.Utils.FileUtil - 成功加载文件/org/bxwbb/spigotplugincreatertool/icon/icon.png
2026-01-29 20:27:10.041 [JavaFX Application Thread] INFO  o.b.s.Utils.FileUtil - 成功加载文件/org/bxwbb/spigotplugincreatertool/icon/Universal/NewProject.png
2026-01-29 20:27:10.079 [JavaFX Application Thread] INFO  o.b.s.Utils.FileUtil - 成功加载文件/org/bxwbb/spigotplugincreatertool/icon/Universal/OpenFolder.png
2026-01-29 20:27:10.084 [JavaFX Application Thread] INFO  o.b.s.Utils.FileUtil - 成功加载文件/org/bxwbb/spigotplugincreatertool/icon/Universal/NewProject.png
2026-01-29 20:27:10.087 [JavaFX Application Thread] INFO  o.b.s.Utils.FileUtil - 成功加载文件/org/bxwbb/spigotplugincreatertool/icon/Universal/Setting.png
2026-01-29 20:27:10.089 [JavaFX Application Thread] INFO  o.b.s.Utils.FileUtil - 成功加载文件/org/bxwbb/spigotplugincreatertool/icon/Universal/Learn.png
2026-01-29 20:27:10.091 [JavaFX Application Thread] INFO  o.b.s.Utils.FileUtil - 成功加载文件/org/bxwbb/spigotplugincreatertool/icon/Universal/Quit.png
2026-01-29 20:27:10.871 [JavaFX Application Thread] INFO  o.b.s.BxWinLab.Base.BaseLabel - 控件焦点改变至 - org.bxwbb.spigotplugincreatertool.BxWinLab.SwitchBox@7fb08b77
2026-01-29 20:27:12.435 [JavaFX Application Thread] INFO  o.b.s.BxWinLab.Base.BaseLabel - 控件焦点改变至 - org.bxwbb.spigotplugincreatertool.BxWinLab.ButtonBox@17ecf530
2026-01-29 20:27:13.730 [JavaFX Application Thread] INFO  o.b.s.HelloApplication - 执行停止...
2026-01-29 20:27:32.298 [JavaFX-Launcher] INFO  o.b.s.HelloApplication - 执行初始化...
2026-01-29 20:27:32.304 [JavaFX Application Thread] INFO  o.b.s.HelloApplication - 工具开始启动并加载...
2026-01-29 20:27:32.347 [JavaFX Application Thread] INFO  o.b.s.Utils.FileUtil - 成功加载文件/org/bxwbb/spigotplugincreatertool/icon/icon.png
2026-01-29 20:27:32.484 [JavaFX Application Thread] INFO  o.b.s.Utils.FileUtil - 成功加载文件/org/bxwbb/spigotplugincreatertool/icon/Universal/NewProject.png
2026-01-29 20:27:32.520 [JavaFX Application Thread] INFO  o.b.s.Utils.FileUtil - 成功加载文件/org/bxwbb/spigotplugincreatertool/icon/Universal/OpenFolder.png
2026-01-29 20:27:32.526 [JavaFX Application Thread] INFO  o.b.s.Utils.FileUtil - 成功加载文件/org/bxwbb/spigotplugincreatertool/icon/Universal/NewProject.png
2026-01-29 20:27:32.529 [JavaFX Application Thread] INFO  o.b.s.Utils.FileUtil - 成功加载文件/org/bxwbb/spigotplugincreatertool/icon/Universal/Setting.png
2026-01-29 20:27:32.531 [JavaFX Application Thread] INFO  o.b.s.Utils.FileUtil - 成功加载文件/org/bxwbb/spigotplugincreatertool/icon/Universal/Learn.png
2026-01-29 20:27:32.533 [JavaFX Application Thread] INFO  o.b.s.Utils.FileUtil - 成功加载文件/org/bxwbb/spigotplugincreatertool/icon/Universal/Quit.png
2026-01-29 20:27:35.838 [JavaFX Application Thread] INFO  o.b.s.BxWinLab.Base.BaseLabel - 控件焦点改变至 - org.bxwbb.spigotplugincreatertool.BxWinLab.SwitchBox@6ba49c53
2026-01-29 20:27:38.684 [JavaFX Application Thread] INFO  o.b.s.BxWinLab.Base.BaseLabel - 控件焦点改变至 - org.bxwbb.spigotplugincreatertool.BxWinLab.ButtonBox@7554d17f
2026-01-29 20:27:52.627 [JavaFX Application Thread] INFO  o.b.s.HelloApplication - 执行停止...
2026-01-29 20:27:59.924 [JavaFX-Launcher] INFO  o.b.s.HelloApplication - 执行初始化...
2026-01-29 20:27:59.929 [JavaFX Application Thread] INFO  o.b.s.HelloApplication - 工具开始启动并加载...
2026-01-29 20:27:59.972 [JavaFX Application Thread] INFO  o.b.s.Utils.FileUtil - 成功加载文件/org/bxwbb/spigotplugincreatertool/icon/icon.png
2026-01-29 20:28:00.111 [JavaFX Application Thread] INFO  o.b.s.Utils.FileUtil - 成功加载文件/org/bxwbb/spigotplugincreatertool/icon/Universal/NewProject.png
2026-01-29 20:28:00.148 [JavaFX Application Thread] INFO  o.b.s.Utils.FileUtil - 成功加载文件/org/bxwbb/spigotplugincreatertool/icon/Universal/OpenFolder.png
2026-01-29 20:28:00.153 [JavaFX Application Thread] INFO  o.b.s.Utils.FileUtil - 成功加载文件/org/bxwbb/spigotplugincreatertool/icon/Universal/NewProject.png
2026-01-29 20:28:00.156 [JavaFX Application Thread] INFO  o.b.s.Utils.FileUtil - 成功加载文件/org/bxwbb/spigotplugincreatertool/icon/Universal/Setting.png
2026-01-29 20:28:00.158 [JavaFX Application Thread] INFO  o.b.s.Utils.FileUtil - 成功加载文件/org/bxwbb/spigotplugincreatertool/icon/Universal/Learn.png
2026-01-29 20:28:00.160 [JavaFX Application Thread] INFO  o.b.s.Utils.FileUtil - 成功加载文件/org/bxwbb/spigotplugincreatertool/icon/Universal/Quit.png
2026-01-29 20:28:01.368 [JavaFX Application Thread] INFO  o.b.s.BxWinLab.Base.BaseLabel - 控件焦点改变至 - org.bxwbb.spigotplugincreatertool.BxWinLab.SwitchBox@6ba49c53
2026-01-29 20:28:04.798 [JavaFX Application Thread] INFO  o.b.s.HelloApplication - 执行停止...
2026-01-29 20:29:34.152 [JavaFX-Launcher] INFO  o.b.s.HelloApplication - 执行初始化...
2026-01-29 20:29:34.157 [JavaFX Application Thread] INFO  o.b.s.HelloApplication - 工具开始启动并加载...
2026-01-29 20:29:34.199 [JavaFX Application Thread] INFO  o.b.s.Utils.FileUtil - 成功加载文件/org/bxwbb/spigotplugincreatertool/icon/icon.png
2026-01-29 20:29:34.343 [JavaFX Application Thread] INFO  o.b.s.Utils.FileUtil - 成功加载文件/org/bxwbb/spigotplugincreatertool/icon/Universal/NewProject.png
2026-01-29 20:29:34.381 [JavaFX Application Thread] INFO  o.b.s.Utils.FileUtil - 成功加载文件/org/bxwbb/spigotplugincreatertool/icon/Universal/OpenFolder.png
2026-01-29 20:29:34.385 [JavaFX Application Thread] INFO  o.b.s.Utils.FileUtil - 成功加载文件/org/bxwbb/spigotplugincreatertool/icon/Universal/NewProject.png
2026-01-29 20:29:34.388 [JavaFX Application Thread] INFO  o.b.s.Utils.FileUtil - 成功加载文件/org/bxwbb/spigotplugincreatertool/icon/Universal/Setting.png
2026-01-29 20:29:34.390 [JavaFX Application Thread] INFO  o.b.s.Utils.FileUtil - 成功加载文件/org/bxwbb/spigotplugincreatertool/icon/Universal/Learn.png
2026-01-29 20:29:34.392 [JavaFX Application Thread] INFO  o.b.s.Utils.FileUtil - 成功加载文件/org/bxwbb/spigotplugincreatertool/icon/Universal/Quit.png
2026-01-29 20:29:37.025 [JavaFX Application Thread] INFO  o.b.s.HelloApplication - 执行停止...
2026-01-29 20:31:20.206 [JavaFX-Launcher] INFO  o.b.s.HelloApplication - 执行初始化...
2026-01-29 20:31:20.211 [JavaFX Application Thread] INFO  o.b.s.HelloApplication - 工具开始启动并加载...
2026-01-29 20:31:20.253 [JavaFX Application Thread] INFO  o.b.s.Utils.FileUtil - 成功加载文件/org/bxwbb/spigotplugincreatertool/icon/icon.png
2026-01-29 20:31:20.400 [JavaFX Application Thread] INFO  o.b.s.Utils.FileUtil - 成功加载文件/org/bxwbb/spigotplugincreatertool/icon/Universal/NewProject.png
2026-01-29 20:31:20.436 [JavaFX Application Thread] INFO  o.b.s.Utils.FileUtil - 成功加载文件/org/bxwbb/spigotplugincreatertool/icon/Universal/OpenFolder.png
2026-01-29 20:31:20.441 [JavaFX Application Thread] INFO  o.b.s.Utils.FileUtil - 成功加载文件/org/bxwbb/spigotplugincreatertool/icon/Universal/NewProject.png
2026-01-29 20:31:20.444 [JavaFX Application Thread] INFO  o.b.s.Utils.FileUtil - 成功加载文件/org/bxwbb/spigotplugincreatertool/icon/Universal/Setting.png
2026-01-29 20:31:20.446 [JavaFX Application Thread] INFO  o.b.s.Utils.FileUtil - 成功加载文件/org/bxwbb/spigotplugincreatertool/icon/Universal/Learn.png
2026-01-29 20:31:20.449 [JavaFX Application Thread] INFO  o.b.s.Utils.FileUtil - 成功加载文件/org/bxwbb/spigotplugincreatertool/icon/Universal/Quit.png
2026-01-29 20:31:29.874 [JavaFX Application Thread] INFO  o.b.s.HelloApplication - 执行停止...
2026-01-29 20:32:19.282 [JavaFX-Launcher] INFO  o.b.s.HelloApplication - 执行初始化...
2026-01-29 20:32:19.287 [JavaFX Application Thread] INFO  o.b.s.HelloApplication - 工具开始启动并加载...
2026-01-29 20:32:19.330 [JavaFX Application Thread] INFO  o.b.s.Utils.FileUtil - 成功加载文件/org/bxwbb/spigotplugincreatertool/icon/icon.png
2026-01-29 20:32:19.470 [JavaFX Application Thread] INFO  o.b.s.Utils.FileUtil - 成功加载文件/org/bxwbb/spigotplugincreatertool/icon/Universal/NewProject.png
2026-01-29 20:32:19.508 [JavaFX Application Thread] INFO  o.b.s.Utils.FileUtil - 成功加载文件/org/bxwbb/spigotplugincreatertool/icon/Universal/OpenFolder.png
2026-01-29 20:32:19.514 [JavaFX Application Thread] INFO  o.b.s.Utils.FileUtil - 成功加载文件/org/bxwbb/spigotplugincreatertool/icon/Universal/NewProject.png
2026-01-29 20:32:19.517 [JavaFX Application Thread] INFO  o.b.s.Utils.FileUtil - 成功加载文件/org/bxwbb/spigotplugincreatertool/icon/Universal/Setting.png
2026-01-29 20:32:19.519 [JavaFX Application Thread] INFO  o.b.s.Utils.FileUtil - 成功加载文件/org/bxwbb/spigotplugincreatertool/icon/Universal/Learn.png
2026-01-29 20:32:19.521 [JavaFX Application Thread] INFO  o.b.s.Utils.FileUtil - 成功加载文件/org/bxwbb/spigotplugincreatertool/icon/Universal/Quit.png
2026-01-29 20:32:21.798 [JavaFX Application Thread] INFO  o.b.s.BxWinLab.Base.BaseLabel - 控件焦点改变至 - org.bxwbb.spigotplugincreatertool.BxWinLab.SwitchBox@6f5974
2026-01-29 20:32:24.883 [JavaFX Application Thread] INFO  o.b.s.HelloApplication - 执行停止...
2026-01-29 20:32:32.351 [JavaFX-Launcher] INFO  o.b.s.HelloApplication - 执行初始化...
2026-01-29 20:32:32.356 [JavaFX Application Thread] INFO  o.b.s.HelloApplication - 工具开始启动并加载...
2026-01-29 20:32:32.399 [JavaFX Application Thread] INFO  o.b.s.Utils.FileUtil - 成功加载文件/org/bxwbb/spigotplugincreatertool/icon/icon.png
2026-01-29 20:32:32.543 [JavaFX Application Thread] INFO  o.b.s.Utils.FileUtil - 成功加载文件/org/bxwbb/spigotplugincreatertool/icon/Universal/NewProject.png
2026-01-29 20:32:32.579 [JavaFX Application Thread] INFO  o.b.s.Utils.FileUtil - 成功加载文件/org/bxwbb/spigotplugincreatertool/icon/Universal/OpenFolder.png
2026-01-29 20:32:32.583 [JavaFX Application Thread] INFO  o.b.s.Utils.FileUtil - 成功加载文件/org/bxwbb/spigotplugincreatertool/icon/Universal/NewProject.png
2026-01-29 20:32:32.586 [JavaFX Application Thread] INFO  o.b.s.Utils.FileUtil - 成功加载文件/org/bxwbb/spigotplugincreatertool/icon/Universal/Setting.png
2026-01-29 20:32:32.588 [JavaFX Application Thread] INFO  o.b.s.Utils.FileUtil - 成功加载文件/org/bxwbb/spigotplugincreatertool/icon/Universal/Learn.png
2026-01-29 20:32:32.590 [JavaFX Application Thread] INFO  o.b.s.Utils.FileUtil - 成功加载文件/org/bxwbb/spigotplugincreatertool/icon/Universal/Quit.png
2026-01-29 20:32:34.376 [JavaFX Application Thread] INFO  o.b.s.HelloApplication - 执行停止...
2026-01-29 20:34:02.218 [JavaFX-Launcher] INFO  o.b.s.HelloApplication - 执行初始化...
2026-01-29 20:34:02.224 [JavaFX Application Thread] INFO  o.b.s.HelloApplication - 工具开始启动并加载...
2026-01-29 20:34:02.274 [JavaFX Application Thread] INFO  o.b.s.Utils.FileUtil - 成功加载文件/org/bxwbb/spigotplugincreatertool/icon/icon.png
2026-01-29 20:34:02.436 [JavaFX Application Thread] INFO  o.b.s.Utils.FileUtil - 成功加载文件/org/bxwbb/spigotplugincreatertool/icon/Universal/NewProject.png
2026-01-29 20:34:02.470 [JavaFX Application Thread] INFO  o.b.s.Utils.FileUtil - 成功加载文件/org/bxwbb/spigotplugincreatertool/icon/Universal/OpenFolder.png
2026-01-29 20:34:02.476 [JavaFX Application Thread] INFO  o.b.s.Utils.FileUtil - 成功加载文件/org/bxwbb/spigotplugincreatertool/icon/Universal/NewProject.png
2026-01-29 20:34:02.479 [JavaFX Application Thread] INFO  o.b.s.Utils.FileUtil - 成功加载文件/org/bxwbb/spigotplugincreatertool/icon/Universal/Setting.png
2026-01-29 20:34:02.481 [JavaFX Application Thread] INFO  o.b.s.Utils.FileUtil - 成功加载文件/org/bxwbb/spigotplugincreatertool/icon/Universal/Learn.png
2026-01-29 20:34:02.483 [JavaFX Application Thread] INFO  o.b.s.Utils.FileUtil - 成功加载文件/org/bxwbb/spigotplugincreatertool/icon/Universal/Quit.png
2026-01-29 20:39:34.027 [JavaFX-Launcher] INFO  o.b.s.HelloApplication - 执行初始化...
2026-01-29 20:39:34.033 [JavaFX Application Thread] INFO  o.b.s.HelloApplication - 工具开始启动并加载...
2026-01-29 20:39:34.074 [JavaFX Application Thread] INFO  o.b.s.Utils.FileUtil - 成功加载文件/org/bxwbb/spigotplugincreatertool/icon/icon.png
2026-01-29 20:39:34.222 [JavaFX Application Thread] INFO  o.b.s.Utils.FileUtil - 成功加载文件/org/bxwbb/spigotplugincreatertool/icon/Universal/NewProject.png
2026-01-29 20:39:34.260 [JavaFX Application Thread] INFO  o.b.s.Utils.FileUtil - 成功加载文件/org/bxwbb/spigotplugincreatertool/icon/Universal/OpenFolder.png
2026-01-29 20:39:34.265 [JavaFX Application Thread] INFO  o.b.s.Utils.FileUtil - 成功加载文件/org/bxwbb/spigotplugincreatertool/icon/Universal/NewProject.png
2026-01-29 20:39:34.268 [JavaFX Application Thread] INFO  o.b.s.Utils.FileUtil - 成功加载文件/org/bxwbb/spigotplugincreatertool/icon/Universal/Setting.png
2026-01-29 20:39:34.271 [JavaFX Application Thread] INFO  o.b.s.Utils.FileUtil - 成功加载文件/org/bxwbb/spigotplugincreatertool/icon/Universal/Learn.png
2026-01-29 20:39:34.273 [JavaFX Application Thread] INFO  o.b.s.Utils.FileUtil - 成功加载文件/org/bxwbb/spigotplugincreatertool/icon/Universal/Quit.png
2026-01-29 20:39:34.300 [JavaFX Application Thread] INFO  o.b.s.Utils.FileUtil - 成功加载文件/org/bxwbb/spigotplugincreatertool/icon/Universal/Quit.png
2026-01-29 20:39:35.440 [JavaFX Application Thread] INFO  o.b.s.BxWinLab.Base.BaseLabel - 控件焦点改变至 - org.bxwbb.spigotplugincreatertool.BxWinLab.SwitchBox@b2252ff
2026-01-29 20:39:38.992 [JavaFX Application Thread] INFO  o.b.s.BxWinLab.Base.BaseLabel - 控件焦点改变至 - org.bxwbb.spigotplugincreatertool.BxWinLab.ButtonBox@13575cd6
2026-01-29 20:39:39.929 [JavaFX Application Thread] INFO  o.b.s.BxWinLab.Base.BaseLabel - 控件焦点改变至 - org.bxwbb.spigotplugincreatertool.BxWinLab.SwitchBox@b2252ff
2026-01-29 20:39:40.802 [JavaFX Application Thread] INFO  o.b.s.BxWinLab.Base.BaseLabel - 控件焦点改变至 - org.bxwbb.spigotplugincreatertool.BxWinLab.ButtonBox@13575cd6
2026-01-29 20:39:52.408 [JavaFX Application Thread] INFO  o.b.s.BxWinLab.Base.BaseLabel - 控件焦点改变至 - org.bxwbb.spigotplugincreatertool.BxWinLab.SwitchBox@b2252ff
2026-01-29 20:39:54.641 [JavaFX Application Thread] INFO  o.b.s.BxWinLab.Base.BaseLabel - 控件焦点改变至 - org.bxwbb.spigotplugincreatertool.BxWinLab.ImageTextButtonBox@3fd3fbd6
2026-01-29 20:39:54.720 [JavaFX Application Thread] INFO  o.b.s.HelloApplication - 执行停止...
2026-01-29 20:43:49.034 [JavaFX-Launcher] INFO  o.b.s.HelloApplication - 执行初始化...
2026-01-29 20:43:49.040 [JavaFX Application Thread] INFO  o.b.s.HelloApplication - 工具开始启动并加载...
2026-01-29 20:43:49.080 [JavaFX Application Thread] INFO  o.b.s.Utils.FileUtil - 成功加载文件/org/bxwbb/spigotplugincreatertool/icon/icon.png
2026-01-29 20:43:49.255 [JavaFX Application Thread] INFO  o.b.s.Utils.FileUtil - 成功加载文件/org/bxwbb/spigotplugincreatertool/icon/Universal/OpenFolder.png
2026-01-29 20:43:49.261 [JavaFX Application Thread] INFO  o.b.s.Utils.FileUtil - 成功加载文件/org/bxwbb/spigotplugincreatertool/icon/Universal/NewProject.png
2026-01-29 20:43:49.263 [JavaFX Application Thread] INFO  o.b.s.Utils.FileUtil - 成功加载文件/org/bxwbb/spigotplugincreatertool/icon/Universal/Setting.png
2026-01-29 20:43:49.266 [JavaFX Application Thread] INFO  o.b.s.Utils.FileUtil - 成功加载文件/org/bxwbb/spigotplugincreatertool/icon/Universal/Learn.png
2026-01-29 20:43:49.268 [JavaFX Application Thread] INFO  o.b.s.Utils.FileUtil - 成功加载文件/org/bxwbb/spigotplugincreatertool/icon/Universal/Quit.png
2026-01-29 20:43:49.292 [JavaFX Application Thread] INFO  o.b.s.Utils.FileUtil - 成功加载文件/org/bxwbb/spigotplugincreatertool/icon/Universal/NewProject.png
2026-01-29 20:43:49.297 [JavaFX Application Thread] INFO  o.b.s.Utils.FileUtil - 成功加载文件/org/bxwbb/spigotplugincreatertool/icon/Universal/NewProject.png
2026-01-29 20:43:50.301 [JavaFX Application Thread] INFO  o.b.s.BxWinLab.Base.BaseLabel - 控件焦点改变至 - org.bxwbb.spigotplugincreatertool.BxWinLab.SwitchBox@b2252ff
2026-01-29 20:43:51.206 [JavaFX Application Thread] INFO  o.b.s.BxWinLab.Base.BaseLabel - 控件焦点改变至 - org.bxwbb.spigotplugincreatertool.BxWinLab.ButtonBox@13575cd6
2026-01-29 20:43:51.804 [JavaFX Application Thread] INFO  o.b.s.BxWinLab.Base.BaseLabel - 控件焦点改变至 - org.bxwbb.spigotplugincreatertool.BxWinLab.SwitchBox@b2252ff
2026-01-29 20:43:52.271 [JavaFX Application Thread] INFO  o.b.s.BxWinLab.Base.BaseLabel - 控件焦点改变至 - org.bxwbb.spigotplugincreatertool.BxWinLab.ButtonBox@13575cd6
2026-01-29 20:43:52.927 [JavaFX Application Thread] INFO  o.b.s.BxWinLab.Base.BaseLabel - 控件焦点改变至 - org.bxwbb.spigotplugincreatertool.BxWinLab.SwitchBox@b2252ff
2026-01-29 20:43:54.822 [JavaFX Application Thread] INFO  o.b.s.BxWinLab.Base.BaseLabel - 控件焦点改变至 - org.bxwbb.spigotplugincreatertool.BxWinLab.ButtonBox@13575cd6
2026-01-29 20:44:14.461 [JavaFX Application Thread] INFO  o.b.s.HelloApplication - 执行停止...
2026-01-29 20:44:32.844 [JavaFX-Launcher] INFO  o.b.s.HelloApplication - 执行初始化...
2026-01-29 20:44:32.849 [JavaFX Application Thread] INFO  o.b.s.HelloApplication - 工具开始启动并加载...
2026-01-29 20:44:32.891 [JavaFX Application Thread] INFO  o.b.s.Utils.FileUtil - 成功加载文件/org/bxwbb/spigotplugincreatertool/icon/icon.png
2026-01-29 20:44:33.068 [JavaFX Application Thread] INFO  o.b.s.Utils.FileUtil - 成功加载文件/org/bxwbb/spigotplugincreatertool/icon/Universal/OpenFolder.png
2026-01-29 20:44:33.074 [JavaFX Application Thread] INFO  o.b.s.Utils.FileUtil - 成功加载文件/org/bxwbb/spigotplugincreatertool/icon/Universal/NewProject.png
2026-01-29 20:44:33.077 [JavaFX Application Thread] INFO  o.b.s.Utils.FileUtil - 成功加载文件/org/bxwbb/spigotplugincreatertool/icon/Universal/Setting.png
2026-01-29 20:44:33.079 [JavaFX Application Thread] INFO  o.b.s.Utils.FileUtil - 成功加载文件/org/bxwbb/spigotplugincreatertool/icon/Universal/Learn.png
2026-01-29 20:44:33.081 [JavaFX Application Thread] INFO  o.b.s.Utils.FileUtil - 成功加载文件/org/bxwbb/spigotplugincreatertool/icon/Universal/Quit.png
2026-01-29 20:44:33.109 [JavaFX Application Thread] INFO  o.b.s.Utils.FileUtil - 成功加载文件/org/bxwbb/spigotplugincreatertool/icon/Universal/NewProject.png
2026-01-29 20:44:33.115 [JavaFX Application Thread] INFO  o.b.s.Utils.FileUtil - 成功加载文件/org/bxwbb/spigotplugincreatertool/icon/Universal/NewProject.png
2026-01-29 20:44:38.311 [JavaFX Application Thread] INFO  o.b.s.BxWinLab.Base.BaseLabel - 控件焦点改变至 - org.bxwbb.spigotplugincreatertool.BxWinLab.ImageTextButtonBox@54520a94
2026-01-29 20:44:38.410 [JavaFX Application Thread] INFO  o.b.s.HelloApplication - 执行停止...
2026-01-29 20:44:52.948 [JavaFX-Launcher] INFO  o.b.s.HelloApplication - 执行初始化...
2026-01-29 20:44:52.953 [JavaFX Application Thread] INFO  o.b.s.HelloApplication - 工具开始启动并加载...
2026-01-29 20:44:52.995 [JavaFX Application Thread] INFO  o.b.s.Utils.FileUtil - 成功加载文件/org/bxwbb/spigotplugincreatertool/icon/icon.png
2026-01-29 20:44:53.171 [JavaFX Application Thread] INFO  o.b.s.Utils.FileUtil - 成功加载文件/org/bxwbb/spigotplugincreatertool/icon/Universal/OpenFolder.png
2026-01-29 20:44:53.176 [JavaFX Application Thread] INFO  o.b.s.Utils.FileUtil - 成功加载文件/org/bxwbb/spigotplugincreatertool/icon/Universal/NewProject.png
2026-01-29 20:44:53.179 [JavaFX Application Thread] INFO  o.b.s.Utils.FileUtil - 成功加载文件/org/bxwbb/spigotplugincreatertool/icon/Universal/Setting.png
2026-01-29 20:44:53.181 [JavaFX Application Thread] INFO  o.b.s.Utils.FileUtil - 成功加载文件/org/bxwbb/spigotplugincreatertool/icon/Universal/Learn.png
2026-01-29 20:44:53.184 [JavaFX Application Thread] INFO  o.b.s.Utils.FileUtil - 成功加载文件/org/bxwbb/spigotplugincreatertool/icon/Universal/Quit.png
2026-01-29 20:44:53.203 [JavaFX Application Thread] INFO  o.b.s.Utils.FileUtil - 成功加载文件/org/bxwbb/spigotplugincreatertool/icon/Universal/NewProject.png
2026-01-29 20:44:53.212 [JavaFX Application Thread] INFO  o.b.s.Utils.FileUtil - 成功加载文件/org/bxwbb/spigotplugincreatertool/icon/Universal/NewProject.png
2026-01-29 20:44:54.308 [JavaFX Application Thread] INFO  o.b.s.BxWinLab.Base.BaseLabel - 控件焦点改变至 - org.bxwbb.spigotplugincreatertool.BxWinLab.ImageTextButtonBox@5987fc92
2026-01-29 20:44:54.415 [JavaFX Application Thread] INFO  o.b.s.HelloApplication - 执行停止...
2026-01-29 20:44:56.769 [JavaFX-Launcher] INFO  o.b.s.HelloApplication - 执行初始化...
2026-01-29 20:44:56.774 [JavaFX Application Thread] INFO  o.b.s.HelloApplication - 工具开始启动并加载...
2026-01-29 20:44:56.815 [JavaFX Application Thread] INFO  o.b.s.Utils.FileUtil - 成功加载文件/org/bxwbb/spigotplugincreatertool/icon/icon.png
2026-01-29 20:44:57.003 [JavaFX Application Thread] INFO  o.b.s.Utils.FileUtil - 成功加载文件/org/bxwbb/spigotplugincreatertool/icon/Universal/OpenFolder.png
2026-01-29 20:44:57.008 [JavaFX Application Thread] INFO  o.b.s.Utils.FileUtil - 成功加载文件/org/bxwbb/spigotplugincreatertool/icon/Universal/NewProject.png
2026-01-29 20:44:57.011 [JavaFX Application Thread] INFO  o.b.s.Utils.FileUtil - 成功加载文件/org/bxwbb/spigotplugincreatertool/icon/Universal/Setting.png
2026-01-29 20:44:57.013 [JavaFX Application Thread] INFO  o.b.s.Utils.FileUtil - 成功加载文件/org/bxwbb/spigotplugincreatertool/icon/Universal/Learn.png
2026-01-29 20:44:57.015 [JavaFX Application Thread] INFO  o.b.s.Utils.FileUtil - 成功加载文件/org/bxwbb/spigotplugincreatertool/icon/Universal/Quit.png
2026-01-29 20:44:57.035 [JavaFX Application Thread] INFO  o.b.s.Utils.FileUtil - 成功加载文件/org/bxwbb/spigotplugincreatertool/icon/Universal/NewProject.png
2026-01-29 20:44:57.045 [JavaFX Application Thread] INFO  o.b.s.Utils.FileUtil - 成功加载文件/org/bxwbb/spigotplugincreatertool/icon/Universal/NewProject.png
2026-01-29 20:45:04.292 [JavaFX Application Thread] INFO  o.b.s.HelloApplication - 执行停止...
2026-01-29 20:45:29.092 [JavaFX-Launcher] INFO  o.b.s.HelloApplication - 执行初始化...
2026-01-29 20:45:29.098 [JavaFX Application Thread] INFO  o.b.s.HelloApplication - 工具开始启动并加载...
2026-01-29 20:45:29.139 [JavaFX Application Thread] INFO  o.b.s.Utils.FileUtil - 成功加载文件/org/bxwbb/spigotplugincreatertool/icon/icon.png
2026-01-29 20:45:29.326 [JavaFX Application Thread] INFO  o.b.s.Utils.FileUtil - 成功加载文件/org/bxwbb/spigotplugincreatertool/icon/Universal/OpenFolder.png
2026-01-29 20:45:29.331 [JavaFX Application Thread] INFO  o.b.s.Utils.FileUtil - 成功加载文件/org/bxwbb/spigotplugincreatertool/icon/Universal/NewProject.png
2026-01-29 20:45:29.334 [JavaFX Application Thread] INFO  o.b.s.Utils.FileUtil - 成功加载文件/org/bxwbb/spigotplugincreatertool/icon/Universal/Setting.png
2026-01-29 20:45:29.336 [JavaFX Application Thread] INFO  o.b.s.Utils.FileUtil - 成功加载文件/org/bxwbb/spigotplugincreatertool/icon/Universal/Learn.png
2026-01-29 20:45:29.339 [JavaFX Application Thread] INFO  o.b.s.Utils.FileUtil - 成功加载文件/org/bxwbb/spigotplugincreatertool/icon/Universal/Quit.png
2026-01-29 20:45:29.359 [JavaFX Application Thread] INFO  o.b.s.Utils.FileUtil - 成功加载文件/org/bxwbb/spigotplugincreatertool/icon/Universal/NewProject.png
2026-01-29 20:45:29.369 [JavaFX Application Thread] INFO  o.b.s.Utils.FileUtil - 成功加载文件/org/bxwbb/spigotplugincreatertool/icon/Universal/NewProject.png
2026-01-29 20:45:31.417 [JavaFX Application Thread] INFO  o.b.s.BxWinLab.Base.BaseLabel - 控件焦点改变至 - org.bxwbb.spigotplugincreatertool.BxWinLab.SwitchBox@5987fc92
2026-01-29 20:45:34.559 [JavaFX Application Thread] INFO  o.b.s.HelloApplication - 执行停止...
2026-01-29 20:45:54.865 [JavaFX-Launcher] INFO  o.b.s.HelloApplication - 执行初始化...
2026-01-29 20:45:54.870 [JavaFX Application Thread] INFO  o.b.s.HelloApplication - 工具开始启动并加载...
2026-01-29 20:45:54.912 [JavaFX Application Thread] INFO  o.b.s.Utils.FileUtil - 成功加载文件/org/bxwbb/spigotplugincreatertool/icon/icon.png
2026-01-29 20:45:55.086 [JavaFX Application Thread] INFO  o.b.s.Utils.FileUtil - 成功加载文件/org/bxwbb/spigotplugincreatertool/icon/Universal/OpenFolder.png
2026-01-29 20:45:55.091 [JavaFX Application Thread] INFO  o.b.s.Utils.FileUtil - 成功加载文件/org/bxwbb/spigotplugincreatertool/icon/Universal/NewProject.png
2026-01-29 20:45:55.093 [JavaFX Application Thread] INFO  o.b.s.Utils.FileUtil - 成功加载文件/org/bxwbb/spigotplugincreatertool/icon/Universal/Setting.png
2026-01-29 20:45:55.096 [JavaFX Application Thread] INFO  o.b.s.Utils.FileUtil - 成功加载文件/org/bxwbb/spigotplugincreatertool/icon/Universal/Learn.png
2026-01-29 20:45:55.098 [JavaFX Application Thread] INFO  o.b.s.Utils.FileUtil - 成功加载文件/org/bxwbb/spigotplugincreatertool/icon/Universal/Quit.png
2026-01-29 20:45:55.116 [JavaFX Application Thread] INFO  o.b.s.Utils.FileUtil - 成功加载文件/org/bxwbb/spigotplugincreatertool/icon/Universal/NewProject.png
2026-01-29 20:45:55.126 [JavaFX Application Thread] INFO  o.b.s.Utils.FileUtil - 成功加载文件/org/bxwbb/spigotplugincreatertool/icon/Universal/NewProject.png
2026-01-29 20:45:59.672 [JavaFX Application Thread] INFO  o.b.s.BxWinLab.Base.BaseLabel - 控件焦点改变至 - org.bxwbb.spigotplugincreatertool.BxWinLab.SwitchBox@53635752
2026-01-29 20:46:06.490 [JavaFX Application Thread] INFO  o.b.s.HelloApplication - 执行停止...
2026-01-29 20:48:08.700 [JavaFX-Launcher] INFO  o.b.s.HelloApplication - 执行初始化...
2026-01-29 20:48:08.704 [JavaFX Application Thread] INFO  o.b.s.HelloApplication - 工具开始启动并加载...
2026-01-29 20:48:08.746 [JavaFX Application Thread] INFO  o.b.s.Utils.FileUtil - 成功加载文件/org/bxwbb/spigotplugincreatertool/icon/icon.png
2026-01-29 20:48:08.924 [JavaFX Application Thread] INFO  o.b.s.Utils.FileUtil - 成功加载文件/org/bxwbb/spigotplugincreatertool/icon/Universal/OpenFolder.png
2026-01-29 20:48:08.929 [JavaFX Application Thread] INFO  o.b.s.Utils.FileUtil - 成功加载文件/org/bxwbb/spigotplugincreatertool/icon/Universal/NewProject.png
2026-01-29 20:48:08.931 [JavaFX Application Thread] INFO  o.b.s.Utils.FileUtil - 成功加载文件/org/bxwbb/spigotplugincreatertool/icon/Universal/Setting.png
2026-01-29 20:48:08.933 [JavaFX Application Thread] INFO  o.b.s.Utils.FileUtil - 成功加载文件/org/bxwbb/spigotplugincreatertool/icon/Universal/Learn.png
2026-01-29 20:48:08.935 [JavaFX Application Thread] INFO  o.b.s.Utils.FileUtil - 成功加载文件/org/bxwbb/spigotplugincreatertool/icon/Universal/Quit.png
2026-01-29 20:48:08.955 [JavaFX Application Thread] INFO  o.b.s.Utils.FileUtil - 成功加载文件/org/bxwbb/spigotplugincreatertool/icon/Universal/NewProject.png
2026-01-29 20:48:08.965 [JavaFX Application Thread] INFO  o.b.s.Utils.FileUtil - 成功加载文件/org/bxwbb/spigotplugincreatertool/icon/Universal/NewProject.png
2026-01-29 20:48:10.596 [JavaFX Application Thread] INFO  o.b.s.BxWinLab.Base.BaseLabel - 控件焦点改变至 - org.bxwbb.spigotplugincreatertool.BxWinLab.SwitchBox@5987fc92
2026-01-29 20:48:16.330 [JavaFX Application Thread] INFO  o.b.s.HelloApplication - 执行停止...
2026-01-29 20:49:00.413 [JavaFX-Launcher] INFO  o.b.s.HelloApplication - 执行初始化...
2026-01-29 20:49:00.418 [JavaFX Application Thread] INFO  o.b.s.HelloApplication - 工具开始启动并加载...
2026-01-29 20:49:00.460 [JavaFX Application Thread] INFO  o.b.s.Utils.FileUtil - 成功加载文件/org/bxwbb/spigotplugincreatertool/icon/icon.png
2026-01-29 20:49:00.639 [JavaFX Application Thread] INFO  o.b.s.Utils.FileUtil - 成功加载文件/org/bxwbb/spigotplugincreatertool/icon/Universal/OpenFolder.png
2026-01-29 20:49:00.644 [JavaFX Application Thread] INFO  o.b.s.Utils.FileUtil - 成功加载文件/org/bxwbb/spigotplugincreatertool/icon/Universal/NewProject.png
2026-01-29 20:49:00.647 [JavaFX Application Thread] INFO  o.b.s.Utils.FileUtil - 成功加载文件/org/bxwbb/spigotplugincreatertool/icon/Universal/Setting.png
2026-01-29 20:49:00.649 [JavaFX Application Thread] INFO  o.b.s.Utils.FileUtil - 成功加载文件/org/bxwbb/spigotplugincreatertool/icon/Universal/Learn.png
2026-01-29 20:49:00.652 [JavaFX Application Thread] INFO  o.b.s.Utils.FileUtil - 成功加载文件/org/bxwbb/spigotplugincreatertool/icon/Universal/Quit.png
2026-01-29 20:49:00.673 [JavaFX Application Thread] INFO  o.b.s.Utils.FileUtil - 成功加载文件/org/bxwbb/spigotplugincreatertool/icon/Universal/NewProject.png
2026-01-29 20:49:00.683 [JavaFX Application Thread] INFO  o.b.s.Utils.FileUtil - 成功加载文件/org/bxwbb/spigotplugincreatertool/icon/Universal/NewProject.png
2026-01-29 20:49:02.335 [JavaFX Application Thread] INFO  o.b.s.BxWinLab.Base.BaseLabel - 控件焦点改变至 - org.bxwbb.spigotplugincreatertool.BxWinLab.SwitchBox@5987fc92
2026-01-29 20:49:09.469 [JavaFX Application Thread] INFO  o.b.s.HelloApplication - 执行停止...
2026-01-29 20:49:24.569 [JavaFX-Launcher] INFO  o.b.s.HelloApplication - 执行初始化...
2026-01-29 20:49:24.575 [JavaFX Application Thread] INFO  o.b.s.HelloApplication - 工具开始启动并加载...
2026-01-29 20:49:24.615 [JavaFX Application Thread] INFO  o.b.s.Utils.FileUtil - 成功加载文件/org/bxwbb/spigotplugincreatertool/icon/icon.png
2026-01-29 20:49:24.795 [JavaFX Application Thread] INFO  o.b.s.Utils.FileUtil - 成功加载文件/org/bxwbb/spigotplugincreatertool/icon/Universal/OpenFolder.png
2026-01-29 20:49:24.800 [JavaFX Application Thread] INFO  o.b.s.Utils.FileUtil - 成功加载文件/org/bxwbb/spigotplugincreatertool/icon/Universal/NewProject.png
2026-01-29 20:49:24.803 [JavaFX Application Thread] INFO  o.b.s.Utils.FileUtil - 成功加载文件/org/bxwbb/spigotplugincreatertool/icon/Universal/Setting.png
2026-01-29 20:49:24.805 [JavaFX Application Thread] INFO  o.b.s.Utils.FileUtil - 成功加载文件/org/bxwbb/spigotplugincreatertool/icon/Universal/Learn.png
2026-01-29 20:49:24.807 [JavaFX Application Thread] INFO  o.b.s.Utils.FileUtil - 成功加载文件/org/bxwbb/spigotplugincreatertool/icon/Universal/Quit.png
2026-01-29 20:49:24.825 [JavaFX Application Thread] INFO  o.b.s.Utils.FileUtil - 成功加载文件/org/bxwbb/spigotplugincreatertool/icon/Universal/NewProject.png
2026-01-29 20:49:24.836 [JavaFX Application Thread] INFO  o.b.s.Utils.FileUtil - 成功加载文件/org/bxwbb/spigotplugincreatertool/icon/Universal/NewProject.png
2026-01-29 20:49:26.201 [JavaFX Application Thread] INFO  o.b.s.BxWinLab.Base.BaseLabel - 控件焦点改变至 - org.bxwbb.spigotplugincreatertool.BxWinLab.SwitchBox@5987fc92
2026-01-29 20:49:29.631 [JavaFX Application Thread] INFO  o.b.s.HelloApplication - 执行停止...
2026-01-29 20:50:08.530 [JavaFX-Launcher] INFO  o.b.s.HelloApplication - 执行初始化...
2026-01-29 20:50:08.536 [JavaFX Application Thread] INFO  o.b.s.HelloApplication - 工具开始启动并加载...
2026-01-29 20:50:08.577 [JavaFX Application Thread] INFO  o.b.s.Utils.FileUtil - 成功加载文件/org/bxwbb/spigotplugincreatertool/icon/icon.png
2026-01-29 20:50:08.761 [JavaFX Application Thread] INFO  o.b.s.Utils.FileUtil - 成功加载文件/org/bxwbb/spigotplugincreatertool/icon/Universal/OpenFolder.png
2026-01-29 20:50:08.767 [JavaFX Application Thread] INFO  o.b.s.Utils.FileUtil - 成功加载文件/org/bxwbb/spigotplugincreatertool/icon/Universal/NewProject.png
2026-01-29 20:50:08.770 [JavaFX Application Thread] INFO  o.b.s.Utils.FileUtil - 成功加载文件/org/bxwbb/spigotplugincreatertool/icon/Universal/Setting.png
2026-01-29 20:50:08.772 [JavaFX Application Thread] INFO  o.b.s.Utils.FileUtil - 成功加载文件/org/bxwbb/spigotplugincreatertool/icon/Universal/Learn.png
2026-01-29 20:50:08.775 [JavaFX Application Thread] INFO  o.b.s.Utils.FileUtil - 成功加载文件/org/bxwbb/spigotplugincreatertool/icon/Universal/Quit.png
2026-01-29 20:50:08.794 [JavaFX Application Thread] INFO  o.b.s.Utils.FileUtil - 成功加载文件/org/bxwbb/spigotplugincreatertool/icon/Universal/NewProject.png
2026-01-29 20:50:08.805 [JavaFX Application Thread] INFO  o.b.s.Utils.FileUtil - 成功加载文件/org/bxwbb/spigotplugincreatertool/icon/Universal/NewProject.png
2026-01-29 20:50:10.787 [JavaFX Application Thread] INFO  o.b.s.BxWinLab.Base.BaseLabel - 控件焦点改变至 - org.bxwbb.spigotplugincreatertool.BxWinLab.SwitchBox@5987fc92
2026-01-29 20:50:19.961 [JavaFX Application Thread] INFO  o.b.s.HelloApplication - 执行停止...
2026-01-29 20:50:25.287 [JavaFX-Launcher] INFO  o.b.s.HelloApplication - 执行初始化...
2026-01-29 20:50:25.292 [JavaFX Application Thread] INFO  o.b.s.HelloApplication - 工具开始启动并加载...
2026-01-29 20:50:25.334 [JavaFX Application Thread] INFO  o.b.s.Utils.FileUtil - 成功加载文件/org/bxwbb/spigotplugincreatertool/icon/icon.png
2026-01-29 20:50:25.514 [JavaFX Application Thread] INFO  o.b.s.Utils.FileUtil - 成功加载文件/org/bxwbb/spigotplugincreatertool/icon/Universal/OpenFolder.png
2026-01-29 20:50:25.518 [JavaFX Application Thread] INFO  o.b.s.Utils.FileUtil - 成功加载文件/org/bxwbb/spigotplugincreatertool/icon/Universal/NewProject.png
2026-01-29 20:50:25.521 [JavaFX Application Thread] INFO  o.b.s.Utils.FileUtil - 成功加载文件/org/bxwbb/spigotplugincreatertool/icon/Universal/Setting.png
2026-01-29 20:50:25.523 [JavaFX Application Thread] INFO  o.b.s.Utils.FileUtil - 成功加载文件/org/bxwbb/spigotplugincreatertool/icon/Universal/Learn.png
2026-01-29 20:50:25.525 [JavaFX Application Thread] INFO  o.b.s.Utils.FileUtil - 成功加载文件/org/bxwbb/spigotplugincreatertool/icon/Universal/Quit.png
2026-01-29 20:50:25.545 [JavaFX Application Thread] INFO  o.b.s.Utils.FileUtil - 成功加载文件/org/bxwbb/spigotplugincreatertool/icon/Universal/NewProject.png
2026-01-29 20:50:25.555 [JavaFX Application Thread] INFO  o.b.s.Utils.FileUtil - 成功加载文件/org/bxwbb/spigotplugincreatertool/icon/Universal/NewProject.png
2026-01-29 20:50:38.032 [JavaFX Application Thread] INFO  o.b.s.HelloApplication - 执行停止...
2026-01-29 20:51:20.684 [JavaFX-Launcher] INFO  o.b.s.HelloApplication - 执行初始化...
2026-01-29 20:51:20.689 [JavaFX Application Thread] INFO  o.b.s.HelloApplication - 工具开始启动并加载...
2026-01-29 20:51:20.731 [JavaFX Application Thread] INFO  o.b.s.Utils.FileUtil - 成功加载文件/org/bxwbb/spigotplugincreatertool/icon/icon.png
2026-01-29 20:51:20.910 [JavaFX Application Thread] INFO  o.b.s.Utils.FileUtil - 成功加载文件/org/bxwbb/spigotplugincreatertool/icon/Universal/OpenFolder.png
2026-01-29 20:51:20.916 [JavaFX Application Thread] INFO  o.b.s.Utils.FileUtil - 成功加载文件/org/bxwbb/spigotplugincreatertool/icon/Universal/NewProject.png
2026-01-29 20:51:20.919 [JavaFX Application Thread] INFO  o.b.s.Utils.FileUtil - 成功加载文件/org/bxwbb/spigotplugincreatertool/icon/Universal/Setting.png
2026-01-29 20:51:20.920 [JavaFX Application Thread] INFO  o.b.s.Utils.FileUtil - 成功加载文件/org/bxwbb/spigotplugincreatertool/icon/Universal/Learn.png
2026-01-29 20:51:20.924 [JavaFX Application Thread] INFO  o.b.s.Utils.FileUtil - 成功加载文件/org/bxwbb/spigotplugincreatertool/icon/Universal/Quit.png
2026-01-29 20:51:20.942 [JavaFX Application Thread] INFO  o.b.s.Utils.FileUtil - 成功加载文件/org/bxwbb/spigotplugincreatertool/icon/Universal/NewProject.png
2026-01-29 20:51:20.952 [JavaFX Application Thread] INFO  o.b.s.Utils.FileUtil - 成功加载文件/org/bxwbb/spigotplugincreatertool/icon/Universal/NewProject.png
2026-01-29 20:51:24.008 [JavaFX Application Thread] INFO  o.b.s.HelloApplication - 执行停止...
2026-01-29 20:52:16.989 [JavaFX-Launcher] INFO  o.b.s.HelloApplication - 执行初始化...
2026-01-29 20:52:16.995 [JavaFX Application Thread] INFO  o.b.s.HelloApplication - 工具开始启动并加载...
2026-01-29 20:52:17.037 [JavaFX Application Thread] INFO  o.b.s.Utils.FileUtil - 成功加载文件/org/bxwbb/spigotplugincreatertool/icon/icon.png
2026-01-29 20:52:17.211 [JavaFX Application Thread] INFO  o.b.s.Utils.FileUtil - 成功加载文件/org/bxwbb/spigotplugincreatertool/icon/Universal/OpenFolder.png
2026-01-29 20:52:17.216 [JavaFX Application Thread] INFO  o.b.s.Utils.FileUtil - 成功加载文件/org/bxwbb/spigotplugincreatertool/icon/Universal/NewProject.png
2026-01-29 20:52:17.219 [JavaFX Application Thread] INFO  o.b.s.Utils.FileUtil - 成功加载文件/org/bxwbb/spigotplugincreatertool/icon/Universal/Setting.png
2026-01-29 20:52:17.222 [JavaFX Application Thread] INFO  o.b.s.Utils.FileUtil - 成功加载文件/org/bxwbb/spigotplugincreatertool/icon/Universal/Learn.png
2026-01-29 20:52:17.224 [JavaFX Application Thread] INFO  o.b.s.Utils.FileUtil - 成功加载文件/org/bxwbb/spigotplugincreatertool/icon/Universal/Quit.png
2026-01-29 20:52:17.242 [JavaFX Application Thread] INFO  o.b.s.Utils.FileUtil - 成功加载文件/org/bxwbb/spigotplugincreatertool/icon/Universal/NewProject.png
2026-01-29 20:52:17.253 [JavaFX Application Thread] INFO  o.b.s.Utils.FileUtil - 成功加载文件/org/bxwbb/spigotplugincreatertool/icon/Universal/NewProject.png
2026-01-29 20:52:18.431 [JavaFX Application Thread] INFO  o.b.s.BxWinLab.Base.BaseLabel - 控件焦点改变至 - org.bxwbb.spigotplugincreatertool.BxWinLab.SwitchBox@2a3b3f56
2026-01-29 20:52:22.799 [JavaFX Application Thread] INFO  o.b.s.HelloApplication - 执行停止...
2026-01-29 20:53:05.387 [JavaFX-Launcher] INFO  o.b.s.HelloApplication - 执行初始化...
2026-01-29 20:53:05.393 [JavaFX Application Thread] INFO  o.b.s.HelloApplication - 工具开始启动并加载...
2026-01-29 20:53:05.435 [JavaFX Application Thread] INFO  o.b.s.Utils.FileUtil - 成功加载文件/org/bxwbb/spigotplugincreatertool/icon/icon.png
2026-01-29 20:53:05.614 [JavaFX Application Thread] INFO  o.b.s.Utils.FileUtil - 成功加载文件/org/bxwbb/spigotplugincreatertool/icon/Universal/OpenFolder.png
2026-01-29 20:53:05.619 [JavaFX Application Thread] INFO  o.b.s.Utils.FileUtil - 成功加载文件/org/bxwbb/spigotplugincreatertool/icon/Universal/NewProject.png
2026-01-29 20:53:05.622 [JavaFX Application Thread] INFO  o.b.s.Utils.FileUtil - 成功加载文件/org/bxwbb/spigotplugincreatertool/icon/Universal/Setting.png
2026-01-29 20:53:05.625 [JavaFX Application Thread] INFO  o.b.s.Utils.FileUtil - 成功加载文件/org/bxwbb/spigotplugincreatertool/icon/Universal/Learn.png
2026-01-29 20:53:05.627 [JavaFX Application Thread] INFO  o.b.s.Utils.FileUtil - 成功加载文件/org/bxwbb/spigotplugincreatertool/icon/Universal/Quit.png
2026-01-29 20:53:05.645 [JavaFX Application Thread] INFO  o.b.s.Utils.FileUtil - 成功加载文件/org/bxwbb/spigotplugincreatertool/icon/Universal/NewProject.png
2026-01-29 20:53:05.655 [JavaFX Application Thread] INFO  o.b.s.Utils.FileUtil - 成功加载文件/org/bxwbb/spigotplugincreatertool/icon/Universal/NewProject.png
2026-01-29 20:53:07.836 [JavaFX Application Thread] INFO  o.b.s.BxWinLab.Base.BaseLabel - 控件焦点改变至 - org.bxwbb.spigotplugincreatertool.BxWinLab.SwitchBox@18c4087b
2026-01-29 20:53:15.491 [JavaFX Application Thread] INFO  o.b.s.HelloApplication - 执行停止...
2026-01-29 20:53:20.935 [JavaFX-Launcher] INFO  o.b.s.HelloApplication - 执行初始化...
2026-01-29 20:53:20.941 [JavaFX Application Thread] INFO  o.b.s.HelloApplication - 工具开始启动并加载...
2026-01-29 20:53:20.984 [JavaFX Application Thread] INFO  o.b.s.Utils.FileUtil - 成功加载文件/org/bxwbb/spigotplugincreatertool/icon/icon.png
2026-01-29 20:53:21.161 [JavaFX Application Thread] INFO  o.b.s.Utils.FileUtil - 成功加载文件/org/bxwbb/spigotplugincreatertool/icon/Universal/OpenFolder.png
2026-01-29 20:53:21.166 [JavaFX Application Thread] INFO  o.b.s.Utils.FileUtil - 成功加载文件/org/bxwbb/spigotplugincreatertool/icon/Universal/NewProject.png
2026-01-29 20:53:21.169 [JavaFX Application Thread] INFO  o.b.s.Utils.FileUtil - 成功加载文件/org/bxwbb/spigotplugincreatertool/icon/Universal/Setting.png
2026-01-29 20:53:21.171 [JavaFX Application Thread] INFO  o.b.s.Utils.FileUtil - 成功加载文件/org/bxwbb/spigotplugincreatertool/icon/Universal/Learn.png
2026-01-29 20:53:21.173 [JavaFX Application Thread] INFO  o.b.s.Utils.FileUtil - 成功加载文件/org/bxwbb/spigotplugincreatertool/icon/Universal/Quit.png
2026-01-29 20:53:21.193 [JavaFX Application Thread] INFO  o.b.s.Utils.FileUtil - 成功加载文件/org/bxwbb/spigotplugincreatertool/icon/Universal/NewProject.png
2026-01-29 20:53:21.203 [JavaFX Application Thread] INFO  o.b.s.Utils.FileUtil - 成功加载文件/org/bxwbb/spigotplugincreatertool/icon/Universal/NewProject.png
2026-01-29 20:53:21.993 [JavaFX Application Thread] INFO  o.b.s.BxWinLab.Base.BaseLabel - 控件焦点改变至 - org.bxwbb.spigotplugincreatertool.BxWinLab.SwitchBox@53397bbf
2026-01-29 20:53:23.537 [JavaFX Application Thread] INFO  o.b.s.HelloApplication - 执行停止...
2026-01-29 20:53:29.054 [JavaFX-Launcher] INFO  o.b.s.HelloApplication - 执行初始化...
2026-01-29 20:53:29.059 [JavaFX Application Thread] INFO  o.b.s.HelloApplication - 工具开始启动并加载...
2026-01-29 20:53:29.100 [JavaFX Application Thread] INFO  o.b.s.Utils.FileUtil - 成功加载文件/org/bxwbb/spigotplugincreatertool/icon/icon.png
2026-01-29 20:53:29.285 [JavaFX Application Thread] INFO  o.b.s.Utils.FileUtil - 成功加载文件/org/bxwbb/spigotplugincreatertool/icon/Universal/OpenFolder.png
2026-01-29 20:53:29.290 [JavaFX Application Thread] INFO  o.b.s.Utils.FileUtil - 成功加载文件/org/bxwbb/spigotplugincreatertool/icon/Universal/NewProject.png
2026-01-29 20:53:29.294 [JavaFX Application Thread] INFO  o.b.s.Utils.FileUtil - 成功加载文件/org/bxwbb/spigotplugincreatertool/icon/Universal/Setting.png
2026-01-29 20:53:29.296 [JavaFX Application Thread] INFO  o.b.s.Utils.FileUtil - 成功加载文件/org/bxwbb/spigotplugincreatertool/icon/Universal/Learn.png
2026-01-29 20:53:29.298 [JavaFX Application Thread] INFO  o.b.s.Utils.FileUtil - 成功加载文件/org/bxwbb/spigotplugincreatertool/icon/Universal/Quit.png
2026-01-29 20:53:29.318 [JavaFX Application Thread] INFO  o.b.s.Utils.FileUtil - 成功加载文件/org/bxwbb/spigotplugincreatertool/icon/Universal/NewProject.png
2026-01-29 20:53:29.328 [JavaFX Application Thread] INFO  o.b.s.Utils.FileUtil - 成功加载文件/org/bxwbb/spigotplugincreatertool/icon/Universal/NewProject.png
2026-01-29 20:53:38.525 [JavaFX Application Thread] INFO  o.b.s.HelloApplication - 执行停止...
2026-01-29 20:54:49.197 [JavaFX-Launcher] INFO  o.b.s.HelloApplication - 执行初始化...
2026-01-29 20:54:49.203 [JavaFX Application Thread] INFO  o.b.s.HelloApplication - 工具开始启动并加载...
2026-01-29 20:54:49.245 [JavaFX Application Thread] INFO  o.b.s.Utils.FileUtil - 成功加载文件/org/bxwbb/spigotplugincreatertool/icon/icon.png
2026-01-29 20:54:49.424 [JavaFX Application Thread] INFO  o.b.s.Utils.FileUtil - 成功加载文件/org/bxwbb/spigotplugincreatertool/icon/Universal/OpenFolder.png
2026-01-29 20:54:49.428 [JavaFX Application Thread] INFO  o.b.s.Utils.FileUtil - 成功加载文件/org/bxwbb/spigotplugincreatertool/icon/Universal/NewProject.png
2026-01-29 20:54:49.431 [JavaFX Application Thread] INFO  o.b.s.Utils.FileUtil - 成功加载文件/org/bxwbb/spigotplugincreatertool/icon/Universal/Setting.png
2026-01-29 20:54:49.434 [JavaFX Application Thread] INFO  o.b.s.Utils.FileUtil - 成功加载文件/org/bxwbb/spigotplugincreatertool/icon/Universal/Learn.png
2026-01-29 20:54:49.436 [JavaFX Application Thread] INFO  o.b.s.Utils.FileUtil - 成功加载文件/org/bxwbb/spigotplugincreatertool/icon/Universal/Quit.png
2026-01-29 20:54:49.455 [JavaFX Application Thread] INFO  o.b.s.Utils.FileUtil - 成功加载文件/org/bxwbb/spigotplugincreatertool/icon/Universal/NewProject.png
2026-01-29 20:54:49.466 [JavaFX Application Thread] INFO  o.b.s.Utils.FileUtil - 成功加载文件/org/bxwbb/spigotplugincreatertool/icon/Universal/NewProject.png
2026-01-29 20:54:59.310 [JavaFX Application Thread] INFO  o.b.s.HelloApplication - 执行停止...
2026-01-29 20:55:04.204 [JavaFX-Launcher] INFO  o.b.s.HelloApplication - 执行初始化...
2026-01-29 20:55:04.209 [JavaFX Application Thread] INFO  o.b.s.HelloApplication - 工具开始启动并加载...
2026-01-29 20:55:04.251 [JavaFX Application Thread] INFO  o.b.s.Utils.FileUtil - 成功加载文件/org/bxwbb/spigotplugincreatertool/icon/icon.png
2026-01-29 20:55:04.427 [JavaFX Application Thread] INFO  o.b.s.Utils.FileUtil - 成功加载文件/org/bxwbb/spigotplugincreatertool/icon/Universal/OpenFolder.png
2026-01-29 20:55:04.432 [JavaFX Application Thread] INFO  o.b.s.Utils.FileUtil - 成功加载文件/org/bxwbb/spigotplugincreatertool/icon/Universal/NewProject.png
2026-01-29 20:55:04.435 [JavaFX Application Thread] INFO  o.b.s.Utils.FileUtil - 成功加载文件/org/bxwbb/spigotplugincreatertool/icon/Universal/Setting.png
2026-01-29 20:55:04.437 [JavaFX Application Thread] INFO  o.b.s.Utils.FileUtil - 成功加载文件/org/bxwbb/spigotplugincreatertool/icon/Universal/Learn.png
2026-01-29 20:55:04.439 [JavaFX Application Thread] INFO  o.b.s.Utils.FileUtil - 成功加载文件/org/bxwbb/spigotplugincreatertool/icon/Universal/Quit.png
2026-01-29 20:55:04.458 [JavaFX Application Thread] INFO  o.b.s.Utils.FileUtil - 成功加载文件/org/bxwbb/spigotplugincreatertool/icon/Universal/NewProject.png
2026-01-29 20:55:04.468 [JavaFX Application Thread] INFO  o.b.s.Utils.FileUtil - 成功加载文件/org/bxwbb/spigotplugincreatertool/icon/Universal/NewProject.png
2026-01-29 20:55:05.252 [JavaFX Application Thread] INFO  o.b.s.BxWinLab.Base.BaseLabel - 控件焦点改变至 - org.bxwbb.spigotplugincreatertool.Window.StartPage@15cb279b
2026-01-29 20:55:05.534 [JavaFX Application Thread] INFO  o.b.s.BxWinLab.Base.BaseLabel - 控件焦点改变至 - org.bxwbb.spigotplugincreatertool.BxWinLab.SwitchBox@53be6ccd
2026-01-29 20:55:07.538 [JavaFX Application Thread] INFO  o.b.s.HelloApplication - 执行停止...
2026-01-29 20:55:15.451 [JavaFX-Launcher] INFO  o.b.s.HelloApplication - 执行初始化...
2026-01-29 20:55:15.456 [JavaFX Application Thread] INFO  o.b.s.HelloApplication - 工具开始启动并加载...
2026-01-29 20:55:15.497 [JavaFX Application Thread] INFO  o.b.s.Utils.FileUtil - 成功加载文件/org/bxwbb/spigotplugincreatertool/icon/icon.png
2026-01-29 20:55:15.674 [JavaFX Application Thread] INFO  o.b.s.Utils.FileUtil - 成功加载文件/org/bxwbb/spigotplugincreatertool/icon/Universal/OpenFolder.png
2026-01-29 20:55:15.680 [JavaFX Application Thread] INFO  o.b.s.Utils.FileUtil - 成功加载文件/org/bxwbb/spigotplugincreatertool/icon/Universal/NewProject.png
2026-01-29 20:55:15.683 [JavaFX Application Thread] INFO  o.b.s.Utils.FileUtil - 成功加载文件/org/bxwbb/spigotplugincreatertool/icon/Universal/Setting.png
2026-01-29 20:55:15.685 [JavaFX Application Thread] INFO  o.b.s.Utils.FileUtil - 成功加载文件/org/bxwbb/spigotplugincreatertool/icon/Universal/Learn.png
2026-01-29 20:55:15.687 [JavaFX Application Thread] INFO  o.b.s.Utils.FileUtil - 成功加载文件/org/bxwbb/spigotplugincreatertool/icon/Universal/Quit.png
2026-01-29 20:55:15.707 [JavaFX Application Thread] INFO  o.b.s.Utils.FileUtil - 成功加载文件/org/bxwbb/spigotplugincreatertool/icon/Universal/NewProject.png
2026-01-29 20:55:15.717 [JavaFX Application Thread] INFO  o.b.s.Utils.FileUtil - 成功加载文件/org/bxwbb/spigotplugincreatertool/icon/Universal/NewProject.png
2026-01-29 20:55:17.603 [JavaFX Application Thread] INFO  o.b.s.BxWinLab.Base.BaseLabel - 控件焦点改变至 - org.bxwbb.spigotplugincreatertool.BxWinLab.SwitchBox@18c4087b
2026-01-29 20:55:24.260 [JavaFX Application Thread] INFO  o.b.s.HelloApplication - 执行停止...
2026-01-29 20:55:45.741 [JavaFX-Launcher] INFO  o.b.s.HelloApplication - 执行初始化...
2026-01-29 20:55:45.747 [JavaFX Application Thread] INFO  o.b.s.HelloApplication - 工具开始启动并加载...
2026-01-29 20:55:45.788 [JavaFX Application Thread] INFO  o.b.s.Utils.FileUtil - 成功加载文件/org/bxwbb/spigotplugincreatertool/icon/icon.png
2026-01-29 20:55:45.971 [JavaFX Application Thread] INFO  o.b.s.Utils.FileUtil - 成功加载文件/org/bxwbb/spigotplugincreatertool/icon/Universal/OpenFolder.png
2026-01-29 20:55:45.976 [JavaFX Application Thread] INFO  o.b.s.Utils.FileUtil - 成功加载文件/org/bxwbb/spigotplugincreatertool/icon/Universal/NewProject.png
2026-01-29 20:55:45.978 [JavaFX Application Thread] INFO  o.b.s.Utils.FileUtil - 成功加载文件/org/bxwbb/spigotplugincreatertool/icon/Universal/Setting.png
2026-01-29 20:55:45.980 [JavaFX Application Thread] INFO  o.b.s.Utils.FileUtil - 成功加载文件/org/bxwbb/spigotplugincreatertool/icon/Universal/Learn.png
2026-01-29 20:55:45.984 [JavaFX Application Thread] INFO  o.b.s.Utils.FileUtil - 成功加载文件/org/bxwbb/spigotplugincreatertool/icon/Universal/Quit.png
2026-01-29 20:55:46.003 [JavaFX Application Thread] INFO  o.b.s.Utils.FileUtil - 成功加载文件/org/bxwbb/spigotplugincreatertool/icon/Universal/NewProject.png
2026-01-29 20:55:46.014 [JavaFX Application Thread] INFO  o.b.s.Utils.FileUtil - 成功加载文件/org/bxwbb/spigotplugincreatertool/icon/Universal/NewProject.png
2026-01-29 20:55:47.574 [JavaFX Application Thread] INFO  o.b.s.BxWinLab.Base.BaseLabel - 控件焦点改变至 - org.bxwbb.spigotplugincreatertool.BxWinLab.SwitchBox@18c4087b
2026-01-29 20:55:53.251 [JavaFX Application Thread] INFO  o.b.s.BxWinLab.Base.BaseLabel - 控件焦点改变至 - org.bxwbb.spigotplugincreatertool.BxWinLab.ImageTextButtonBox@28bf0917
2026-01-29 20:55:53.379 [JavaFX Application Thread] INFO  o.b.s.HelloApplication - 执行停止...
2026-01-29 20:56:33.317 [JavaFX-Launcher] INFO  o.b.s.HelloApplication - 执行初始化...
2026-01-29 20:56:33.322 [JavaFX Application Thread] INFO  o.b.s.HelloApplication - 工具开始启动并加载...
2026-01-29 20:56:33.364 [JavaFX Application Thread] INFO  o.b.s.Utils.FileUtil - 成功加载文件/org/bxwbb/spigotplugincreatertool/icon/icon.png
2026-01-29 20:56:33.546 [JavaFX Application Thread] INFO  o.b.s.Utils.FileUtil - 成功加载文件/org/bxwbb/spigotplugincreatertool/icon/Universal/OpenFolder.png
2026-01-29 20:56:33.550 [JavaFX Application Thread] INFO  o.b.s.Utils.FileUtil - 成功加载文件/org/bxwbb/spigotplugincreatertool/icon/Universal/NewProject.png
2026-01-29 20:56:33.553 [JavaFX Application Thread] INFO  o.b.s.Utils.FileUtil - 成功加载文件/org/bxwbb/spigotplugincreatertool/icon/Universal/Setting.png
2026-01-29 20:56:33.555 [JavaFX Application Thread] INFO  o.b.s.Utils.FileUtil - 成功加载文件/org/bxwbb/spigotplugincreatertool/icon/Universal/Learn.png
2026-01-29 20:56:33.557 [JavaFX Application Thread] INFO  o.b.s.Utils.FileUtil - 成功加载文件/org/bxwbb/spigotplugincreatertool/icon/Universal/Quit.png
2026-01-29 20:56:33.577 [JavaFX Application Thread] INFO  o.b.s.Utils.FileUtil - 成功加载文件/org/bxwbb/spigotplugincreatertool/icon/Universal/NewProject.png
2026-01-29 20:56:33.587 [JavaFX Application Thread] INFO  o.b.s.Utils.FileUtil - 成功加载文件/org/bxwbb/spigotplugincreatertool/icon/Universal/NewProject.png
2026-01-29 20:56:34.887 [JavaFX Application Thread] INFO  o.b.s.BxWinLab.Base.BaseLabel - 控件焦点改变至 - org.bxwbb.spigotplugincreatertool.BxWinLab.SwitchBox@5987fc92
2026-01-29 20:56:38.083 [JavaFX Application Thread] INFO  o.b.s.HelloApplication - 执行停止...
2026-01-29 20:56:50.238 [JavaFX-Launcher] INFO  o.b.s.HelloApplication - 执行初始化...
2026-01-29 20:56:50.243 [JavaFX Application Thread] INFO  o.b.s.HelloApplication - 工具开始启动并加载...
2026-01-29 20:56:50.285 [JavaFX Application Thread] INFO  o.b.s.Utils.FileUtil - 成功加载文件/org/bxwbb/spigotplugincreatertool/icon/icon.png
2026-01-29 20:56:50.465 [JavaFX Application Thread] INFO  o.b.s.Utils.FileUtil - 成功加载文件/org/bxwbb/spigotplugincreatertool/icon/Universal/OpenFolder.png
2026-01-29 20:56:50.471 [JavaFX Application Thread] INFO  o.b.s.Utils.FileUtil - 成功加载文件/org/bxwbb/spigotplugincreatertool/icon/Universal/NewProject.png
2026-01-29 20:56:50.474 [JavaFX Application Thread] INFO  o.b.s.Utils.FileUtil - 成功加载文件/org/bxwbb/spigotplugincreatertool/icon/Universal/Setting.png
2026-01-29 20:56:50.477 [JavaFX Application Thread] INFO  o.b.s.Utils.FileUtil - 成功加载文件/org/bxwbb/spigotplugincreatertool/icon/Universal/Learn.png
2026-01-29 20:56:50.479 [JavaFX Application Thread] INFO  o.b.s.Utils.FileUtil - 成功加载文件/org/bxwbb/spigotplugincreatertool/icon/Universal/Quit.png
2026-01-29 20:56:50.498 [JavaFX Application Thread] INFO  o.b.s.Utils.FileUtil - 成功加载文件/org/bxwbb/spigotplugincreatertool/icon/Universal/NewProject.png
2026-01-29 20:56:50.508 [JavaFX Application Thread] INFO  o.b.s.Utils.FileUtil - 成功加载文件/org/bxwbb/spigotplugincreatertool/icon/Universal/NewProject.png
2026-01-29 20:56:51.691 [JavaFX Application Thread] INFO  o.b.s.BxWinLab.Base.BaseLabel - 控件焦点改变至 - org.bxwbb.spigotplugincreatertool.BxWinLab.SwitchBox@5987fc92
2026-01-29 20:56:56.647 [JavaFX Application Thread] INFO  o.b.s.HelloApplication - 执行停止...
2026-01-29 20:58:14.884 [JavaFX-Launcher] INFO  o.b.s.HelloApplication - 执行初始化...
2026-01-29 20:58:14.889 [JavaFX Application Thread] INFO  o.b.s.HelloApplication - 工具开始启动并加载...
2026-01-29 20:58:14.931 [JavaFX Application Thread] INFO  o.b.s.Utils.FileUtil - 成功加载文件/org/bxwbb/spigotplugincreatertool/icon/icon.png
2026-01-29 20:58:15.111 [JavaFX Application Thread] INFO  o.b.s.Utils.FileUtil - 成功加载文件/org/bxwbb/spigotplugincreatertool/icon/Universal/OpenFolder.png
2026-01-29 20:58:15.117 [JavaFX Application Thread] INFO  o.b.s.Utils.FileUtil - 成功加载文件/org/bxwbb/spigotplugincreatertool/icon/Universal/NewProject.png
2026-01-29 20:58:15.120 [JavaFX Application Thread] INFO  o.b.s.Utils.FileUtil - 成功加载文件/org/bxwbb/spigotplugincreatertool/icon/Universal/Setting.png
2026-01-29 20:58:15.122 [JavaFX Application Thread] INFO  o.b.s.Utils.FileUtil - 成功加载文件/org/bxwbb/spigotplugincreatertool/icon/Universal/Learn.png
2026-01-29 20:58:15.124 [JavaFX Application Thread] INFO  o.b.s.Utils.FileUtil - 成功加载文件/org/bxwbb/spigotplugincreatertool/icon/Universal/Quit.png
2026-01-29 20:58:15.144 [JavaFX Application Thread] INFO  o.b.s.Utils.FileUtil - 成功加载文件/org/bxwbb/spigotplugincreatertool/icon/Universal/NewProject.png
2026-01-29 20:58:15.154 [JavaFX Application Thread] INFO  o.b.s.Utils.FileUtil - 成功加载文件/org/bxwbb/spigotplugincreatertool/icon/Universal/NewProject.png
2026-01-29 20:58:16.626 [JavaFX Application Thread] INFO  o.b.s.BxWinLab.Base.BaseLabel - 控件焦点改变至 - org.bxwbb.spigotplugincreatertool.BxWinLab.SwitchBox@53397bbf
2026-01-29 20:58:20.160 [JavaFX Application Thread] INFO  o.b.s.HelloApplication - 执行停止...
2026-01-29 20:58:24.274 [JavaFX-Launcher] INFO  o.b.s.HelloApplication - 执行初始化...
2026-01-29 20:58:24.280 [JavaFX Application Thread] INFO  o.b.s.HelloApplication - 工具开始启动并加载...
2026-01-29 20:58:24.327 [JavaFX Application Thread] INFO  o.b.s.Utils.FileUtil - 成功加载文件/org/bxwbb/spigotplugincreatertool/icon/icon.png
2026-01-29 20:58:24.520 [JavaFX Application Thread] INFO  o.b.s.Utils.FileUtil - 成功加载文件/org/bxwbb/spigotplugincreatertool/icon/Universal/OpenFolder.png
2026-01-29 20:58:24.525 [JavaFX Application Thread] INFO  o.b.s.Utils.FileUtil - 成功加载文件/org/bxwbb/spigotplugincreatertool/icon/Universal/NewProject.png
2026-01-29 20:58:24.528 [JavaFX Application Thread] INFO  o.b.s.Utils.FileUtil - 成功加载文件/org/bxwbb/spigotplugincreatertool/icon/Universal/Setting.png
2026-01-29 20:58:24.530 [JavaFX Application Thread] INFO  o.b.s.Utils.FileUtil - 成功加载文件/org/bxwbb/spigotplugincreatertool/icon/Universal/Learn.png
2026-01-29 20:58:24.532 [JavaFX Application Thread] INFO  o.b.s.Utils.FileUtil - 成功加载文件/org/bxwbb/spigotplugincreatertool/icon/Universal/Quit.png
2026-01-29 20:58:24.553 [JavaFX Application Thread] INFO  o.b.s.Utils.FileUtil - 成功加载文件/org/bxwbb/spigotplugincreatertool/icon/Universal/NewProject.png
2026-01-29 20:58:24.565 [JavaFX Application Thread] INFO  o.b.s.Utils.FileUtil - 成功加载文件/org/bxwbb/spigotplugincreatertool/icon/Universal/NewProject.png
2026-01-29 20:58:25.405 [JavaFX Application Thread] INFO  o.b.s.BxWinLab.Base.BaseLabel - 控件焦点改变至 - org.bxwbb.spigotplugincreatertool.BxWinLab.SwitchBox@203c452d
2026-01-29 20:58:27.427 [JavaFX Application Thread] INFO  o.b.s.BxWinLab.Base.BaseLabel - 控件焦点改变至 - org.bxwbb.spigotplugincreatertool.BxWinLab.ButtonBox@50af5697
2026-01-29 20:58:28.386 [JavaFX Application Thread] INFO  o.b.s.BxWinLab.Base.BaseLabel - 控件焦点改变至 - org.bxwbb.spigotplugincreatertool.BxWinLab.SwitchBox@203c452d
2026-01-29 20:58:30.057 [JavaFX Application Thread] INFO  o.b.s.HelloApplication - 执行停止...
2026-01-29 20:58:47.956 [JavaFX-Launcher] INFO  o.b.s.HelloApplication - 执行初始化...
2026-01-29 20:58:47.962 [JavaFX Application Thread] INFO  o.b.s.HelloApplication - 工具开始启动并加载...
2026-01-29 20:58:48.004 [JavaFX Application Thread] INFO  o.b.s.Utils.FileUtil - 成功加载文件/org/bxwbb/spigotplugincreatertool/icon/icon.png
2026-01-29 20:58:48.189 [JavaFX Application Thread] INFO  o.b.s.Utils.FileUtil - 成功加载文件/org/bxwbb/spigotplugincreatertool/icon/Universal/OpenFolder.png
2026-01-29 20:58:48.194 [JavaFX Application Thread] INFO  o.b.s.Utils.FileUtil - 成功加载文件/org/bxwbb/spigotplugincreatertool/icon/Universal/NewProject.png
2026-01-29 20:58:48.198 [JavaFX Application Thread] INFO  o.b.s.Utils.FileUtil - 成功加载文件/org/bxwbb/spigotplugincreatertool/icon/Universal/Setting.png
2026-01-29 20:58:48.200 [JavaFX Application Thread] INFO  o.b.s.Utils.FileUtil - 成功加载文件/org/bxwbb/spigotplugincreatertool/icon/Universal/Learn.png
2026-01-29 20:58:48.202 [JavaFX Application Thread] INFO  o.b.s.Utils.FileUtil - 成功加载文件/org/bxwbb/spigotplugincreatertool/icon/Universal/Quit.png
2026-01-29 20:58:48.221 [JavaFX Application Thread] INFO  o.b.s.Utils.FileUtil - 成功加载文件/org/bxwbb/spigotplugincreatertool/icon/Universal/NewProject.png
2026-01-29 20:58:48.232 [JavaFX Application Thread] INFO  o.b.s.Utils.FileUtil - 成功加载文件/org/bxwbb/spigotplugincreatertool/icon/Universal/NewProject.png
2026-01-29 20:58:49.517 [JavaFX Application Thread] INFO  o.b.s.BxWinLab.Base.BaseLabel - 控件焦点改变至 - org.bxwbb.spigotplugincreatertool.Window.StartPage@5987fc92
2026-01-29 20:58:50.005 [JavaFX Application Thread] INFO  o.b.s.BxWinLab.Base.BaseLabel - 控件焦点改变至 - org.bxwbb.spigotplugincreatertool.BxWinLab.SwitchBox@338026d4
2026-01-29 20:58:56.890 [JavaFX Application Thread] INFO  o.b.s.HelloApplication - 执行停止...
2026-01-29 20:59:06.449 [JavaFX-Launcher] INFO  o.b.s.HelloApplication - 执行初始化...
2026-01-29 20:59:06.454 [JavaFX Application Thread] INFO  o.b.s.HelloApplication - 工具开始启动并加载...
2026-01-29 20:59:06.496 [JavaFX Application Thread] INFO  o.b.s.Utils.FileUtil - 成功加载文件/org/bxwbb/spigotplugincreatertool/icon/icon.png
2026-01-29 20:59:06.678 [JavaFX Application Thread] INFO  o.b.s.Utils.FileUtil - 成功加载文件/org/bxwbb/spigotplugincreatertool/icon/Universal/OpenFolder.png
2026-01-29 20:59:06.684 [JavaFX Application Thread] INFO  o.b.s.Utils.FileUtil - 成功加载文件/org/bxwbb/spigotplugincreatertool/icon/Universal/NewProject.png
2026-01-29 20:59:06.687 [JavaFX Application Thread] INFO  o.b.s.Utils.FileUtil - 成功加载文件/org/bxwbb/spigotplugincreatertool/icon/Universal/Setting.png
2026-01-29 20:59:06.689 [JavaFX Application Thread] INFO  o.b.s.Utils.FileUtil - 成功加载文件/org/bxwbb/spigotplugincreatertool/icon/Universal/Learn.png
2026-01-29 20:59:06.691 [JavaFX Application Thread] INFO  o.b.s.Utils.FileUtil - 成功加载文件/org/bxwbb/spigotplugincreatertool/icon/Universal/Quit.png
2026-01-29 20:59:06.710 [JavaFX Application Thread] INFO  o.b.s.Utils.FileUtil - 成功加载文件/org/bxwbb/spigotplugincreatertool/icon/Universal/NewProject.png
2026-01-29 20:59:06.721 [JavaFX Application Thread] INFO  o.b.s.Utils.FileUtil - 成功加载文件/org/bxwbb/spigotplugincreatertool/icon/Universal/NewProject.png
2026-01-29 20:59:07.393 [JavaFX Application Thread] INFO  o.b.s.BxWinLab.Base.BaseLabel - 控件焦点改变至 - org.bxwbb.spigotplugincreatertool.BxWinLab.SwitchBox@5987fc92
2026-01-29 20:59:18.396 [JavaFX Application Thread] INFO  o.b.s.HelloApplication - 执行停止...
2026-01-29 20:59:31.039 [JavaFX-Launcher] INFO  o.b.s.HelloApplication - 执行初始化...
2026-01-29 20:59:31.044 [JavaFX Application Thread] INFO  o.b.s.HelloApplication - 工具开始启动并加载...
2026-01-29 20:59:31.085 [JavaFX Application Thread] INFO  o.b.s.Utils.FileUtil - 成功加载文件/org/bxwbb/spigotplugincreatertool/icon/icon.png
2026-01-29 20:59:31.268 [JavaFX Application Thread] INFO  o.b.s.Utils.FileUtil - 成功加载文件/org/bxwbb/spigotplugincreatertool/icon/Universal/OpenFolder.png
2026-01-29 20:59:31.272 [JavaFX Application Thread] INFO  o.b.s.Utils.FileUtil - 成功加载文件/org/bxwbb/spigotplugincreatertool/icon/Universal/NewProject.png
2026-01-29 20:59:31.274 [JavaFX Application Thread] INFO  o.b.s.Utils.FileUtil - 成功加载文件/org/bxwbb/spigotplugincreatertool/icon/Universal/Setting.png
2026-01-29 20:59:31.277 [JavaFX Application Thread] INFO  o.b.s.Utils.FileUtil - 成功加载文件/org/bxwbb/spigotplugincreatertool/icon/Universal/Learn.png
2026-01-29 20:59:31.279 [JavaFX Application Thread] INFO  o.b.s.Utils.FileUtil - 成功加载文件/org/bxwbb/spigotplugincreatertool/icon/Universal/Quit.png
2026-01-29 20:59:31.299 [JavaFX Application Thread] INFO  o.b.s.Utils.FileUtil - 成功加载文件/org/bxwbb/spigotplugincreatertool/icon/Universal/NewProject.png
2026-01-29 20:59:31.309 [JavaFX Application Thread] INFO  o.b.s.Utils.FileUtil - 成功加载文件/org/bxwbb/spigotplugincreatertool/icon/Universal/NewProject.png
2026-01-29 20:59:32.577 [JavaFX Application Thread] INFO  o.b.s.BxWinLab.Base.BaseLabel - 控件焦点改变至 - org.bxwbb.spigotplugincreatertool.BxWinLab.SwitchBox@3ad4606e
2026-01-29 20:59:34.363 [JavaFX Application Thread] INFO  o.b.s.HelloApplication - 执行停止...
2026-01-29 21:00:16.524 [JavaFX-Launcher] INFO  o.b.s.HelloApplication - 执行初始化...
2026-01-29 21:00:16.532 [JavaFX Application Thread] INFO  o.b.s.HelloApplication - 工具开始启动并加载...
2026-01-29 21:00:16.590 [JavaFX Application Thread] INFO  o.b.s.Utils.FileUtil - 成功加载文件/org/bxwbb/spigotplugincreatertool/icon/icon.png
2026-01-29 21:00:16.797 [JavaFX Application Thread] INFO  o.b.s.Utils.FileUtil - 成功加载文件/org/bxwbb/spigotplugincreatertool/icon/Universal/OpenFolder.png
2026-01-29 21:00:16.804 [JavaFX Application Thread] INFO  o.b.s.Utils.FileUtil - 成功加载文件/org/bxwbb/spigotplugincreatertool/icon/Universal/NewProject.png
2026-01-29 21:00:16.806 [JavaFX Application Thread] INFO  o.b.s.Utils.FileUtil - 成功加载文件/org/bxwbb/spigotplugincreatertool/icon/Universal/Setting.png
2026-01-29 21:00:16.809 [JavaFX Application Thread] INFO  o.b.s.Utils.FileUtil - 成功加载文件/org/bxwbb/spigotplugincreatertool/icon/Universal/Learn.png
2026-01-29 21:00:16.811 [JavaFX Application Thread] INFO  o.b.s.Utils.FileUtil - 成功加载文件/org/bxwbb/spigotplugincreatertool/icon/Universal/Quit.png
2026-01-29 21:00:16.834 [JavaFX Application Thread] INFO  o.b.s.Utils.FileUtil - 成功加载文件/org/bxwbb/spigotplugincreatertool/icon/Universal/NewProject.png
2026-01-29 21:00:16.846 [JavaFX Application Thread] INFO  o.b.s.Utils.FileUtil - 成功加载文件/org/bxwbb/spigotplugincreatertool/icon/Universal/NewProject.png
2026-01-29 21:00:17.174 [JavaFX-Launcher] INFO  o.b.s.HelloApplication - 执行初始化...
2026-01-29 21:00:17.180 [JavaFX Application Thread] INFO  o.b.s.HelloApplication - 工具开始启动并加载...
2026-01-29 21:00:17.222 [JavaFX Application Thread] INFO  o.b.s.Utils.FileUtil - 成功加载文件/org/bxwbb/spigotplugincreatertool/icon/icon.png
2026-01-29 21:00:17.402 [JavaFX Application Thread] INFO  o.b.s.Utils.FileUtil - 成功加载文件/org/bxwbb/spigotplugincreatertool/icon/Universal/OpenFolder.png
2026-01-29 21:00:17.407 [JavaFX Application Thread] INFO  o.b.s.Utils.FileUtil - 成功加载文件/org/bxwbb/spigotplugincreatertool/icon/Universal/NewProject.png
2026-01-29 21:00:17.410 [JavaFX Application Thread] INFO  o.b.s.Utils.FileUtil - 成功加载文件/org/bxwbb/spigotplugincreatertool/icon/Universal/Setting.png
2026-01-29 21:00:17.412 [JavaFX Application Thread] INFO  o.b.s.Utils.FileUtil - 成功加载文件/org/bxwbb/spigotplugincreatertool/icon/Universal/Learn.png
2026-01-29 21:00:17.414 [JavaFX Application Thread] INFO  o.b.s.Utils.FileUtil - 成功加载文件/org/bxwbb/spigotplugincreatertool/icon/Universal/Quit.png
2026-01-29 21:00:17.433 [JavaFX Application Thread] INFO  o.b.s.Utils.FileUtil - 成功加载文件/org/bxwbb/spigotplugincreatertool/icon/Universal/NewProject.png
2026-01-29 21:00:17.442 [JavaFX Application Thread] INFO  o.b.s.Utils.FileUtil - 成功加载文件/org/bxwbb/spigotplugincreatertool/icon/Universal/NewProject.png
2026-01-29 21:00:21.516 [JavaFX-Launcher] INFO  o.b.s.HelloApplication - 执行初始化...
2026-01-29 21:00:21.522 [JavaFX Application Thread] INFO  o.b.s.HelloApplication - 工具开始启动并加载...
2026-01-29 21:00:21.563 [JavaFX Application Thread] INFO  o.b.s.Utils.FileUtil - 成功加载文件/org/bxwbb/spigotplugincreatertool/icon/icon.png
2026-01-29 21:00:21.746 [JavaFX Application Thread] INFO  o.b.s.Utils.FileUtil - 成功加载文件/org/bxwbb/spigotplugincreatertool/icon/Universal/OpenFolder.png
2026-01-29 21:00:21.752 [JavaFX Application Thread] INFO  o.b.s.Utils.FileUtil - 成功加载文件/org/bxwbb/spigotplugincreatertool/icon/Universal/NewProject.png
2026-01-29 21:00:21.754 [JavaFX Application Thread] INFO  o.b.s.Utils.FileUtil - 成功加载文件/org/bxwbb/spigotplugincreatertool/icon/Universal/Setting.png
2026-01-29 21:00:21.756 [JavaFX Application Thread] INFO  o.b.s.Utils.FileUtil - 成功加载文件/org/bxwbb/spigotplugincreatertool/icon/Universal/Learn.png
2026-01-29 21:00:21.758 [JavaFX Application Thread] INFO  o.b.s.Utils.FileUtil - 成功加载文件/org/bxwbb/spigotplugincreatertool/icon/Universal/Quit.png
2026-01-29 21:00:21.778 [JavaFX Application Thread] INFO  o.b.s.Utils.FileUtil - 成功加载文件/org/bxwbb/spigotplugincreatertool/icon/Universal/NewProject.png
2026-01-29 21:00:21.789 [JavaFX Application Thread] INFO  o.b.s.Utils.FileUtil - 成功加载文件/org/bxwbb/spigotplugincreatertool/icon/Universal/NewProject.png
2026-01-29 21:00:23.247 [JavaFX Application Thread] INFO  o.b.s.BxWinLab.Base.BaseLabel - 控件焦点改变至 - org.bxwbb.spigotplugincreatertool.BxWinLab.SwitchBox@5987fc92
2026-01-29 21:00:24.398 [JavaFX Application Thread] INFO  o.b.s.BxWinLab.Base.BaseLabel - 控件焦点改变至 - org.bxwbb.spigotplugincreatertool.BxWinLab.ButtonBox@7f09eb7d
2026-01-29 21:00:25.045 [JavaFX Application Thread] INFO  o.b.s.BxWinLab.Base.BaseLabel - 控件焦点改变至 - org.bxwbb.spigotplugincreatertool.BxWinLab.SwitchBox@5987fc92
2026-01-29 21:00:26.844 [JavaFX Application Thread] INFO  o.b.s.HelloApplication - 执行停止...
2026-01-29 21:00:39.298 [JavaFX-Launcher] INFO  o.b.s.HelloApplication - 执行初始化...
2026-01-29 21:00:39.303 [JavaFX Application Thread] INFO  o.b.s.HelloApplication - 工具开始启动并加载...
2026-01-29 21:00:39.346 [JavaFX Application Thread] INFO  o.b.s.Utils.FileUtil - 成功加载文件/org/bxwbb/spigotplugincreatertool/icon/icon.png
2026-01-29 21:00:39.523 [JavaFX Application Thread] INFO  o.b.s.Utils.FileUtil - 成功加载文件/org/bxwbb/spigotplugincreatertool/icon/Universal/OpenFolder.png
2026-01-29 21:00:39.529 [JavaFX Application Thread] INFO  o.b.s.Utils.FileUtil - 成功加载文件/org/bxwbb/spigotplugincreatertool/icon/Universal/NewProject.png
2026-01-29 21:00:39.531 [JavaFX Application Thread] INFO  o.b.s.Utils.FileUtil - 成功加载文件/org/bxwbb/spigotplugincreatertool/icon/Universal/Setting.png
2026-01-29 21:00:39.534 [JavaFX Application Thread] INFO  o.b.s.Utils.FileUtil - 成功加载文件/org/bxwbb/spigotplugincreatertool/icon/Universal/Learn.png
2026-01-29 21:00:39.536 [JavaFX Application Thread] INFO  o.b.s.Utils.FileUtil - 成功加载文件/org/bxwbb/spigotplugincreatertool/icon/Universal/Quit.png
2026-01-29 21:00:39.555 [JavaFX Application Thread] INFO  o.b.s.Utils.FileUtil - 成功加载文件/org/bxwbb/spigotplugincreatertool/icon/Universal/NewProject.png
2026-01-29 21:00:39.565 [JavaFX Application Thread] INFO  o.b.s.Utils.FileUtil - 成功加载文件/org/bxwbb/spigotplugincreatertool/icon/Universal/NewProject.png
2026-01-29 21:00:48.754 [JavaFX Application Thread] INFO  o.b.s.HelloApplication - 执行停止...
2026-01-29 21:01:02.491 [JavaFX-Launcher] INFO  o.b.s.HelloApplication - 执行初始化...
2026-01-29 21:01:02.497 [JavaFX Application Thread] INFO  o.b.s.HelloApplication - 工具开始启动并加载...
2026-01-29 21:01:02.537 [JavaFX Application Thread] INFO  o.b.s.Utils.FileUtil - 成功加载文件/org/bxwbb/spigotplugincreatertool/icon/icon.png
2026-01-29 21:01:02.722 [JavaFX Application Thread] INFO  o.b.s.Utils.FileUtil - 成功加载文件/org/bxwbb/spigotplugincreatertool/icon/Universal/OpenFolder.png
2026-01-29 21:01:02.727 [JavaFX Application Thread] INFO  o.b.s.Utils.FileUtil - 成功加载文件/org/bxwbb/spigotplugincreatertool/icon/Universal/NewProject.png
2026-01-29 21:01:02.730 [JavaFX Application Thread] INFO  o.b.s.Utils.FileUtil - 成功加载文件/org/bxwbb/spigotplugincreatertool/icon/Universal/Setting.png
2026-01-29 21:01:02.732 [JavaFX Application Thread] INFO  o.b.s.Utils.FileUtil - 成功加载文件/org/bxwbb/spigotplugincreatertool/icon/Universal/Learn.png
2026-01-29 21:01:02.734 [JavaFX Application Thread] INFO  o.b.s.Utils.FileUtil - 成功加载文件/org/bxwbb/spigotplugincreatertool/icon/Universal/Quit.png
2026-01-29 21:01:02.752 [JavaFX Application Thread] INFO  o.b.s.Utils.FileUtil - 成功加载文件/org/bxwbb/spigotplugincreatertool/icon/Universal/NewProject.png
2026-01-29 21:01:02.763 [JavaFX Application Thread] INFO  o.b.s.Utils.FileUtil - 成功加载文件/org/bxwbb/spigotplugincreatertool/icon/Universal/NewProject.png
2026-01-29 21:01:04.217 [JavaFX Application Thread] INFO  o.b.s.BxWinLab.Base.BaseLabel - 控件焦点改变至 - org.bxwbb.spigotplugincreatertool.BxWinLab.SwitchBox@3ad4606e
2026-01-29 21:01:18.951 [JavaFX Application Thread] INFO  o.b.s.HelloApplication - 执行停止...
2026-01-29 21:03:32.148 [JavaFX-Launcher] INFO  o.b.s.HelloApplication - 执行初始化...
2026-01-29 21:03:32.153 [JavaFX Application Thread] INFO  o.b.s.HelloApplication - 工具开始启动并加载...
2026-01-29 21:03:32.194 [JavaFX Application Thread] INFO  o.b.s.Utils.FileUtil - 成功加载文件/org/bxwbb/spigotplugincreatertool/icon/icon.png
2026-01-29 21:03:32.369 [JavaFX Application Thread] INFO  o.b.s.Utils.FileUtil - 成功加载文件/org/bxwbb/spigotplugincreatertool/icon/Universal/OpenFolder.png
2026-01-29 21:03:32.374 [JavaFX Application Thread] INFO  o.b.s.Utils.FileUtil - 成功加载文件/org/bxwbb/spigotplugincreatertool/icon/Universal/NewProject.png
2026-01-29 21:03:32.377 [JavaFX Application Thread] INFO  o.b.s.Utils.FileUtil - 成功加载文件/org/bxwbb/spigotplugincreatertool/icon/Universal/Setting.png
2026-01-29 21:03:32.379 [JavaFX Application Thread] INFO  o.b.s.Utils.FileUtil - 成功加载文件/org/bxwbb/spigotplugincreatertool/icon/Universal/Learn.png
2026-01-29 21:03:32.381 [JavaFX Application Thread] INFO  o.b.s.Utils.FileUtil - 成功加载文件/org/bxwbb/spigotplugincreatertool/icon/Universal/Quit.png
2026-01-29 21:03:32.400 [JavaFX Application Thread] INFO  o.b.s.Utils.FileUtil - 成功加载文件/org/bxwbb/spigotplugincreatertool/icon/Universal/NewProject.png
2026-01-29 21:03:32.410 [JavaFX Application Thread] INFO  o.b.s.Utils.FileUtil - 成功加载文件/org/bxwbb/spigotplugincreatertool/icon/Universal/NewProject.png
2026-01-29 21:03:46.092 [JavaFX Application Thread] INFO  o.b.s.HelloApplication - 执行停止...
2026-01-29 21:04:02.482 [JavaFX-Launcher] INFO  o.b.s.HelloApplication - 执行初始化...
2026-01-29 21:04:02.488 [JavaFX Application Thread] INFO  o.b.s.HelloApplication - 工具开始启动并加载...
2026-01-29 21:04:02.529 [JavaFX Application Thread] INFO  o.b.s.Utils.FileUtil - 成功加载文件/org/bxwbb/spigotplugincreatertool/icon/icon.png
2026-01-29 21:04:02.711 [JavaFX Application Thread] INFO  o.b.s.Utils.FileUtil - 成功加载文件/org/bxwbb/spigotplugincreatertool/icon/Universal/OpenFolder.png
2026-01-29 21:04:02.716 [JavaFX Application Thread] INFO  o.b.s.Utils.FileUtil - 成功加载文件/org/bxwbb/spigotplugincreatertool/icon/Universal/NewProject.png
2026-01-29 21:04:02.719 [JavaFX Application Thread] INFO  o.b.s.Utils.FileUtil - 成功加载文件/org/bxwbb/spigotplugincreatertool/icon/Universal/Setting.png
2026-01-29 21:04:02.721 [JavaFX Application Thread] INFO  o.b.s.Utils.FileUtil - 成功加载文件/org/bxwbb/spigotplugincreatertool/icon/Universal/Learn.png
2026-01-29 21:04:02.723 [JavaFX Application Thread] INFO  o.b.s.Utils.FileUtil - 成功加载文件/org/bxwbb/spigotplugincreatertool/icon/Universal/Quit.png
2026-01-29 21:04:02.743 [JavaFX Application Thread] INFO  o.b.s.Utils.FileUtil - 成功加载文件/org/bxwbb/spigotplugincreatertool/icon/Universal/NewProject.png
2026-01-29 21:04:02.754 [JavaFX Application Thread] INFO  o.b.s.Utils.FileUtil - 成功加载文件/org/bxwbb/spigotplugincreatertool/icon/Universal/NewProject.png
2026-01-29 21:04:47.585 [JavaFX Application Thread] INFO  o.b.s.BxWinLab.Base.BaseLabel - 控件焦点改变至 - org.bxwbb.spigotplugincreatertool.BxWinLab.SwitchBox@3ad4606e
2026-01-29 21:05:04.456 [JavaFX Application Thread] INFO  o.b.s.HelloApplication - 执行停止...
2026-01-29 21:05:12.518 [JavaFX-Launcher] INFO  o.b.s.HelloApplication - 执行初始化...
2026-01-29 21:05:12.524 [JavaFX Application Thread] INFO  o.b.s.HelloApplication - 工具开始启动并加载...
2026-01-29 21:05:12.565 [JavaFX Application Thread] INFO  o.b.s.Utils.FileUtil - 成功加载文件/org/bxwbb/spigotplugincreatertool/icon/icon.png
2026-01-29 21:05:12.743 [JavaFX Application Thread] INFO  o.b.s.Utils.FileUtil - 成功加载文件/org/bxwbb/spigotplugincreatertool/icon/Universal/OpenFolder.png
2026-01-29 21:05:12.749 [JavaFX Application Thread] INFO  o.b.s.Utils.FileUtil - 成功加载文件/org/bxwbb/spigotplugincreatertool/icon/Universal/NewProject.png
2026-01-29 21:05:12.752 [JavaFX Application Thread] INFO  o.b.s.Utils.FileUtil - 成功加载文件/org/bxwbb/spigotplugincreatertool/icon/Universal/Setting.png
2026-01-29 21:05:12.754 [JavaFX Application Thread] INFO  o.b.s.Utils.FileUtil - 成功加载文件/org/bxwbb/spigotplugincreatertool/icon/Universal/Learn.png
2026-01-29 21:05:12.756 [JavaFX Application Thread] INFO  o.b.s.Utils.FileUtil - 成功加载文件/org/bxwbb/spigotplugincreatertool/icon/Universal/Quit.png
2026-01-29 21:05:12.775 [JavaFX Application Thread] INFO  o.b.s.Utils.FileUtil - 成功加载文件/org/bxwbb/spigotplugincreatertool/icon/Universal/NewProject.png
2026-01-29 21:05:12.786 [JavaFX Application Thread] INFO  o.b.s.Utils.FileUtil - 成功加载文件/org/bxwbb/spigotplugincreatertool/icon/Universal/NewProject.png
2026-01-29 21:05:41.871 [JavaFX Application Thread] INFO  o.b.s.HelloApplication - 执行停止...
2026-01-29 21:07:51.544 [JavaFX-Launcher] INFO  o.b.s.HelloApplication - 执行初始化...
2026-01-29 21:07:51.550 [JavaFX Application Thread] INFO  o.b.s.HelloApplication - 工具开始启动并加载...
2026-01-29 21:07:51.594 [JavaFX Application Thread] INFO  o.b.s.Utils.FileUtil - 成功加载文件/org/bxwbb/spigotplugincreatertool/icon/icon.png
2026-01-29 21:07:51.772 [JavaFX Application Thread] INFO  o.b.s.Utils.FileUtil - 成功加载文件/org/bxwbb/spigotplugincreatertool/icon/Universal/OpenFolder.png
2026-01-29 21:07:51.777 [JavaFX Application Thread] INFO  o.b.s.Utils.FileUtil - 成功加载文件/org/bxwbb/spigotplugincreatertool/icon/Universal/NewProject.png
2026-01-29 21:07:51.779 [JavaFX Application Thread] INFO  o.b.s.Utils.FileUtil - 成功加载文件/org/bxwbb/spigotplugincreatertool/icon/Universal/Setting.png
2026-01-29 21:07:51.783 [JavaFX Application Thread] INFO  o.b.s.Utils.FileUtil - 成功加载文件/org/bxwbb/spigotplugincreatertool/icon/Universal/Learn.png
2026-01-29 21:07:51.785 [JavaFX Application Thread] INFO  o.b.s.Utils.FileUtil - 成功加载文件/org/bxwbb/spigotplugincreatertool/icon/Universal/Quit.png
2026-01-29 21:07:51.805 [JavaFX Application Thread] INFO  o.b.s.Utils.FileUtil - 成功加载文件/org/bxwbb/spigotplugincreatertool/icon/Universal/NewProject.png
2026-01-29 21:07:51.814 [JavaFX Application Thread] INFO  o.b.s.Utils.FileUtil - 成功加载文件/org/bxwbb/spigotplugincreatertool/icon/Universal/NewProject.png
2026-01-29 21:07:58.963 [JavaFX Application Thread] INFO  o.b.s.HelloApplication - 执行停止...
2026-01-29 21:08:33.617 [JavaFX-Launcher] INFO  o.b.s.HelloApplication - 执行初始化...
2026-01-29 21:08:33.623 [JavaFX Application Thread] INFO  o.b.s.HelloApplication - 工具开始启动并加载...
2026-01-29 21:08:33.664 [JavaFX Application Thread] INFO  o.b.s.Utils.FileUtil - 成功加载文件/org/bxwbb/spigotplugincreatertool/icon/icon.png
2026-01-29 21:08:33.851 [JavaFX Application Thread] INFO  o.b.s.Utils.FileUtil - 成功加载文件/org/bxwbb/spigotplugincreatertool/icon/Universal/OpenFolder.png
2026-01-29 21:08:33.857 [JavaFX Application Thread] INFO  o.b.s.Utils.FileUtil - 成功加载文件/org/bxwbb/spigotplugincreatertool/icon/Universal/NewProject.png
2026-01-29 21:08:33.860 [JavaFX Application Thread] INFO  o.b.s.Utils.FileUtil - 成功加载文件/org/bxwbb/spigotplugincreatertool/icon/Universal/Setting.png
2026-01-29 21:08:33.862 [JavaFX Application Thread] INFO  o.b.s.Utils.FileUtil - 成功加载文件/org/bxwbb/spigotplugincreatertool/icon/Universal/Learn.png
2026-01-29 21:08:33.864 [JavaFX Application Thread] INFO  o.b.s.Utils.FileUtil - 成功加载文件/org/bxwbb/spigotplugincreatertool/icon/Universal/Quit.png
2026-01-29 21:08:33.885 [JavaFX Application Thread] INFO  o.b.s.Utils.FileUtil - 成功加载文件/org/bxwbb/spigotplugincreatertool/icon/Universal/NewProject.png
2026-01-29 21:08:33.897 [JavaFX Application Thread] INFO  o.b.s.Utils.FileUtil - 成功加载文件/org/bxwbb/spigotplugincreatertool/icon/Universal/NewProject.png
2026-01-29 21:08:38.101 [JavaFX Application Thread] INFO  o.b.s.HelloApplication - 执行停止...
2026-01-29 23:49:28.181 [JavaFX-Launcher] INFO  o.b.s.HelloApplication - 执行初始化...
2026-01-29 23:49:28.186 [JavaFX Application Thread] INFO  o.b.s.HelloApplication - 工具开始启动并加载...
2026-01-29 23:49:28.228 [JavaFX Application Thread] INFO  o.b.s.Utils.FileUtil - 成功加载文件/org/bxwbb/spigotplugincreatertool/icon/icon.png
2026-01-29 23:49:28.478 [JavaFX Application Thread] INFO  o.b.s.Utils.FileUtil - 成功加载文件/org/bxwbb/spigotplugincreatertool/icon/Universal/OpenFolder.png
2026-01-29 23:49:28.483 [JavaFX Application Thread] INFO  o.b.s.Utils.FileUtil - 成功加载文件/org/bxwbb/spigotplugincreatertool/icon/Universal/NewProject.png
2026-01-29 23:49:28.486 [JavaFX Application Thread] INFO  o.b.s.Utils.FileUtil - 成功加载文件/org/bxwbb/spigotplugincreatertool/icon/Universal/Setting.png
2026-01-29 23:49:28.489 [JavaFX Application Thread] INFO  o.b.s.Utils.FileUtil - 成功加载文件/org/bxwbb/spigotplugincreatertool/icon/Universal/Learn.png
2026-01-29 23:49:28.491 [JavaFX Application Thread] INFO  o.b.s.Utils.FileUtil - 成功加载文件/org/bxwbb/spigotplugincreatertool/icon/Universal/Quit.png
2026-01-29 23:49:28.510 [JavaFX Application Thread] INFO  o.b.s.Utils.FileUtil - 成功加载文件/org/bxwbb/spigotplugincreatertool/icon/Universal/NewProject.png
2026-01-29 23:49:28.519 [JavaFX Application Thread] WARN  o.b.s.BxWinLab.Base.BaseLabel - 无法包裹元素org.bxwbb.spigotplugincreatertool.BxWinLab.VerticalLayout@17c0734d - 尝试包裹浮动体
2026-01-29 23:49:28.520 [JavaFX Application Thread] WARN  o.b.s.BxWinLab.Base.BaseLabel - 无法包裹元素org.bxwbb.spigotplugincreatertool.BxWinLab.VerticalLayout@17c0734d - 尝试包裹浮动体
2026-01-29 23:49:28.520 [JavaFX Application Thread] WARN  o.b.s.BxWinLab.Base.BaseLabel - 无法包裹元素org.bxwbb.spigotplugincreatertool.BxWinLab.VerticalLayout@17c0734d - 尝试包裹浮动体
2026-01-29 23:49:28.520 [JavaFX Application Thread] WARN  o.b.s.BxWinLab.Base.BaseLabel - 无法包裹元素org.bxwbb.spigotplugincreatertool.BxWinLab.VerticalLayout@17c0734d - 尝试包裹浮动体
2026-01-29 23:49:28.520 [JavaFX Application Thread] WARN  o.b.s.BxWinLab.Base.BaseLabel - 无法包裹元素org.bxwbb.spigotplugincreatertool.BxWinLab.VerticalLayout@17c0734d - 尝试包裹浮动体
2026-01-29 23:49:28.520 [JavaFX Application Thread] WARN  o.b.s.BxWinLab.Base.BaseLabel - 无法包裹元素org.bxwbb.spigotplugincreatertool.BxWinLab.VerticalLayout@17c0734d - 尝试包裹浮动体
2026-01-29 23:49:28.520 [JavaFX Application Thread] WARN  o.b.s.BxWinLab.Base.BaseLabel - 无法包裹元素org.bxwbb.spigotplugincreatertool.BxWinLab.VerticalLayout@17c0734d - 尝试包裹浮动体
2026-01-29 23:49:28.520 [JavaFX Application Thread] WARN  o.b.s.BxWinLab.Base.BaseLabel - 无法包裹元素org.bxwbb.spigotplugincreatertool.BxWinLab.VerticalLayout@17c0734d - 尝试包裹浮动体
2026-01-29 23:49:28.520 [JavaFX Application Thread] WARN  o.b.s.BxWinLab.Base.BaseLabel - 无法包裹元素org.bxwbb.spigotplugincreatertool.BxWinLab.VerticalLayout@17c0734d - 尝试包裹浮动体
2026-01-29 23:49:28.521 [JavaFX Application Thread] WARN  o.b.s.BxWinLab.Base.BaseLabel - 无法包裹元素org.bxwbb.spigotplugincreatertool.BxWinLab.VerticalLayout@17c0734d - 尝试包裹浮动体
2026-01-29 23:49:28.521 [JavaFX Application Thread] WARN  o.b.s.BxWinLab.Base.BaseLabel - 无法包裹元素org.bxwbb.spigotplugincreatertool.BxWinLab.VerticalLayout@17c0734d - 尝试包裹浮动体
2026-01-29 23:49:28.521 [JavaFX Application Thread] WARN  o.b.s.BxWinLab.Base.BaseLabel - 无法包裹元素org.bxwbb.spigotplugincreatertool.BxWinLab.VerticalLayout@17c0734d - 尝试包裹浮动体
2026-01-29 23:49:28.521 [JavaFX Application Thread] WARN  o.b.s.BxWinLab.Base.BaseLabel - 无法包裹元素org.bxwbb.spigotplugincreatertool.BxWinLab.VerticalLayout@17c0734d - 尝试包裹浮动体
2026-01-29 23:49:28.521 [JavaFX Application Thread] WARN  o.b.s.BxWinLab.Base.BaseLabel - 无法包裹元素org.bxwbb.spigotplugincreatertool.BxWinLab.VerticalLayout@17c0734d - 尝试包裹浮动体
2026-01-29 23:49:28.522 [JavaFX Application Thread] WARN  o.b.s.BxWinLab.Base.BaseLabel - 无法包裹元素org.bxwbb.spigotplugincreatertool.BxWinLab.VerticalLayout@17c0734d - 尝试包裹浮动体
2026-01-29 23:49:28.522 [JavaFX Application Thread] INFO  o.b.s.Utils.FileUtil - 成功加载文件/org/bxwbb/spigotplugincreatertool/icon/Universal/NewProject.png
2026-01-29 23:49:28.531 [JavaFX Application Thread] WARN  o.b.s.BxWinLab.Base.BaseLabel - 无法包裹元素org.bxwbb.spigotplugincreatertool.BxWinLab.VerticalLayout@17c0734d - 尝试包裹浮动体
2026-01-29 23:49:28.531 [JavaFX Application Thread] WARN  o.b.s.BxWinLab.Base.BaseLabel - 无法包裹元素org.bxwbb.spigotplugincreatertool.BxWinLab.VerticalLayout@17c0734d - 尝试包裹浮动体
2026-01-29 23:49:28.531 [JavaFX Application Thread] WARN  o.b.s.BxWinLab.Base.BaseLabel - 无法包裹元素org.bxwbb.spigotplugincreatertool.BxWinLab.VerticalLayout@17c0734d - 尝试包裹浮动体
2026-01-29 23:49:28.539 [JavaFX Application Thread] WARN  o.b.s.BxWinLab.Base.BaseLabel - 无法包裹元素org.bxwbb.spigotplugincreatertool.BxWinLab.VerticalLayout@17c0734d - 尝试包裹浮动体
2026-01-29 23:49:28.540 [JavaFX Application Thread] WARN  o.b.s.BxWinLab.Base.BaseLabel - 无法包裹元素org.bxwbb.spigotplugincreatertool.BxWinLab.VerticalLayout@17c0734d - 尝试包裹浮动体
2026-01-29 23:49:28.540 [JavaFX Application Thread] WARN  o.b.s.BxWinLab.Base.BaseLabel - 无法包裹元素org.bxwbb.spigotplugincreatertool.BxWinLab.VerticalLayout@17c0734d - 尝试包裹浮动体
2026-01-29 23:49:28.546 [JavaFX Application Thread] WARN  o.b.s.BxWinLab.Base.BaseLabel - 无法包裹元素org.bxwbb.spigotplugincreatertool.BxWinLab.VerticalLayout@17c0734d - 尝试包裹浮动体
2026-01-29 23:49:28.547 [JavaFX Application Thread] WARN  o.b.s.BxWinLab.Base.BaseLabel - 无法包裹元素org.bxwbb.spigotplugincreatertool.BxWinLab.VerticalLayout@17c0734d - 尝试包裹浮动体
2026-01-29 23:49:28.547 [JavaFX Application Thread] WARN  o.b.s.BxWinLab.Base.BaseLabel - 无法包裹元素org.bxwbb.spigotplugincreatertool.BxWinLab.VerticalLayout@17c0734d - 尝试包裹浮动体
2026-01-29 23:49:28.551 [JavaFX Application Thread] WARN  o.b.s.BxWinLab.Base.BaseLabel - 无法包裹元素org.bxwbb.spigotplugincreatertool.BxWinLab.VerticalLayout@17c0734d - 尝试包裹浮动体
2026-01-29 23:49:28.552 [JavaFX Application Thread] WARN  o.b.s.BxWinLab.Base.BaseLabel - 无法包裹元素org.bxwbb.spigotplugincreatertool.BxWinLab.VerticalLayout@17c0734d - 尝试包裹浮动体
2026-01-29 23:49:28.552 [JavaFX Application Thread] WARN  o.b.s.BxWinLab.Base.BaseLabel - 无法包裹元素org.bxwbb.spigotplugincreatertool.BxWinLab.VerticalLayout@17c0734d - 尝试包裹浮动体
2026-01-29 23:49:28.563 [JavaFX Application Thread] WARN  o.b.s.BxWinLab.Base.BaseLabel - 无法包裹元素org.bxwbb.spigotplugincreatertool.BxWinLab.VerticalLayout@17c0734d - 尝试包裹浮动体
2026-01-29 23:49:28.564 [JavaFX Application Thread] WARN  o.b.s.BxWinLab.Base.BaseLabel - 无法包裹元素org.bxwbb.spigotplugincreatertool.BxWinLab.VerticalLayout@17c0734d - 尝试包裹浮动体
2026-01-29 23:49:28.564 [JavaFX Application Thread] WARN  o.b.s.BxWinLab.Base.BaseLabel - 无法包裹元素org.bxwbb.spigotplugincreatertool.BxWinLab.VerticalLayout@17c0734d - 尝试包裹浮动体
2026-01-29 23:49:28.567 [JavaFX Application Thread] WARN  o.b.s.BxWinLab.Base.BaseLabel - 无法包裹元素org.bxwbb.spigotplugincreatertool.BxWinLab.VerticalLayout@17c0734d - 尝试包裹浮动体
2026-01-29 23:49:28.567 [JavaFX Application Thread] WARN  o.b.s.BxWinLab.Base.BaseLabel - 无法包裹元素org.bxwbb.spigotplugincreatertool.BxWinLab.VerticalLayout@17c0734d - 尝试包裹浮动体
2026-01-29 23:49:28.568 [JavaFX Application Thread] WARN  o.b.s.BxWinLab.Base.BaseLabel - 无法包裹元素org.bxwbb.spigotplugincreatertool.BxWinLab.VerticalLayout@17c0734d - 尝试包裹浮动体
2026-01-29 23:49:33.236 [JavaFX Application Thread] INFO  o.b.s.BxWinLab.Base.BaseLabel - 控件焦点改变至 - org.bxwbb.spigotplugincreatertool.BxWinLab.SwitchBox@13b89ded
2026-01-29 23:49:34.193 [JavaFX Application Thread] INFO  o.b.s.BxWinLab.Base.BaseLabel - 控件焦点改变至 - org.bxwbb.spigotplugincreatertool.BxWinLab.ButtonBox@4d29ec2f
2026-01-29 23:49:35.371 [JavaFX Application Thread] INFO  o.b.s.BxWinLab.Base.BaseLabel - 控件焦点改变至 - org.bxwbb.spigotplugincreatertool.BxWinLab.SwitchBox@13b89ded
2026-01-29 23:49:38.308 [JavaFX Application Thread] INFO  o.b.s.BxWinLab.Base.BaseLabel - 控件焦点改变至 - org.bxwbb.spigotplugincreatertool.BxWinLab.ButtonBox@4d29ec2f
2026-01-29 23:49:46.144 [JavaFX Application Thread] INFO  o.b.s.HelloApplication - 执行停止...
2026-01-29 23:51:13.064 [JavaFX-Launcher] INFO  o.b.s.HelloApplication - 执行初始化...
2026-01-29 23:51:13.070 [JavaFX Application Thread] INFO  o.b.s.HelloApplication - 工具开始启动并加载...
2026-01-29 23:51:13.110 [JavaFX Application Thread] INFO  o.b.s.Utils.FileUtil - 成功加载文件/org/bxwbb/spigotplugincreatertool/icon/icon.png
2026-01-29 23:51:13.294 [JavaFX Application Thread] INFO  o.b.s.Utils.FileUtil - 成功加载文件/org/bxwbb/spigotplugincreatertool/icon/Universal/OpenFolder.png
2026-01-29 23:51:13.300 [JavaFX Application Thread] INFO  o.b.s.Utils.FileUtil - 成功加载文件/org/bxwbb/spigotplugincreatertool/icon/Universal/NewProject.png
2026-01-29 23:51:13.302 [JavaFX Application Thread] INFO  o.b.s.Utils.FileUtil - 成功加载文件/org/bxwbb/spigotplugincreatertool/icon/Universal/Setting.png
2026-01-29 23:51:13.304 [JavaFX Application Thread] INFO  o.b.s.Utils.FileUtil - 成功加载文件/org/bxwbb/spigotplugincreatertool/icon/Universal/Learn.png
2026-01-29 23:51:13.306 [JavaFX Application Thread] INFO  o.b.s.Utils.FileUtil - 成功加载文件/org/bxwbb/spigotplugincreatertool/icon/Universal/Quit.png
2026-01-29 23:51:13.327 [JavaFX Application Thread] INFO  o.b.s.Utils.FileUtil - 成功加载文件/org/bxwbb/spigotplugincreatertool/icon/Universal/NewProject.png
2026-01-29 23:51:13.335 [JavaFX Application Thread] WARN  o.b.s.BxWinLab.Base.BaseLabel - 无法包裹元素org.bxwbb.spigotplugincreatertool.BxWinLab.VerticalLayout@17c0734d - 尝试包裹浮动体
2026-01-29 23:51:13.335 [JavaFX Application Thread] WARN  o.b.s.BxWinLab.Base.BaseLabel - 无法包裹元素org.bxwbb.spigotplugincreatertool.BxWinLab.VerticalLayout@17c0734d - 尝试包裹浮动体
2026-01-29 23:51:13.335 [JavaFX Application Thread] WARN  o.b.s.BxWinLab.Base.BaseLabel - 无法包裹元素org.bxwbb.spigotplugincreatertool.BxWinLab.VerticalLayout@17c0734d - 尝试包裹浮动体
2026-01-29 23:51:13.335 [JavaFX Application Thread] WARN  o.b.s.BxWinLab.Base.BaseLabel - 无法包裹元素org.bxwbb.spigotplugincreatertool.BxWinLab.VerticalLayout@17c0734d - 尝试包裹浮动体
2026-01-29 23:51:13.335 [JavaFX Application Thread] WARN  o.b.s.BxWinLab.Base.BaseLabel - 无法包裹元素org.bxwbb.spigotplugincreatertool.BxWinLab.VerticalLayout@17c0734d - 尝试包裹浮动体
2026-01-29 23:51:13.336 [JavaFX Application Thread] WARN  o.b.s.BxWinLab.Base.BaseLabel - 无法包裹元素org.bxwbb.spigotplugincreatertool.BxWinLab.VerticalLayout@17c0734d - 尝试包裹浮动体
2026-01-29 23:51:13.336 [JavaFX Application Thread] WARN  o.b.s.BxWinLab.Base.BaseLabel - 无法包裹元素org.bxwbb.spigotplugincreatertool.BxWinLab.VerticalLayout@17c0734d - 尝试包裹浮动体
2026-01-29 23:51:13.336 [JavaFX Application Thread] WARN  o.b.s.BxWinLab.Base.BaseLabel - 无法包裹元素org.bxwbb.spigotplugincreatertool.BxWinLab.VerticalLayout@17c0734d - 尝试包裹浮动体
2026-01-29 23:51:13.336 [JavaFX Application Thread] WARN  o.b.s.BxWinLab.Base.BaseLabel - 无法包裹元素org.bxwbb.spigotplugincreatertool.BxWinLab.VerticalLayout@17c0734d - 尝试包裹浮动体
2026-01-29 23:51:13.336 [JavaFX Application Thread] WARN  o.b.s.BxWinLab.Base.BaseLabel - 无法包裹元素org.bxwbb.spigotplugincreatertool.BxWinLab.VerticalLayout@17c0734d - 尝试包裹浮动体
2026-01-29 23:51:13.336 [JavaFX Application Thread] WARN  o.b.s.BxWinLab.Base.BaseLabel - 无法包裹元素org.bxwbb.spigotplugincreatertool.BxWinLab.VerticalLayout@17c0734d - 尝试包裹浮动体
2026-01-29 23:51:13.337 [JavaFX Application Thread] WARN  o.b.s.BxWinLab.Base.BaseLabel - 无法包裹元素org.bxwbb.spigotplugincreatertool.BxWinLab.VerticalLayout@17c0734d - 尝试包裹浮动体
2026-01-29 23:51:13.337 [JavaFX Application Thread] WARN  o.b.s.BxWinLab.Base.BaseLabel - 无法包裹元素org.bxwbb.spigotplugincreatertool.BxWinLab.VerticalLayout@17c0734d - 尝试包裹浮动体
2026-01-29 23:51:13.337 [JavaFX Application Thread] WARN  o.b.s.BxWinLab.Base.BaseLabel - 无法包裹元素org.bxwbb.spigotplugincreatertool.BxWinLab.VerticalLayout@17c0734d - 尝试包裹浮动体
2026-01-29 23:51:13.337 [JavaFX Application Thread] WARN  o.b.s.BxWinLab.Base.BaseLabel - 无法包裹元素org.bxwbb.spigotplugincreatertool.BxWinLab.VerticalLayout@17c0734d - 尝试包裹浮动体
2026-01-29 23:51:13.337 [JavaFX Application Thread] INFO  o.b.s.Utils.FileUtil - 成功加载文件/org/bxwbb/spigotplugincreatertool/icon/Universal/NewProject.png
2026-01-29 23:51:13.345 [JavaFX Application Thread] WARN  o.b.s.BxWinLab.Base.BaseLabel - 无法包裹元素org.bxwbb.spigotplugincreatertool.BxWinLab.VerticalLayout@17c0734d - 尝试包裹浮动体
2026-01-29 23:51:13.346 [JavaFX Application Thread] WARN  o.b.s.BxWinLab.Base.BaseLabel - 无法包裹元素org.bxwbb.spigotplugincreatertool.BxWinLab.VerticalLayout@17c0734d - 尝试包裹浮动体
2026-01-29 23:51:13.347 [JavaFX Application Thread] WARN  o.b.s.BxWinLab.Base.BaseLabel - 无法包裹元素org.bxwbb.spigotplugincreatertool.BxWinLab.VerticalLayout@17c0734d - 尝试包裹浮动体
2026-01-29 23:51:13.355 [JavaFX Application Thread] WARN  o.b.s.BxWinLab.Base.BaseLabel - 无法包裹元素org.bxwbb.spigotplugincreatertool.BxWinLab.VerticalLayout@17c0734d - 尝试包裹浮动体
2026-01-29 23:51:13.356 [JavaFX Application Thread] WARN  o.b.s.BxWinLab.Base.BaseLabel - 无法包裹元素org.bxwbb.spigotplugincreatertool.BxWinLab.VerticalLayout@17c0734d - 尝试包裹浮动体
2026-01-29 23:51:13.356 [JavaFX Application Thread] WARN  o.b.s.BxWinLab.Base.BaseLabel - 无法包裹元素org.bxwbb.spigotplugincreatertool.BxWinLab.VerticalLayout@17c0734d - 尝试包裹浮动体
2026-01-29 23:51:13.363 [JavaFX Application Thread] WARN  o.b.s.BxWinLab.Base.BaseLabel - 无法包裹元素org.bxwbb.spigotplugincreatertool.BxWinLab.VerticalLayout@17c0734d - 尝试包裹浮动体
2026-01-29 23:51:13.363 [JavaFX Application Thread] WARN  o.b.s.BxWinLab.Base.BaseLabel - 无法包裹元素org.bxwbb.spigotplugincreatertool.BxWinLab.VerticalLayout@17c0734d - 尝试包裹浮动体
2026-01-29 23:51:13.364 [JavaFX Application Thread] WARN  o.b.s.BxWinLab.Base.BaseLabel - 无法包裹元素org.bxwbb.spigotplugincreatertool.BxWinLab.VerticalLayout@17c0734d - 尝试包裹浮动体
2026-01-29 23:51:13.368 [JavaFX Application Thread] WARN  o.b.s.BxWinLab.Base.BaseLabel - 无法包裹元素org.bxwbb.spigotplugincreatertool.BxWinLab.VerticalLayout@17c0734d - 尝试包裹浮动体
2026-01-29 23:51:13.368 [JavaFX Application Thread] WARN  o.b.s.BxWinLab.Base.BaseLabel - 无法包裹元素org.bxwbb.spigotplugincreatertool.BxWinLab.VerticalLayout@17c0734d - 尝试包裹浮动体
2026-01-29 23:51:13.369 [JavaFX Application Thread] WARN  o.b.s.BxWinLab.Base.BaseLabel - 无法包裹元素org.bxwbb.spigotplugincreatertool.BxWinLab.VerticalLayout@17c0734d - 尝试包裹浮动体
2026-01-29 23:51:13.379 [JavaFX Application Thread] WARN  o.b.s.BxWinLab.Base.BaseLabel - 无法包裹元素org.bxwbb.spigotplugincreatertool.BxWinLab.VerticalLayout@17c0734d - 尝试包裹浮动体
2026-01-29 23:51:13.379 [JavaFX Application Thread] WARN  o.b.s.BxWinLab.Base.BaseLabel - 无法包裹元素org.bxwbb.spigotplugincreatertool.BxWinLab.VerticalLayout@17c0734d - 尝试包裹浮动体
2026-01-29 23:51:13.380 [JavaFX Application Thread] WARN  o.b.s.BxWinLab.Base.BaseLabel - 无法包裹元素org.bxwbb.spigotplugincreatertool.BxWinLab.VerticalLayout@17c0734d - 尝试包裹浮动体
2026-01-29 23:51:13.383 [JavaFX Application Thread] WARN  o.b.s.BxWinLab.Base.BaseLabel - 无法包裹元素org.bxwbb.spigotplugincreatertool.BxWinLab.VerticalLayout@17c0734d - 尝试包裹浮动体
2026-01-29 23:51:13.384 [JavaFX Application Thread] WARN  o.b.s.BxWinLab.Base.BaseLabel - 无法包裹元素org.bxwbb.spigotplugincreatertool.BxWinLab.VerticalLayout@17c0734d - 尝试包裹浮动体
2026-01-29 23:51:13.384 [JavaFX Application Thread] WARN  o.b.s.BxWinLab.Base.BaseLabel - 无法包裹元素org.bxwbb.spigotplugincreatertool.BxWinLab.VerticalLayout@17c0734d - 尝试包裹浮动体
2026-01-29 23:51:17.405 [JavaFX Application Thread] INFO  o.b.s.BxWinLab.Base.BaseLabel - 控件焦点改变至 - org.bxwbb.spigotplugincreatertool.BxWinLab.SwitchBox@1261dab
2026-01-29 23:51:18.690 [JavaFX Application Thread] INFO  o.b.s.BxWinLab.Base.BaseLabel - 控件焦点改变至 - org.bxwbb.spigotplugincreatertool.BxWinLab.ButtonBox@2529e996
2026-01-29 23:51:23.322 [JavaFX Application Thread] INFO  o.b.s.HelloApplication - 执行停止...
2026-01-29 23:52:28.444 [JavaFX-Launcher] INFO  o.b.s.HelloApplication - 执行初始化...
2026-01-29 23:52:28.450 [JavaFX Application Thread] INFO  o.b.s.HelloApplication - 工具开始启动并加载...
2026-01-29 23:52:28.492 [JavaFX Application Thread] INFO  o.b.s.Utils.FileUtil - 成功加载文件/org/bxwbb/spigotplugincreatertool/icon/icon.png
2026-01-29 23:52:28.670 [JavaFX Application Thread] INFO  o.b.s.Utils.FileUtil - 成功加载文件/org/bxwbb/spigotplugincreatertool/icon/Universal/OpenFolder.png
2026-01-29 23:52:28.675 [JavaFX Application Thread] INFO  o.b.s.Utils.FileUtil - 成功加载文件/org/bxwbb/spigotplugincreatertool/icon/Universal/NewProject.png
2026-01-29 23:52:28.678 [JavaFX Application Thread] INFO  o.b.s.Utils.FileUtil - 成功加载文件/org/bxwbb/spigotplugincreatertool/icon/Universal/Setting.png
2026-01-29 23:52:28.681 [JavaFX Application Thread] INFO  o.b.s.Utils.FileUtil - 成功加载文件/org/bxwbb/spigotplugincreatertool/icon/Universal/Learn.png
2026-01-29 23:52:28.683 [JavaFX Application Thread] INFO  o.b.s.Utils.FileUtil - 成功加载文件/org/bxwbb/spigotplugincreatertool/icon/Universal/Quit.png
2026-01-29 23:52:28.701 [JavaFX Application Thread] INFO  o.b.s.Utils.FileUtil - 成功加载文件/org/bxwbb/spigotplugincreatertool/icon/Universal/NewProject.png
2026-01-29 23:52:28.710 [JavaFX Application Thread] WARN  o.b.s.BxWinLab.Base.BaseLabel - 无法包裹元素org.bxwbb.spigotplugincreatertool.BxWinLab.VerticalLayout@17c0734d - 尝试包裹浮动体
2026-01-29 23:52:28.710 [JavaFX Application Thread] WARN  o.b.s.BxWinLab.Base.BaseLabel - 无法包裹元素org.bxwbb.spigotplugincreatertool.BxWinLab.VerticalLayout@17c0734d - 尝试包裹浮动体
2026-01-29 23:52:28.710 [JavaFX Application Thread] WARN  o.b.s.BxWinLab.Base.BaseLabel - 无法包裹元素org.bxwbb.spigotplugincreatertool.BxWinLab.VerticalLayout@17c0734d - 尝试包裹浮动体
2026-01-29 23:52:28.710 [JavaFX Application Thread] WARN  o.b.s.BxWinLab.Base.BaseLabel - 无法包裹元素org.bxwbb.spigotplugincreatertool.BxWinLab.VerticalLayout@17c0734d - 尝试包裹浮动体
2026-01-29 23:52:28.710 [JavaFX Application Thread] WARN  o.b.s.BxWinLab.Base.BaseLabel - 无法包裹元素org.bxwbb.spigotplugincreatertool.BxWinLab.VerticalLayout@17c0734d - 尝试包裹浮动体
2026-01-29 23:52:28.710 [JavaFX Application Thread] WARN  o.b.s.BxWinLab.Base.BaseLabel - 无法包裹元素org.bxwbb.spigotplugincreatertool.BxWinLab.VerticalLayout@17c0734d - 尝试包裹浮动体
2026-01-29 23:52:28.711 [JavaFX Application Thread] WARN  o.b.s.BxWinLab.Base.BaseLabel - 无法包裹元素org.bxwbb.spigotplugincreatertool.BxWinLab.VerticalLayout@17c0734d - 尝试包裹浮动体
2026-01-29 23:52:28.711 [JavaFX Application Thread] WARN  o.b.s.BxWinLab.Base.BaseLabel - 无法包裹元素org.bxwbb.spigotplugincreatertool.BxWinLab.VerticalLayout@17c0734d - 尝试包裹浮动体
2026-01-29 23:52:28.711 [JavaFX Application Thread] WARN  o.b.s.BxWinLab.Base.BaseLabel - 无法包裹元素org.bxwbb.spigotplugincreatertool.BxWinLab.VerticalLayout@17c0734d - 尝试包裹浮动体
2026-01-29 23:52:28.711 [JavaFX Application Thread] WARN  o.b.s.BxWinLab.Base.BaseLabel - 无法包裹元素org.bxwbb.spigotplugincreatertool.BxWinLab.VerticalLayout@17c0734d - 尝试包裹浮动体
2026-01-29 23:52:28.712 [JavaFX Application Thread] WARN  o.b.s.BxWinLab.Base.BaseLabel - 无法包裹元素org.bxwbb.spigotplugincreatertool.BxWinLab.VerticalLayout@17c0734d - 尝试包裹浮动体
2026-01-29 23:52:28.712 [JavaFX Application Thread] WARN  o.b.s.BxWinLab.Base.BaseLabel - 无法包裹元素org.bxwbb.spigotplugincreatertool.BxWinLab.VerticalLayout@17c0734d - 尝试包裹浮动体
2026-01-29 23:52:28.712 [JavaFX Application Thread] WARN  o.b.s.BxWinLab.Base.BaseLabel - 无法包裹元素org.bxwbb.spigotplugincreatertool.BxWinLab.VerticalLayout@17c0734d - 尝试包裹浮动体
2026-01-29 23:52:28.712 [JavaFX Application Thread] WARN  o.b.s.BxWinLab.Base.BaseLabel - 无法包裹元素org.bxwbb.spigotplugincreatertool.BxWinLab.VerticalLayout@17c0734d - 尝试包裹浮动体
2026-01-29 23:52:28.712 [JavaFX Application Thread] WARN  o.b.s.BxWinLab.Base.BaseLabel - 无法包裹元素org.bxwbb.spigotplugincreatertool.BxWinLab.VerticalLayout@17c0734d - 尝试包裹浮动体
2026-01-29 23:52:28.712 [JavaFX Application Thread] INFO  o.b.s.Utils.FileUtil - 成功加载文件/org/bxwbb/spigotplugincreatertool/icon/Universal/NewProject.png
2026-01-29 23:52:28.720 [JavaFX Application Thread] WARN  o.b.s.BxWinLab.Base.BaseLabel - 无法包裹元素org.bxwbb.spigotplugincreatertool.BxWinLab.VerticalLayout@17c0734d - 尝试包裹浮动体
2026-01-29 23:52:28.721 [JavaFX Application Thread] WARN  o.b.s.BxWinLab.Base.BaseLabel - 无法包裹元素org.bxwbb.spigotplugincreatertool.BxWinLab.VerticalLayout@17c0734d - 尝试包裹浮动体
2026-01-29 23:52:28.721 [JavaFX Application Thread] WARN  o.b.s.BxWinLab.Base.BaseLabel - 无法包裹元素org.bxwbb.spigotplugincreatertool.BxWinLab.VerticalLayout@17c0734d - 尝试包裹浮动体
2026-01-29 23:52:28.729 [JavaFX Application Thread] WARN  o.b.s.BxWinLab.Base.BaseLabel - 无法包裹元素org.bxwbb.spigotplugincreatertool.BxWinLab.VerticalLayout@17c0734d - 尝试包裹浮动体
2026-01-29 23:52:28.730 [JavaFX Application Thread] WARN  o.b.s.BxWinLab.Base.BaseLabel - 无法包裹元素org.bxwbb.spigotplugincreatertool.BxWinLab.VerticalLayout@17c0734d - 尝试包裹浮动体
2026-01-29 23:52:28.730 [JavaFX Application Thread] WARN  o.b.s.BxWinLab.Base.BaseLabel - 无法包裹元素org.bxwbb.spigotplugincreatertool.BxWinLab.VerticalLayout@17c0734d - 尝试包裹浮动体
2026-01-29 23:52:28.737 [JavaFX Application Thread] WARN  o.b.s.BxWinLab.Base.BaseLabel - 无法包裹元素org.bxwbb.spigotplugincreatertool.BxWinLab.VerticalLayout@17c0734d - 尝试包裹浮动体
2026-01-29 23:52:28.737 [JavaFX Application Thread] WARN  o.b.s.BxWinLab.Base.BaseLabel - 无法包裹元素org.bxwbb.spigotplugincreatertool.BxWinLab.VerticalLayout@17c0734d - 尝试包裹浮动体
2026-01-29 23:52:28.738 [JavaFX Application Thread] WARN  o.b.s.BxWinLab.Base.BaseLabel - 无法包裹元素org.bxwbb.spigotplugincreatertool.BxWinLab.VerticalLayout@17c0734d - 尝试包裹浮动体
2026-01-29 23:52:28.740 [JavaFX Application Thread] WARN  o.b.s.BxWinLab.Base.BaseLabel - 无法包裹元素org.bxwbb.spigotplugincreatertool.BxWinLab.VerticalLayout@17c0734d - 尝试包裹浮动体
2026-01-29 23:52:28.741 [JavaFX Application Thread] WARN  o.b.s.BxWinLab.Base.BaseLabel - 无法包裹元素org.bxwbb.spigotplugincreatertool.BxWinLab.VerticalLayout@17c0734d - 尝试包裹浮动体
2026-01-29 23:52:28.741 [JavaFX Application Thread] WARN  o.b.s.BxWinLab.Base.BaseLabel - 无法包裹元素org.bxwbb.spigotplugincreatertool.BxWinLab.VerticalLayout@17c0734d - 尝试包裹浮动体
2026-01-29 23:52:28.747 [JavaFX Application Thread] WARN  o.b.s.BxWinLab.Base.BaseLabel - 无法包裹元素org.bxwbb.spigotplugincreatertool.BxWinLab.VerticalLayout@17c0734d - 尝试包裹浮动体
2026-01-29 23:52:28.747 [JavaFX Application Thread] WARN  o.b.s.BxWinLab.Base.BaseLabel - 无法包裹元素org.bxwbb.spigotplugincreatertool.BxWinLab.VerticalLayout@17c0734d - 尝试包裹浮动体
2026-01-29 23:52:28.748 [JavaFX Application Thread] WARN  o.b.s.BxWinLab.Base.BaseLabel - 无法包裹元素org.bxwbb.spigotplugincreatertool.BxWinLab.VerticalLayout@17c0734d - 尝试包裹浮动体
2026-01-29 23:52:28.749 [JavaFX Application Thread] WARN  o.b.s.BxWinLab.Base.BaseLabel - 无法包裹元素org.bxwbb.spigotplugincreatertool.BxWinLab.VerticalLayout@17c0734d - 尝试包裹浮动体
2026-01-29 23:52:28.750 [JavaFX Application Thread] WARN  o.b.s.BxWinLab.Base.BaseLabel - 无法包裹元素org.bxwbb.spigotplugincreatertool.BxWinLab.VerticalLayout@17c0734d - 尝试包裹浮动体
2026-01-29 23:52:28.750 [JavaFX Application Thread] WARN  o.b.s.BxWinLab.Base.BaseLabel - 无法包裹元素org.bxwbb.spigotplugincreatertool.BxWinLab.VerticalLayout@17c0734d - 尝试包裹浮动体
2026-01-29 23:52:30.268 [JavaFX Application Thread] INFO  o.b.s.BxWinLab.Base.BaseLabel - 控件焦点改变至 - org.bxwbb.spigotplugincreatertool.BxWinLab.SwitchBox@13b89ded
2026-01-29 23:52:37.786 [JavaFX Application Thread] INFO  o.b.s.HelloApplication - 执行停止...
2026-01-29 23:54:52.454 [JavaFX-Launcher] INFO  o.b.s.HelloApplication - 执行初始化...
2026-01-29 23:54:52.459 [JavaFX Application Thread] INFO  o.b.s.HelloApplication - 工具开始启动并加载...
2026-01-29 23:54:52.500 [JavaFX Application Thread] INFO  o.b.s.Utils.FileUtil - 成功加载文件/org/bxwbb/spigotplugincreatertool/icon/icon.png
2026-01-29 23:54:52.683 [JavaFX Application Thread] INFO  o.b.s.Utils.FileUtil - 成功加载文件/org/bxwbb/spigotplugincreatertool/icon/Universal/OpenFolder.png
2026-01-29 23:54:52.688 [JavaFX Application Thread] INFO  o.b.s.Utils.FileUtil - 成功加载文件/org/bxwbb/spigotplugincreatertool/icon/Universal/NewProject.png
2026-01-29 23:54:52.691 [JavaFX Application Thread] INFO  o.b.s.Utils.FileUtil - 成功加载文件/org/bxwbb/spigotplugincreatertool/icon/Universal/Setting.png
2026-01-29 23:54:52.693 [JavaFX Application Thread] INFO  o.b.s.Utils.FileUtil - 成功加载文件/org/bxwbb/spigotplugincreatertool/icon/Universal/Learn.png
2026-01-29 23:54:52.695 [JavaFX Application Thread] INFO  o.b.s.Utils.FileUtil - 成功加载文件/org/bxwbb/spigotplugincreatertool/icon/Universal/Quit.png
2026-01-29 23:54:52.714 [JavaFX Application Thread] INFO  o.b.s.Utils.FileUtil - 成功加载文件/org/bxwbb/spigotplugincreatertool/icon/Universal/NewProject.png
2026-01-29 23:54:52.723 [JavaFX Application Thread] WARN  o.b.s.BxWinLab.Base.BaseLabel - 无法包裹元素(org.bxwbb.spigotplugincreatertool.BxWinLab.VerticalLayout@17c0734d,无法初始化值xChange) - 尝试包裹浮动体
2026-01-29 23:54:52.723 [JavaFX Application Thread] WARN  o.b.s.BxWinLab.Base.BaseLabel - 无法包裹元素(org.bxwbb.spigotplugincreatertool.BxWinLab.VerticalLayout@17c0734d,无法初始化值xChange) - 尝试包裹浮动体
2026-01-29 23:54:52.723 [JavaFX Application Thread] WARN  o.b.s.BxWinLab.Base.BaseLabel - 无法包裹元素(org.bxwbb.spigotplugincreatertool.BxWinLab.VerticalLayout@17c0734d,无法初始化值xChange) - 尝试包裹浮动体
2026-01-29 23:54:52.724 [JavaFX Application Thread] WARN  o.b.s.BxWinLab.Base.BaseLabel - 无法包裹元素(org.bxwbb.spigotplugincreatertool.BxWinLab.VerticalLayout@17c0734d,无法初始化值xChange) - 尝试包裹浮动体
2026-01-29 23:54:52.724 [JavaFX Application Thread] WARN  o.b.s.BxWinLab.Base.BaseLabel - 无法包裹元素(org.bxwbb.spigotplugincreatertool.BxWinLab.VerticalLayout@17c0734d,无法初始化值xChange) - 尝试包裹浮动体
2026-01-29 23:54:52.724 [JavaFX Application Thread] WARN  o.b.s.BxWinLab.Base.BaseLabel - 无法包裹元素(org.bxwbb.spigotplugincreatertool.BxWinLab.VerticalLayout@17c0734d,无法初始化值xChange) - 尝试包裹浮动体
2026-01-29 23:54:52.724 [JavaFX Application Thread] WARN  o.b.s.BxWinLab.Base.BaseLabel - 无法包裹元素(org.bxwbb.spigotplugincreatertool.BxWinLab.VerticalLayout@17c0734d,无法初始化值xChange) - 尝试包裹浮动体
2026-01-29 23:54:52.724 [JavaFX Application Thread] WARN  o.b.s.BxWinLab.Base.BaseLabel - 无法包裹元素(org.bxwbb.spigotplugincreatertool.BxWinLab.VerticalLayout@17c0734d,无法初始化值xChange) - 尝试包裹浮动体
2026-01-29 23:54:52.724 [JavaFX Application Thread] WARN  o.b.s.BxWinLab.Base.BaseLabel - 无法包裹元素(org.bxwbb.spigotplugincreatertool.BxWinLab.VerticalLayout@17c0734d,无法初始化值xChange) - 尝试包裹浮动体
2026-01-29 23:54:52.725 [JavaFX Application Thread] WARN  o.b.s.BxWinLab.Base.BaseLabel - 无法包裹元素(org.bxwbb.spigotplugincreatertool.BxWinLab.VerticalLayout@17c0734d,无法初始化值xChange) - 尝试包裹浮动体
2026-01-29 23:54:52.725 [JavaFX Application Thread] WARN  o.b.s.BxWinLab.Base.BaseLabel - 无法包裹元素(org.bxwbb.spigotplugincreatertool.BxWinLab.VerticalLayout@17c0734d,无法初始化值xChange) - 尝试包裹浮动体
2026-01-29 23:54:52.725 [JavaFX Application Thread] WARN  o.b.s.BxWinLab.Base.BaseLabel - 无法包裹元素(org.bxwbb.spigotplugincreatertool.BxWinLab.VerticalLayout@17c0734d,无法初始化值xChange) - 尝试包裹浮动体
2026-01-29 23:54:52.725 [JavaFX Application Thread] WARN  o.b.s.BxWinLab.Base.BaseLabel - 无法包裹元素(org.bxwbb.spigotplugincreatertool.BxWinLab.VerticalLayout@17c0734d,无法初始化值xChange) - 尝试包裹浮动体
2026-01-29 23:54:52.725 [JavaFX Application Thread] WARN  o.b.s.BxWinLab.Base.BaseLabel - 无法包裹元素(org.bxwbb.spigotplugincreatertool.BxWinLab.VerticalLayout@17c0734d,无法初始化值xChange) - 尝试包裹浮动体
2026-01-29 23:54:52.725 [JavaFX Application Thread] WARN  o.b.s.BxWinLab.Base.BaseLabel - 无法包裹元素(org.bxwbb.spigotplugincreatertool.BxWinLab.VerticalLayout@17c0734d,无法初始化值xChange) - 尝试包裹浮动体
2026-01-29 23:54:52.726 [JavaFX Application Thread] INFO  o.b.s.Utils.FileUtil - 成功加载文件/org/bxwbb/spigotplugincreatertool/icon/Universal/NewProject.png
2026-01-29 23:54:52.734 [JavaFX Application Thread] WARN  o.b.s.BxWinLab.Base.BaseLabel - 无法包裹元素(org.bxwbb.spigotplugincreatertool.BxWinLab.VerticalLayout@17c0734d,无法初始化值xChange) - 尝试包裹浮动体
2026-01-29 23:54:52.735 [JavaFX Application Thread] WARN  o.b.s.BxWinLab.Base.BaseLabel - 无法包裹元素(org.bxwbb.spigotplugincreatertool.BxWinLab.VerticalLayout@17c0734d,无法初始化值xChange) - 尝试包裹浮动体
2026-01-29 23:54:52.735 [JavaFX Application Thread] WARN  o.b.s.BxWinLab.Base.BaseLabel - 无法包裹元素(org.bxwbb.spigotplugincreatertool.BxWinLab.VerticalLayout@17c0734d,无法初始化值xChange) - 尝试包裹浮动体
2026-01-29 23:54:52.743 [JavaFX Application Thread] WARN  o.b.s.BxWinLab.Base.BaseLabel - 无法包裹元素(org.bxwbb.spigotplugincreatertool.BxWinLab.VerticalLayout@17c0734d,无法初始化值xChange) - 尝试包裹浮动体
2026-01-29 23:54:52.743 [JavaFX Application Thread] WARN  o.b.s.BxWinLab.Base.BaseLabel - 无法包裹元素(org.bxwbb.spigotplugincreatertool.BxWinLab.VerticalLayout@17c0734d,无法初始化值xChange) - 尝试包裹浮动体
2026-01-29 23:54:52.744 [JavaFX Application Thread] WARN  o.b.s.BxWinLab.Base.BaseLabel - 无法包裹元素(org.bxwbb.spigotplugincreatertool.BxWinLab.VerticalLayout@17c0734d,无法初始化值xChange) - 尝试包裹浮动体
2026-01-29 23:54:52.750 [JavaFX Application Thread] WARN  o.b.s.BxWinLab.Base.BaseLabel - 无法包裹元素(org.bxwbb.spigotplugincreatertool.BxWinLab.VerticalLayout@17c0734d,无法初始化值xChange) - 尝试包裹浮动体
2026-01-29 23:54:52.750 [JavaFX Application Thread] WARN  o.b.s.BxWinLab.Base.BaseLabel - 无法包裹元素(org.bxwbb.spigotplugincreatertool.BxWinLab.VerticalLayout@17c0734d,无法初始化值xChange) - 尝试包裹浮动体
2026-01-29 23:54:52.751 [JavaFX Application Thread] WARN  o.b.s.BxWinLab.Base.BaseLabel - 无法包裹元素(org.bxwbb.spigotplugincreatertool.BxWinLab.VerticalLayout@17c0734d,无法初始化值xChange) - 尝试包裹浮动体
2026-01-29 23:54:52.755 [JavaFX Application Thread] WARN  o.b.s.BxWinLab.Base.BaseLabel - 无法包裹元素(org.bxwbb.spigotplugincreatertool.BxWinLab.VerticalLayout@17c0734d,无法初始化值xChange) - 尝试包裹浮动体
2026-01-29 23:54:52.755 [JavaFX Application Thread] WARN  o.b.s.BxWinLab.Base.BaseLabel - 无法包裹元素(org.bxwbb.spigotplugincreatertool.BxWinLab.VerticalLayout@17c0734d,无法初始化值xChange) - 尝试包裹浮动体
2026-01-29 23:54:52.755 [JavaFX Application Thread] WARN  o.b.s.BxWinLab.Base.BaseLabel - 无法包裹元素(org.bxwbb.spigotplugincreatertool.BxWinLab.VerticalLayout@17c0734d,无法初始化值xChange) - 尝试包裹浮动体
2026-01-29 23:54:52.767 [JavaFX Application Thread] WARN  o.b.s.BxWinLab.Base.BaseLabel - 无法包裹元素(org.bxwbb.spigotplugincreatertool.BxWinLab.VerticalLayout@17c0734d,无法初始化值xChange) - 尝试包裹浮动体
2026-01-29 23:54:52.767 [JavaFX Application Thread] WARN  o.b.s.BxWinLab.Base.BaseLabel - 无法包裹元素(org.bxwbb.spigotplugincreatertool.BxWinLab.VerticalLayout@17c0734d,无法初始化值xChange) - 尝试包裹浮动体
2026-01-29 23:54:52.768 [JavaFX Application Thread] WARN  o.b.s.BxWinLab.Base.BaseLabel - 无法包裹元素(org.bxwbb.spigotplugincreatertool.BxWinLab.VerticalLayout@17c0734d,无法初始化值xChange) - 尝试包裹浮动体
2026-01-29 23:54:52.771 [JavaFX Application Thread] WARN  o.b.s.BxWinLab.Base.BaseLabel - 无法包裹元素(org.bxwbb.spigotplugincreatertool.BxWinLab.VerticalLayout@17c0734d,无法初始化值xChange) - 尝试包裹浮动体
2026-01-29 23:54:52.771 [JavaFX Application Thread] WARN  o.b.s.BxWinLab.Base.BaseLabel - 无法包裹元素(org.bxwbb.spigotplugincreatertool.BxWinLab.VerticalLayout@17c0734d,无法初始化值xChange) - 尝试包裹浮动体
2026-01-29 23:54:52.771 [JavaFX Application Thread] WARN  o.b.s.BxWinLab.Base.BaseLabel - 无法包裹元素(org.bxwbb.spigotplugincreatertool.BxWinLab.VerticalLayout@17c0734d,无法初始化值xChange) - 尝试包裹浮动体
2026-01-29 23:56:36.023 [JavaFX-Launcher] INFO  o.b.s.HelloApplication - 执行初始化...
2026-01-29 23:56:36.028 [JavaFX Application Thread] INFO  o.b.s.HelloApplication - 工具开始启动并加载...
2026-01-29 23:56:36.069 [JavaFX Application Thread] INFO  o.b.s.Utils.FileUtil - 成功加载文件/org/bxwbb/spigotplugincreatertool/icon/icon.png
2026-01-29 23:56:36.250 [JavaFX Application Thread] INFO  o.b.s.Utils.FileUtil - 成功加载文件/org/bxwbb/spigotplugincreatertool/icon/Universal/OpenFolder.png
2026-01-29 23:56:36.255 [JavaFX Application Thread] INFO  o.b.s.Utils.FileUtil - 成功加载文件/org/bxwbb/spigotplugincreatertool/icon/Universal/NewProject.png
2026-01-29 23:56:36.257 [JavaFX Application Thread] INFO  o.b.s.Utils.FileUtil - 成功加载文件/org/bxwbb/spigotplugincreatertool/icon/Universal/Setting.png
2026-01-29 23:56:36.260 [JavaFX Application Thread] INFO  o.b.s.Utils.FileUtil - 成功加载文件/org/bxwbb/spigotplugincreatertool/icon/Universal/Learn.png
2026-01-29 23:56:36.262 [JavaFX Application Thread] INFO  o.b.s.Utils.FileUtil - 成功加载文件/org/bxwbb/spigotplugincreatertool/icon/Universal/Quit.png
2026-01-29 23:56:36.281 [JavaFX Application Thread] INFO  o.b.s.Utils.FileUtil - 成功加载文件/org/bxwbb/spigotplugincreatertool/icon/Universal/NewProject.png
2026-01-29 23:56:36.291 [JavaFX Application Thread] INFO  o.b.s.Utils.FileUtil - 成功加载文件/org/bxwbb/spigotplugincreatertool/icon/Universal/NewProject.png
2026-01-29 23:56:38.507 [JavaFX Application Thread] INFO  o.b.s.BxWinLab.Base.BaseLabel - 控件焦点改变至 - org.bxwbb.spigotplugincreatertool.BxWinLab.SwitchBox@600acf35
2026-01-29 23:56:41.536 [JavaFX Application Thread] INFO  o.b.s.BxWinLab.Base.BaseLabel - 控件焦点改变至 - org.bxwbb.spigotplugincreatertool.BxWinLab.ButtonBox@69861352
2026-01-29 23:56:42.642 [JavaFX Application Thread] INFO  o.b.s.BxWinLab.Base.BaseLabel - 控件焦点改变至 - org.bxwbb.spigotplugincreatertool.BxWinLab.SwitchBox@600acf35
2026-01-29 23:56:43.525 [JavaFX Application Thread] INFO  o.b.s.BxWinLab.Base.BaseLabel - 控件焦点改变至 - org.bxwbb.spigotplugincreatertool.BxWinLab.ButtonBox@69861352
2026-01-29 23:56:44.700 [JavaFX Application Thread] INFO  o.b.s.HelloApplication - 执行停止...
2026-01-29 23:57:01.208 [JavaFX-Launcher] INFO  o.b.s.HelloApplication - 执行初始化...
2026-01-29 23:57:01.213 [JavaFX Application Thread] INFO  o.b.s.HelloApplication - 工具开始启动并加载...
2026-01-29 23:57:01.253 [JavaFX Application Thread] INFO  o.b.s.Utils.FileUtil - 成功加载文件/org/bxwbb/spigotplugincreatertool/icon/icon.png
2026-01-29 23:57:01.436 [JavaFX Application Thread] INFO  o.b.s.Utils.FileUtil - 成功加载文件/org/bxwbb/spigotplugincreatertool/icon/Universal/OpenFolder.png
2026-01-29 23:57:01.441 [JavaFX Application Thread] INFO  o.b.s.Utils.FileUtil - 成功加载文件/org/bxwbb/spigotplugincreatertool/icon/Universal/NewProject.png
2026-01-29 23:57:01.444 [JavaFX Application Thread] INFO  o.b.s.Utils.FileUtil - 成功加载文件/org/bxwbb/spigotplugincreatertool/icon/Universal/Setting.png
2026-01-29 23:57:01.446 [JavaFX Application Thread] INFO  o.b.s.Utils.FileUtil - 成功加载文件/org/bxwbb/spigotplugincreatertool/icon/Universal/Learn.png
2026-01-29 23:57:01.448 [JavaFX Application Thread] INFO  o.b.s.Utils.FileUtil - 成功加载文件/org/bxwbb/spigotplugincreatertool/icon/Universal/Quit.png
2026-01-29 23:57:01.468 [JavaFX Application Thread] INFO  o.b.s.Utils.FileUtil - 成功加载文件/org/bxwbb/spigotplugincreatertool/icon/Universal/NewProject.png
2026-01-29 23:57:01.476 [JavaFX Application Thread] WARN  o.b.s.BxWinLab.Base.BaseLabel - 无法包裹元素(org.bxwbb.spigotplugincreatertool.BxWinLab.Stage@93231d4,无法初始化值xChange & yChange) - 尝试包裹浮动体
2026-01-29 23:57:01.477 [JavaFX Application Thread] WARN  o.b.s.BxWinLab.Base.BaseLabel - 无法包裹元素(org.bxwbb.spigotplugincreatertool.BxWinLab.Stage@93231d4,无法初始化值xChange & yChange) - 尝试包裹浮动体
2026-01-29 23:57:01.477 [JavaFX Application Thread] WARN  o.b.s.BxWinLab.Base.BaseLabel - 无法包裹元素(org.bxwbb.spigotplugincreatertool.BxWinLab.Stage@93231d4,无法初始化值xChange & yChange) - 尝试包裹浮动体
2026-01-29 23:57:01.477 [JavaFX Application Thread] INFO  o.b.s.Utils.FileUtil - 成功加载文件/org/bxwbb/spigotplugincreatertool/icon/Universal/NewProject.png
2026-01-29 23:57:01.487 [JavaFX Application Thread] WARN  o.b.s.BxWinLab.Base.BaseLabel - 无法包裹元素(org.bxwbb.spigotplugincreatertool.BxWinLab.Stage@93231d4,无法初始化值xChange & yChange) - 尝试包裹浮动体
2026-01-29 23:57:01.495 [JavaFX Application Thread] WARN  o.b.s.BxWinLab.Base.BaseLabel - 无法包裹元素(org.bxwbb.spigotplugincreatertool.BxWinLab.Stage@93231d4,无法初始化值xChange & yChange) - 尝试包裹浮动体
2026-01-29 23:57:01.502 [JavaFX Application Thread] WARN  o.b.s.BxWinLab.Base.BaseLabel - 无法包裹元素(org.bxwbb.spigotplugincreatertool.BxWinLab.Stage@93231d4,无法初始化值xChange & yChange) - 尝试包裹浮动体
2026-01-29 23:57:01.506 [JavaFX Application Thread] WARN  o.b.s.BxWinLab.Base.BaseLabel - 无法包裹元素(org.bxwbb.spigotplugincreatertool.BxWinLab.Stage@93231d4,无法初始化值xChange & yChange) - 尝试包裹浮动体
2026-01-29 23:57:01.518 [JavaFX Application Thread] WARN  o.b.s.BxWinLab.Base.BaseLabel - 无法包裹元素(org.bxwbb.spigotplugincreatertool.BxWinLab.Stage@93231d4,无法初始化值xChange & yChange) - 尝试包裹浮动体
2026-01-29 23:57:01.522 [JavaFX Application Thread] WARN  o.b.s.BxWinLab.Base.BaseLabel - 无法包裹元素(org.bxwbb.spigotplugincreatertool.BxWinLab.Stage@93231d4,无法初始化值xChange & yChange) - 尝试包裹浮动体
2026-01-29 23:57:02.994 [JavaFX Application Thread] INFO  o.b.s.BxWinLab.Base.BaseLabel - 控件焦点改变至 - org.bxwbb.spigotplugincreatertool.BxWinLab.SwitchBox@13b89ded
2026-01-29 23:57:08.703 [JavaFX Application Thread] INFO  o.b.s.HelloApplication - 执行停止...
2026-01-29 23:57:56.512 [JavaFX-Launcher] INFO  o.b.s.HelloApplication - 执行初始化...
2026-01-29 23:57:56.518 [JavaFX Application Thread] INFO  o.b.s.HelloApplication - 工具开始启动并加载...
2026-01-29 23:57:56.557 [JavaFX Application Thread] INFO  o.b.s.Utils.FileUtil - 成功加载文件/org/bxwbb/spigotplugincreatertool/icon/icon.png
2026-01-29 23:57:56.732 [JavaFX Application Thread] INFO  o.b.s.Utils.FileUtil - 成功加载文件/org/bxwbb/spigotplugincreatertool/icon/Universal/OpenFolder.png
2026-01-29 23:57:56.738 [JavaFX Application Thread] INFO  o.b.s.Utils.FileUtil - 成功加载文件/org/bxwbb/spigotplugincreatertool/icon/Universal/NewProject.png
2026-01-29 23:57:56.740 [JavaFX Application Thread] INFO  o.b.s.Utils.FileUtil - 成功加载文件/org/bxwbb/spigotplugincreatertool/icon/Universal/Setting.png
2026-01-29 23:57:56.743 [JavaFX Application Thread] INFO  o.b.s.Utils.FileUtil - 成功加载文件/org/bxwbb/spigotplugincreatertool/icon/Universal/Learn.png
2026-01-29 23:57:56.745 [JavaFX Application Thread] INFO  o.b.s.Utils.FileUtil - 成功加载文件/org/bxwbb/spigotplugincreatertool/icon/Universal/Quit.png
2026-01-29 23:57:56.764 [JavaFX Application Thread] INFO  o.b.s.Utils.FileUtil - 成功加载文件/org/bxwbb/spigotplugincreatertool/icon/Universal/NewProject.png
2026-01-29 23:57:56.773 [JavaFX Application Thread] WARN  o.b.s.BxWinLab.Base.BaseLabel - 无法包裹元素(org.bxwbb.spigotplugincreatertool.BxWinLab.Stage@3ef03da3,无法初始化值xChange & yChange) - 尝试包裹浮动体
2026-01-29 23:57:56.774 [JavaFX Application Thread] WARN  o.b.s.BxWinLab.Base.BaseLabel - 无法包裹元素(org.bxwbb.spigotplugincreatertool.BxWinLab.Stage@3ef03da3,无法初始化值xChange & yChange) - 尝试包裹浮动体
2026-01-29 23:57:56.774 [JavaFX Application Thread] WARN  o.b.s.BxWinLab.Base.BaseLabel - 无法包裹元素(org.bxwbb.spigotplugincreatertool.BxWinLab.Stage@3ef03da3,无法初始化值xChange & yChange) - 尝试包裹浮动体
2026-01-29 23:57:56.774 [JavaFX Application Thread] INFO  o.b.s.Utils.FileUtil - 成功加载文件/org/bxwbb/spigotplugincreatertool/icon/Universal/NewProject.png
2026-01-29 23:57:56.783 [JavaFX Application Thread] WARN  o.b.s.BxWinLab.Base.BaseLabel - 无法包裹元素(org.bxwbb.spigotplugincreatertool.BxWinLab.Stage@3ef03da3,无法初始化值xChange & yChange) - 尝试包裹浮动体
2026-01-29 23:57:56.791 [JavaFX Application Thread] WARN  o.b.s.BxWinLab.Base.BaseLabel - 无法包裹元素(org.bxwbb.spigotplugincreatertool.BxWinLab.Stage@3ef03da3,无法初始化值xChange & yChange) - 尝试包裹浮动体
2026-01-29 23:57:56.797 [JavaFX Application Thread] WARN  o.b.s.BxWinLab.Base.BaseLabel - 无法包裹元素(org.bxwbb.spigotplugincreatertool.BxWinLab.Stage@3ef03da3,无法初始化值xChange & yChange) - 尝试包裹浮动体
2026-01-29 23:57:56.801 [JavaFX Application Thread] WARN  o.b.s.BxWinLab.Base.BaseLabel - 无法包裹元素(org.bxwbb.spigotplugincreatertool.BxWinLab.Stage@3ef03da3,无法初始化值xChange & yChange) - 尝试包裹浮动体
2026-01-29 23:57:56.812 [JavaFX Application Thread] WARN  o.b.s.BxWinLab.Base.BaseLabel - 无法包裹元素(org.bxwbb.spigotplugincreatertool.BxWinLab.Stage@3ef03da3,无法初始化值xChange & yChange) - 尝试包裹浮动体
2026-01-29 23:57:56.815 [JavaFX Application Thread] WARN  o.b.s.BxWinLab.Base.BaseLabel - 无法包裹元素(org.bxwbb.spigotplugincreatertool.BxWinLab.Stage@3ef03da3,无法初始化值xChange & yChange) - 尝试包裹浮动体
2026-01-29 23:57:58.377 [JavaFX Application Thread] INFO  o.b.s.BxWinLab.Base.BaseLabel - 控件焦点改变至 - org.bxwbb.spigotplugincreatertool.BxWinLab.SwitchBox@5d39e6af
2026-01-29 23:58:08.590 [JavaFX Application Thread] INFO  o.b.s.HelloApplication - 执行停止...
2026-01-29 23:58:42.637 [JavaFX-Launcher] INFO  o.b.s.HelloApplication - 执行初始化...
2026-01-29 23:58:42.643 [JavaFX Application Thread] INFO  o.b.s.HelloApplication - 工具开始启动并加载...
2026-01-29 23:58:42.682 [JavaFX Application Thread] INFO  o.b.s.Utils.FileUtil - 成功加载文件/org/bxwbb/spigotplugincreatertool/icon/icon.png
2026-01-29 23:58:42.857 [JavaFX Application Thread] INFO  o.b.s.Utils.FileUtil - 成功加载文件/org/bxwbb/spigotplugincreatertool/icon/Universal/OpenFolder.png
2026-01-29 23:58:42.863 [JavaFX Application Thread] INFO  o.b.s.Utils.FileUtil - 成功加载文件/org/bxwbb/spigotplugincreatertool/icon/Universal/NewProject.png
2026-01-29 23:58:42.865 [JavaFX Application Thread] INFO  o.b.s.Utils.FileUtil - 成功加载文件/org/bxwbb/spigotplugincreatertool/icon/Universal/Setting.png
2026-01-29 23:58:42.867 [JavaFX Application Thread] INFO  o.b.s.Utils.FileUtil - 成功加载文件/org/bxwbb/spigotplugincreatertool/icon/Universal/Learn.png
2026-01-29 23:58:42.869 [JavaFX Application Thread] INFO  o.b.s.Utils.FileUtil - 成功加载文件/org/bxwbb/spigotplugincreatertool/icon/Universal/Quit.png
2026-01-29 23:58:42.889 [JavaFX Application Thread] INFO  o.b.s.Utils.FileUtil - 成功加载文件/org/bxwbb/spigotplugincreatertool/icon/Universal/NewProject.png
2026-01-29 23:58:42.898 [JavaFX Application Thread] WARN  o.b.s.BxWinLab.Base.BaseLabel - 无法包裹元素(org.bxwbb.spigotplugincreatertool.BxWinLab.Stage@3ef03da3,无法初始化值xChange & yChange) - 尝试包裹浮动体
2026-01-29 23:58:42.899 [JavaFX Application Thread] WARN  o.b.s.BxWinLab.Base.BaseLabel - 无法包裹元素(org.bxwbb.spigotplugincreatertool.BxWinLab.Stage@3ef03da3,无法初始化值xChange & yChange) - 尝试包裹浮动体
2026-01-29 23:58:42.899 [JavaFX Application Thread] WARN  o.b.s.BxWinLab.Base.BaseLabel - 无法包裹元素(org.bxwbb.spigotplugincreatertool.BxWinLab.Stage@3ef03da3,无法初始化值xChange & yChange) - 尝试包裹浮动体
2026-01-29 23:58:42.899 [JavaFX Application Thread] INFO  o.b.s.Utils.FileUtil - 成功加载文件/org/bxwbb/spigotplugincreatertool/icon/Universal/NewProject.png
2026-01-29 23:58:42.908 [JavaFX Application Thread] WARN  o.b.s.BxWinLab.Base.BaseLabel - 无法包裹元素(org.bxwbb.spigotplugincreatertool.BxWinLab.Stage@3ef03da3,无法初始化值xChange & yChange) - 尝试包裹浮动体
2026-01-29 23:58:42.917 [JavaFX Application Thread] WARN  o.b.s.BxWinLab.Base.BaseLabel - 无法包裹元素(org.bxwbb.spigotplugincreatertool.BxWinLab.Stage@3ef03da3,无法初始化值xChange & yChange) - 尝试包裹浮动体
2026-01-29 23:58:42.924 [JavaFX Application Thread] WARN  o.b.s.BxWinLab.Base.BaseLabel - 无法包裹元素(org.bxwbb.spigotplugincreatertool.BxWinLab.Stage@3ef03da3,无法初始化值xChange & yChange) - 尝试包裹浮动体
2026-01-29 23:58:42.926 [JavaFX Application Thread] WARN  o.b.s.BxWinLab.Base.BaseLabel - 无法包裹元素(org.bxwbb.spigotplugincreatertool.BxWinLab.Stage@3ef03da3,无法初始化值xChange & yChange) - 尝试包裹浮动体
2026-01-29 23:58:42.938 [JavaFX Application Thread] WARN  o.b.s.BxWinLab.Base.BaseLabel - 无法包裹元素(org.bxwbb.spigotplugincreatertool.BxWinLab.Stage@3ef03da3,无法初始化值xChange & yChange) - 尝试包裹浮动体
2026-01-29 23:58:42.942 [JavaFX Application Thread] WARN  o.b.s.BxWinLab.Base.BaseLabel - 无法包裹元素(org.bxwbb.spigotplugincreatertool.BxWinLab.Stage@3ef03da3,无法初始化值xChange & yChange) - 尝试包裹浮动体
2026-01-29 23:58:43.958 [JavaFX Application Thread] INFO  o.b.s.BxWinLab.Base.BaseLabel - 控件焦点改变至 - org.bxwbb.spigotplugincreatertool.Window.StartPage@5d39e6af
2026-01-29 23:58:44.223 [JavaFX Application Thread] INFO  o.b.s.BxWinLab.Base.BaseLabel - 控件焦点改变至 - org.bxwbb.spigotplugincreatertool.BxWinLab.SwitchBox@16c659b4
2026-01-29 23:58:47.392 [JavaFX Application Thread] INFO  o.b.s.BxWinLab.Base.BaseLabel - 控件焦点改变至 - org.bxwbb.spigotplugincreatertool.BxWinLab.ButtonBox@5e491fbc
2026-01-29 23:58:48.764 [JavaFX Application Thread] INFO  o.b.s.HelloApplication - 执行停止...
2026-01-29 23:59:10.488 [JavaFX-Launcher] INFO  o.b.s.HelloApplication - 执行初始化...
2026-01-29 23:59:10.493 [JavaFX Application Thread] INFO  o.b.s.HelloApplication - 工具开始启动并加载...
2026-01-29 23:59:10.534 [JavaFX Application Thread] INFO  o.b.s.Utils.FileUtil - 成功加载文件/org/bxwbb/spigotplugincreatertool/icon/icon.png
2026-01-29 23:59:10.708 [JavaFX Application Thread] INFO  o.b.s.Utils.FileUtil - 成功加载文件/org/bxwbb/spigotplugincreatertool/icon/Universal/OpenFolder.png
2026-01-29 23:59:10.714 [JavaFX Application Thread] INFO  o.b.s.Utils.FileUtil - 成功加载文件/org/bxwbb/spigotplugincreatertool/icon/Universal/NewProject.png
2026-01-29 23:59:10.716 [JavaFX Application Thread] INFO  o.b.s.Utils.FileUtil - 成功加载文件/org/bxwbb/spigotplugincreatertool/icon/Universal/Setting.png
2026-01-29 23:59:10.719 [JavaFX Application Thread] INFO  o.b.s.Utils.FileUtil - 成功加载文件/org/bxwbb/spigotplugincreatertool/icon/Universal/Learn.png
2026-01-29 23:59:10.720 [JavaFX Application Thread] INFO  o.b.s.Utils.FileUtil - 成功加载文件/org/bxwbb/spigotplugincreatertool/icon/Universal/Quit.png
2026-01-29 23:59:10.740 [JavaFX Application Thread] INFO  o.b.s.Utils.FileUtil - 成功加载文件/org/bxwbb/spigotplugincreatertool/icon/Universal/NewProject.png
2026-01-29 23:59:10.750 [JavaFX Application Thread] INFO  o.b.s.Utils.FileUtil - 成功加载文件/org/bxwbb/spigotplugincreatertool/icon/Universal/NewProject.png
2026-01-29 23:59:11.608 [JavaFX Application Thread] INFO  o.b.s.BxWinLab.Base.BaseLabel - 控件焦点改变至 - org.bxwbb.spigotplugincreatertool.BxWinLab.SwitchBox@2a3b3f56
2026-01-29 23:59:17.032 [JavaFX Application Thread] INFO  o.b.s.HelloApplication - 执行停止...
2026-01-29 23:59:21.157 [JavaFX-Launcher] INFO  o.b.s.HelloApplication - 执行初始化...
2026-01-29 23:59:21.163 [JavaFX Application Thread] INFO  o.b.s.HelloApplication - 工具开始启动并加载...
2026-01-29 23:59:21.204 [JavaFX Application Thread] INFO  o.b.s.Utils.FileUtil - 成功加载文件/org/bxwbb/spigotplugincreatertool/icon/icon.png
2026-01-29 23:59:21.383 [JavaFX Application Thread] INFO  o.b.s.Utils.FileUtil - 成功加载文件/org/bxwbb/spigotplugincreatertool/icon/Universal/OpenFolder.png
2026-01-29 23:59:21.387 [JavaFX Application Thread] INFO  o.b.s.Utils.FileUtil - 成功加载文件/org/bxwbb/spigotplugincreatertool/icon/Universal/NewProject.png
2026-01-29 23:59:21.390 [JavaFX Application Thread] INFO  o.b.s.Utils.FileUtil - 成功加载文件/org/bxwbb/spigotplugincreatertool/icon/Universal/Setting.png
2026-01-29 23:59:21.392 [JavaFX Application Thread] INFO  o.b.s.Utils.FileUtil - 成功加载文件/org/bxwbb/spigotplugincreatertool/icon/Universal/Learn.png
2026-01-29 23:59:21.394 [JavaFX Application Thread] INFO  o.b.s.Utils.FileUtil - 成功加载文件/org/bxwbb/spigotplugincreatertool/icon/Universal/Quit.png
2026-01-29 23:59:21.414 [JavaFX Application Thread] INFO  o.b.s.Utils.FileUtil - 成功加载文件/org/bxwbb/spigotplugincreatertool/icon/Universal/NewProject.png
2026-01-29 23:59:21.443 [JavaFX Application Thread] INFO  o.b.s.Utils.FileUtil - 成功加载文件/org/bxwbb/spigotplugincreatertool/icon/Universal/NewProject.png
2026-01-29 23:59:22.266 [JavaFX Application Thread] INFO  o.b.s.BxWinLab.Base.BaseLabel - 控件焦点改变至 - org.bxwbb.spigotplugincreatertool.BxWinLab.SwitchBox@8457562
2026-01-29 23:59:45.991 [JavaFX Application Thread] INFO  o.b.s.HelloApplication - 执行停止...
2026-01-29 23:59:55.430 [JavaFX-Launcher] INFO  o.b.s.HelloApplication - 执行初始化...
2026-01-29 23:59:55.435 [JavaFX Application Thread] INFO  o.b.s.HelloApplication - 工具开始启动并加载...
2026-01-29 23:59:55.469 [JavaFX Application Thread] INFO  o.b.s.BxWinLab.Base.BaseLabel - 控件库Debug模式已开启
2026-01-29 23:59:55.475 [JavaFX Application Thread] INFO  o.b.s.BxWinLab.Base.BaseLabel - 控件库Debug模式已开启
2026-01-29 23:59:55.477 [JavaFX Application Thread] INFO  o.b.s.BxWinLab.Base.BaseLabel - 控件库Debug模式已开启
2026-01-29 23:59:55.478 [JavaFX Application Thread] INFO  o.b.s.Utils.FileUtil - 成功加载文件/org/bxwbb/spigotplugincreatertool/icon/icon.png
2026-01-29 23:59:55.614 [JavaFX Application Thread] INFO  o.b.s.BxWinLab.Base.BaseLabel - 控件库Debug模式已开启
2026-01-29 23:59:55.617 [JavaFX Application Thread] INFO  o.b.s.BxWinLab.Base.BaseLabel - 控件库Debug模式已开启
2026-01-29 23:59:55.617 [JavaFX Application Thread] INFO  o.b.s.BxWinLab.Base.BaseLabel - 控件库Debug模式已开启
2026-01-29 23:59:55.618 [JavaFX Application Thread] INFO  o.b.s.BxWinLab.Base.BaseLabel - 控件库Debug模式已开启
2026-01-29 23:59:55.618 [JavaFX Application Thread] INFO  o.b.s.BxWinLab.Base.BaseLabel - 控件库Debug模式已开启
2026-01-29 23:59:55.641 [JavaFX Application Thread] INFO  o.b.s.BxWinLab.Base.BaseLabel - 控件库Debug模式已开启
2026-01-29 23:59:55.655 [JavaFX Application Thread] INFO  o.b.s.BxWinLab.Base.BaseLabel - 控件库Debug模式已开启
2026-01-29 23:59:55.655 [JavaFX Application Thread] INFO  o.b.s.BxWinLab.Base.BaseLabel - 控件库Debug模式已开启
2026-01-29 23:59:55.655 [JavaFX Application Thread] INFO  o.b.s.BxWinLab.Base.BaseLabel - 控件库Debug模式已开启
2026-01-29 23:59:55.655 [JavaFX Application Thread] INFO  o.b.s.BxWinLab.Base.BaseLabel - 控件库Debug模式已开启
2026-01-29 23:59:55.656 [JavaFX Application Thread] INFO  o.b.s.BxWinLab.Base.BaseLabel - 控件库Debug模式已开启
2026-01-29 23:59:55.657 [JavaFX Application Thread] INFO  o.b.s.BxWinLab.Base.BaseLabel - 控件库Debug模式已开启
2026-01-29 23:59:55.657 [JavaFX Application Thread] INFO  o.b.s.Utils.FileUtil - 成功加载文件/org/bxwbb/spigotplugincreatertool/icon/Universal/OpenFolder.png
2026-01-29 23:59:55.659 [JavaFX Application Thread] INFO  o.b.s.BxWinLab.Base.BaseLabel - 控件库Debug模式已开启
2026-01-29 23:59:55.660 [JavaFX Application Thread] INFO  o.b.s.BxWinLab.Base.BaseLabel - 控件库Debug模式已开启
2026-01-29 23:59:55.660 [JavaFX Application Thread] INFO  o.b.s.BxWinLab.Base.BaseLabel - 控件库Debug模式已开启
2026-01-29 23:59:55.662 [JavaFX Application Thread] INFO  o.b.s.BxWinLab.Base.BaseLabel - 控件库Debug模式已开启
2026-01-29 23:59:55.662 [JavaFX Application Thread] INFO  o.b.s.BxWinLab.Base.BaseLabel - 控件库Debug模式已开启
2026-01-29 23:59:55.662 [JavaFX Application Thread] INFO  o.b.s.BxWinLab.Base.BaseLabel - 控件库Debug模式已开启
2026-01-29 23:59:55.662 [JavaFX Application Thread] INFO  o.b.s.BxWinLab.Base.BaseLabel - 控件库Debug模式已开启
2026-01-29 23:59:55.664 [JavaFX Application Thread] INFO  o.b.s.Utils.FileUtil - 成功加载文件/org/bxwbb/spigotplugincreatertool/icon/Universal/NewProject.png
2026-01-29 23:59:55.664 [JavaFX Application Thread] INFO  o.b.s.BxWinLab.Base.BaseLabel - 控件库Debug模式已开启
2026-01-29 23:59:55.665 [JavaFX Application Thread] INFO  o.b.s.BxWinLab.Base.BaseLabel - 控件库Debug模式已开启
2026-01-29 23:59:55.665 [JavaFX Application Thread] INFO  o.b.s.BxWinLab.Base.BaseLabel - 控件库Debug模式已开启
2026-01-29 23:59:55.665 [JavaFX Application Thread] INFO  o.b.s.BxWinLab.Base.BaseLabel - 控件库Debug模式已开启
2026-01-29 23:59:55.665 [JavaFX Application Thread] INFO  o.b.s.BxWinLab.Base.BaseLabel - 控件库Debug模式已开启
2026-01-29 23:59:55.665 [JavaFX Application Thread] INFO  o.b.s.BxWinLab.Base.BaseLabel - 控件库Debug模式已开启
2026-01-29 23:59:55.666 [JavaFX Application Thread] INFO  o.b.s.BxWinLab.Base.BaseLabel - 控件库Debug模式已开启
2026-01-29 23:59:55.667 [JavaFX Application Thread] INFO  o.b.s.Utils.FileUtil - 成功加载文件/org/bxwbb/spigotplugincreatertool/icon/Universal/Setting.png
2026-01-29 23:59:55.667 [JavaFX Application Thread] INFO  o.b.s.BxWinLab.Base.BaseLabel - 控件库Debug模式已开启
2026-01-29 23:59:55.668 [JavaFX Application Thread] INFO  o.b.s.BxWinLab.Base.BaseLabel - 控件库Debug模式已开启
2026-01-29 23:59:55.668 [JavaFX Application Thread] INFO  o.b.s.BxWinLab.Base.BaseLabel - 控件库Debug模式已开启
2026-01-29 23:59:55.668 [JavaFX Application Thread] INFO  o.b.s.BxWinLab.Base.BaseLabel - 控件库Debug模式已开启
2026-01-29 23:59:55.668 [JavaFX Application Thread] INFO  o.b.s.BxWinLab.Base.BaseLabel - 控件库Debug模式已开启
2026-01-29 23:59:55.669 [JavaFX Application Thread] INFO  o.b.s.BxWinLab.Base.BaseLabel - 控件库Debug模式已开启
2026-01-29 23:59:55.669 [JavaFX Application Thread] INFO  o.b.s.BxWinLab.Base.BaseLabel - 控件库Debug模式已开启
2026-01-29 23:59:55.670 [JavaFX Application Thread] INFO  o.b.s.Utils.FileUtil - 成功加载文件/org/bxwbb/spigotplugincreatertool/icon/Universal/Learn.png
2026-01-29 23:59:55.671 [JavaFX Application Thread] INFO  o.b.s.BxWinLab.Base.BaseLabel - 控件库Debug模式已开启
2026-01-29 23:59:55.671 [JavaFX Application Thread] INFO  o.b.s.BxWinLab.Base.BaseLabel - 控件库Debug模式已开启
2026-01-29 23:59:55.671 [JavaFX Application Thread] INFO  o.b.s.BxWinLab.Base.BaseLabel - 控件库Debug模式已开启
2026-01-29 23:59:55.671 [JavaFX Application Thread] INFO  o.b.s.BxWinLab.Base.BaseLabel - 控件库Debug模式已开启
2026-01-29 23:59:55.671 [JavaFX Application Thread] INFO  o.b.s.BxWinLab.Base.BaseLabel - 控件库Debug模式已开启
2026-01-29 23:59:55.671 [JavaFX Application Thread] INFO  o.b.s.BxWinLab.Base.BaseLabel - 控件库Debug模式已开启
2026-01-29 23:59:55.671 [JavaFX Application Thread] INFO  o.b.s.BxWinLab.Base.BaseLabel - 控件库Debug模式已开启
2026-01-29 23:59:55.672 [JavaFX Application Thread] INFO  o.b.s.Utils.FileUtil - 成功加载文件/org/bxwbb/spigotplugincreatertool/icon/Universal/Quit.png
2026-01-29 23:59:55.673 [JavaFX Application Thread] INFO  o.b.s.BxWinLab.Base.BaseLabel - 控件库Debug模式已开启
2026-01-29 23:59:55.673 [JavaFX Application Thread] INFO  o.b.s.BxWinLab.Base.BaseLabel - 控件库Debug模式已开启
2026-01-29 23:59:55.673 [JavaFX Application Thread] INFO  o.b.s.BxWinLab.Base.BaseLabel - 控件库Debug模式已开启
2026-01-29 23:59:55.673 [JavaFX Application Thread] INFO  o.b.s.BxWinLab.Base.BaseLabel - 控件库Debug模式已开启
2026-01-29 23:59:55.673 [JavaFX Application Thread] INFO  o.b.s.BxWinLab.Base.BaseLabel - 控件库Debug模式已开启
2026-01-29 23:59:55.673 [JavaFX Application Thread] INFO  o.b.s.BxWinLab.Base.BaseLabel - 控件库Debug模式已开启
2026-01-29 23:59:55.674 [JavaFX Application Thread] INFO  o.b.s.BxWinLab.Base.BaseLabel - 控件库Debug模式已开启
2026-01-29 23:59:55.678 [JavaFX Application Thread] INFO  o.b.s.BxWinLab.Base.BaseLabel - 控件库Debug模式已开启
2026-01-29 23:59:55.679 [JavaFX Application Thread] INFO  o.b.s.BxWinLab.Base.BaseLabel - 控件库Debug模式已开启
2026-01-29 23:59:55.694 [JavaFX Application Thread] INFO  o.b.s.BxWinLab.Base.BaseLabel - 控件库Debug模式已开启
2026-01-29 23:59:55.695 [JavaFX Application Thread] INFO  o.b.s.Utils.FileUtil - 成功加载文件/org/bxwbb/spigotplugincreatertool/icon/Universal/NewProject.png
2026-01-29 23:59:55.695 [JavaFX Application Thread] INFO  o.b.s.BxWinLab.Base.BaseLabel - 控件库Debug模式已开启
2026-01-29 23:59:55.695 [JavaFX Application Thread] INFO  o.b.s.BxWinLab.Base.BaseLabel - 控件库Debug模式已开启
2026-01-29 23:59:55.695 [JavaFX Application Thread] INFO  o.b.s.BxWinLab.Base.BaseLabel - 控件库Debug模式已开启
2026-01-29 23:59:55.696 [JavaFX Application Thread] INFO  o.b.s.BxWinLab.Base.BaseLabel - 控件库Debug模式已开启
2026-01-29 23:59:55.697 [JavaFX Application Thread] INFO  o.b.s.BxWinLab.Base.BaseLabel - 控件库Debug模式已开启
2026-01-29 23:59:55.697 [JavaFX Application Thread] INFO  o.b.s.BxWinLab.Base.BaseLabel - 控件库Debug模式已开启
2026-01-29 23:59:55.697 [JavaFX Application Thread] INFO  o.b.s.BxWinLab.Base.BaseLabel - 控件库Debug模式已开启
2026-01-29 23:59:55.697 [JavaFX Application Thread] INFO  o.b.s.BxWinLab.Base.BaseLabel - 控件库Debug模式已开启
2026-01-29 23:59:55.697 [JavaFX Application Thread] INFO  o.b.s.BxWinLab.Base.BaseLabel - 控件库Debug模式已开启
2026-01-29 23:59:55.697 [JavaFX Application Thread] INFO  o.b.s.BxWinLab.Base.BaseLabel - 控件库Debug模式已开启
2026-01-29 23:59:55.697 [JavaFX Application Thread] INFO  o.b.s.BxWinLab.Base.BaseLabel - 控件库Debug模式已开启
2026-01-29 23:59:55.697 [JavaFX Application Thread] INFO  o.b.s.BxWinLab.Base.BaseLabel - 控件库Debug模式已开启
2026-01-29 23:59:55.698 [JavaFX Application Thread] INFO  o.b.s.BxWinLab.Base.BaseLabel - 控件库Debug模式已开启
2026-01-29 23:59:55.698 [JavaFX Application Thread] INFO  o.b.s.BxWinLab.Base.BaseLabel - 控件库Debug模式已开启
2026-01-29 23:59:55.699 [JavaFX Application Thread] INFO  o.b.s.BxWinLab.Base.BaseLabel - 控件库Debug模式已开启
2026-01-29 23:59:55.702 [JavaFX Application Thread] INFO  o.b.s.BxWinLab.Base.BaseLabel - 控件库Debug模式已开启
2026-01-29 23:59:55.702 [JavaFX Application Thread] INFO  o.b.s.BxWinLab.Base.BaseLabel - 控件库Debug模式已开启
2026-01-29 23:59:55.702 [JavaFX Application Thread] INFO  o.b.s.BxWinLab.Base.BaseLabel - 控件库Debug模式已开启
2026-01-29 23:59:55.702 [JavaFX Application Thread] INFO  o.b.s.BxWinLab.Base.BaseLabel - 控件库Debug模式已开启
2026-01-29 23:59:55.702 [JavaFX Application Thread] INFO  o.b.s.BxWinLab.Base.BaseLabel - 控件库Debug模式已开启
2026-01-29 23:59:55.702 [JavaFX Application Thread] INFO  o.b.s.BxWinLab.Base.BaseLabel - 控件库Debug模式已开启
2026-01-29 23:59:55.702 [JavaFX Application Thread] INFO  o.b.s.BxWinLab.Base.BaseLabel - 控件库Debug模式已开启
2026-01-29 23:59:55.702 [JavaFX Application Thread] INFO  o.b.s.BxWinLab.Base.BaseLabel - 控件库Debug模式已开启
2026-01-29 23:59:55.702 [JavaFX Application Thread] INFO  o.b.s.BxWinLab.Base.BaseLabel - 控件库Debug模式已开启
2026-01-29 23:59:55.702 [JavaFX Application Thread] INFO  o.b.s.BxWinLab.Base.BaseLabel - 控件库Debug模式已开启
2026-01-29 23:59:55.702 [JavaFX Application Thread] INFO  o.b.s.BxWinLab.Base.BaseLabel - 控件库Debug模式已开启
2026-01-29 23:59:55.702 [JavaFX Application Thread] INFO  o.b.s.BxWinLab.Base.BaseLabel - 控件库Debug模式已开启
2026-01-29 23:59:55.703 [JavaFX Application Thread] INFO  o.b.s.BxWinLab.Base.BaseLabel - 控件库Debug模式已开启
2026-01-29 23:59:55.704 [JavaFX Application Thread] INFO  o.b.s.BxWinLab.Base.BaseLabel - 控件库Debug模式已开启
2026-01-29 23:59:55.704 [JavaFX Application Thread] INFO  o.b.s.Utils.FileUtil - 成功加载文件/org/bxwbb/spigotplugincreatertool/icon/Universal/NewProject.png
2026-01-29 23:59:55.706 [JavaFX Application Thread] INFO  o.b.s.BxWinLab.Base.BaseLabel - 控件库Debug模式已开启
2026-01-29 23:59:55.706 [JavaFX Application Thread] INFO  o.b.s.BxWinLab.Base.BaseLabel - 控件库Debug模式已开启
2026-01-29 23:59:55.706 [JavaFX Application Thread] INFO  o.b.s.BxWinLab.Base.BaseLabel - 控件库Debug模式已开启
2026-01-29 23:59:55.706 [JavaFX Application Thread] INFO  o.b.s.BxWinLab.Base.BaseLabel - 控件库Debug模式已开启
2026-01-29 23:59:55.706 [JavaFX Application Thread] INFO  o.b.s.BxWinLab.Base.BaseLabel - 控件库Debug模式已开启
2026-01-29 23:59:55.707 [JavaFX Application Thread] INFO  o.b.s.BxWinLab.Base.BaseLabel - 控件库Debug模式已开启
2026-01-29 23:59:55.707 [JavaFX Application Thread] INFO  o.b.s.BxWinLab.Base.BaseLabel - 控件库Debug模式已开启
2026-01-29 23:59:55.707 [JavaFX Application Thread] INFO  o.b.s.BxWinLab.Base.BaseLabel - 控件库Debug模式已开启
2026-01-29 23:59:55.707 [JavaFX Application Thread] INFO  o.b.s.BxWinLab.Base.BaseLabel - 控件库Debug模式已开启
2026-01-29 23:59:55.707 [JavaFX Application Thread] INFO  o.b.s.BxWinLab.Base.BaseLabel - 控件库Debug模式已开启
2026-01-29 23:59:55.707 [JavaFX Application Thread] INFO  o.b.s.BxWinLab.Base.BaseLabel - 控件库Debug模式已开启
2026-01-29 23:59:55.707 [JavaFX Application Thread] INFO  o.b.s.BxWinLab.Base.BaseLabel - 控件库Debug模式已开启
2026-01-29 23:59:55.707 [JavaFX Application Thread] INFO  o.b.s.BxWinLab.Base.BaseLabel - 控件库Debug模式已开启
2026-01-29 23:59:55.707 [JavaFX Application Thread] INFO  o.b.s.BxWinLab.Base.BaseLabel - 控件库Debug模式已开启
2026-01-29 23:59:55.707 [JavaFX Application Thread] INFO  o.b.s.BxWinLab.Base.BaseLabel - 控件库Debug模式已开启
2026-01-29 23:59:55.708 [JavaFX Application Thread] INFO  o.b.s.BxWinLab.Base.BaseLabel - 控件库Debug模式已开启
2026-01-29 23:59:59.189 [JavaFX Application Thread] INFO  o.b.s.BxWinLab.Base.BaseLabel - 控件焦点改变至 - org.bxwbb.spigotplugincreatertool.Window.StartPage@554f462f
