2026-01-27 14:25:32.162 [JavaFX-Launcher] INFO  o.b.s.HelloApplication - 执行初始化...
2026-01-27 14:25:32.172 [JavaFX Application Thread] INFO  o.b.s.HelloApplication - 工具开始启动并加载...
2026-01-27 14:25:32.243 [JavaFX Application Thread] INFO  o.b.s.Utils.FileUtil - 成功加载文件/org/bxwbb/spigotplugincreatertool/icon/icon.png
2026-01-27 14:39:41.277 [JavaFX-Launcher] INFO  o.b.s.HelloApplication - 执行初始化...
2026-01-27 14:39:41.283 [JavaFX Application Thread] INFO  o.b.s.HelloApplication - 工具开始启动并加载...
2026-01-27 14:39:41.334 [JavaFX Application Thread] INFO  o.b.s.Utils.FileUtil - 成功加载文件/org/bxwbb/spigotplugincreatertool/icon/icon.png
2026-01-27 14:39:53.123 [JavaFX Application Thread] INFO  o.b.s.HelloApplication - 执行停止...
2026-01-27 14:40:00.976 [JavaFX-Launcher] INFO  o.b.s.HelloApplication - 执行初始化...
2026-01-27 14:40:00.981 [JavaFX Application Thread] INFO  o.b.s.HelloApplication - 工具开始启动并加载...
2026-01-27 14:40:01.024 [JavaFX Application Thread] INFO  o.b.s.Utils.FileUtil - 成功加载文件/org/bxwbb/spigotplugincreatertool/icon/icon.png
2026-01-27 14:40:18.103 [JavaFX Application Thread] INFO  o.b.s.HelloApplication - 执行停止...
2026-01-27 14:40:23.716 [JavaFX-Launcher] INFO  o.b.s.HelloApplication - 执行初始化...
2026-01-27 14:40:23.721 [JavaFX Application Thread] INFO  o.b.s.HelloApplication - 工具开始启动并加载...
2026-01-27 14:40:23.763 [JavaFX Application Thread] INFO  o.b.s.Utils.FileUtil - 成功加载文件/org/bxwbb/spigotplugincreatertool/icon/icon.png
2026-01-27 14:40:30.831 [JavaFX Application Thread] INFO  o.b.s.HelloApplication - 执行停止...
2026-01-27 14:42:24.677 [JavaFX-Launcher] INFO  o.b.s.HelloApplication - 执行初始化...
2026-01-27 14:42:24.683 [JavaFX Application Thread] INFO  o.b.s.HelloApplication - 工具开始启动并加载...
2026-01-27 14:42:24.729 [JavaFX Application Thread] INFO  o.b.s.Utils.FileUtil - 成功加载文件/org/bxwbb/spigotplugincreatertool/icon/icon.png
2026-01-27 14:42:29.879 [JavaFX Application Thread] INFO  o.b.s.HelloApplication - 执行停止...
2026-01-27 14:42:43.340 [JavaFX-Launcher] INFO  o.b.s.HelloApplication - 执行初始化...
2026-01-27 14:42:43.346 [JavaFX Application Thread] INFO  o.b.s.HelloApplication - 工具开始启动并加载...
2026-01-27 14:42:43.381 [JavaFX Application Thread] INFO  o.b.s.BxWinLab.Base.BaseLabel - 控件库Debug模式已开启
2026-01-27 14:42:43.389 [JavaFX Application Thread] INFO  o.b.s.BxWinLab.Base.BaseLabel - 控件库Debug模式已开启
2026-01-27 14:42:43.390 [JavaFX Application Thread] INFO  o.b.s.Utils.FileUtil - 成功加载文件/org/bxwbb/spigotplugincreatertool/icon/icon.png
2026-01-27 14:42:43.527 [JavaFX Application Thread] INFO  o.b.s.BxWinLab.Base.BaseLabel - 控件库Debug模式已开启
2026-01-27 14:42:43.529 [JavaFX Application Thread] INFO  o.b.s.BxWinLab.Base.BaseLabel - 控件库Debug模式已开启
2026-01-27 14:42:43.529 [JavaFX Application Thread] INFO  o.b.s.BxWinLab.Base.BaseLabel - 控件库Debug模式已开启
2026-01-27 14:42:43.529 [JavaFX Application Thread] INFO  o.b.s.BxWinLab.Base.BaseLabel - 控件库Debug模式已开启
2026-01-27 14:42:43.550 [JavaFX Application Thread] INFO  o.b.s.BxWinLab.Base.BaseLabel - 控件库Debug模式已开启
2026-01-27 14:42:43.561 [JavaFX Application Thread] INFO  o.b.s.BxWinLab.Base.BaseLabel - 控件库Debug模式已开启
2026-01-27 14:42:56.005 [JavaFX Application Thread] INFO  o.b.s.HelloApplication - 执行停止...
2026-01-27 14:44:08.105 [JavaFX-Launcher] INFO  o.b.s.HelloApplication - 执行初始化...
2026-01-27 14:44:08.112 [JavaFX Application Thread] INFO  o.b.s.HelloApplication - 工具开始启动并加载...
2026-01-27 14:44:08.146 [JavaFX Application Thread] INFO  o.b.s.BxWinLab.Base.BaseLabel - 控件库Debug模式已开启
2026-01-27 14:44:08.152 [JavaFX Application Thread] INFO  o.b.s.BxWinLab.Base.BaseLabel - 控件库Debug模式已开启
2026-01-27 14:44:08.155 [JavaFX Application Thread] INFO  o.b.s.Utils.FileUtil - 成功加载文件/org/bxwbb/spigotplugincreatertool/icon/icon.png
2026-01-27 14:44:08.294 [JavaFX Application Thread] INFO  o.b.s.BxWinLab.Base.BaseLabel - 控件库Debug模式已开启
2026-01-27 14:44:08.295 [JavaFX Application Thread] INFO  o.b.s.BxWinLab.Base.BaseLabel - 控件库Debug模式已开启
2026-01-27 14:44:08.295 [JavaFX Application Thread] INFO  o.b.s.BxWinLab.Base.BaseLabel - 控件库Debug模式已开启
2026-01-27 14:44:08.295 [JavaFX Application Thread] INFO  o.b.s.BxWinLab.Base.BaseLabel - 控件库Debug模式已开启
2026-01-27 14:44:08.318 [JavaFX Application Thread] INFO  o.b.s.BxWinLab.Base.BaseLabel - 控件库Debug模式已开启
2026-01-27 14:44:08.329 [JavaFX Application Thread] INFO  o.b.s.BxWinLab.Base.BaseLabel - 控件库Debug模式已开启
2026-01-27 14:44:20.684 [JavaFX Application Thread] INFO  o.b.s.HelloApplication - 执行停止...
2026-01-27 14:45:09.601 [JavaFX-Launcher] INFO  o.b.s.HelloApplication - 执行初始化...
2026-01-27 14:45:09.607 [JavaFX Application Thread] INFO  o.b.s.HelloApplication - 工具开始启动并加载...
2026-01-27 14:45:09.640 [JavaFX Application Thread] INFO  o.b.s.BxWinLab.Base.BaseLabel - 控件库Debug模式已开启
2026-01-27 14:45:09.646 [JavaFX Application Thread] INFO  o.b.s.BxWinLab.Base.BaseLabel - 控件库Debug模式已开启
2026-01-27 14:45:09.648 [JavaFX Application Thread] INFO  o.b.s.Utils.FileUtil - 成功加载文件/org/bxwbb/spigotplugincreatertool/icon/icon.png
2026-01-27 14:45:09.783 [JavaFX Application Thread] INFO  o.b.s.BxWinLab.Base.BaseLabel - 控件库Debug模式已开启
2026-01-27 14:45:09.785 [JavaFX Application Thread] INFO  o.b.s.BxWinLab.Base.BaseLabel - 控件库Debug模式已开启
2026-01-27 14:45:09.785 [JavaFX Application Thread] INFO  o.b.s.BxWinLab.Base.BaseLabel - 控件库Debug模式已开启
2026-01-27 14:45:09.786 [JavaFX Application Thread] INFO  o.b.s.BxWinLab.Base.BaseLabel - 控件库Debug模式已开启
2026-01-27 14:45:09.807 [JavaFX Application Thread] INFO  o.b.s.BxWinLab.Base.BaseLabel - 控件库Debug模式已开启
2026-01-27 14:45:09.819 [JavaFX Application Thread] INFO  o.b.s.BxWinLab.Base.BaseLabel - 控件库Debug模式已开启
2026-01-27 14:45:39.031 [JavaFX Application Thread] INFO  o.b.s.HelloApplication - 执行停止...
2026-01-27 14:45:51.670 [JavaFX-Launcher] INFO  o.b.s.HelloApplication - 执行初始化...
2026-01-27 14:45:51.676 [JavaFX Application Thread] INFO  o.b.s.HelloApplication - 工具开始启动并加载...
2026-01-27 14:45:51.711 [JavaFX Application Thread] INFO  o.b.s.BxWinLab.Base.BaseLabel - 控件库Debug模式已开启
2026-01-27 14:45:51.718 [JavaFX Application Thread] INFO  o.b.s.BxWinLab.Base.BaseLabel - 控件库Debug模式已开启
2026-01-27 14:45:51.719 [JavaFX Application Thread] INFO  o.b.s.Utils.FileUtil - 成功加载文件/org/bxwbb/spigotplugincreatertool/icon/icon.png
2026-01-27 14:45:51.855 [JavaFX Application Thread] INFO  o.b.s.BxWinLab.Base.BaseLabel - 控件库Debug模式已开启
2026-01-27 14:45:51.856 [JavaFX Application Thread] INFO  o.b.s.BxWinLab.Base.BaseLabel - 控件库Debug模式已开启
2026-01-27 14:45:51.856 [JavaFX Application Thread] INFO  o.b.s.BxWinLab.Base.BaseLabel - 控件库Debug模式已开启
2026-01-27 14:45:51.856 [JavaFX Application Thread] INFO  o.b.s.BxWinLab.Base.BaseLabel - 控件库Debug模式已开启
2026-01-27 14:45:51.873 [JavaFX Application Thread] INFO  o.b.s.BxWinLab.Base.BaseLabel - 控件库Debug模式已开启
2026-01-27 14:45:51.886 [JavaFX Application Thread] INFO  o.b.s.BxWinLab.Base.BaseLabel - 控件库Debug模式已开启
2026-01-27 14:46:04.645 [JavaFX Application Thread] INFO  o.b.s.HelloApplication - 执行停止...
2026-01-27 14:47:11.903 [JavaFX-Launcher] INFO  o.b.s.HelloApplication - 执行初始化...
2026-01-27 14:47:11.908 [JavaFX Application Thread] INFO  o.b.s.HelloApplication - 工具开始启动并加载...
2026-01-27 14:47:11.945 [JavaFX Application Thread] INFO  o.b.s.BxWinLab.Base.BaseLabel - 控件库Debug模式已开启
2026-01-27 14:47:11.951 [JavaFX Application Thread] INFO  o.b.s.BxWinLab.Base.BaseLabel - 控件库Debug模式已开启
2026-01-27 14:47:11.952 [JavaFX Application Thread] INFO  o.b.s.Utils.FileUtil - 成功加载文件/org/bxwbb/spigotplugincreatertool/icon/icon.png
2026-01-27 14:47:12.088 [JavaFX Application Thread] INFO  o.b.s.BxWinLab.Base.BaseLabel - 控件库Debug模式已开启
2026-01-27 14:47:12.089 [JavaFX Application Thread] INFO  o.b.s.BxWinLab.Base.BaseLabel - 控件库Debug模式已开启
2026-01-27 14:47:12.089 [JavaFX Application Thread] INFO  o.b.s.BxWinLab.Base.BaseLabel - 控件库Debug模式已开启
2026-01-27 14:47:12.089 [JavaFX Application Thread] INFO  o.b.s.BxWinLab.Base.BaseLabel - 控件库Debug模式已开启
2026-01-27 14:47:12.090 [JavaFX Application Thread] INFO  o.b.s.BxWinLab.Base.BaseLabel - 控件库Debug模式已开启
2026-01-27 14:47:12.113 [JavaFX Application Thread] INFO  o.b.s.BxWinLab.Base.BaseLabel - 控件库Debug模式已开启
2026-01-27 14:47:12.124 [JavaFX Application Thread] INFO  o.b.s.BxWinLab.Base.BaseLabel - 控件库Debug模式已开启
2026-01-27 14:47:19.971 [JavaFX Application Thread] INFO  o.b.s.HelloApplication - 执行停止...
2026-01-27 14:47:54.885 [JavaFX-Launcher] INFO  o.b.s.HelloApplication - 执行初始化...
2026-01-27 14:47:54.891 [JavaFX Application Thread] INFO  o.b.s.HelloApplication - 工具开始启动并加载...
2026-01-27 14:47:54.926 [JavaFX Application Thread] INFO  o.b.s.BxWinLab.Base.BaseLabel - 控件库Debug模式已开启
2026-01-27 14:47:54.934 [JavaFX Application Thread] INFO  o.b.s.BxWinLab.Base.BaseLabel - 控件库Debug模式已开启
2026-01-27 14:47:54.935 [JavaFX Application Thread] INFO  o.b.s.Utils.FileUtil - 成功加载文件/org/bxwbb/spigotplugincreatertool/icon/icon.png
2026-01-27 14:47:55.080 [JavaFX Application Thread] INFO  o.b.s.BxWinLab.Base.BaseLabel - 控件库Debug模式已开启
2026-01-27 14:47:55.081 [JavaFX Application Thread] INFO  o.b.s.BxWinLab.Base.BaseLabel - 控件库Debug模式已开启
2026-01-27 14:47:55.082 [JavaFX Application Thread] INFO  o.b.s.BxWinLab.Base.BaseLabel - 控件库Debug模式已开启
2026-01-27 14:48:01.225 [JavaFX Application Thread] INFO  o.b.s.HelloApplication - 执行停止...
2026-01-27 14:48:21.543 [JavaFX-Launcher] INFO  o.b.s.HelloApplication - 执行初始化...
2026-01-27 14:48:21.549 [JavaFX Application Thread] INFO  o.b.s.HelloApplication - 工具开始启动并加载...
2026-01-27 14:48:21.585 [JavaFX Application Thread] INFO  o.b.s.BxWinLab.Base.BaseLabel - 控件库Debug模式已开启
2026-01-27 14:48:21.592 [JavaFX Application Thread] INFO  o.b.s.BxWinLab.Base.BaseLabel - 控件库Debug模式已开启
2026-01-27 14:48:21.593 [JavaFX Application Thread] INFO  o.b.s.Utils.FileUtil - 成功加载文件/org/bxwbb/spigotplugincreatertool/icon/icon.png
2026-01-27 14:48:21.735 [JavaFX Application Thread] INFO  o.b.s.BxWinLab.Base.BaseLabel - 控件库Debug模式已开启
2026-01-27 14:48:21.737 [JavaFX Application Thread] INFO  o.b.s.BxWinLab.Base.BaseLabel - 控件库Debug模式已开启
2026-01-27 14:48:21.738 [JavaFX Application Thread] INFO  o.b.s.BxWinLab.Base.BaseLabel - 控件库Debug模式已开启
2026-01-27 14:48:21.738 [JavaFX Application Thread] INFO  o.b.s.BxWinLab.Base.BaseLabel - 控件库Debug模式已开启
2026-01-27 14:48:24.946 [JavaFX Application Thread] INFO  o.b.s.HelloApplication - 执行停止...
2026-01-27 14:48:29.149 [JavaFX-Launcher] INFO  o.b.s.HelloApplication - 执行初始化...
2026-01-27 14:48:29.154 [JavaFX Application Thread] INFO  o.b.s.HelloApplication - 工具开始启动并加载...
2026-01-27 14:48:29.189 [JavaFX Application Thread] INFO  o.b.s.BxWinLab.Base.BaseLabel - 控件库Debug模式已开启
2026-01-27 14:48:29.195 [JavaFX Application Thread] INFO  o.b.s.BxWinLab.Base.BaseLabel - 控件库Debug模式已开启
2026-01-27 14:48:29.198 [JavaFX Application Thread] INFO  o.b.s.Utils.FileUtil - 成功加载文件/org/bxwbb/spigotplugincreatertool/icon/icon.png
2026-01-27 14:48:29.335 [JavaFX Application Thread] INFO  o.b.s.BxWinLab.Base.BaseLabel - 控件库Debug模式已开启
2026-01-27 14:48:29.337 [JavaFX Application Thread] INFO  o.b.s.BxWinLab.Base.BaseLabel - 控件库Debug模式已开启
2026-01-27 14:48:29.337 [JavaFX Application Thread] INFO  o.b.s.BxWinLab.Base.BaseLabel - 控件库Debug模式已开启
2026-01-27 14:48:29.338 [JavaFX Application Thread] INFO  o.b.s.BxWinLab.Base.BaseLabel - 控件库Debug模式已开启
2026-01-27 14:48:29.338 [JavaFX Application Thread] INFO  o.b.s.BxWinLab.Base.BaseLabel - 控件库Debug模式已开启
2026-01-27 14:48:37.259 [JavaFX Application Thread] INFO  o.b.s.HelloApplication - 执行停止...
2026-01-27 14:48:39.748 [JavaFX-Launcher] INFO  o.b.s.HelloApplication - 执行初始化...
2026-01-27 14:48:39.753 [JavaFX Application Thread] INFO  o.b.s.HelloApplication - 工具开始启动并加载...
2026-01-27 14:48:39.787 [JavaFX Application Thread] INFO  o.b.s.BxWinLab.Base.BaseLabel - 控件库Debug模式已开启
2026-01-27 14:48:39.794 [JavaFX Application Thread] INFO  o.b.s.BxWinLab.Base.BaseLabel - 控件库Debug模式已开启
2026-01-27 14:48:39.795 [JavaFX Application Thread] INFO  o.b.s.Utils.FileUtil - 成功加载文件/org/bxwbb/spigotplugincreatertool/icon/icon.png
2026-01-27 14:48:39.933 [JavaFX Application Thread] INFO  o.b.s.BxWinLab.Base.BaseLabel - 控件库Debug模式已开启
2026-01-27 14:48:39.934 [JavaFX Application Thread] INFO  o.b.s.BxWinLab.Base.BaseLabel - 控件库Debug模式已开启
2026-01-27 14:48:39.935 [JavaFX Application Thread] INFO  o.b.s.BxWinLab.Base.BaseLabel - 控件库Debug模式已开启
2026-01-27 14:48:39.935 [JavaFX Application Thread] INFO  o.b.s.BxWinLab.Base.BaseLabel - 控件库Debug模式已开启
2026-01-27 14:48:39.935 [JavaFX Application Thread] INFO  o.b.s.BxWinLab.Base.BaseLabel - 控件库Debug模式已开启
2026-01-27 14:48:43.428 [JavaFX Application Thread] INFO  o.b.s.HelloApplication - 执行停止...
2026-01-27 14:48:48.110 [JavaFX-Launcher] INFO  o.b.s.HelloApplication - 执行初始化...
2026-01-27 14:48:48.116 [JavaFX Application Thread] INFO  o.b.s.HelloApplication - 工具开始启动并加载...
2026-01-27 14:48:48.151 [JavaFX Application Thread] INFO  o.b.s.BxWinLab.Base.BaseLabel - 控件库Debug模式已开启
2026-01-27 14:48:48.158 [JavaFX Application Thread] INFO  o.b.s.BxWinLab.Base.BaseLabel - 控件库Debug模式已开启
2026-01-27 14:48:48.159 [JavaFX Application Thread] INFO  o.b.s.Utils.FileUtil - 成功加载文件/org/bxwbb/spigotplugincreatertool/icon/icon.png
2026-01-27 14:48:48.305 [JavaFX Application Thread] INFO  o.b.s.BxWinLab.Base.BaseLabel - 控件库Debug模式已开启
2026-01-27 14:48:48.306 [JavaFX Application Thread] INFO  o.b.s.BxWinLab.Base.BaseLabel - 控件库Debug模式已开启
2026-01-27 14:48:48.306 [JavaFX Application Thread] INFO  o.b.s.BxWinLab.Base.BaseLabel - 控件库Debug模式已开启
2026-01-27 14:48:48.306 [JavaFX Application Thread] INFO  o.b.s.BxWinLab.Base.BaseLabel - 控件库Debug模式已开启
2026-01-27 14:48:48.306 [JavaFX Application Thread] INFO  o.b.s.BxWinLab.Base.BaseLabel - 控件库Debug模式已开启
2026-01-27 14:48:55.746 [JavaFX Application Thread] INFO  o.b.s.HelloApplication - 执行停止...
2026-01-27 14:49:00.339 [JavaFX-Launcher] INFO  o.b.s.HelloApplication - 执行初始化...
2026-01-27 14:49:00.345 [JavaFX Application Thread] INFO  o.b.s.HelloApplication - 工具开始启动并加载...
2026-01-27 14:49:00.379 [JavaFX Application Thread] INFO  o.b.s.BxWinLab.Base.BaseLabel - 控件库Debug模式已开启
2026-01-27 14:49:00.387 [JavaFX Application Thread] INFO  o.b.s.BxWinLab.Base.BaseLabel - 控件库Debug模式已开启
2026-01-27 14:49:00.388 [JavaFX Application Thread] INFO  o.b.s.Utils.FileUtil - 成功加载文件/org/bxwbb/spigotplugincreatertool/icon/icon.png
2026-01-27 14:49:00.535 [JavaFX Application Thread] INFO  o.b.s.BxWinLab.Base.BaseLabel - 控件库Debug模式已开启
2026-01-27 14:49:00.536 [JavaFX Application Thread] INFO  o.b.s.BxWinLab.Base.BaseLabel - 控件库Debug模式已开启
2026-01-27 14:49:00.537 [JavaFX Application Thread] INFO  o.b.s.BxWinLab.Base.BaseLabel - 控件库Debug模式已开启
2026-01-27 14:49:00.537 [JavaFX Application Thread] INFO  o.b.s.BxWinLab.Base.BaseLabel - 控件库Debug模式已开启
2026-01-27 14:49:00.537 [JavaFX Application Thread] INFO  o.b.s.BxWinLab.Base.BaseLabel - 控件库Debug模式已开启
2026-01-27 14:49:08.821 [JavaFX Application Thread] INFO  o.b.s.HelloApplication - 执行停止...
2026-01-27 14:49:13.670 [JavaFX-Launcher] INFO  o.b.s.HelloApplication - 执行初始化...
2026-01-27 14:49:13.674 [JavaFX Application Thread] INFO  o.b.s.HelloApplication - 工具开始启动并加载...
2026-01-27 14:49:13.711 [JavaFX Application Thread] INFO  o.b.s.BxWinLab.Base.BaseLabel - 控件库Debug模式已开启
2026-01-27 14:49:13.717 [JavaFX Application Thread] INFO  o.b.s.BxWinLab.Base.BaseLabel - 控件库Debug模式已开启
2026-01-27 14:49:13.718 [JavaFX Application Thread] INFO  o.b.s.Utils.FileUtil - 成功加载文件/org/bxwbb/spigotplugincreatertool/icon/icon.png
2026-01-27 14:49:13.863 [JavaFX Application Thread] INFO  o.b.s.BxWinLab.Base.BaseLabel - 控件库Debug模式已开启
2026-01-27 14:49:13.864 [JavaFX Application Thread] INFO  o.b.s.BxWinLab.Base.BaseLabel - 控件库Debug模式已开启
2026-01-27 14:49:13.864 [JavaFX Application Thread] INFO  o.b.s.BxWinLab.Base.BaseLabel - 控件库Debug模式已开启
2026-01-27 14:49:13.864 [JavaFX Application Thread] INFO  o.b.s.BxWinLab.Base.BaseLabel - 控件库Debug模式已开启
2026-01-27 14:49:13.865 [JavaFX Application Thread] INFO  o.b.s.BxWinLab.Base.BaseLabel - 控件库Debug模式已开启
2026-01-27 14:49:25.851 [JavaFX Application Thread] INFO  o.b.s.HelloApplication - 执行停止...
2026-01-27 14:50:22.097 [JavaFX-Launcher] INFO  o.b.s.HelloApplication - 执行初始化...
2026-01-27 14:50:22.103 [JavaFX Application Thread] INFO  o.b.s.HelloApplication - 工具开始启动并加载...
2026-01-27 14:50:22.138 [JavaFX Application Thread] INFO  o.b.s.BxWinLab.Base.BaseLabel - 控件库Debug模式已开启
2026-01-27 14:50:22.144 [JavaFX Application Thread] INFO  o.b.s.BxWinLab.Base.BaseLabel - 控件库Debug模式已开启
2026-01-27 14:50:22.146 [JavaFX Application Thread] INFO  o.b.s.Utils.FileUtil - 成功加载文件/org/bxwbb/spigotplugincreatertool/icon/icon.png
2026-01-27 14:50:22.280 [JavaFX Application Thread] INFO  o.b.s.BxWinLab.Base.BaseLabel - 控件库Debug模式已开启
2026-01-27 14:50:22.282 [JavaFX Application Thread] INFO  o.b.s.BxWinLab.Base.BaseLabel - 控件库Debug模式已开启
2026-01-27 14:50:22.282 [JavaFX Application Thread] INFO  o.b.s.BxWinLab.Base.BaseLabel - 控件库Debug模式已开启
2026-01-27 14:50:22.282 [JavaFX Application Thread] INFO  o.b.s.BxWinLab.Base.BaseLabel - 控件库Debug模式已开启
2026-01-27 14:50:22.283 [JavaFX Application Thread] INFO  o.b.s.BxWinLab.Base.BaseLabel - 控件库Debug模式已开启
2026-01-27 14:50:23.603 [JavaFX Application Thread] INFO  o.b.s.HelloApplication - 执行停止...
2026-01-27 14:50:35.279 [JavaFX-Launcher] INFO  o.b.s.HelloApplication - 执行初始化...
2026-01-27 14:50:35.285 [JavaFX Application Thread] INFO  o.b.s.HelloApplication - 工具开始启动并加载...
2026-01-27 14:50:35.320 [JavaFX Application Thread] INFO  o.b.s.BxWinLab.Base.BaseLabel - 控件库Debug模式已开启
2026-01-27 14:50:35.326 [JavaFX Application Thread] INFO  o.b.s.BxWinLab.Base.BaseLabel - 控件库Debug模式已开启
2026-01-27 14:50:35.328 [JavaFX Application Thread] INFO  o.b.s.Utils.FileUtil - 成功加载文件/org/bxwbb/spigotplugincreatertool/icon/icon.png
2026-01-27 14:50:35.474 [JavaFX Application Thread] INFO  o.b.s.BxWinLab.Base.BaseLabel - 控件库Debug模式已开启
2026-01-27 14:50:35.475 [JavaFX Application Thread] INFO  o.b.s.BxWinLab.Base.BaseLabel - 控件库Debug模式已开启
2026-01-27 14:50:35.475 [JavaFX Application Thread] INFO  o.b.s.BxWinLab.Base.BaseLabel - 控件库Debug模式已开启
2026-01-27 14:50:35.475 [JavaFX Application Thread] INFO  o.b.s.BxWinLab.Base.BaseLabel - 控件库Debug模式已开启
2026-01-27 14:50:35.476 [JavaFX Application Thread] INFO  o.b.s.BxWinLab.Base.BaseLabel - 控件库Debug模式已开启
2026-01-27 14:50:35.476 [JavaFX Application Thread] INFO  o.b.s.BxWinLab.Base.BaseLabel - 控件库Debug模式已开启
2026-01-27 14:50:41.719 [JavaFX Application Thread] INFO  o.b.s.HelloApplication - 执行停止...
2026-01-27 14:50:48.259 [JavaFX-Launcher] INFO  o.b.s.HelloApplication - 执行初始化...
2026-01-27 14:50:48.264 [JavaFX Application Thread] INFO  o.b.s.HelloApplication - 工具开始启动并加载...
2026-01-27 14:50:48.299 [JavaFX Application Thread] INFO  o.b.s.BxWinLab.Base.BaseLabel - 控件库Debug模式已开启
2026-01-27 14:50:48.305 [JavaFX Application Thread] INFO  o.b.s.BxWinLab.Base.BaseLabel - 控件库Debug模式已开启
2026-01-27 14:50:48.307 [JavaFX Application Thread] INFO  o.b.s.Utils.FileUtil - 成功加载文件/org/bxwbb/spigotplugincreatertool/icon/icon.png
2026-01-27 14:50:48.450 [JavaFX Application Thread] INFO  o.b.s.BxWinLab.Base.BaseLabel - 控件库Debug模式已开启
2026-01-27 14:50:48.451 [JavaFX Application Thread] INFO  o.b.s.BxWinLab.Base.BaseLabel - 控件库Debug模式已开启
2026-01-27 14:50:48.451 [JavaFX Application Thread] INFO  o.b.s.BxWinLab.Base.BaseLabel - 控件库Debug模式已开启
2026-01-27 14:50:48.451 [JavaFX Application Thread] INFO  o.b.s.BxWinLab.Base.BaseLabel - 控件库Debug模式已开启
2026-01-27 14:50:48.451 [JavaFX Application Thread] INFO  o.b.s.BxWinLab.Base.BaseLabel - 控件库Debug模式已开启
2026-01-27 14:50:48.452 [JavaFX Application Thread] INFO  o.b.s.BxWinLab.Base.BaseLabel - 控件库Debug模式已开启
2026-01-27 14:50:50.798 [JavaFX Application Thread] INFO  o.b.s.HelloApplication - 执行停止...
2026-01-27 14:50:55.231 [JavaFX-Launcher] INFO  o.b.s.HelloApplication - 执行初始化...
2026-01-27 14:50:55.237 [JavaFX Application Thread] INFO  o.b.s.HelloApplication - 工具开始启动并加载...
2026-01-27 14:50:55.270 [JavaFX Application Thread] INFO  o.b.s.BxWinLab.Base.BaseLabel - 控件库Debug模式已开启
2026-01-27 14:50:55.277 [JavaFX Application Thread] INFO  o.b.s.BxWinLab.Base.BaseLabel - 控件库Debug模式已开启
2026-01-27 14:50:55.278 [JavaFX Application Thread] INFO  o.b.s.Utils.FileUtil - 成功加载文件/org/bxwbb/spigotplugincreatertool/icon/icon.png
2026-01-27 14:50:55.415 [JavaFX Application Thread] INFO  o.b.s.BxWinLab.Base.BaseLabel - 控件库Debug模式已开启
2026-01-27 14:50:55.417 [JavaFX Application Thread] INFO  o.b.s.BxWinLab.Base.BaseLabel - 控件库Debug模式已开启
2026-01-27 14:50:55.417 [JavaFX Application Thread] INFO  o.b.s.BxWinLab.Base.BaseLabel - 控件库Debug模式已开启
2026-01-27 14:50:55.417 [JavaFX Application Thread] INFO  o.b.s.BxWinLab.Base.BaseLabel - 控件库Debug模式已开启
2026-01-27 14:50:55.417 [JavaFX Application Thread] INFO  o.b.s.BxWinLab.Base.BaseLabel - 控件库Debug模式已开启
2026-01-27 14:50:55.417 [JavaFX Application Thread] INFO  o.b.s.BxWinLab.Base.BaseLabel - 控件库Debug模式已开启
2026-01-27 14:51:07.356 [JavaFX Application Thread] INFO  o.b.s.HelloApplication - 执行停止...
2026-01-27 14:51:14.388 [JavaFX-Launcher] INFO  o.b.s.HelloApplication - 执行初始化...
2026-01-27 14:51:14.393 [JavaFX Application Thread] INFO  o.b.s.HelloApplication - 工具开始启动并加载...
2026-01-27 14:51:14.427 [JavaFX Application Thread] INFO  o.b.s.BxWinLab.Base.BaseLabel - 控件库Debug模式已开启
2026-01-27 14:51:14.434 [JavaFX Application Thread] INFO  o.b.s.BxWinLab.Base.BaseLabel - 控件库Debug模式已开启
2026-01-27 14:51:14.435 [JavaFX Application Thread] INFO  o.b.s.Utils.FileUtil - 成功加载文件/org/bxwbb/spigotplugincreatertool/icon/icon.png
2026-01-27 14:51:14.569 [JavaFX Application Thread] INFO  o.b.s.BxWinLab.Base.BaseLabel - 控件库Debug模式已开启
2026-01-27 14:51:14.570 [JavaFX Application Thread] INFO  o.b.s.BxWinLab.Base.BaseLabel - 控件库Debug模式已开启
2026-01-27 14:51:14.570 [JavaFX Application Thread] INFO  o.b.s.BxWinLab.Base.BaseLabel - 控件库Debug模式已开启
2026-01-27 14:51:14.570 [JavaFX Application Thread] INFO  o.b.s.BxWinLab.Base.BaseLabel - 控件库Debug模式已开启
2026-01-27 14:51:14.571 [JavaFX Application Thread] INFO  o.b.s.BxWinLab.Base.BaseLabel - 控件库Debug模式已开启
2026-01-27 14:51:14.571 [JavaFX Application Thread] INFO  o.b.s.BxWinLab.Base.BaseLabel - 控件库Debug模式已开启
2026-01-27 14:51:21.593 [JavaFX Application Thread] INFO  o.b.s.HelloApplication - 执行停止...
2026-01-27 14:51:31.401 [JavaFX-Launcher] INFO  o.b.s.HelloApplication - 执行初始化...
2026-01-27 14:51:31.406 [JavaFX Application Thread] INFO  o.b.s.HelloApplication - 工具开始启动并加载...
2026-01-27 14:51:31.442 [JavaFX Application Thread] INFO  o.b.s.BxWinLab.Base.BaseLabel - 控件库Debug模式已开启
2026-01-27 14:51:31.449 [JavaFX Application Thread] INFO  o.b.s.BxWinLab.Base.BaseLabel - 控件库Debug模式已开启
2026-01-27 14:51:31.449 [JavaFX Application Thread] INFO  o.b.s.Utils.FileUtil - 成功加载文件/org/bxwbb/spigotplugincreatertool/icon/icon.png
2026-01-27 14:51:31.583 [JavaFX Application Thread] INFO  o.b.s.BxWinLab.Base.BaseLabel - 控件库Debug模式已开启
2026-01-27 14:51:31.584 [JavaFX Application Thread] INFO  o.b.s.BxWinLab.Base.BaseLabel - 控件库Debug模式已开启
2026-01-27 14:51:31.585 [JavaFX Application Thread] INFO  o.b.s.BxWinLab.Base.BaseLabel - 控件库Debug模式已开启
2026-01-27 14:51:31.585 [JavaFX Application Thread] INFO  o.b.s.BxWinLab.Base.BaseLabel - 控件库Debug模式已开启
2026-01-27 14:51:31.585 [JavaFX Application Thread] INFO  o.b.s.BxWinLab.Base.BaseLabel - 控件库Debug模式已开启
2026-01-27 14:51:39.902 [JavaFX Application Thread] INFO  o.b.s.HelloApplication - 执行停止...
2026-01-27 14:53:34.842 [JavaFX-Launcher] INFO  o.b.s.HelloApplication - 执行初始化...
2026-01-27 14:53:34.847 [JavaFX Application Thread] INFO  o.b.s.HelloApplication - 工具开始启动并加载...
2026-01-27 14:53:34.884 [JavaFX Application Thread] INFO  o.b.s.BxWinLab.Base.BaseLabel - 控件库Debug模式已开启
2026-01-27 14:53:34.890 [JavaFX Application Thread] INFO  o.b.s.BxWinLab.Base.BaseLabel - 控件库Debug模式已开启
2026-01-27 14:53:34.891 [JavaFX Application Thread] INFO  o.b.s.Utils.FileUtil - 成功加载文件/org/bxwbb/spigotplugincreatertool/icon/icon.png
2026-01-27 14:53:35.037 [JavaFX Application Thread] INFO  o.b.s.BxWinLab.Base.BaseLabel - 控件库Debug模式已开启
2026-01-27 14:53:35.038 [JavaFX Application Thread] INFO  o.b.s.BxWinLab.Base.BaseLabel - 控件库Debug模式已开启
2026-01-27 14:53:35.038 [JavaFX Application Thread] INFO  o.b.s.BxWinLab.Base.BaseLabel - 控件库Debug模式已开启
2026-01-27 14:53:35.038 [JavaFX Application Thread] INFO  o.b.s.BxWinLab.Base.BaseLabel - 控件库Debug模式已开启
2026-01-27 14:53:35.039 [JavaFX Application Thread] INFO  o.b.s.BxWinLab.Base.BaseLabel - 控件库Debug模式已开启
2026-01-27 14:53:44.320 [JavaFX Application Thread] INFO  o.b.s.HelloApplication - 执行停止...
2026-01-27 14:53:50.310 [JavaFX-Launcher] INFO  o.b.s.HelloApplication - 执行初始化...
2026-01-27 14:53:50.315 [JavaFX Application Thread] INFO  o.b.s.HelloApplication - 工具开始启动并加载...
2026-01-27 14:53:50.350 [JavaFX Application Thread] INFO  o.b.s.BxWinLab.Base.BaseLabel - 控件库Debug模式已开启
2026-01-27 14:53:50.358 [JavaFX Application Thread] INFO  o.b.s.BxWinLab.Base.BaseLabel - 控件库Debug模式已开启
2026-01-27 14:53:50.359 [JavaFX Application Thread] INFO  o.b.s.Utils.FileUtil - 成功加载文件/org/bxwbb/spigotplugincreatertool/icon/icon.png
2026-01-27 14:53:50.497 [JavaFX Application Thread] INFO  o.b.s.BxWinLab.Base.BaseLabel - 控件库Debug模式已开启
2026-01-27 14:53:50.498 [JavaFX Application Thread] INFO  o.b.s.BxWinLab.Base.BaseLabel - 控件库Debug模式已开启
2026-01-27 14:53:50.498 [JavaFX Application Thread] INFO  o.b.s.BxWinLab.Base.BaseLabel - 控件库Debug模式已开启
2026-01-27 14:53:50.498 [JavaFX Application Thread] INFO  o.b.s.BxWinLab.Base.BaseLabel - 控件库Debug模式已开启
2026-01-27 14:53:50.499 [JavaFX Application Thread] INFO  o.b.s.BxWinLab.Base.BaseLabel - 控件库Debug模式已开启
2026-01-27 14:54:14.081 [JavaFX Application Thread] INFO  o.b.s.HelloApplication - 执行停止...
2026-01-27 14:54:22.826 [JavaFX-Launcher] INFO  o.b.s.HelloApplication - 执行初始化...
2026-01-27 14:54:22.832 [JavaFX Application Thread] INFO  o.b.s.HelloApplication - 工具开始启动并加载...
2026-01-27 14:54:22.867 [JavaFX Application Thread] INFO  o.b.s.BxWinLab.Base.BaseLabel - 控件库Debug模式已开启
2026-01-27 14:54:22.873 [JavaFX Application Thread] INFO  o.b.s.BxWinLab.Base.BaseLabel - 控件库Debug模式已开启
2026-01-27 14:54:22.875 [JavaFX Application Thread] INFO  o.b.s.Utils.FileUtil - 成功加载文件/org/bxwbb/spigotplugincreatertool/icon/icon.png
2026-01-27 14:54:23.017 [JavaFX Application Thread] INFO  o.b.s.BxWinLab.Base.BaseLabel - 控件库Debug模式已开启
2026-01-27 14:54:23.018 [JavaFX Application Thread] INFO  o.b.s.BxWinLab.Base.BaseLabel - 控件库Debug模式已开启
2026-01-27 14:54:23.018 [JavaFX Application Thread] INFO  o.b.s.BxWinLab.Base.BaseLabel - 控件库Debug模式已开启
2026-01-27 14:54:23.019 [JavaFX Application Thread] INFO  o.b.s.BxWinLab.Base.BaseLabel - 控件库Debug模式已开启
2026-01-27 14:54:23.019 [JavaFX Application Thread] INFO  o.b.s.BxWinLab.Base.BaseLabel - 控件库Debug模式已开启
2026-01-27 14:54:29.470 [JavaFX Application Thread] INFO  o.b.s.HelloApplication - 执行停止...
2026-01-27 14:55:50.567 [JavaFX-Launcher] INFO  o.b.s.HelloApplication - 执行初始化...
2026-01-27 14:55:50.573 [JavaFX Application Thread] INFO  o.b.s.HelloApplication - 工具开始启动并加载...
2026-01-27 14:55:50.614 [JavaFX Application Thread] INFO  o.b.s.BxWinLab.Base.BaseLabel - 控件库Debug模式已开启
2026-01-27 14:55:50.623 [JavaFX Application Thread] INFO  o.b.s.BxWinLab.Base.BaseLabel - 控件库Debug模式已开启
2026-01-27 14:55:50.625 [JavaFX Application Thread] INFO  o.b.s.Utils.FileUtil - 成功加载文件/org/bxwbb/spigotplugincreatertool/icon/icon.png
2026-01-27 14:55:50.777 [JavaFX Application Thread] INFO  o.b.s.BxWinLab.Base.BaseLabel - 控件库Debug模式已开启
2026-01-27 14:55:50.778 [JavaFX Application Thread] INFO  o.b.s.BxWinLab.Base.BaseLabel - 控件库Debug模式已开启
2026-01-27 14:55:50.778 [JavaFX Application Thread] INFO  o.b.s.BxWinLab.Base.BaseLabel - 控件库Debug模式已开启
2026-01-27 14:55:50.778 [JavaFX Application Thread] INFO  o.b.s.BxWinLab.Base.BaseLabel - 控件库Debug模式已开启
2026-01-27 14:55:50.779 [JavaFX Application Thread] INFO  o.b.s.BxWinLab.Base.BaseLabel - 控件库Debug模式已开启
2026-01-27 14:55:55.553 [JavaFX Application Thread] INFO  o.b.s.HelloApplication - 执行停止...
2026-01-27 14:58:18.667 [JavaFX-Launcher] INFO  o.b.s.HelloApplication - 执行初始化...
2026-01-27 14:58:18.674 [JavaFX Application Thread] INFO  o.b.s.HelloApplication - 工具开始启动并加载...
2026-01-27 14:58:18.712 [JavaFX Application Thread] INFO  o.b.s.BxWinLab.Base.BaseLabel - 控件库Debug模式已开启
2026-01-27 14:58:18.719 [JavaFX Application Thread] INFO  o.b.s.BxWinLab.Base.BaseLabel - 控件库Debug模式已开启
2026-01-27 14:58:18.720 [JavaFX Application Thread] INFO  o.b.s.Utils.FileUtil - 成功加载文件/org/bxwbb/spigotplugincreatertool/icon/icon.png
2026-01-27 14:58:18.858 [JavaFX Application Thread] INFO  o.b.s.BxWinLab.Base.BaseLabel - 控件库Debug模式已开启
2026-01-27 14:58:18.859 [JavaFX Application Thread] WARN  o.b.s.BxWinLab.VerticalLayout - 系统无法完美的放置这些控件，将会导致控件溢出
2026-01-27 14:58:18.859 [JavaFX Application Thread] INFO  o.b.s.BxWinLab.Base.BaseLabel - 控件库Debug模式已开启
2026-01-27 14:58:18.859 [JavaFX Application Thread] INFO  o.b.s.BxWinLab.Base.BaseLabel - 控件库Debug模式已开启
2026-01-27 14:58:18.860 [JavaFX Application Thread] INFO  o.b.s.BxWinLab.Base.BaseLabel - 控件库Debug模式已开启
2026-01-27 14:58:18.860 [JavaFX Application Thread] INFO  o.b.s.BxWinLab.Base.BaseLabel - 控件库Debug模式已开启
2026-01-27 14:58:18.860 [JavaFX Application Thread] WARN  o.b.s.BxWinLab.VerticalLayout - 系统无法完美的放置这些控件，将会导致控件溢出
2026-01-27 14:59:44.813 [JavaFX-Launcher] INFO  o.b.s.HelloApplication - 执行初始化...
2026-01-27 14:59:44.819 [JavaFX Application Thread] INFO  o.b.s.HelloApplication - 工具开始启动并加载...
2026-01-27 14:59:44.854 [JavaFX Application Thread] INFO  o.b.s.BxWinLab.Base.BaseLabel - 控件库Debug模式已开启
2026-01-27 14:59:44.861 [JavaFX Application Thread] INFO  o.b.s.BxWinLab.Base.BaseLabel - 控件库Debug模式已开启
2026-01-27 14:59:44.862 [JavaFX Application Thread] INFO  o.b.s.Utils.FileUtil - 成功加载文件/org/bxwbb/spigotplugincreatertool/icon/icon.png
2026-01-27 14:59:45.003 [JavaFX Application Thread] INFO  o.b.s.BxWinLab.Base.BaseLabel - 控件库Debug模式已开启
2026-01-27 14:59:45.004 [JavaFX Application Thread] WARN  o.b.s.BxWinLab.VerticalLayout - 系统无法完美的放置这些控件，将会导致控件溢出 - variableCount不大于0
2026-01-27 14:59:45.005 [JavaFX Application Thread] INFO  o.b.s.BxWinLab.Base.BaseLabel - 控件库Debug模式已开启
2026-01-27 14:59:45.005 [JavaFX Application Thread] INFO  o.b.s.BxWinLab.Base.BaseLabel - 控件库Debug模式已开启
2026-01-27 14:59:45.005 [JavaFX Application Thread] INFO  o.b.s.BxWinLab.Base.BaseLabel - 控件库Debug模式已开启
2026-01-27 14:59:45.005 [JavaFX Application Thread] INFO  o.b.s.BxWinLab.Base.BaseLabel - 控件库Debug模式已开启
2026-01-27 14:59:45.005 [JavaFX Application Thread] WARN  o.b.s.BxWinLab.VerticalLayout - 系统无法完美的放置这些控件，将会导致控件溢出 - variableCount不大于0
2026-01-27 15:01:35.064 [JavaFX-Launcher] INFO  o.b.s.HelloApplication - 执行初始化...
2026-01-27 15:01:35.070 [JavaFX Application Thread] INFO  o.b.s.HelloApplication - 工具开始启动并加载...
2026-01-27 15:01:35.104 [JavaFX Application Thread] INFO  o.b.s.BxWinLab.Base.BaseLabel - 控件库Debug模式已开启
2026-01-27 15:01:35.110 [JavaFX Application Thread] INFO  o.b.s.BxWinLab.Base.BaseLabel - 控件库Debug模式已开启
2026-01-27 15:01:35.112 [JavaFX Application Thread] INFO  o.b.s.Utils.FileUtil - 成功加载文件/org/bxwbb/spigotplugincreatertool/icon/icon.png
2026-01-27 15:01:35.245 [JavaFX Application Thread] INFO  o.b.s.BxWinLab.Base.BaseLabel - 控件库Debug模式已开启
2026-01-27 15:01:35.245 [JavaFX Application Thread] WARN  o.b.s.BxWinLab.VerticalLayout - 系统无法完美的放置这些控件，将会导致控件溢出 - variableCount不大于0
2026-01-27 15:01:35.245 [JavaFX Application Thread] INFO  o.b.s.BxWinLab.Base.BaseLabel - 控件库Debug模式已开启
2026-01-27 15:01:45.006 [JavaFX Application Thread] INFO  o.b.s.HelloApplication - 执行停止...
2026-01-27 15:02:07.582 [JavaFX-Launcher] INFO  o.b.s.HelloApplication - 执行初始化...
2026-01-27 15:02:07.587 [JavaFX Application Thread] INFO  o.b.s.HelloApplication - 工具开始启动并加载...
2026-01-27 15:02:07.622 [JavaFX Application Thread] INFO  o.b.s.BxWinLab.Base.BaseLabel - 控件库Debug模式已开启
2026-01-27 15:02:07.628 [JavaFX Application Thread] INFO  o.b.s.BxWinLab.Base.BaseLabel - 控件库Debug模式已开启
2026-01-27 15:02:07.629 [JavaFX Application Thread] INFO  o.b.s.Utils.FileUtil - 成功加载文件/org/bxwbb/spigotplugincreatertool/icon/icon.png
2026-01-27 15:02:07.770 [JavaFX Application Thread] INFO  o.b.s.BxWinLab.Base.BaseLabel - 控件库Debug模式已开启
2026-01-27 15:02:07.771 [JavaFX Application Thread] WARN  o.b.s.BxWinLab.VerticalLayout - 系统无法完美的放置这些控件，将会导致控件溢出 - variableCount不大于0
2026-01-27 15:02:07.771 [JavaFX Application Thread] INFO  o.b.s.BxWinLab.Base.BaseLabel - 控件库Debug模式已开启
2026-01-27 15:02:24.339 [JavaFX-Launcher] INFO  o.b.s.HelloApplication - 执行初始化...
2026-01-27 15:02:24.344 [JavaFX Application Thread] INFO  o.b.s.HelloApplication - 工具开始启动并加载...
2026-01-27 15:02:24.379 [JavaFX Application Thread] INFO  o.b.s.BxWinLab.Base.BaseLabel - 控件库Debug模式已开启
2026-01-27 15:02:24.385 [JavaFX Application Thread] INFO  o.b.s.BxWinLab.Base.BaseLabel - 控件库Debug模式已开启
2026-01-27 15:02:24.387 [JavaFX Application Thread] INFO  o.b.s.Utils.FileUtil - 成功加载文件/org/bxwbb/spigotplugincreatertool/icon/icon.png
2026-01-27 15:02:24.524 [JavaFX Application Thread] INFO  o.b.s.BxWinLab.Base.BaseLabel - 控件库Debug模式已开启
2026-01-27 15:02:24.525 [JavaFX Application Thread] WARN  o.b.s.BxWinLab.VerticalLayout - 系统无法完美的放置这些控件，将会导致控件溢出 - variableCount不大于0
2026-01-27 15:02:24.525 [JavaFX Application Thread] INFO  o.b.s.BxWinLab.Base.BaseLabel - 控件库Debug模式已开启
2026-01-27 15:02:26.225 [JavaFX Application Thread] INFO  o.b.s.HelloApplication - 执行停止...
2026-01-27 15:02:53.187 [JavaFX-Launcher] INFO  o.b.s.HelloApplication - 执行初始化...
2026-01-27 15:02:53.192 [JavaFX Application Thread] INFO  o.b.s.HelloApplication - 工具开始启动并加载...
2026-01-27 15:02:53.232 [JavaFX Application Thread] INFO  o.b.s.BxWinLab.Base.BaseLabel - 控件库Debug模式已开启
2026-01-27 15:02:53.240 [JavaFX Application Thread] INFO  o.b.s.BxWinLab.Base.BaseLabel - 控件库Debug模式已开启
2026-01-27 15:02:53.242 [JavaFX Application Thread] INFO  o.b.s.Utils.FileUtil - 成功加载文件/org/bxwbb/spigotplugincreatertool/icon/icon.png
2026-01-27 15:02:53.411 [JavaFX Application Thread] INFO  o.b.s.BxWinLab.Base.BaseLabel - 控件库Debug模式已开启
2026-01-27 15:02:53.413 [JavaFX Application Thread] WARN  o.b.s.BxWinLab.VerticalLayout - 系统无法完美的放置这些控件，将会导致控件溢出 - variableCount不大于0
2026-01-27 15:02:53.413 [JavaFX Application Thread] INFO  o.b.s.BxWinLab.Base.BaseLabel - 控件库Debug模式已开启
2026-01-27 15:03:08.765 [JavaFX-Launcher] INFO  o.b.s.HelloApplication - 执行初始化...
2026-01-27 15:03:08.771 [JavaFX Application Thread] INFO  o.b.s.HelloApplication - 工具开始启动并加载...
2026-01-27 15:03:08.812 [JavaFX Application Thread] INFO  o.b.s.BxWinLab.Base.BaseLabel - 控件库Debug模式已开启
2026-01-27 15:03:08.821 [JavaFX Application Thread] INFO  o.b.s.BxWinLab.Base.BaseLabel - 控件库Debug模式已开启
2026-01-27 15:03:08.823 [JavaFX Application Thread] INFO  o.b.s.Utils.FileUtil - 成功加载文件/org/bxwbb/spigotplugincreatertool/icon/icon.png
2026-01-27 15:03:08.969 [JavaFX Application Thread] INFO  o.b.s.BxWinLab.Base.BaseLabel - 控件库Debug模式已开启
2026-01-27 15:03:08.971 [JavaFX Application Thread] WARN  o.b.s.BxWinLab.VerticalLayout - 系统无法完美的放置这些控件，将会导致控件溢出 - variableCount不大于0
2026-01-27 15:03:08.972 [JavaFX Application Thread] INFO  o.b.s.BxWinLab.Base.BaseLabel - 控件库Debug模式已开启
2026-01-27 15:04:04.328 [JavaFX-Launcher] INFO  o.b.s.HelloApplication - 执行初始化...
2026-01-27 15:04:04.335 [JavaFX Application Thread] INFO  o.b.s.HelloApplication - 工具开始启动并加载...
2026-01-27 15:04:04.371 [JavaFX Application Thread] INFO  o.b.s.BxWinLab.Base.BaseLabel - 控件库Debug模式已开启
2026-01-27 15:04:04.379 [JavaFX Application Thread] INFO  o.b.s.BxWinLab.Base.BaseLabel - 控件库Debug模式已开启
2026-01-27 15:04:04.381 [JavaFX Application Thread] INFO  o.b.s.Utils.FileUtil - 成功加载文件/org/bxwbb/spigotplugincreatertool/icon/icon.png
2026-01-27 15:04:04.525 [JavaFX Application Thread] INFO  o.b.s.BxWinLab.Base.BaseLabel - 控件库Debug模式已开启
2026-01-27 15:04:04.528 [JavaFX Application Thread] WARN  o.b.s.BxWinLab.VerticalLayout - 系统无法完美的放置这些控件，将会导致控件溢出 - variableCount不大于0
2026-01-27 15:04:04.528 [JavaFX Application Thread] INFO  o.b.s.BxWinLab.Base.BaseLabel - 控件库Debug模式已开启
2026-01-27 15:04:30.430 [JavaFX Application Thread] INFO  o.b.s.HelloApplication - 执行停止...
2026-01-27 15:04:40.496 [JavaFX-Launcher] INFO  o.b.s.HelloApplication - 执行初始化...
2026-01-27 15:04:40.502 [JavaFX Application Thread] INFO  o.b.s.HelloApplication - 工具开始启动并加载...
2026-01-27 15:04:40.543 [JavaFX Application Thread] INFO  o.b.s.BxWinLab.Base.BaseLabel - 控件库Debug模式已开启
2026-01-27 15:04:40.553 [JavaFX Application Thread] INFO  o.b.s.BxWinLab.Base.BaseLabel - 控件库Debug模式已开启
2026-01-27 15:04:40.554 [JavaFX Application Thread] INFO  o.b.s.Utils.FileUtil - 成功加载文件/org/bxwbb/spigotplugincreatertool/icon/icon.png
2026-01-27 15:04:40.709 [JavaFX Application Thread] INFO  o.b.s.BxWinLab.Base.BaseLabel - 控件库Debug模式已开启
2026-01-27 15:04:40.711 [JavaFX Application Thread] WARN  o.b.s.BxWinLab.VerticalLayout - 系统无法完美的放置这些控件，将会导致控件溢出 - variableCount不大于0
2026-01-27 15:04:40.712 [JavaFX Application Thread] INFO  o.b.s.BxWinLab.Base.BaseLabel - 控件库Debug模式已开启
2026-01-27 15:04:42.384 [JavaFX Application Thread] INFO  o.b.s.HelloApplication - 执行停止...
2026-01-27 15:06:26.855 [JavaFX-Launcher] INFO  o.b.s.HelloApplication - 执行初始化...
2026-01-27 15:06:26.860 [JavaFX Application Thread] INFO  o.b.s.HelloApplication - 工具开始启动并加载...
2026-01-27 15:06:26.901 [JavaFX Application Thread] INFO  o.b.s.BxWinLab.Base.BaseLabel - 控件库Debug模式已开启
2026-01-27 15:06:26.909 [JavaFX Application Thread] INFO  o.b.s.BxWinLab.Base.BaseLabel - 控件库Debug模式已开启
2026-01-27 15:06:26.910 [JavaFX Application Thread] INFO  o.b.s.Utils.FileUtil - 成功加载文件/org/bxwbb/spigotplugincreatertool/icon/icon.png
2026-01-27 15:06:27.061 [JavaFX Application Thread] INFO  o.b.s.BxWinLab.Base.BaseLabel - 控件库Debug模式已开启
2026-01-27 15:06:27.063 [JavaFX Application Thread] WARN  o.b.s.BxWinLab.VerticalLayout - 系统无法完美的放置这些控件，将会导致控件溢出 - variableCount不大于0
2026-01-27 15:06:27.064 [JavaFX Application Thread] INFO  o.b.s.BxWinLab.Base.BaseLabel - 控件库Debug模式已开启
2026-01-27 15:06:29.641 [JavaFX Application Thread] INFO  o.b.s.HelloApplication - 执行停止...
2026-01-27 15:07:48.979 [JavaFX-Launcher] INFO  o.b.s.HelloApplication - 执行初始化...
2026-01-27 15:07:48.985 [JavaFX Application Thread] INFO  o.b.s.HelloApplication - 工具开始启动并加载...
2026-01-27 15:07:49.026 [JavaFX Application Thread] INFO  o.b.s.BxWinLab.Base.BaseLabel - 控件库Debug模式已开启
2026-01-27 15:07:49.033 [JavaFX Application Thread] INFO  o.b.s.BxWinLab.Base.BaseLabel - 控件库Debug模式已开启
2026-01-27 15:07:49.034 [JavaFX Application Thread] INFO  o.b.s.Utils.FileUtil - 成功加载文件/org/bxwbb/spigotplugincreatertool/icon/icon.png
2026-01-27 15:07:49.193 [JavaFX Application Thread] INFO  o.b.s.BxWinLab.Base.BaseLabel - 控件库Debug模式已开启
2026-01-27 15:07:49.196 [JavaFX Application Thread] WARN  o.b.s.BxWinLab.VerticalLayout - 系统无法完美的放置这些控件，将会导致控件溢出 - variableCount不大于0
2026-01-27 15:07:49.196 [JavaFX Application Thread] INFO  o.b.s.BxWinLab.Base.BaseLabel - 控件库Debug模式已开启
2026-01-27 15:07:49.197 [JavaFX Application Thread] INFO  o.b.s.BxWinLab.Base.BaseLabel - 控件库Debug模式已开启
2026-01-27 15:08:05.541 [JavaFX Application Thread] INFO  o.b.s.HelloApplication - 执行停止...
2026-01-27 15:08:51.438 [JavaFX-Launcher] INFO  o.b.s.HelloApplication - 执行初始化...
2026-01-27 15:08:51.443 [JavaFX Application Thread] INFO  o.b.s.HelloApplication - 工具开始启动并加载...
2026-01-27 15:08:51.485 [JavaFX Application Thread] INFO  o.b.s.BxWinLab.Base.BaseLabel - 控件库Debug模式已开启
2026-01-27 15:08:51.492 [JavaFX Application Thread] INFO  o.b.s.BxWinLab.Base.BaseLabel - 控件库Debug模式已开启
2026-01-27 15:08:51.494 [JavaFX Application Thread] INFO  o.b.s.Utils.FileUtil - 成功加载文件/org/bxwbb/spigotplugincreatertool/icon/icon.png
2026-01-27 15:08:51.650 [JavaFX Application Thread] INFO  o.b.s.BxWinLab.Base.BaseLabel - 控件库Debug模式已开启
2026-01-27 15:08:51.653 [JavaFX Application Thread] WARN  o.b.s.BxWinLab.VerticalLayout - 系统无法完美的放置这些控件，将会导致控件溢出 - variableCount不大于0
2026-01-27 15:08:51.654 [JavaFX Application Thread] INFO  o.b.s.BxWinLab.Base.BaseLabel - 控件库Debug模式已开启
2026-01-27 15:08:51.655 [JavaFX Application Thread] INFO  o.b.s.BxWinLab.Base.BaseLabel - 控件库Debug模式已开启
2026-01-27 15:08:58.821 [JavaFX Application Thread] INFO  o.b.s.HelloApplication - 执行停止...
2026-01-27 15:09:04.682 [JavaFX-Launcher] INFO  o.b.s.HelloApplication - 执行初始化...
2026-01-27 15:09:04.688 [JavaFX Application Thread] INFO  o.b.s.HelloApplication - 工具开始启动并加载...
2026-01-27 15:09:04.722 [JavaFX Application Thread] INFO  o.b.s.BxWinLab.Base.BaseLabel - 控件库Debug模式已开启
2026-01-27 15:09:04.728 [JavaFX Application Thread] INFO  o.b.s.BxWinLab.Base.BaseLabel - 控件库Debug模式已开启
2026-01-27 15:09:04.729 [JavaFX Application Thread] INFO  o.b.s.Utils.FileUtil - 成功加载文件/org/bxwbb/spigotplugincreatertool/icon/icon.png
2026-01-27 15:09:04.889 [JavaFX Application Thread] INFO  o.b.s.BxWinLab.Base.BaseLabel - 控件库Debug模式已开启
2026-01-27 15:09:04.892 [JavaFX Application Thread] WARN  o.b.s.BxWinLab.VerticalLayout - 系统无法完美的放置这些控件，将会导致控件溢出 - variableCount不大于0
2026-01-27 15:09:04.892 [JavaFX Application Thread] INFO  o.b.s.BxWinLab.Base.BaseLabel - 控件库Debug模式已开启
2026-01-27 15:09:04.893 [JavaFX Application Thread] INFO  o.b.s.BxWinLab.Base.BaseLabel - 控件库Debug模式已开启
2026-01-27 15:09:07.144 [JavaFX Application Thread] INFO  o.b.s.HelloApplication - 执行停止...
2026-01-27 15:09:16.995 [JavaFX-Launcher] INFO  o.b.s.HelloApplication - 执行初始化...
2026-01-27 15:09:17.000 [JavaFX Application Thread] INFO  o.b.s.HelloApplication - 工具开始启动并加载...
2026-01-27 15:09:17.041 [JavaFX Application Thread] INFO  o.b.s.BxWinLab.Base.BaseLabel - 控件库Debug模式已开启
2026-01-27 15:09:17.051 [JavaFX Application Thread] INFO  o.b.s.BxWinLab.Base.BaseLabel - 控件库Debug模式已开启
2026-01-27 15:09:17.052 [JavaFX Application Thread] INFO  o.b.s.Utils.FileUtil - 成功加载文件/org/bxwbb/spigotplugincreatertool/icon/icon.png
2026-01-27 15:09:17.206 [JavaFX Application Thread] INFO  o.b.s.BxWinLab.Base.BaseLabel - 控件库Debug模式已开启
2026-01-27 15:09:17.209 [JavaFX Application Thread] WARN  o.b.s.BxWinLab.VerticalLayout - 系统无法完美的放置这些控件，将会导致控件溢出 - variableCount不大于0
2026-01-27 15:09:17.209 [JavaFX Application Thread] INFO  o.b.s.BxWinLab.Base.BaseLabel - 控件库Debug模式已开启
2026-01-27 15:09:17.210 [JavaFX Application Thread] INFO  o.b.s.BxWinLab.Base.BaseLabel - 控件库Debug模式已开启
2026-01-27 15:09:19.312 [JavaFX Application Thread] INFO  o.b.s.HelloApplication - 执行停止...
2026-01-27 15:09:23.324 [JavaFX-Launcher] INFO  o.b.s.HelloApplication - 执行初始化...
2026-01-27 15:09:23.330 [JavaFX Application Thread] INFO  o.b.s.HelloApplication - 工具开始启动并加载...
2026-01-27 15:09:23.366 [JavaFX Application Thread] INFO  o.b.s.BxWinLab.Base.BaseLabel - 控件库Debug模式已开启
2026-01-27 15:09:23.372 [JavaFX Application Thread] INFO  o.b.s.BxWinLab.Base.BaseLabel - 控件库Debug模式已开启
2026-01-27 15:09:23.374 [JavaFX Application Thread] INFO  o.b.s.Utils.FileUtil - 成功加载文件/org/bxwbb/spigotplugincreatertool/icon/icon.png
2026-01-27 15:09:23.521 [JavaFX Application Thread] INFO  o.b.s.BxWinLab.Base.BaseLabel - 控件库Debug模式已开启
2026-01-27 15:09:23.524 [JavaFX Application Thread] WARN  o.b.s.BxWinLab.VerticalLayout - 系统无法完美的放置这些控件，将会导致控件溢出 - variableCount不大于0
2026-01-27 15:09:23.525 [JavaFX Application Thread] INFO  o.b.s.BxWinLab.Base.BaseLabel - 控件库Debug模式已开启
2026-01-27 15:09:23.526 [JavaFX Application Thread] INFO  o.b.s.BxWinLab.Base.BaseLabel - 控件库Debug模式已开启
2026-01-27 15:09:28.023 [JavaFX Application Thread] INFO  o.b.s.HelloApplication - 执行停止...
2026-01-27 15:09:34.623 [JavaFX-Launcher] INFO  o.b.s.HelloApplication - 执行初始化...
2026-01-27 15:09:34.628 [JavaFX Application Thread] INFO  o.b.s.HelloApplication - 工具开始启动并加载...
2026-01-27 15:09:34.663 [JavaFX Application Thread] INFO  o.b.s.BxWinLab.Base.BaseLabel - 控件库Debug模式已开启
2026-01-27 15:09:34.669 [JavaFX Application Thread] INFO  o.b.s.BxWinLab.Base.BaseLabel - 控件库Debug模式已开启
2026-01-27 15:09:34.671 [JavaFX Application Thread] INFO  o.b.s.Utils.FileUtil - 成功加载文件/org/bxwbb/spigotplugincreatertool/icon/icon.png
2026-01-27 15:09:34.816 [JavaFX Application Thread] INFO  o.b.s.BxWinLab.Base.BaseLabel - 控件库Debug模式已开启
2026-01-27 15:09:34.819 [JavaFX Application Thread] WARN  o.b.s.BxWinLab.VerticalLayout - 系统无法完美的放置这些控件，将会导致控件溢出 - variableCount不大于0
2026-01-27 15:09:34.820 [JavaFX Application Thread] INFO  o.b.s.BxWinLab.Base.BaseLabel - 控件库Debug模式已开启
2026-01-27 15:09:34.820 [JavaFX Application Thread] INFO  o.b.s.BxWinLab.Base.BaseLabel - 控件库Debug模式已开启
2026-01-27 15:09:49.594 [JavaFX Application Thread] INFO  o.b.s.HelloApplication - 执行停止...
2026-01-27 15:09:56.365 [JavaFX-Launcher] INFO  o.b.s.HelloApplication - 执行初始化...
2026-01-27 15:09:56.370 [JavaFX Application Thread] INFO  o.b.s.HelloApplication - 工具开始启动并加载...
2026-01-27 15:09:56.412 [JavaFX Application Thread] INFO  o.b.s.BxWinLab.Base.BaseLabel - 控件库Debug模式已开启
2026-01-27 15:09:56.420 [JavaFX Application Thread] INFO  o.b.s.BxWinLab.Base.BaseLabel - 控件库Debug模式已开启
2026-01-27 15:09:56.421 [JavaFX Application Thread] INFO  o.b.s.Utils.FileUtil - 成功加载文件/org/bxwbb/spigotplugincreatertool/icon/icon.png
2026-01-27 15:09:56.581 [JavaFX Application Thread] INFO  o.b.s.BxWinLab.Base.BaseLabel - 控件库Debug模式已开启
2026-01-27 15:09:56.584 [JavaFX Application Thread] WARN  o.b.s.BxWinLab.VerticalLayout - 系统无法完美的放置这些控件，将会导致控件溢出 - variableCount不大于0
2026-01-27 15:09:56.585 [JavaFX Application Thread] INFO  o.b.s.BxWinLab.Base.BaseLabel - 控件库Debug模式已开启
2026-01-27 15:10:06.894 [JavaFX Application Thread] INFO  o.b.s.HelloApplication - 执行停止...
2026-01-27 15:10:33.009 [JavaFX-Launcher] INFO  o.b.s.HelloApplication - 执行初始化...
2026-01-27 15:10:33.017 [JavaFX Application Thread] INFO  o.b.s.HelloApplication - 工具开始启动并加载...
2026-01-27 15:10:33.077 [JavaFX Application Thread] INFO  o.b.s.BxWinLab.Base.BaseLabel - 控件库Debug模式已开启
2026-01-27 15:11:05.905 [JavaFX Application Thread] INFO  o.b.s.BxWinLab.Base.BaseLabel - 控件库Debug模式已开启
2026-01-27 15:11:05.908 [JavaFX Application Thread] INFO  o.b.s.Utils.FileUtil - 成功加载文件/org/bxwbb/spigotplugincreatertool/icon/icon.png
2026-01-27 15:11:06.082 [JavaFX Application Thread] INFO  o.b.s.BxWinLab.Base.BaseLabel - 控件库Debug模式已开启
2026-01-27 15:13:58.240 [JavaFX Application Thread] WARN  o.b.s.BxWinLab.VerticalLayout - 系统无法完美的放置这些控件，将会导致控件溢出 - variableCount不大于0
2026-01-27 15:14:08.282 [JavaFX Application Thread] INFO  o.b.s.BxWinLab.Base.BaseLabel - 控件库Debug模式已开启
2026-01-27 15:18:02.898 [JavaFX-Launcher] INFO  o.b.s.HelloApplication - 执行初始化...
2026-01-27 15:18:02.903 [JavaFX Application Thread] INFO  o.b.s.HelloApplication - 工具开始启动并加载...
2026-01-27 15:18:02.949 [JavaFX Application Thread] INFO  o.b.s.Utils.FileUtil - 成功加载文件/org/bxwbb/spigotplugincreatertool/icon/icon.png
2026-01-27 15:18:03.107 [JavaFX Application Thread] WARN  o.b.s.BxWinLab.VerticalLayout - 系统无法完美的放置这些控件，将会导致控件溢出 - variableCount不大于0
2026-01-27 15:18:08.163 [JavaFX Application Thread] INFO  o.b.s.HelloApplication - 执行停止...
2026-01-27 15:18:21.961 [JavaFX-Launcher] INFO  o.b.s.HelloApplication - 执行初始化...
2026-01-27 15:18:21.966 [JavaFX Application Thread] INFO  o.b.s.HelloApplication - 工具开始启动并加载...
2026-01-27 15:18:22.007 [JavaFX Application Thread] INFO  o.b.s.Utils.FileUtil - 成功加载文件/org/bxwbb/spigotplugincreatertool/icon/icon.png
2026-01-27 15:18:22.148 [JavaFX Application Thread] WARN  o.b.s.BxWinLab.VerticalLayout - 系统无法完美的放置这些控件，将会导致控件溢出 - variableCount不大于0
2026-01-27 15:18:25.257 [JavaFX Application Thread] INFO  o.b.s.HelloApplication - 执行停止...
2026-01-27 15:19:07.579 [JavaFX-Launcher] INFO  o.b.s.HelloApplication - 执行初始化...
2026-01-27 15:19:07.585 [JavaFX Application Thread] INFO  o.b.s.HelloApplication - 工具开始启动并加载...
2026-01-27 15:19:07.625 [JavaFX Application Thread] INFO  o.b.s.Utils.FileUtil - 成功加载文件/org/bxwbb/spigotplugincreatertool/icon/icon.png
2026-01-27 15:19:12.383 [JavaFX Application Thread] INFO  o.b.s.HelloApplication - 执行停止...
2026-01-27 15:19:44.241 [JavaFX-Launcher] INFO  o.b.s.HelloApplication - 执行初始化...
2026-01-27 15:19:44.246 [JavaFX Application Thread] INFO  o.b.s.HelloApplication - 工具开始启动并加载...
2026-01-27 15:19:44.286 [JavaFX Application Thread] INFO  o.b.s.Utils.FileUtil - 成功加载文件/org/bxwbb/spigotplugincreatertool/icon/icon.png
2026-01-27 15:22:32.450 [JavaFX-Launcher] INFO  o.b.s.HelloApplication - 执行初始化...
2026-01-27 15:22:32.456 [JavaFX Application Thread] INFO  o.b.s.HelloApplication - 工具开始启动并加载...
2026-01-27 15:23:16.926 [JavaFX Application Thread] INFO  o.b.s.Utils.FileUtil - 成功加载文件/org/bxwbb/spigotplugincreatertool/icon/icon.png
2026-01-27 15:26:33.027 [JavaFX-Launcher] INFO  o.b.s.HelloApplication - 执行初始化...
2026-01-27 15:26:33.033 [JavaFX Application Thread] INFO  o.b.s.HelloApplication - 工具开始启动并加载...
2026-01-27 15:26:39.013 [JavaFX Application Thread] INFO  o.b.s.Utils.FileUtil - 成功加载文件/org/bxwbb/spigotplugincreatertool/icon/icon.png
2026-01-27 15:44:56.895 [JavaFX Application Thread] INFO  o.b.s.HelloApplication - 工具开始启动并加载...
2026-01-27 15:45:08.746 [JavaFX Application Thread] INFO  o.b.s.Utils.FileUtil - 成功加载文件/org/bxwbb/spigotplugincreatertool/icon/icon.png
2026-01-27 15:48:42.055 [JavaFX-Launcher] INFO  o.b.s.HelloApplication - 执行初始化...
2026-01-27 15:48:42.060 [JavaFX Application Thread] INFO  o.b.s.HelloApplication - 工具开始启动并加载...
2026-01-27 15:48:42.102 [JavaFX Application Thread] INFO  o.b.s.Utils.FileUtil - 成功加载文件/org/bxwbb/spigotplugincreatertool/icon/icon.png
2026-01-27 15:48:45.446 [JavaFX Application Thread] INFO  o.b.s.HelloApplication - 执行停止...
2026-01-27 15:49:02.291 [JavaFX-Launcher] INFO  o.b.s.HelloApplication - 执行初始化...
2026-01-27 15:49:02.297 [JavaFX Application Thread] INFO  o.b.s.HelloApplication - 工具开始启动并加载...
2026-01-27 15:49:02.338 [JavaFX Application Thread] INFO  o.b.s.Utils.FileUtil - 成功加载文件/org/bxwbb/spigotplugincreatertool/icon/icon.png
2026-01-27 15:49:06.609 [JavaFX Application Thread] INFO  o.b.s.HelloApplication - 执行停止...
2026-01-27 15:49:26.001 [JavaFX-Launcher] INFO  o.b.s.HelloApplication - 执行初始化...
2026-01-27 15:49:26.007 [JavaFX Application Thread] INFO  o.b.s.HelloApplication - 工具开始启动并加载...
2026-01-27 15:49:26.042 [JavaFX Application Thread] INFO  o.b.s.BxWinLab.Base.BaseLabel - 控件库Debug模式已开启
2026-01-27 15:49:26.048 [JavaFX Application Thread] INFO  o.b.s.BxWinLab.Base.BaseLabel - 控件库Debug模式已开启
2026-01-27 15:49:26.049 [JavaFX Application Thread] INFO  o.b.s.Utils.FileUtil - 成功加载文件/org/bxwbb/spigotplugincreatertool/icon/icon.png
2026-01-27 15:49:26.186 [JavaFX Application Thread] INFO  o.b.s.BxWinLab.Base.BaseLabel - 控件库Debug模式已开启
2026-01-27 15:49:26.187 [JavaFX Application Thread] INFO  o.b.s.BxWinLab.Base.BaseLabel - 控件库Debug模式已开启
2026-01-27 15:49:26.188 [JavaFX Application Thread] INFO  o.b.s.BxWinLab.Base.BaseLabel - 控件库Debug模式已开启
2026-01-27 15:49:26.188 [JavaFX Application Thread] INFO  o.b.s.BxWinLab.Base.BaseLabel - 控件库Debug模式已开启
2026-01-27 15:49:33.031 [JavaFX Application Thread] INFO  o.b.s.HelloApplication - 执行停止...
2026-01-27 15:49:38.465 [JavaFX-Launcher] INFO  o.b.s.HelloApplication - 执行初始化...
2026-01-27 15:49:38.470 [JavaFX Application Thread] INFO  o.b.s.HelloApplication - 工具开始启动并加载...
2026-01-27 15:49:38.504 [JavaFX Application Thread] INFO  o.b.s.BxWinLab.Base.BaseLabel - 控件库Debug模式已开启
2026-01-27 15:49:38.511 [JavaFX Application Thread] INFO  o.b.s.BxWinLab.Base.BaseLabel - 控件库Debug模式已开启
2026-01-27 15:49:38.512 [JavaFX Application Thread] INFO  o.b.s.Utils.FileUtil - 成功加载文件/org/bxwbb/spigotplugincreatertool/icon/icon.png
2026-01-27 15:49:38.650 [JavaFX Application Thread] INFO  o.b.s.BxWinLab.Base.BaseLabel - 控件库Debug模式已开启
2026-01-27 15:49:38.651 [JavaFX Application Thread] INFO  o.b.s.BxWinLab.Base.BaseLabel - 控件库Debug模式已开启
2026-01-27 15:49:44.690 [JavaFX Application Thread] INFO  o.b.s.HelloApplication - 执行停止...
2026-01-27 15:50:14.456 [JavaFX-Launcher] INFO  o.b.s.HelloApplication - 执行初始化...
2026-01-27 15:50:14.461 [JavaFX Application Thread] INFO  o.b.s.HelloApplication - 工具开始启动并加载...
2026-01-27 15:50:14.495 [JavaFX Application Thread] INFO  o.b.s.BxWinLab.Base.BaseLabel - 控件库Debug模式已开启
2026-01-27 15:50:14.501 [JavaFX Application Thread] INFO  o.b.s.BxWinLab.Base.BaseLabel - 控件库Debug模式已开启
2026-01-27 15:50:14.503 [JavaFX Application Thread] INFO  o.b.s.Utils.FileUtil - 成功加载文件/org/bxwbb/spigotplugincreatertool/icon/icon.png
2026-01-27 15:50:14.644 [JavaFX Application Thread] INFO  o.b.s.BxWinLab.Base.BaseLabel - 控件库Debug模式已开启
2026-01-27 15:50:14.646 [JavaFX Application Thread] INFO  o.b.s.BxWinLab.Base.BaseLabel - 控件库Debug模式已开启
2026-01-27 15:50:14.646 [JavaFX Application Thread] INFO  o.b.s.BxWinLab.Base.BaseLabel - 控件库Debug模式已开启
2026-01-27 15:50:23.791 [JavaFX Application Thread] INFO  o.b.s.HelloApplication - 执行停止...
2026-01-27 15:50:33.222 [JavaFX-Launcher] INFO  o.b.s.HelloApplication - 执行初始化...
2026-01-27 15:50:33.227 [JavaFX Application Thread] INFO  o.b.s.HelloApplication - 工具开始启动并加载...
2026-01-27 15:50:33.269 [JavaFX Application Thread] INFO  o.b.s.BxWinLab.Base.BaseLabel - 控件库Debug模式已开启
2026-01-27 15:50:33.277 [JavaFX Application Thread] INFO  o.b.s.BxWinLab.Base.BaseLabel - 控件库Debug模式已开启
2026-01-27 15:50:33.279 [JavaFX Application Thread] INFO  o.b.s.Utils.FileUtil - 成功加载文件/org/bxwbb/spigotplugincreatertool/icon/icon.png
2026-01-27 15:50:33.429 [JavaFX Application Thread] INFO  o.b.s.BxWinLab.Base.BaseLabel - 控件库Debug模式已开启
2026-01-27 15:50:33.431 [JavaFX Application Thread] INFO  o.b.s.BxWinLab.Base.BaseLabel - 控件库Debug模式已开启
2026-01-27 15:50:33.431 [JavaFX Application Thread] INFO  o.b.s.BxWinLab.Base.BaseLabel - 控件库Debug模式已开启
2026-01-27 15:50:38.246 [JavaFX Application Thread] INFO  o.b.s.HelloApplication - 执行停止...
2026-01-27 15:50:56.067 [JavaFX-Launcher] INFO  o.b.s.HelloApplication - 执行初始化...
2026-01-27 15:50:56.072 [JavaFX Application Thread] INFO  o.b.s.HelloApplication - 工具开始启动并加载...
2026-01-27 15:50:56.112 [JavaFX Application Thread] INFO  o.b.s.BxWinLab.Base.BaseLabel - 控件库Debug模式已开启
2026-01-27 15:50:56.119 [JavaFX Application Thread] INFO  o.b.s.BxWinLab.Base.BaseLabel - 控件库Debug模式已开启
2026-01-27 15:50:56.120 [JavaFX Application Thread] INFO  o.b.s.Utils.FileUtil - 成功加载文件/org/bxwbb/spigotplugincreatertool/icon/icon.png
2026-01-27 15:50:56.273 [JavaFX Application Thread] INFO  o.b.s.BxWinLab.Base.BaseLabel - 控件库Debug模式已开启
2026-01-27 15:50:56.274 [JavaFX Application Thread] INFO  o.b.s.BxWinLab.Base.BaseLabel - 控件库Debug模式已开启
2026-01-27 15:50:56.274 [JavaFX Application Thread] INFO  o.b.s.BxWinLab.Base.BaseLabel - 控件库Debug模式已开启
2026-01-27 15:50:56.275 [JavaFX Application Thread] INFO  o.b.s.BxWinLab.Base.BaseLabel - 控件库Debug模式已开启
2026-01-27 15:50:58.956 [JavaFX Application Thread] INFO  o.b.s.HelloApplication - 执行停止...
2026-01-27 15:51:04.303 [JavaFX-Launcher] INFO  o.b.s.HelloApplication - 执行初始化...
2026-01-27 15:51:04.308 [JavaFX Application Thread] INFO  o.b.s.HelloApplication - 工具开始启动并加载...
2026-01-27 15:51:04.342 [JavaFX Application Thread] INFO  o.b.s.BxWinLab.Base.BaseLabel - 控件库Debug模式已开启
2026-01-27 15:51:04.349 [JavaFX Application Thread] INFO  o.b.s.BxWinLab.Base.BaseLabel - 控件库Debug模式已开启
2026-01-27 15:51:04.350 [JavaFX Application Thread] INFO  o.b.s.Utils.FileUtil - 成功加载文件/org/bxwbb/spigotplugincreatertool/icon/icon.png
2026-01-27 15:51:04.485 [JavaFX Application Thread] INFO  o.b.s.BxWinLab.Base.BaseLabel - 控件库Debug模式已开启
2026-01-27 15:51:04.486 [JavaFX Application Thread] INFO  o.b.s.BxWinLab.Base.BaseLabel - 控件库Debug模式已开启
2026-01-27 15:51:04.486 [JavaFX Application Thread] INFO  o.b.s.BxWinLab.Base.BaseLabel - 控件库Debug模式已开启
2026-01-27 15:51:04.487 [JavaFX Application Thread] INFO  o.b.s.BxWinLab.Base.BaseLabel - 控件库Debug模式已开启
2026-01-27 15:51:04.487 [JavaFX Application Thread] INFO  o.b.s.BxWinLab.Base.BaseLabel - 控件库Debug模式已开启
2026-01-27 15:51:07.201 [JavaFX Application Thread] INFO  o.b.s.HelloApplication - 执行停止...
2026-01-27 15:51:22.463 [JavaFX-Launcher] INFO  o.b.s.HelloApplication - 执行初始化...
2026-01-27 15:51:22.468 [JavaFX Application Thread] INFO  o.b.s.HelloApplication - 工具开始启动并加载...
2026-01-27 15:51:22.512 [JavaFX Application Thread] INFO  o.b.s.BxWinLab.Base.BaseLabel - 控件库Debug模式已开启
2026-01-27 15:51:22.520 [JavaFX Application Thread] INFO  o.b.s.BxWinLab.Base.BaseLabel - 控件库Debug模式已开启
2026-01-27 15:51:22.522 [JavaFX Application Thread] INFO  o.b.s.Utils.FileUtil - 成功加载文件/org/bxwbb/spigotplugincreatertool/icon/icon.png
2026-01-27 15:51:22.684 [JavaFX Application Thread] INFO  o.b.s.BxWinLab.Base.BaseLabel - 控件库Debug模式已开启
2026-01-27 15:51:22.685 [JavaFX Application Thread] INFO  o.b.s.BxWinLab.Base.BaseLabel - 控件库Debug模式已开启
2026-01-27 15:51:22.685 [JavaFX Application Thread] INFO  o.b.s.BxWinLab.Base.BaseLabel - 控件库Debug模式已开启
2026-01-27 15:51:22.685 [JavaFX Application Thread] INFO  o.b.s.BxWinLab.Base.BaseLabel - 控件库Debug模式已开启
2026-01-27 15:51:22.686 [JavaFX Application Thread] INFO  o.b.s.BxWinLab.Base.BaseLabel - 控件库Debug模式已开启
2026-01-27 15:51:22.686 [JavaFX Application Thread] INFO  o.b.s.BxWinLab.Base.BaseLabel - 控件库Debug模式已开启
2026-01-27 15:51:33.631 [JavaFX Application Thread] INFO  o.b.s.HelloApplication - 执行停止...
2026-01-27 15:51:40.028 [JavaFX-Launcher] INFO  o.b.s.HelloApplication - 执行初始化...
2026-01-27 15:51:40.033 [JavaFX Application Thread] INFO  o.b.s.HelloApplication - 工具开始启动并加载...
2026-01-27 15:51:40.076 [JavaFX Application Thread] INFO  o.b.s.BxWinLab.Base.BaseLabel - 控件库Debug模式已开启
2026-01-27 15:51:40.085 [JavaFX Application Thread] INFO  o.b.s.BxWinLab.Base.BaseLabel - 控件库Debug模式已开启
2026-01-27 15:51:40.087 [JavaFX Application Thread] INFO  o.b.s.Utils.FileUtil - 成功加载文件/org/bxwbb/spigotplugincreatertool/icon/icon.png
2026-01-27 15:51:40.247 [JavaFX Application Thread] INFO  o.b.s.BxWinLab.Base.BaseLabel - 控件库Debug模式已开启
2026-01-27 15:51:40.248 [JavaFX Application Thread] INFO  o.b.s.BxWinLab.Base.BaseLabel - 控件库Debug模式已开启
2026-01-27 15:51:40.248 [JavaFX Application Thread] INFO  o.b.s.BxWinLab.Base.BaseLabel - 控件库Debug模式已开启
2026-01-27 15:51:40.248 [JavaFX Application Thread] INFO  o.b.s.BxWinLab.Base.BaseLabel - 控件库Debug模式已开启
2026-01-27 15:51:40.249 [JavaFX Application Thread] INFO  o.b.s.BxWinLab.Base.BaseLabel - 控件库Debug模式已开启
2026-01-27 15:51:40.249 [JavaFX Application Thread] INFO  o.b.s.BxWinLab.Base.BaseLabel - 控件库Debug模式已开启
2026-01-27 15:51:47.621 [JavaFX Application Thread] INFO  o.b.s.HelloApplication - 执行停止...
2026-01-27 15:51:58.734 [JavaFX-Launcher] INFO  o.b.s.HelloApplication - 执行初始化...
2026-01-27 15:51:58.739 [JavaFX Application Thread] INFO  o.b.s.HelloApplication - 工具开始启动并加载...
2026-01-27 15:51:58.775 [JavaFX Application Thread] INFO  o.b.s.BxWinLab.Base.BaseLabel - 控件库Debug模式已开启
2026-01-27 15:51:58.782 [JavaFX Application Thread] INFO  o.b.s.BxWinLab.Base.BaseLabel - 控件库Debug模式已开启
2026-01-27 15:51:58.783 [JavaFX Application Thread] INFO  o.b.s.Utils.FileUtil - 成功加载文件/org/bxwbb/spigotplugincreatertool/icon/icon.png
2026-01-27 15:51:58.926 [JavaFX Application Thread] INFO  o.b.s.BxWinLab.Base.BaseLabel - 控件库Debug模式已开启
2026-01-27 15:51:58.928 [JavaFX Application Thread] INFO  o.b.s.BxWinLab.Base.BaseLabel - 控件库Debug模式已开启
2026-01-27 15:51:58.928 [JavaFX Application Thread] INFO  o.b.s.BxWinLab.Base.BaseLabel - 控件库Debug模式已开启
2026-01-27 15:51:58.928 [JavaFX Application Thread] INFO  o.b.s.BxWinLab.Base.BaseLabel - 控件库Debug模式已开启
2026-01-27 15:51:58.928 [JavaFX Application Thread] INFO  o.b.s.BxWinLab.Base.BaseLabel - 控件库Debug模式已开启
2026-01-27 15:51:59.067 [JavaFX Application Thread] INFO  o.b.s.BxWinLab.Base.BaseLabel - 控件库Debug模式已开启
2026-01-27 15:51:59.079 [JavaFX Application Thread] INFO  o.b.s.BxWinLab.Base.BaseLabel - 控件库Debug模式已开启
2026-01-27 15:52:06.907 [JavaFX Application Thread] INFO  o.b.s.HelloApplication - 执行停止...
2026-01-27 15:52:47.495 [JavaFX-Launcher] INFO  o.b.s.HelloApplication - 执行初始化...
2026-01-27 15:52:47.501 [JavaFX Application Thread] INFO  o.b.s.HelloApplication - 工具开始启动并加载...
2026-01-27 15:52:47.535 [JavaFX Application Thread] INFO  o.b.s.BxWinLab.Base.BaseLabel - 控件库Debug模式已开启
2026-01-27 15:52:47.542 [JavaFX Application Thread] INFO  o.b.s.BxWinLab.Base.BaseLabel - 控件库Debug模式已开启
2026-01-27 15:52:47.543 [JavaFX Application Thread] INFO  o.b.s.Utils.FileUtil - 成功加载文件/org/bxwbb/spigotplugincreatertool/icon/icon.png
2026-01-27 15:52:47.682 [JavaFX Application Thread] INFO  o.b.s.BxWinLab.Base.BaseLabel - 控件库Debug模式已开启
2026-01-27 15:52:47.683 [JavaFX Application Thread] INFO  o.b.s.BxWinLab.Base.BaseLabel - 控件库Debug模式已开启
2026-01-27 15:52:47.683 [JavaFX Application Thread] INFO  o.b.s.BxWinLab.Base.BaseLabel - 控件库Debug模式已开启
2026-01-27 15:52:47.684 [JavaFX Application Thread] INFO  o.b.s.BxWinLab.Base.BaseLabel - 控件库Debug模式已开启
2026-01-27 15:52:47.684 [JavaFX Application Thread] INFO  o.b.s.BxWinLab.Base.BaseLabel - 控件库Debug模式已开启
2026-01-27 15:52:47.711 [JavaFX Application Thread] INFO  o.b.s.BxWinLab.Base.BaseLabel - 控件库Debug模式已开启
2026-01-27 15:52:47.723 [JavaFX Application Thread] INFO  o.b.s.BxWinLab.Base.BaseLabel - 控件库Debug模式已开启
2026-01-27 15:53:21.672 [JavaFX Application Thread] INFO  o.b.s.HelloApplication - 执行停止...
2026-01-27 15:57:04.775 [JavaFX-Launcher] INFO  o.b.s.HelloApplication - 执行初始化...
2026-01-27 15:57:04.781 [JavaFX Application Thread] INFO  o.b.s.HelloApplication - 工具开始启动并加载...
2026-01-27 15:57:04.822 [JavaFX Application Thread] INFO  o.b.s.BxWinLab.Base.BaseLabel - 控件库Debug模式已开启
2026-01-27 15:57:04.830 [JavaFX Application Thread] INFO  o.b.s.BxWinLab.Base.BaseLabel - 控件库Debug模式已开启
2026-01-27 15:57:04.832 [JavaFX Application Thread] INFO  o.b.s.Utils.FileUtil - 成功加载文件/org/bxwbb/spigotplugincreatertool/icon/icon.png
2026-01-27 15:57:04.990 [JavaFX Application Thread] INFO  o.b.s.BxWinLab.Base.BaseLabel - 控件库Debug模式已开启
2026-01-27 15:57:04.991 [JavaFX Application Thread] INFO  o.b.s.BxWinLab.Base.BaseLabel - 控件库Debug模式已开启
2026-01-27 15:57:04.991 [JavaFX Application Thread] INFO  o.b.s.BxWinLab.Base.BaseLabel - 控件库Debug模式已开启
2026-01-27 15:57:04.992 [JavaFX Application Thread] INFO  o.b.s.BxWinLab.Base.BaseLabel - 控件库Debug模式已开启
2026-01-27 15:57:04.992 [JavaFX Application Thread] INFO  o.b.s.BxWinLab.Base.BaseLabel - 控件库Debug模式已开启
2026-01-27 15:57:05.015 [JavaFX Application Thread] INFO  o.b.s.BxWinLab.Base.BaseLabel - 控件库Debug模式已开启
2026-01-27 15:57:05.027 [JavaFX Application Thread] INFO  o.b.s.BxWinLab.Base.BaseLabel - 控件库Debug模式已开启
2026-01-27 15:57:18.698 [JavaFX Application Thread] INFO  o.b.s.HelloApplication - 执行停止...
2026-01-27 16:13:00.161 [JavaFX-Launcher] INFO  o.b.s.HelloApplication - 执行初始化...
2026-01-27 16:13:00.167 [JavaFX Application Thread] INFO  o.b.s.HelloApplication - 工具开始启动并加载...
2026-01-27 16:13:00.209 [JavaFX Application Thread] INFO  o.b.s.BxWinLab.Base.BaseLabel - 控件库Debug模式已开启
2026-01-27 16:13:00.218 [JavaFX Application Thread] INFO  o.b.s.BxWinLab.Base.BaseLabel - 控件库Debug模式已开启
2026-01-27 16:13:00.219 [JavaFX Application Thread] INFO  o.b.s.Utils.FileUtil - 成功加载文件/org/bxwbb/spigotplugincreatertool/icon/icon.png
2026-01-27 16:13:00.379 [JavaFX Application Thread] INFO  o.b.s.BxWinLab.Base.BaseLabel - 控件库Debug模式已开启
2026-01-27 16:13:00.381 [JavaFX Application Thread] INFO  o.b.s.BxWinLab.Base.BaseLabel - 控件库Debug模式已开启
2026-01-27 16:13:00.381 [JavaFX Application Thread] INFO  o.b.s.BxWinLab.Base.BaseLabel - 控件库Debug模式已开启
2026-01-27 16:13:00.381 [JavaFX Application Thread] INFO  o.b.s.BxWinLab.Base.BaseLabel - 控件库Debug模式已开启
2026-01-27 16:13:00.381 [JavaFX Application Thread] INFO  o.b.s.BxWinLab.Base.BaseLabel - 控件库Debug模式已开启
2026-01-27 16:13:00.401 [JavaFX Application Thread] INFO  o.b.s.BxWinLab.Base.BaseLabel - 控件库Debug模式已开启
2026-01-27 16:13:00.411 [JavaFX Application Thread] INFO  o.b.s.BxWinLab.Base.BaseLabel - 控件库Debug模式已开启
2026-01-27 16:13:00.425 [JavaFX Application Thread] INFO  o.b.s.BxWinLab.Base.BaseLabel - 控件库Debug模式已开启
2026-01-27 16:13:07.451 [JavaFX Application Thread] INFO  o.b.s.HelloApplication - 执行停止...
2026-01-27 16:13:44.893 [JavaFX-Launcher] INFO  o.b.s.HelloApplication - 执行初始化...
2026-01-27 16:13:44.899 [JavaFX Application Thread] INFO  o.b.s.HelloApplication - 工具开始启动并加载...
2026-01-27 16:13:44.940 [JavaFX Application Thread] INFO  o.b.s.BxWinLab.Base.BaseLabel - 控件库Debug模式已开启
2026-01-27 16:13:44.948 [JavaFX Application Thread] INFO  o.b.s.BxWinLab.Base.BaseLabel - 控件库Debug模式已开启
2026-01-27 16:13:44.950 [JavaFX Application Thread] INFO  o.b.s.Utils.FileUtil - 成功加载文件/org/bxwbb/spigotplugincreatertool/icon/icon.png
2026-01-27 16:13:45.113 [JavaFX Application Thread] INFO  o.b.s.BxWinLab.Base.BaseLabel - 控件库Debug模式已开启
2026-01-27 16:13:45.114 [JavaFX Application Thread] INFO  o.b.s.BxWinLab.Base.BaseLabel - 控件库Debug模式已开启
2026-01-27 16:13:45.115 [JavaFX Application Thread] INFO  o.b.s.BxWinLab.Base.BaseLabel - 控件库Debug模式已开启
2026-01-27 16:13:45.115 [JavaFX Application Thread] INFO  o.b.s.BxWinLab.Base.BaseLabel - 控件库Debug模式已开启
2026-01-27 16:13:45.115 [JavaFX Application Thread] INFO  o.b.s.BxWinLab.Base.BaseLabel - 控件库Debug模式已开启
2026-01-27 16:13:45.142 [JavaFX Application Thread] INFO  o.b.s.BxWinLab.Base.BaseLabel - 控件库Debug模式已开启
2026-01-27 16:13:45.151 [JavaFX Application Thread] INFO  o.b.s.BxWinLab.Base.BaseLabel - 控件库Debug模式已开启
2026-01-27 16:13:45.156 [JavaFX Application Thread] INFO  o.b.s.BxWinLab.Base.BaseLabel - 控件库Debug模式已开启
2026-01-27 16:14:00.770 [JavaFX Application Thread] INFO  o.b.s.HelloApplication - 执行停止...
2026-01-27 16:14:37.317 [JavaFX-Launcher] INFO  o.b.s.HelloApplication - 执行初始化...
2026-01-27 16:14:37.322 [JavaFX Application Thread] INFO  o.b.s.HelloApplication - 工具开始启动并加载...
2026-01-27 16:14:37.369 [JavaFX Application Thread] INFO  o.b.s.BxWinLab.Base.BaseLabel - 控件库Debug模式已开启
2026-01-27 16:14:37.380 [JavaFX Application Thread] INFO  o.b.s.BxWinLab.Base.BaseLabel - 控件库Debug模式已开启
2026-01-27 16:14:37.381 [JavaFX Application Thread] INFO  o.b.s.Utils.FileUtil - 成功加载文件/org/bxwbb/spigotplugincreatertool/icon/icon.png
2026-01-27 16:14:37.540 [JavaFX Application Thread] INFO  o.b.s.BxWinLab.Base.BaseLabel - 控件库Debug模式已开启
2026-01-27 16:14:37.542 [JavaFX Application Thread] INFO  o.b.s.BxWinLab.Base.BaseLabel - 控件库Debug模式已开启
2026-01-27 16:14:37.543 [JavaFX Application Thread] INFO  o.b.s.BxWinLab.Base.BaseLabel - 控件库Debug模式已开启
2026-01-27 16:14:37.543 [JavaFX Application Thread] INFO  o.b.s.BxWinLab.Base.BaseLabel - 控件库Debug模式已开启
2026-01-27 16:14:37.543 [JavaFX Application Thread] INFO  o.b.s.BxWinLab.Base.BaseLabel - 控件库Debug模式已开启
2026-01-27 16:14:37.564 [JavaFX Application Thread] INFO  o.b.s.BxWinLab.Base.BaseLabel - 控件库Debug模式已开启
2026-01-27 16:14:37.583 [JavaFX Application Thread] INFO  o.b.s.BxWinLab.Base.BaseLabel - 控件库Debug模式已开启
2026-01-27 16:14:50.933 [JavaFX Application Thread] INFO  o.b.s.HelloApplication - 执行停止...
2026-01-27 16:15:51.723 [JavaFX-Launcher] INFO  o.b.s.HelloApplication - 执行初始化...
2026-01-27 16:15:51.728 [JavaFX Application Thread] INFO  o.b.s.HelloApplication - 工具开始启动并加载...
2026-01-27 16:15:51.769 [JavaFX Application Thread] INFO  o.b.s.BxWinLab.Base.BaseLabel - 控件库Debug模式已开启
2026-01-27 16:15:51.778 [JavaFX Application Thread] INFO  o.b.s.BxWinLab.Base.BaseLabel - 控件库Debug模式已开启
2026-01-27 16:15:51.779 [JavaFX Application Thread] INFO  o.b.s.Utils.FileUtil - 成功加载文件/org/bxwbb/spigotplugincreatertool/icon/icon.png
2026-01-27 16:15:51.938 [JavaFX Application Thread] INFO  o.b.s.BxWinLab.Base.BaseLabel - 控件库Debug模式已开启
2026-01-27 16:15:51.939 [JavaFX Application Thread] INFO  o.b.s.BxWinLab.Base.BaseLabel - 控件库Debug模式已开启
2026-01-27 16:15:51.940 [JavaFX Application Thread] INFO  o.b.s.BxWinLab.Base.BaseLabel - 控件库Debug模式已开启
2026-01-27 16:15:51.940 [JavaFX Application Thread] INFO  o.b.s.BxWinLab.Base.BaseLabel - 控件库Debug模式已开启
2026-01-27 16:15:51.940 [JavaFX Application Thread] INFO  o.b.s.BxWinLab.Base.BaseLabel - 控件库Debug模式已开启
2026-01-27 16:15:51.967 [JavaFX Application Thread] INFO  o.b.s.BxWinLab.Base.BaseLabel - 控件库Debug模式已开启
2026-01-27 16:15:51.980 [JavaFX Application Thread] INFO  o.b.s.BxWinLab.Base.BaseLabel - 控件库Debug模式已开启
2026-01-27 16:15:57.398 [JavaFX Application Thread] INFO  o.b.s.HelloApplication - 执行停止...
2026-01-27 16:16:14.558 [JavaFX-Launcher] INFO  o.b.s.HelloApplication - 执行初始化...
2026-01-27 16:16:14.563 [JavaFX Application Thread] INFO  o.b.s.HelloApplication - 工具开始启动并加载...
2026-01-27 16:16:14.608 [JavaFX Application Thread] INFO  o.b.s.BxWinLab.Base.BaseLabel - 控件库Debug模式已开启
2026-01-27 16:16:14.617 [JavaFX Application Thread] INFO  o.b.s.BxWinLab.Base.BaseLabel - 控件库Debug模式已开启
2026-01-27 16:16:14.618 [JavaFX Application Thread] INFO  o.b.s.Utils.FileUtil - 成功加载文件/org/bxwbb/spigotplugincreatertool/icon/icon.png
2026-01-27 16:16:14.783 [JavaFX Application Thread] INFO  o.b.s.BxWinLab.Base.BaseLabel - 控件库Debug模式已开启
2026-01-27 16:16:14.785 [JavaFX Application Thread] INFO  o.b.s.BxWinLab.Base.BaseLabel - 控件库Debug模式已开启
2026-01-27 16:16:14.785 [JavaFX Application Thread] INFO  o.b.s.BxWinLab.Base.BaseLabel - 控件库Debug模式已开启
2026-01-27 16:16:14.785 [JavaFX Application Thread] INFO  o.b.s.BxWinLab.Base.BaseLabel - 控件库Debug模式已开启
2026-01-27 16:16:14.786 [JavaFX Application Thread] INFO  o.b.s.BxWinLab.Base.BaseLabel - 控件库Debug模式已开启
2026-01-27 16:16:14.810 [JavaFX Application Thread] INFO  o.b.s.BxWinLab.Base.BaseLabel - 控件库Debug模式已开启
2026-01-27 16:16:14.822 [JavaFX Application Thread] INFO  o.b.s.BxWinLab.Base.BaseLabel - 控件库Debug模式已开启
2026-01-27 16:16:23.614 [JavaFX Application Thread] INFO  o.b.s.HelloApplication - 执行停止...
2026-01-27 16:16:34.744 [JavaFX-Launcher] INFO  o.b.s.HelloApplication - 执行初始化...
2026-01-27 16:16:34.750 [JavaFX Application Thread] INFO  o.b.s.HelloApplication - 工具开始启动并加载...
2026-01-27 16:16:34.794 [JavaFX Application Thread] INFO  o.b.s.BxWinLab.Base.BaseLabel - 控件库Debug模式已开启
2026-01-27 16:16:34.803 [JavaFX Application Thread] INFO  o.b.s.BxWinLab.Base.BaseLabel - 控件库Debug模式已开启
2026-01-27 16:16:34.805 [JavaFX Application Thread] INFO  o.b.s.Utils.FileUtil - 成功加载文件/org/bxwbb/spigotplugincreatertool/icon/icon.png
2026-01-27 16:16:34.965 [JavaFX Application Thread] INFO  o.b.s.BxWinLab.Base.BaseLabel - 控件库Debug模式已开启
2026-01-27 16:16:34.966 [JavaFX Application Thread] INFO  o.b.s.BxWinLab.Base.BaseLabel - 控件库Debug模式已开启
2026-01-27 16:16:34.967 [JavaFX Application Thread] INFO  o.b.s.BxWinLab.Base.BaseLabel - 控件库Debug模式已开启
2026-01-27 16:16:34.967 [JavaFX Application Thread] INFO  o.b.s.BxWinLab.Base.BaseLabel - 控件库Debug模式已开启
2026-01-27 16:16:34.967 [JavaFX Application Thread] INFO  o.b.s.BxWinLab.Base.BaseLabel - 控件库Debug模式已开启
2026-01-27 16:16:34.986 [JavaFX Application Thread] INFO  o.b.s.BxWinLab.Base.BaseLabel - 控件库Debug模式已开启
2026-01-27 16:16:35.005 [JavaFX Application Thread] INFO  o.b.s.BxWinLab.Base.BaseLabel - 控件库Debug模式已开启
2026-01-27 16:16:37.482 [JavaFX Application Thread] INFO  o.b.s.HelloApplication - 执行停止...
2026-01-27 16:16:43.018 [JavaFX-Launcher] INFO  o.b.s.HelloApplication - 执行初始化...
2026-01-27 16:16:43.023 [JavaFX Application Thread] INFO  o.b.s.HelloApplication - 工具开始启动并加载...
2026-01-27 16:16:43.058 [JavaFX Application Thread] INFO  o.b.s.BxWinLab.Base.BaseLabel - 控件库Debug模式已开启
2026-01-27 16:16:43.068 [JavaFX Application Thread] INFO  o.b.s.BxWinLab.Base.BaseLabel - 控件库Debug模式已开启
2026-01-27 16:16:43.069 [JavaFX Application Thread] INFO  o.b.s.Utils.FileUtil - 成功加载文件/org/bxwbb/spigotplugincreatertool/icon/icon.png
2026-01-27 16:16:43.233 [JavaFX Application Thread] INFO  o.b.s.BxWinLab.Base.BaseLabel - 控件库Debug模式已开启
2026-01-27 16:16:43.234 [JavaFX Application Thread] INFO  o.b.s.BxWinLab.Base.BaseLabel - 控件库Debug模式已开启
2026-01-27 16:16:43.234 [JavaFX Application Thread] INFO  o.b.s.BxWinLab.Base.BaseLabel - 控件库Debug模式已开启
2026-01-27 16:16:43.234 [JavaFX Application Thread] INFO  o.b.s.BxWinLab.Base.BaseLabel - 控件库Debug模式已开启
2026-01-27 16:16:43.235 [JavaFX Application Thread] INFO  o.b.s.BxWinLab.Base.BaseLabel - 控件库Debug模式已开启
2026-01-27 16:16:43.264 [JavaFX Application Thread] INFO  o.b.s.BxWinLab.Base.BaseLabel - 控件库Debug模式已开启
2026-01-27 16:16:43.278 [JavaFX Application Thread] INFO  o.b.s.BxWinLab.Base.BaseLabel - 控件库Debug模式已开启
2026-01-27 16:16:50.385 [JavaFX Application Thread] INFO  o.b.s.HelloApplication - 执行停止...
2026-01-27 16:16:55.535 [JavaFX-Launcher] INFO  o.b.s.HelloApplication - 执行初始化...
2026-01-27 16:16:55.541 [JavaFX Application Thread] INFO  o.b.s.HelloApplication - 工具开始启动并加载...
2026-01-27 16:16:55.584 [JavaFX Application Thread] INFO  o.b.s.BxWinLab.Base.BaseLabel - 控件库Debug模式已开启
2026-01-27 16:16:55.593 [JavaFX Application Thread] INFO  o.b.s.BxWinLab.Base.BaseLabel - 控件库Debug模式已开启
2026-01-27 16:16:55.595 [JavaFX Application Thread] INFO  o.b.s.Utils.FileUtil - 成功加载文件/org/bxwbb/spigotplugincreatertool/icon/icon.png
2026-01-27 16:16:55.760 [JavaFX Application Thread] INFO  o.b.s.BxWinLab.Base.BaseLabel - 控件库Debug模式已开启
2026-01-27 16:16:55.761 [JavaFX Application Thread] INFO  o.b.s.BxWinLab.Base.BaseLabel - 控件库Debug模式已开启
2026-01-27 16:16:55.761 [JavaFX Application Thread] INFO  o.b.s.BxWinLab.Base.BaseLabel - 控件库Debug模式已开启
2026-01-27 16:16:55.762 [JavaFX Application Thread] INFO  o.b.s.BxWinLab.Base.BaseLabel - 控件库Debug模式已开启
2026-01-27 16:16:55.762 [JavaFX Application Thread] INFO  o.b.s.BxWinLab.Base.BaseLabel - 控件库Debug模式已开启
2026-01-27 16:16:55.787 [JavaFX Application Thread] INFO  o.b.s.BxWinLab.Base.BaseLabel - 控件库Debug模式已开启
2026-01-27 16:16:55.799 [JavaFX Application Thread] INFO  o.b.s.BxWinLab.Base.BaseLabel - 控件库Debug模式已开启
2026-01-27 16:16:58.030 [JavaFX Application Thread] INFO  o.b.s.HelloApplication - 执行停止...
2026-01-27 16:17:02.181 [JavaFX-Launcher] INFO  o.b.s.HelloApplication - 执行初始化...
2026-01-27 16:17:02.186 [JavaFX Application Thread] INFO  o.b.s.HelloApplication - 工具开始启动并加载...
2026-01-27 16:17:02.226 [JavaFX Application Thread] INFO  o.b.s.BxWinLab.Base.BaseLabel - 控件库Debug模式已开启
2026-01-27 16:17:02.234 [JavaFX Application Thread] INFO  o.b.s.BxWinLab.Base.BaseLabel - 控件库Debug模式已开启
2026-01-27 16:17:02.235 [JavaFX Application Thread] INFO  o.b.s.Utils.FileUtil - 成功加载文件/org/bxwbb/spigotplugincreatertool/icon/icon.png
2026-01-27 16:17:02.392 [JavaFX Application Thread] INFO  o.b.s.BxWinLab.Base.BaseLabel - 控件库Debug模式已开启
2026-01-27 16:17:02.394 [JavaFX Application Thread] INFO  o.b.s.BxWinLab.Base.BaseLabel - 控件库Debug模式已开启
2026-01-27 16:17:02.394 [JavaFX Application Thread] INFO  o.b.s.BxWinLab.Base.BaseLabel - 控件库Debug模式已开启
2026-01-27 16:17:02.394 [JavaFX Application Thread] INFO  o.b.s.BxWinLab.Base.BaseLabel - 控件库Debug模式已开启
2026-01-27 16:17:02.395 [JavaFX Application Thread] INFO  o.b.s.BxWinLab.Base.BaseLabel - 控件库Debug模式已开启
2026-01-27 16:17:02.421 [JavaFX Application Thread] INFO  o.b.s.BxWinLab.Base.BaseLabel - 控件库Debug模式已开启
2026-01-27 16:17:02.433 [JavaFX Application Thread] INFO  o.b.s.BxWinLab.Base.BaseLabel - 控件库Debug模式已开启
2026-01-27 16:17:04.094 [JavaFX Application Thread] INFO  o.b.s.HelloApplication - 执行停止...
2026-01-27 16:17:08.317 [JavaFX-Launcher] INFO  o.b.s.HelloApplication - 执行初始化...
2026-01-27 16:17:08.322 [JavaFX Application Thread] INFO  o.b.s.HelloApplication - 工具开始启动并加载...
2026-01-27 16:17:08.366 [JavaFX Application Thread] INFO  o.b.s.BxWinLab.Base.BaseLabel - 控件库Debug模式已开启
2026-01-27 16:17:08.375 [JavaFX Application Thread] INFO  o.b.s.BxWinLab.Base.BaseLabel - 控件库Debug模式已开启
2026-01-27 16:17:08.377 [JavaFX Application Thread] INFO  o.b.s.Utils.FileUtil - 成功加载文件/org/bxwbb/spigotplugincreatertool/icon/icon.png
2026-01-27 16:17:08.534 [JavaFX Application Thread] INFO  o.b.s.BxWinLab.Base.BaseLabel - 控件库Debug模式已开启
2026-01-27 16:17:08.536 [JavaFX Application Thread] INFO  o.b.s.BxWinLab.Base.BaseLabel - 控件库Debug模式已开启
2026-01-27 16:17:08.536 [JavaFX Application Thread] INFO  o.b.s.BxWinLab.Base.BaseLabel - 控件库Debug模式已开启
2026-01-27 16:17:08.537 [JavaFX Application Thread] INFO  o.b.s.BxWinLab.Base.BaseLabel - 控件库Debug模式已开启
2026-01-27 16:17:08.537 [JavaFX Application Thread] INFO  o.b.s.BxWinLab.Base.BaseLabel - 控件库Debug模式已开启
2026-01-27 16:17:08.560 [JavaFX Application Thread] INFO  o.b.s.BxWinLab.Base.BaseLabel - 控件库Debug模式已开启
2026-01-27 16:17:08.573 [JavaFX Application Thread] INFO  o.b.s.BxWinLab.Base.BaseLabel - 控件库Debug模式已开启
2026-01-27 16:47:11.545 [JavaFX-Launcher] INFO  o.b.s.HelloApplication - 执行初始化...
2026-01-27 16:47:11.550 [JavaFX Application Thread] INFO  o.b.s.HelloApplication - 工具开始启动并加载...
2026-01-27 16:47:11.587 [JavaFX Application Thread] INFO  o.b.s.BxWinLab.Base.BaseLabel - 控件库Debug模式已开启
2026-01-27 16:47:11.593 [JavaFX Application Thread] INFO  o.b.s.BxWinLab.Base.BaseLabel - 控件库Debug模式已开启
2026-01-27 16:47:11.595 [JavaFX Application Thread] INFO  o.b.s.Utils.FileUtil - 成功加载文件/org/bxwbb/spigotplugincreatertool/icon/icon.png
2026-01-27 16:47:11.730 [JavaFX Application Thread] INFO  o.b.s.BxWinLab.Base.BaseLabel - 控件库Debug模式已开启
2026-01-27 16:47:11.733 [JavaFX Application Thread] INFO  o.b.s.BxWinLab.Base.BaseLabel - 控件库Debug模式已开启
2026-01-27 16:47:11.733 [JavaFX Application Thread] INFO  o.b.s.BxWinLab.Base.BaseLabel - 控件库Debug模式已开启
2026-01-27 16:47:11.733 [JavaFX Application Thread] INFO  o.b.s.BxWinLab.Base.BaseLabel - 控件库Debug模式已开启
2026-01-27 16:47:11.733 [JavaFX Application Thread] INFO  o.b.s.BxWinLab.Base.BaseLabel - 控件库Debug模式已开启
2026-01-27 16:47:11.733 [JavaFX Application Thread] INFO  o.b.s.BxWinLab.Base.BaseLabel - 控件库Debug模式已开启
2026-01-27 16:47:11.756 [JavaFX Application Thread] INFO  o.b.s.BxWinLab.Base.BaseLabel - 控件库Debug模式已开启
2026-01-27 16:47:11.769 [JavaFX Application Thread] INFO  o.b.s.BxWinLab.Base.BaseLabel - 控件库Debug模式已开启
2026-01-27 16:47:11.769 [JavaFX Application Thread] INFO  o.b.s.BxWinLab.Base.BaseLabel - 控件库Debug模式已开启
2026-01-27 16:47:13.576 [JavaFX Application Thread] INFO  o.b.s.HelloApplication - 执行停止...
2026-01-27 16:47:49.433 [JavaFX-Launcher] INFO  o.b.s.HelloApplication - 执行初始化...
2026-01-27 16:47:49.439 [JavaFX Application Thread] INFO  o.b.s.HelloApplication - 工具开始启动并加载...
2026-01-27 16:47:49.475 [JavaFX Application Thread] INFO  o.b.s.BxWinLab.Base.BaseLabel - 控件库Debug模式已开启
2026-01-27 16:47:49.482 [JavaFX Application Thread] INFO  o.b.s.BxWinLab.Base.BaseLabel - 控件库Debug模式已开启
2026-01-27 16:47:49.483 [JavaFX Application Thread] INFO  o.b.s.Utils.FileUtil - 成功加载文件/org/bxwbb/spigotplugincreatertool/icon/icon.png
2026-01-27 16:47:49.619 [JavaFX Application Thread] INFO  o.b.s.BxWinLab.Base.BaseLabel - 控件库Debug模式已开启
2026-01-27 16:47:49.620 [JavaFX Application Thread] INFO  o.b.s.BxWinLab.Base.BaseLabel - 控件库Debug模式已开启
2026-01-27 16:47:49.620 [JavaFX Application Thread] INFO  o.b.s.BxWinLab.Base.BaseLabel - 控件库Debug模式已开启
2026-01-27 16:47:49.620 [JavaFX Application Thread] INFO  o.b.s.BxWinLab.Base.BaseLabel - 控件库Debug模式已开启
2026-01-27 16:47:49.621 [JavaFX Application Thread] INFO  o.b.s.BxWinLab.Base.BaseLabel - 控件库Debug模式已开启
2026-01-27 16:47:49.621 [JavaFX Application Thread] INFO  o.b.s.BxWinLab.Base.BaseLabel - 控件库Debug模式已开启
2026-01-27 16:47:49.642 [JavaFX Application Thread] INFO  o.b.s.BxWinLab.Base.BaseLabel - 控件库Debug模式已开启
2026-01-27 16:47:49.655 [JavaFX Application Thread] INFO  o.b.s.BxWinLab.Base.BaseLabel - 控件库Debug模式已开启
2026-01-27 16:47:49.655 [JavaFX Application Thread] INFO  o.b.s.BxWinLab.Base.BaseLabel - 控件库Debug模式已开启
2026-01-27 16:48:23.402 [JavaFX-Launcher] INFO  o.b.s.HelloApplication - 执行初始化...
2026-01-27 16:48:23.408 [JavaFX Application Thread] INFO  o.b.s.HelloApplication - 工具开始启动并加载...
2026-01-27 16:48:23.443 [JavaFX Application Thread] INFO  o.b.s.BxWinLab.Base.BaseLabel - 控件库Debug模式已开启
2026-01-27 16:48:23.450 [JavaFX Application Thread] INFO  o.b.s.BxWinLab.Base.BaseLabel - 控件库Debug模式已开启
2026-01-27 16:48:23.451 [JavaFX Application Thread] INFO  o.b.s.Utils.FileUtil - 成功加载文件/org/bxwbb/spigotplugincreatertool/icon/icon.png
2026-01-27 16:48:23.594 [JavaFX Application Thread] INFO  o.b.s.BxWinLab.Base.BaseLabel - 控件库Debug模式已开启
2026-01-27 16:48:23.595 [JavaFX Application Thread] INFO  o.b.s.BxWinLab.Base.BaseLabel - 控件库Debug模式已开启
2026-01-27 16:48:23.596 [JavaFX Application Thread] INFO  o.b.s.BxWinLab.Base.BaseLabel - 控件库Debug模式已开启
2026-01-27 16:48:23.596 [JavaFX Application Thread] INFO  o.b.s.BxWinLab.Base.BaseLabel - 控件库Debug模式已开启
2026-01-27 16:48:23.596 [JavaFX Application Thread] INFO  o.b.s.BxWinLab.Base.BaseLabel - 控件库Debug模式已开启
2026-01-27 16:48:23.596 [JavaFX Application Thread] INFO  o.b.s.BxWinLab.Base.BaseLabel - 控件库Debug模式已开启
2026-01-27 16:48:23.616 [JavaFX Application Thread] INFO  o.b.s.BxWinLab.Base.BaseLabel - 控件库Debug模式已开启
2026-01-27 16:48:23.632 [JavaFX Application Thread] INFO  o.b.s.BxWinLab.Base.BaseLabel - 控件库Debug模式已开启
2026-01-27 16:48:23.632 [JavaFX Application Thread] INFO  o.b.s.BxWinLab.Base.BaseLabel - 控件库Debug模式已开启
2026-01-27 16:48:29.527 [JavaFX Application Thread] INFO  o.b.s.HelloApplication - 执行停止...
2026-01-27 16:48:42.265 [JavaFX-Launcher] INFO  o.b.s.HelloApplication - 执行初始化...
2026-01-27 16:48:42.270 [JavaFX Application Thread] INFO  o.b.s.HelloApplication - 工具开始启动并加载...
2026-01-27 16:48:42.305 [JavaFX Application Thread] INFO  o.b.s.BxWinLab.Base.BaseLabel - 控件库Debug模式已开启
2026-01-27 16:48:42.312 [JavaFX Application Thread] INFO  o.b.s.BxWinLab.Base.BaseLabel - 控件库Debug模式已开启
2026-01-27 16:48:42.313 [JavaFX Application Thread] INFO  o.b.s.Utils.FileUtil - 成功加载文件/org/bxwbb/spigotplugincreatertool/icon/icon.png
2026-01-27 16:48:42.448 [JavaFX Application Thread] INFO  o.b.s.BxWinLab.Base.BaseLabel - 控件库Debug模式已开启
2026-01-27 16:48:42.449 [JavaFX Application Thread] INFO  o.b.s.BxWinLab.Base.BaseLabel - 控件库Debug模式已开启
2026-01-27 16:48:42.449 [JavaFX Application Thread] INFO  o.b.s.BxWinLab.Base.BaseLabel - 控件库Debug模式已开启
2026-01-27 16:48:42.450 [JavaFX Application Thread] INFO  o.b.s.BxWinLab.Base.BaseLabel - 控件库Debug模式已开启
2026-01-27 16:48:42.451 [JavaFX Application Thread] INFO  o.b.s.BxWinLab.Base.BaseLabel - 控件库Debug模式已开启
2026-01-27 16:48:42.451 [JavaFX Application Thread] INFO  o.b.s.BxWinLab.Base.BaseLabel - 控件库Debug模式已开启
2026-01-27 16:48:42.473 [JavaFX Application Thread] INFO  o.b.s.BxWinLab.Base.BaseLabel - 控件库Debug模式已开启
2026-01-27 16:48:42.485 [JavaFX Application Thread] INFO  o.b.s.BxWinLab.Base.BaseLabel - 控件库Debug模式已开启
2026-01-27 16:48:42.485 [JavaFX Application Thread] INFO  o.b.s.BxWinLab.Base.BaseLabel - 控件库Debug模式已开启
2026-01-27 16:48:53.911 [JavaFX Application Thread] INFO  o.b.s.HelloApplication - 执行停止...
2026-01-27 16:49:22.322 [JavaFX-Launcher] INFO  o.b.s.HelloApplication - 执行初始化...
2026-01-27 16:49:22.328 [JavaFX Application Thread] INFO  o.b.s.HelloApplication - 工具开始启动并加载...
2026-01-27 16:49:22.363 [JavaFX Application Thread] INFO  o.b.s.BxWinLab.Base.BaseLabel - 控件库Debug模式已开启
2026-01-27 16:49:22.370 [JavaFX Application Thread] INFO  o.b.s.BxWinLab.Base.BaseLabel - 控件库Debug模式已开启
2026-01-27 16:49:22.371 [JavaFX Application Thread] INFO  o.b.s.Utils.FileUtil - 成功加载文件/org/bxwbb/spigotplugincreatertool/icon/icon.png
2026-01-27 16:49:22.506 [JavaFX Application Thread] INFO  o.b.s.BxWinLab.Base.BaseLabel - 控件库Debug模式已开启
2026-01-27 16:49:22.507 [JavaFX Application Thread] INFO  o.b.s.BxWinLab.Base.BaseLabel - 控件库Debug模式已开启
2026-01-27 16:49:22.508 [JavaFX Application Thread] INFO  o.b.s.BxWinLab.Base.BaseLabel - 控件库Debug模式已开启
2026-01-27 16:49:22.508 [JavaFX Application Thread] INFO  o.b.s.BxWinLab.Base.BaseLabel - 控件库Debug模式已开启
2026-01-27 16:49:22.509 [JavaFX Application Thread] INFO  o.b.s.BxWinLab.Base.BaseLabel - 控件库Debug模式已开启
2026-01-27 16:49:22.510 [JavaFX Application Thread] INFO  o.b.s.BxWinLab.Base.BaseLabel - 控件库Debug模式已开启
2026-01-27 16:49:22.528 [JavaFX Application Thread] INFO  o.b.s.BxWinLab.Base.BaseLabel - 控件库Debug模式已开启
2026-01-27 16:49:22.544 [JavaFX Application Thread] INFO  o.b.s.BxWinLab.Base.BaseLabel - 控件库Debug模式已开启
2026-01-27 16:49:22.544 [JavaFX Application Thread] INFO  o.b.s.BxWinLab.Base.BaseLabel - 控件库Debug模式已开启
2026-01-27 16:49:25.846 [JavaFX Application Thread] INFO  o.b.s.HelloApplication - 执行停止...
2026-01-27 16:49:34.250 [JavaFX-Launcher] INFO  o.b.s.HelloApplication - 执行初始化...
2026-01-27 16:49:34.255 [JavaFX Application Thread] INFO  o.b.s.HelloApplication - 工具开始启动并加载...
2026-01-27 16:49:34.290 [JavaFX Application Thread] INFO  o.b.s.BxWinLab.Base.BaseLabel - 控件库Debug模式已开启
2026-01-27 16:49:34.296 [JavaFX Application Thread] INFO  o.b.s.BxWinLab.Base.BaseLabel - 控件库Debug模式已开启
2026-01-27 16:49:34.297 [JavaFX Application Thread] INFO  o.b.s.Utils.FileUtil - 成功加载文件/org/bxwbb/spigotplugincreatertool/icon/icon.png
2026-01-27 16:49:34.439 [JavaFX Application Thread] INFO  o.b.s.BxWinLab.Base.BaseLabel - 控件库Debug模式已开启
2026-01-27 16:49:34.440 [JavaFX Application Thread] INFO  o.b.s.BxWinLab.Base.BaseLabel - 控件库Debug模式已开启
2026-01-27 16:49:34.440 [JavaFX Application Thread] INFO  o.b.s.BxWinLab.Base.BaseLabel - 控件库Debug模式已开启
2026-01-27 16:49:34.441 [JavaFX Application Thread] INFO  o.b.s.BxWinLab.Base.BaseLabel - 控件库Debug模式已开启
2026-01-27 16:49:34.442 [JavaFX Application Thread] INFO  o.b.s.BxWinLab.Base.BaseLabel - 控件库Debug模式已开启
2026-01-27 16:49:34.442 [JavaFX Application Thread] INFO  o.b.s.BxWinLab.Base.BaseLabel - 控件库Debug模式已开启
2026-01-27 16:49:34.464 [JavaFX Application Thread] INFO  o.b.s.BxWinLab.Base.BaseLabel - 控件库Debug模式已开启
2026-01-27 16:49:34.477 [JavaFX Application Thread] INFO  o.b.s.BxWinLab.Base.BaseLabel - 控件库Debug模式已开启
2026-01-27 16:49:34.477 [JavaFX Application Thread] INFO  o.b.s.BxWinLab.Base.BaseLabel - 控件库Debug模式已开启
2026-01-27 16:49:39.540 [JavaFX Application Thread] INFO  o.b.s.HelloApplication - 执行停止...
2026-01-27 16:50:38.736 [JavaFX-Launcher] INFO  o.b.s.HelloApplication - 执行初始化...
2026-01-27 16:50:38.742 [JavaFX Application Thread] INFO  o.b.s.HelloApplication - 工具开始启动并加载...
2026-01-27 16:50:38.783 [JavaFX Application Thread] INFO  o.b.s.Utils.FileUtil - 成功加载文件/org/bxwbb/spigotplugincreatertool/icon/icon.png
2026-01-27 16:50:49.993 [JavaFX Application Thread] INFO  o.b.s.HelloApplication - 执行停止...
2026-01-27 16:51:06.473 [JavaFX-Launcher] INFO  o.b.s.HelloApplication - 执行初始化...
2026-01-27 16:51:06.479 [JavaFX Application Thread] INFO  o.b.s.HelloApplication - 工具开始启动并加载...
2026-01-27 16:51:06.520 [JavaFX Application Thread] INFO  o.b.s.Utils.FileUtil - 成功加载文件/org/bxwbb/spigotplugincreatertool/icon/icon.png
2026-01-27 16:51:15.976 [JavaFX Application Thread] INFO  o.b.s.HelloApplication - 执行停止...
2026-01-27 16:52:09.855 [JavaFX-Launcher] INFO  o.b.s.HelloApplication - 执行初始化...
2026-01-27 16:52:09.861 [JavaFX Application Thread] INFO  o.b.s.HelloApplication - 工具开始启动并加载...
2026-01-27 16:52:09.903 [JavaFX Application Thread] INFO  o.b.s.Utils.FileUtil - 成功加载文件/org/bxwbb/spigotplugincreatertool/icon/icon.png
2026-01-27 16:52:21.262 [JavaFX Application Thread] INFO  o.b.s.HelloApplication - 执行停止...
2026-01-27 16:52:38.894 [JavaFX-Launcher] INFO  o.b.s.HelloApplication - 执行初始化...
2026-01-27 16:52:38.899 [JavaFX Application Thread] INFO  o.b.s.HelloApplication - 工具开始启动并加载...
2026-01-27 16:52:38.942 [JavaFX Application Thread] INFO  o.b.s.Utils.FileUtil - 成功加载文件/org/bxwbb/spigotplugincreatertool/icon/icon.png
2026-01-27 16:52:51.313 [JavaFX Application Thread] INFO  o.b.s.HelloApplication - 执行停止...
2026-01-27 16:52:58.312 [JavaFX-Launcher] INFO  o.b.s.HelloApplication - 执行初始化...
2026-01-27 16:52:58.317 [JavaFX Application Thread] INFO  o.b.s.HelloApplication - 工具开始启动并加载...
2026-01-27 16:52:58.359 [JavaFX Application Thread] INFO  o.b.s.Utils.FileUtil - 成功加载文件/org/bxwbb/spigotplugincreatertool/icon/icon.png
2026-01-27 16:53:03.084 [JavaFX Application Thread] INFO  o.b.s.HelloApplication - 执行停止...
2026-01-27 16:53:09.411 [JavaFX-Launcher] INFO  o.b.s.HelloApplication - 执行初始化...
2026-01-27 16:53:09.416 [JavaFX Application Thread] INFO  o.b.s.HelloApplication - 工具开始启动并加载...
2026-01-27 16:53:09.451 [JavaFX Application Thread] INFO  o.b.s.BxWinLab.Base.BaseLabel - 控件库Debug模式已开启
2026-01-27 16:53:09.458 [JavaFX Application Thread] INFO  o.b.s.BxWinLab.Base.BaseLabel - 控件库Debug模式已开启
2026-01-27 16:53:09.459 [JavaFX Application Thread] INFO  o.b.s.Utils.FileUtil - 成功加载文件/org/bxwbb/spigotplugincreatertool/icon/icon.png
2026-01-27 16:53:09.594 [JavaFX Application Thread] INFO  o.b.s.BxWinLab.Base.BaseLabel - 控件库Debug模式已开启
2026-01-27 16:53:09.595 [JavaFX Application Thread] INFO  o.b.s.BxWinLab.Base.BaseLabel - 控件库Debug模式已开启
2026-01-27 16:53:09.595 [JavaFX Application Thread] INFO  o.b.s.BxWinLab.Base.BaseLabel - 控件库Debug模式已开启
2026-01-27 16:53:09.595 [JavaFX Application Thread] INFO  o.b.s.BxWinLab.Base.BaseLabel - 控件库Debug模式已开启
2026-01-27 16:53:09.596 [JavaFX Application Thread] INFO  o.b.s.BxWinLab.Base.BaseLabel - 控件库Debug模式已开启
2026-01-27 16:53:09.617 [JavaFX Application Thread] INFO  o.b.s.BxWinLab.Base.BaseLabel - 控件库Debug模式已开启
2026-01-27 16:53:09.630 [JavaFX Application Thread] INFO  o.b.s.BxWinLab.Base.BaseLabel - 控件库Debug模式已开启
2026-01-27 16:53:09.630 [JavaFX Application Thread] INFO  o.b.s.BxWinLab.Base.BaseLabel - 控件库Debug模式已开启
2026-01-27 16:53:09.630 [JavaFX Application Thread] INFO  o.b.s.BxWinLab.Base.BaseLabel - 控件库Debug模式已开启
2026-01-27 16:53:09.631 [JavaFX Application Thread] INFO  o.b.s.BxWinLab.Base.BaseLabel - 控件库Debug模式已开启
2026-01-27 16:53:21.183 [JavaFX Application Thread] INFO  o.b.s.HelloApplication - 执行停止...
2026-01-27 16:53:26.686 [JavaFX-Launcher] INFO  o.b.s.HelloApplication - 执行初始化...
2026-01-27 16:53:26.692 [JavaFX Application Thread] INFO  o.b.s.HelloApplication - 工具开始启动并加载...
2026-01-27 16:53:26.728 [JavaFX Application Thread] INFO  o.b.s.BxWinLab.Base.BaseLabel - 控件库Debug模式已开启
2026-01-27 16:53:26.734 [JavaFX Application Thread] INFO  o.b.s.BxWinLab.Base.BaseLabel - 控件库Debug模式已开启
2026-01-27 16:53:26.736 [JavaFX Application Thread] INFO  o.b.s.Utils.FileUtil - 成功加载文件/org/bxwbb/spigotplugincreatertool/icon/icon.png
2026-01-27 16:53:26.879 [JavaFX Application Thread] INFO  o.b.s.BxWinLab.Base.BaseLabel - 控件库Debug模式已开启
2026-01-27 16:53:26.880 [JavaFX Application Thread] INFO  o.b.s.BxWinLab.Base.BaseLabel - 控件库Debug模式已开启
2026-01-27 16:53:26.880 [JavaFX Application Thread] INFO  o.b.s.BxWinLab.Base.BaseLabel - 控件库Debug模式已开启
2026-01-27 16:53:26.880 [JavaFX Application Thread] INFO  o.b.s.BxWinLab.Base.BaseLabel - 控件库Debug模式已开启
2026-01-27 16:53:26.880 [JavaFX Application Thread] INFO  o.b.s.BxWinLab.Base.BaseLabel - 控件库Debug模式已开启
2026-01-27 16:53:26.902 [JavaFX Application Thread] INFO  o.b.s.BxWinLab.Base.BaseLabel - 控件库Debug模式已开启
2026-01-27 16:53:26.916 [JavaFX Application Thread] INFO  o.b.s.BxWinLab.Base.BaseLabel - 控件库Debug模式已开启
2026-01-27 16:53:26.916 [JavaFX Application Thread] INFO  o.b.s.BxWinLab.Base.BaseLabel - 控件库Debug模式已开启
2026-01-27 16:53:59.636 [JavaFX Application Thread] INFO  o.b.s.HelloApplication - 执行停止...
2026-01-27 16:59:48.202 [JavaFX-Launcher] INFO  o.b.s.HelloApplication - 执行初始化...
2026-01-27 16:59:48.208 [JavaFX Application Thread] INFO  o.b.s.HelloApplication - 工具开始启动并加载...
2026-01-27 16:59:48.243 [JavaFX Application Thread] INFO  o.b.s.BxWinLab.Base.BaseLabel - 控件库Debug模式已开启
2026-01-27 16:59:48.249 [JavaFX Application Thread] INFO  o.b.s.BxWinLab.Base.BaseLabel - 控件库Debug模式已开启
2026-01-27 16:59:48.250 [JavaFX Application Thread] INFO  o.b.s.Utils.FileUtil - 成功加载文件/org/bxwbb/spigotplugincreatertool/icon/icon.png
2026-01-27 16:59:48.387 [JavaFX Application Thread] INFO  o.b.s.BxWinLab.Base.BaseLabel - 控件库Debug模式已开启
2026-01-27 16:59:48.388 [JavaFX Application Thread] INFO  o.b.s.BxWinLab.Base.BaseLabel - 控件库Debug模式已开启
2026-01-27 16:59:48.388 [JavaFX Application Thread] INFO  o.b.s.BxWinLab.Base.BaseLabel - 控件库Debug模式已开启
2026-01-27 16:59:48.389 [JavaFX Application Thread] INFO  o.b.s.BxWinLab.Base.BaseLabel - 控件库Debug模式已开启
2026-01-27 16:59:48.389 [JavaFX Application Thread] INFO  o.b.s.BxWinLab.Base.BaseLabel - 控件库Debug模式已开启
2026-01-27 16:59:48.410 [JavaFX Application Thread] INFO  o.b.s.BxWinLab.Base.BaseLabel - 控件库Debug模式已开启
2026-01-27 16:59:48.424 [JavaFX Application Thread] INFO  o.b.s.BxWinLab.Base.BaseLabel - 控件库Debug模式已开启
2026-01-27 16:59:48.425 [JavaFX Application Thread] INFO  o.b.s.BxWinLab.Base.BaseLabel - 控件库Debug模式已开启
2026-01-27 17:00:01.952 [JavaFX Application Thread] INFO  o.b.s.HelloApplication - 执行停止...
2026-01-27 17:05:39.374 [JavaFX-Launcher] INFO  o.b.s.HelloApplication - 执行初始化...
2026-01-27 17:05:39.380 [JavaFX Application Thread] INFO  o.b.s.HelloApplication - 工具开始启动并加载...
2026-01-27 17:05:39.417 [JavaFX Application Thread] INFO  o.b.s.BxWinLab.Base.BaseLabel - 控件库Debug模式已开启
2026-01-27 17:05:39.423 [JavaFX Application Thread] INFO  o.b.s.BxWinLab.Base.BaseLabel - 控件库Debug模式已开启
2026-01-27 17:05:39.424 [JavaFX Application Thread] INFO  o.b.s.Utils.FileUtil - 成功加载文件/org/bxwbb/spigotplugincreatertool/icon/icon.png
2026-01-27 17:05:39.560 [JavaFX Application Thread] INFO  o.b.s.BxWinLab.Base.BaseLabel - 控件库Debug模式已开启
2026-01-27 17:05:39.561 [JavaFX Application Thread] INFO  o.b.s.BxWinLab.Base.BaseLabel - 控件库Debug模式已开启
2026-01-27 17:05:39.562 [JavaFX Application Thread] INFO  o.b.s.BxWinLab.Base.BaseLabel - 控件库Debug模式已开启
2026-01-27 17:05:39.562 [JavaFX Application Thread] INFO  o.b.s.BxWinLab.Base.BaseLabel - 控件库Debug模式已开启
2026-01-27 17:05:39.562 [JavaFX Application Thread] INFO  o.b.s.BxWinLab.Base.BaseLabel - 控件库Debug模式已开启
2026-01-27 17:05:39.586 [JavaFX Application Thread] INFO  o.b.s.BxWinLab.Base.BaseLabel - 控件库Debug模式已开启
2026-01-27 17:05:39.600 [JavaFX Application Thread] INFO  o.b.s.BxWinLab.Base.BaseLabel - 控件库Debug模式已开启
2026-01-27 17:05:39.600 [JavaFX Application Thread] INFO  o.b.s.BxWinLab.Base.BaseLabel - 控件库Debug模式已开启
2026-01-27 17:05:44.209 [JavaFX Application Thread] INFO  o.b.s.HelloApplication - 执行停止...
2026-01-27 17:07:58.498 [JavaFX-Launcher] INFO  o.b.s.HelloApplication - 执行初始化...
2026-01-27 17:07:58.503 [JavaFX Application Thread] INFO  o.b.s.HelloApplication - 工具开始启动并加载...
2026-01-27 17:07:58.539 [JavaFX Application Thread] INFO  o.b.s.BxWinLab.Base.BaseLabel - 控件库Debug模式已开启
2026-01-27 17:07:58.546 [JavaFX Application Thread] INFO  o.b.s.BxWinLab.Base.BaseLabel - 控件库Debug模式已开启
2026-01-27 17:07:58.547 [JavaFX Application Thread] INFO  o.b.s.Utils.FileUtil - 成功加载文件/org/bxwbb/spigotplugincreatertool/icon/icon.png
2026-01-27 17:07:58.683 [JavaFX Application Thread] INFO  o.b.s.BxWinLab.Base.BaseLabel - 控件库Debug模式已开启
2026-01-27 17:07:58.684 [JavaFX Application Thread] INFO  o.b.s.BxWinLab.Base.BaseLabel - 控件库Debug模式已开启
2026-01-27 17:07:58.685 [JavaFX Application Thread] INFO  o.b.s.BxWinLab.Base.BaseLabel - 控件库Debug模式已开启
2026-01-27 17:07:58.685 [JavaFX Application Thread] INFO  o.b.s.BxWinLab.Base.BaseLabel - 控件库Debug模式已开启
2026-01-27 17:07:58.685 [JavaFX Application Thread] INFO  o.b.s.BxWinLab.Base.BaseLabel - 控件库Debug模式已开启
2026-01-27 17:07:58.706 [JavaFX Application Thread] INFO  o.b.s.BxWinLab.Base.BaseLabel - 控件库Debug模式已开启
2026-01-27 17:07:58.724 [JavaFX Application Thread] INFO  o.b.s.BxWinLab.Base.BaseLabel - 控件库Debug模式已开启
2026-01-27 17:07:58.724 [JavaFX Application Thread] INFO  o.b.s.BxWinLab.Base.BaseLabel - 控件库Debug模式已开启
2026-01-27 17:07:58.724 [JavaFX Application Thread] INFO  o.b.s.BxWinLab.Base.BaseLabel - 控件库Debug模式已开启
2026-01-27 17:08:04.577 [JavaFX Application Thread] INFO  o.b.s.HelloApplication - 执行停止...
2026-01-27 17:08:17.114 [JavaFX-Launcher] INFO  o.b.s.HelloApplication - 执行初始化...
2026-01-27 17:08:17.119 [JavaFX Application Thread] INFO  o.b.s.HelloApplication - 工具开始启动并加载...
2026-01-27 17:08:17.156 [JavaFX Application Thread] INFO  o.b.s.BxWinLab.Base.BaseLabel - 控件库Debug模式已开启
2026-01-27 17:08:17.163 [JavaFX Application Thread] INFO  o.b.s.BxWinLab.Base.BaseLabel - 控件库Debug模式已开启
2026-01-27 17:08:17.164 [JavaFX Application Thread] INFO  o.b.s.Utils.FileUtil - 成功加载文件/org/bxwbb/spigotplugincreatertool/icon/icon.png
2026-01-27 17:08:17.299 [JavaFX Application Thread] INFO  o.b.s.BxWinLab.Base.BaseLabel - 控件库Debug模式已开启
2026-01-27 17:08:17.300 [JavaFX Application Thread] INFO  o.b.s.BxWinLab.Base.BaseLabel - 控件库Debug模式已开启
2026-01-27 17:08:17.300 [JavaFX Application Thread] INFO  o.b.s.BxWinLab.Base.BaseLabel - 控件库Debug模式已开启
2026-01-27 17:08:17.300 [JavaFX Application Thread] INFO  o.b.s.BxWinLab.Base.BaseLabel - 控件库Debug模式已开启
2026-01-27 17:08:17.301 [JavaFX Application Thread] INFO  o.b.s.BxWinLab.Base.BaseLabel - 控件库Debug模式已开启
2026-01-27 17:08:17.321 [JavaFX Application Thread] INFO  o.b.s.BxWinLab.Base.BaseLabel - 控件库Debug模式已开启
2026-01-27 17:08:17.336 [JavaFX Application Thread] INFO  o.b.s.BxWinLab.Base.BaseLabel - 控件库Debug模式已开启
2026-01-27 17:08:17.337 [JavaFX Application Thread] INFO  o.b.s.BxWinLab.Base.BaseLabel - 控件库Debug模式已开启
2026-01-27 17:08:17.337 [JavaFX Application Thread] INFO  o.b.s.BxWinLab.Base.BaseLabel - 控件库Debug模式已开启
2026-01-27 17:08:23.000 [JavaFX Application Thread] INFO  o.b.s.HelloApplication - 执行停止...
2026-01-27 17:08:36.377 [JavaFX-Launcher] INFO  o.b.s.HelloApplication - 执行初始化...
2026-01-27 17:08:36.383 [JavaFX Application Thread] INFO  o.b.s.HelloApplication - 工具开始启动并加载...
2026-01-27 17:08:36.430 [JavaFX Application Thread] INFO  o.b.s.BxWinLab.Base.BaseLabel - 控件库Debug模式已开启
2026-01-27 17:08:36.441 [JavaFX Application Thread] INFO  o.b.s.BxWinLab.Base.BaseLabel - 控件库Debug模式已开启
2026-01-27 17:08:36.442 [JavaFX Application Thread] INFO  o.b.s.Utils.FileUtil - 成功加载文件/org/bxwbb/spigotplugincreatertool/icon/icon.png
2026-01-27 17:08:36.597 [JavaFX Application Thread] INFO  o.b.s.BxWinLab.Base.BaseLabel - 控件库Debug模式已开启
2026-01-27 17:08:36.598 [JavaFX Application Thread] INFO  o.b.s.BxWinLab.Base.BaseLabel - 控件库Debug模式已开启
2026-01-27 17:08:36.598 [JavaFX Application Thread] INFO  o.b.s.BxWinLab.Base.BaseLabel - 控件库Debug模式已开启
2026-01-27 17:08:36.598 [JavaFX Application Thread] INFO  o.b.s.BxWinLab.Base.BaseLabel - 控件库Debug模式已开启
2026-01-27 17:08:36.599 [JavaFX Application Thread] INFO  o.b.s.BxWinLab.Base.BaseLabel - 控件库Debug模式已开启
2026-01-27 17:08:36.624 [JavaFX Application Thread] INFO  o.b.s.BxWinLab.Base.BaseLabel - 控件库Debug模式已开启
2026-01-27 17:08:36.637 [JavaFX Application Thread] INFO  o.b.s.BxWinLab.Base.BaseLabel - 控件库Debug模式已开启
2026-01-27 17:08:36.638 [JavaFX Application Thread] INFO  o.b.s.BxWinLab.Base.BaseLabel - 控件库Debug模式已开启
2026-01-27 17:08:36.638 [JavaFX Application Thread] INFO  o.b.s.BxWinLab.Base.BaseLabel - 控件库Debug模式已开启
2026-01-27 17:08:43.644 [JavaFX Application Thread] INFO  o.b.s.HelloApplication - 执行停止...
2026-01-27 17:09:14.897 [JavaFX-Launcher] INFO  o.b.s.HelloApplication - 执行初始化...
2026-01-27 17:09:14.903 [JavaFX Application Thread] INFO  o.b.s.HelloApplication - 工具开始启动并加载...
2026-01-27 17:09:14.947 [JavaFX Application Thread] INFO  o.b.s.BxWinLab.Base.BaseLabel - 控件库Debug模式已开启
2026-01-27 17:09:14.956 [JavaFX Application Thread] INFO  o.b.s.BxWinLab.Base.BaseLabel - 控件库Debug模式已开启
2026-01-27 17:09:14.957 [JavaFX Application Thread] INFO  o.b.s.Utils.FileUtil - 成功加载文件/org/bxwbb/spigotplugincreatertool/icon/icon.png
2026-01-27 17:09:15.116 [JavaFX Application Thread] INFO  o.b.s.BxWinLab.Base.BaseLabel - 控件库Debug模式已开启
2026-01-27 17:09:15.117 [JavaFX Application Thread] INFO  o.b.s.BxWinLab.Base.BaseLabel - 控件库Debug模式已开启
2026-01-27 17:09:15.117 [JavaFX Application Thread] INFO  o.b.s.BxWinLab.Base.BaseLabel - 控件库Debug模式已开启
2026-01-27 17:09:15.118 [JavaFX Application Thread] INFO  o.b.s.BxWinLab.Base.BaseLabel - 控件库Debug模式已开启
2026-01-27 17:09:15.118 [JavaFX Application Thread] INFO  o.b.s.BxWinLab.Base.BaseLabel - 控件库Debug模式已开启
2026-01-27 17:09:15.142 [JavaFX Application Thread] INFO  o.b.s.BxWinLab.Base.BaseLabel - 控件库Debug模式已开启
2026-01-27 17:09:15.154 [JavaFX Application Thread] INFO  o.b.s.BxWinLab.Base.BaseLabel - 控件库Debug模式已开启
2026-01-27 17:09:15.154 [JavaFX Application Thread] INFO  o.b.s.BxWinLab.Base.BaseLabel - 控件库Debug模式已开启
2026-01-27 17:09:15.156 [JavaFX Application Thread] INFO  o.b.s.BxWinLab.Base.BaseLabel - 控件库Debug模式已开启
2026-01-27 17:09:20.926 [JavaFX Application Thread] INFO  o.b.s.HelloApplication - 执行停止...
2026-01-27 17:09:32.379 [JavaFX-Launcher] INFO  o.b.s.HelloApplication - 执行初始化...
2026-01-27 17:09:32.386 [JavaFX Application Thread] INFO  o.b.s.HelloApplication - 工具开始启动并加载...
2026-01-27 17:09:32.423 [JavaFX Application Thread] INFO  o.b.s.BxWinLab.Base.BaseLabel - 控件库Debug模式已开启
2026-01-27 17:09:32.432 [JavaFX Application Thread] INFO  o.b.s.BxWinLab.Base.BaseLabel - 控件库Debug模式已开启
2026-01-27 17:09:32.433 [JavaFX Application Thread] INFO  o.b.s.Utils.FileUtil - 成功加载文件/org/bxwbb/spigotplugincreatertool/icon/icon.png
2026-01-27 17:09:32.588 [JavaFX Application Thread] INFO  o.b.s.BxWinLab.Base.BaseLabel - 控件库Debug模式已开启
2026-01-27 17:09:32.589 [JavaFX Application Thread] INFO  o.b.s.BxWinLab.Base.BaseLabel - 控件库Debug模式已开启
2026-01-27 17:09:32.589 [JavaFX Application Thread] INFO  o.b.s.BxWinLab.Base.BaseLabel - 控件库Debug模式已开启
2026-01-27 17:09:32.589 [JavaFX Application Thread] INFO  o.b.s.BxWinLab.Base.BaseLabel - 控件库Debug模式已开启
2026-01-27 17:09:32.590 [JavaFX Application Thread] INFO  o.b.s.BxWinLab.Base.BaseLabel - 控件库Debug模式已开启
2026-01-27 17:09:32.611 [JavaFX Application Thread] INFO  o.b.s.BxWinLab.Base.BaseLabel - 控件库Debug模式已开启
2026-01-27 17:09:32.632 [JavaFX Application Thread] INFO  o.b.s.BxWinLab.Base.BaseLabel - 控件库Debug模式已开启
2026-01-27 17:09:32.633 [JavaFX Application Thread] INFO  o.b.s.BxWinLab.Base.BaseLabel - 控件库Debug模式已开启
2026-01-27 17:09:32.633 [JavaFX Application Thread] INFO  o.b.s.BxWinLab.Base.BaseLabel - 控件库Debug模式已开启
2026-01-27 17:09:46.820 [JavaFX Application Thread] INFO  o.b.s.HelloApplication - 执行停止...
2026-01-27 17:09:53.302 [JavaFX-Launcher] INFO  o.b.s.HelloApplication - 执行初始化...
2026-01-27 17:09:53.307 [JavaFX Application Thread] INFO  o.b.s.HelloApplication - 工具开始启动并加载...
2026-01-27 17:09:53.349 [JavaFX Application Thread] INFO  o.b.s.BxWinLab.Base.BaseLabel - 控件库Debug模式已开启
2026-01-27 17:09:53.358 [JavaFX Application Thread] INFO  o.b.s.BxWinLab.Base.BaseLabel - 控件库Debug模式已开启
2026-01-27 17:09:53.359 [JavaFX Application Thread] INFO  o.b.s.Utils.FileUtil - 成功加载文件/org/bxwbb/spigotplugincreatertool/icon/icon.png
2026-01-27 17:09:53.519 [JavaFX Application Thread] INFO  o.b.s.BxWinLab.Base.BaseLabel - 控件库Debug模式已开启
2026-01-27 17:09:53.520 [JavaFX Application Thread] INFO  o.b.s.BxWinLab.Base.BaseLabel - 控件库Debug模式已开启
2026-01-27 17:09:53.520 [JavaFX Application Thread] INFO  o.b.s.BxWinLab.Base.BaseLabel - 控件库Debug模式已开启
2026-01-27 17:09:53.520 [JavaFX Application Thread] INFO  o.b.s.BxWinLab.Base.BaseLabel - 控件库Debug模式已开启
2026-01-27 17:09:53.520 [JavaFX Application Thread] INFO  o.b.s.BxWinLab.Base.BaseLabel - 控件库Debug模式已开启
2026-01-27 17:09:53.545 [JavaFX Application Thread] INFO  o.b.s.BxWinLab.Base.BaseLabel - 控件库Debug模式已开启
2026-01-27 17:09:53.560 [JavaFX Application Thread] INFO  o.b.s.BxWinLab.Base.BaseLabel - 控件库Debug模式已开启
2026-01-27 17:09:53.560 [JavaFX Application Thread] INFO  o.b.s.BxWinLab.Base.BaseLabel - 控件库Debug模式已开启
2026-01-27 17:09:53.560 [JavaFX Application Thread] INFO  o.b.s.BxWinLab.Base.BaseLabel - 控件库Debug模式已开启
2026-01-27 17:10:04.358 [JavaFX Application Thread] INFO  o.b.s.HelloApplication - 执行停止...
2026-01-27 17:10:16.332 [JavaFX-Launcher] INFO  o.b.s.HelloApplication - 执行初始化...
2026-01-27 17:10:16.337 [JavaFX Application Thread] INFO  o.b.s.HelloApplication - 工具开始启动并加载...
2026-01-27 17:10:16.382 [JavaFX Application Thread] INFO  o.b.s.BxWinLab.Base.BaseLabel - 控件库Debug模式已开启
2026-01-27 17:10:16.391 [JavaFX Application Thread] INFO  o.b.s.BxWinLab.Base.BaseLabel - 控件库Debug模式已开启
2026-01-27 17:10:16.392 [JavaFX Application Thread] INFO  o.b.s.Utils.FileUtil - 成功加载文件/org/bxwbb/spigotplugincreatertool/icon/icon.png
2026-01-27 17:10:16.554 [JavaFX Application Thread] INFO  o.b.s.BxWinLab.Base.BaseLabel - 控件库Debug模式已开启
2026-01-27 17:10:16.555 [JavaFX Application Thread] INFO  o.b.s.BxWinLab.Base.BaseLabel - 控件库Debug模式已开启
2026-01-27 17:10:16.555 [JavaFX Application Thread] INFO  o.b.s.BxWinLab.Base.BaseLabel - 控件库Debug模式已开启
2026-01-27 17:10:16.556 [JavaFX Application Thread] INFO  o.b.s.BxWinLab.Base.BaseLabel - 控件库Debug模式已开启
2026-01-27 17:10:16.556 [JavaFX Application Thread] INFO  o.b.s.BxWinLab.Base.BaseLabel - 控件库Debug模式已开启
2026-01-27 17:10:16.577 [JavaFX Application Thread] INFO  o.b.s.BxWinLab.Base.BaseLabel - 控件库Debug模式已开启
2026-01-27 17:10:16.598 [JavaFX Application Thread] INFO  o.b.s.BxWinLab.Base.BaseLabel - 控件库Debug模式已开启
2026-01-27 17:10:16.598 [JavaFX Application Thread] INFO  o.b.s.BxWinLab.Base.BaseLabel - 控件库Debug模式已开启
2026-01-27 17:10:16.599 [JavaFX Application Thread] INFO  o.b.s.BxWinLab.Base.BaseLabel - 控件库Debug模式已开启
2026-01-27 17:10:16.599 [JavaFX Application Thread] INFO  o.b.s.BxWinLab.Base.BaseLabel - 控件库Debug模式已开启
2026-01-27 17:10:16.599 [JavaFX Application Thread] INFO  o.b.s.BxWinLab.Base.BaseLabel - 控件库Debug模式已开启
2026-01-27 17:10:51.174 [JavaFX Application Thread] INFO  o.b.s.HelloApplication - 执行停止...
2026-01-27 17:12:45.521 [JavaFX-Launcher] INFO  o.b.s.HelloApplication - 执行初始化...
2026-01-27 17:12:45.527 [JavaFX Application Thread] INFO  o.b.s.HelloApplication - 工具开始启动并加载...
2026-01-27 17:12:45.562 [JavaFX Application Thread] INFO  o.b.s.BxWinLab.Base.BaseLabel - 控件库Debug模式已开启
2026-01-27 17:12:45.569 [JavaFX Application Thread] INFO  o.b.s.BxWinLab.Base.BaseLabel - 控件库Debug模式已开启
2026-01-27 17:12:45.571 [JavaFX Application Thread] INFO  o.b.s.Utils.FileUtil - 成功加载文件/org/bxwbb/spigotplugincreatertool/icon/icon.png
2026-01-27 17:12:45.719 [JavaFX Application Thread] INFO  o.b.s.BxWinLab.Base.BaseLabel - 控件库Debug模式已开启
2026-01-27 17:12:45.720 [JavaFX Application Thread] INFO  o.b.s.BxWinLab.Base.BaseLabel - 控件库Debug模式已开启
2026-01-27 17:12:45.721 [JavaFX Application Thread] INFO  o.b.s.BxWinLab.Base.BaseLabel - 控件库Debug模式已开启
2026-01-27 17:12:45.721 [JavaFX Application Thread] INFO  o.b.s.BxWinLab.Base.BaseLabel - 控件库Debug模式已开启
2026-01-27 17:12:45.721 [JavaFX Application Thread] INFO  o.b.s.BxWinLab.Base.BaseLabel - 控件库Debug模式已开启
2026-01-27 17:12:45.745 [JavaFX Application Thread] INFO  o.b.s.BxWinLab.Base.BaseLabel - 控件库Debug模式已开启
2026-01-27 17:12:45.758 [JavaFX Application Thread] INFO  o.b.s.BxWinLab.Base.BaseLabel - 控件库Debug模式已开启
2026-01-27 17:12:45.758 [JavaFX Application Thread] INFO  o.b.s.BxWinLab.Base.BaseLabel - 控件库Debug模式已开启
2026-01-27 17:12:45.759 [JavaFX Application Thread] INFO  o.b.s.BxWinLab.Base.BaseLabel - 控件库Debug模式已开启
2026-01-27 17:12:45.759 [JavaFX Application Thread] INFO  o.b.s.BxWinLab.Base.BaseLabel - 控件库Debug模式已开启
2026-01-27 17:12:45.759 [JavaFX Application Thread] INFO  o.b.s.BxWinLab.Base.BaseLabel - 控件库Debug模式已开启
2026-01-27 17:12:53.215 [JavaFX Application Thread] INFO  o.b.s.HelloApplication - 执行停止...
2026-01-27 17:13:03.086 [JavaFX-Launcher] INFO  o.b.s.HelloApplication - 执行初始化...
2026-01-27 17:13:03.091 [JavaFX Application Thread] INFO  o.b.s.HelloApplication - 工具开始启动并加载...
2026-01-27 17:13:03.127 [JavaFX Application Thread] INFO  o.b.s.BxWinLab.Base.BaseLabel - 控件库Debug模式已开启
2026-01-27 17:13:03.133 [JavaFX Application Thread] INFO  o.b.s.BxWinLab.Base.BaseLabel - 控件库Debug模式已开启
2026-01-27 17:13:03.135 [JavaFX Application Thread] INFO  o.b.s.Utils.FileUtil - 成功加载文件/org/bxwbb/spigotplugincreatertool/icon/icon.png
2026-01-27 17:13:03.273 [JavaFX Application Thread] INFO  o.b.s.BxWinLab.Base.BaseLabel - 控件库Debug模式已开启
2026-01-27 17:13:03.274 [JavaFX Application Thread] INFO  o.b.s.BxWinLab.Base.BaseLabel - 控件库Debug模式已开启
2026-01-27 17:13:03.274 [JavaFX Application Thread] INFO  o.b.s.BxWinLab.Base.BaseLabel - 控件库Debug模式已开启
2026-01-27 17:13:03.274 [JavaFX Application Thread] INFO  o.b.s.BxWinLab.Base.BaseLabel - 控件库Debug模式已开启
2026-01-27 17:13:03.275 [JavaFX Application Thread] INFO  o.b.s.BxWinLab.Base.BaseLabel - 控件库Debug模式已开启
2026-01-27 17:13:03.298 [JavaFX Application Thread] INFO  o.b.s.BxWinLab.Base.BaseLabel - 控件库Debug模式已开启
2026-01-27 17:13:03.312 [JavaFX Application Thread] INFO  o.b.s.BxWinLab.Base.BaseLabel - 控件库Debug模式已开启
2026-01-27 17:13:03.312 [JavaFX Application Thread] INFO  o.b.s.BxWinLab.Base.BaseLabel - 控件库Debug模式已开启
2026-01-27 17:13:03.312 [JavaFX Application Thread] INFO  o.b.s.BxWinLab.Base.BaseLabel - 控件库Debug模式已开启
2026-01-27 17:13:03.313 [JavaFX Application Thread] INFO  o.b.s.BxWinLab.Base.BaseLabel - 控件库Debug模式已开启
2026-01-27 17:13:03.313 [JavaFX Application Thread] INFO  o.b.s.BxWinLab.Base.BaseLabel - 控件库Debug模式已开启
2026-01-27 17:13:13.977 [JavaFX Application Thread] INFO  o.b.s.HelloApplication - 执行停止...
2026-01-27 17:16:07.452 [JavaFX-Launcher] INFO  o.b.s.HelloApplication - 执行初始化...
2026-01-27 17:16:07.458 [JavaFX Application Thread] INFO  o.b.s.HelloApplication - 工具开始启动并加载...
2026-01-27 17:16:07.493 [JavaFX Application Thread] INFO  o.b.s.BxWinLab.Base.BaseLabel - 控件库Debug模式已开启
2026-01-27 17:16:07.500 [JavaFX Application Thread] INFO  o.b.s.BxWinLab.Base.BaseLabel - 控件库Debug模式已开启
2026-01-27 17:16:07.501 [JavaFX Application Thread] INFO  o.b.s.Utils.FileUtil - 成功加载文件/org/bxwbb/spigotplugincreatertool/icon/icon.png
2026-01-27 17:16:07.636 [JavaFX Application Thread] INFO  o.b.s.BxWinLab.Base.BaseLabel - 控件库Debug模式已开启
2026-01-27 17:16:07.637 [JavaFX Application Thread] INFO  o.b.s.BxWinLab.Base.BaseLabel - 控件库Debug模式已开启
2026-01-27 17:16:07.638 [JavaFX Application Thread] INFO  o.b.s.BxWinLab.Base.BaseLabel - 控件库Debug模式已开启
2026-01-27 17:16:07.638 [JavaFX Application Thread] INFO  o.b.s.BxWinLab.Base.BaseLabel - 控件库Debug模式已开启
2026-01-27 17:16:07.638 [JavaFX Application Thread] INFO  o.b.s.BxWinLab.Base.BaseLabel - 控件库Debug模式已开启
2026-01-27 17:16:07.661 [JavaFX Application Thread] INFO  o.b.s.BxWinLab.Base.BaseLabel - 控件库Debug模式已开启
2026-01-27 17:16:07.675 [JavaFX Application Thread] INFO  o.b.s.BxWinLab.Base.BaseLabel - 控件库Debug模式已开启
2026-01-27 17:16:07.675 [JavaFX Application Thread] INFO  o.b.s.BxWinLab.Base.BaseLabel - 控件库Debug模式已开启
2026-01-27 17:16:07.676 [JavaFX Application Thread] INFO  o.b.s.BxWinLab.Base.BaseLabel - 控件库Debug模式已开启
2026-01-27 17:16:07.676 [JavaFX Application Thread] INFO  o.b.s.BxWinLab.Base.BaseLabel - 控件库Debug模式已开启
2026-01-27 17:16:07.676 [JavaFX Application Thread] INFO  o.b.s.BxWinLab.Base.BaseLabel - 控件库Debug模式已开启
2026-01-27 17:16:07.677 [JavaFX Application Thread] INFO  o.b.s.BxWinLab.Base.BaseLabel - 控件库Debug模式已开启
2026-01-27 17:16:07.679 [JavaFX Application Thread] INFO  o.b.s.HelloApplication - 执行停止...
2026-01-27 17:16:42.089 [JavaFX-Launcher] INFO  o.b.s.HelloApplication - 执行初始化...
2026-01-27 17:16:42.095 [JavaFX Application Thread] INFO  o.b.s.HelloApplication - 工具开始启动并加载...
2026-01-27 17:16:42.130 [JavaFX Application Thread] INFO  o.b.s.BxWinLab.Base.BaseLabel - 控件库Debug模式已开启
2026-01-27 17:16:42.136 [JavaFX Application Thread] INFO  o.b.s.BxWinLab.Base.BaseLabel - 控件库Debug模式已开启
2026-01-27 17:16:42.138 [JavaFX Application Thread] INFO  o.b.s.Utils.FileUtil - 成功加载文件/org/bxwbb/spigotplugincreatertool/icon/icon.png
2026-01-27 17:16:42.273 [JavaFX Application Thread] INFO  o.b.s.BxWinLab.Base.BaseLabel - 控件库Debug模式已开启
2026-01-27 17:16:42.274 [JavaFX Application Thread] INFO  o.b.s.BxWinLab.Base.BaseLabel - 控件库Debug模式已开启
2026-01-27 17:16:42.274 [JavaFX Application Thread] INFO  o.b.s.BxWinLab.Base.BaseLabel - 控件库Debug模式已开启
2026-01-27 17:16:42.274 [JavaFX Application Thread] INFO  o.b.s.BxWinLab.Base.BaseLabel - 控件库Debug模式已开启
2026-01-27 17:16:42.275 [JavaFX Application Thread] INFO  o.b.s.BxWinLab.Base.BaseLabel - 控件库Debug模式已开启
2026-01-27 17:16:42.296 [JavaFX Application Thread] INFO  o.b.s.BxWinLab.Base.BaseLabel - 控件库Debug模式已开启
2026-01-27 17:16:42.309 [JavaFX Application Thread] INFO  o.b.s.BxWinLab.Base.BaseLabel - 控件库Debug模式已开启
2026-01-27 17:16:42.310 [JavaFX Application Thread] INFO  o.b.s.BxWinLab.Base.BaseLabel - 控件库Debug模式已开启
2026-01-27 17:16:42.310 [JavaFX Application Thread] INFO  o.b.s.BxWinLab.Base.BaseLabel - 控件库Debug模式已开启
2026-01-27 17:16:42.310 [JavaFX Application Thread] INFO  o.b.s.BxWinLab.Base.BaseLabel - 控件库Debug模式已开启
2026-01-27 17:16:42.311 [JavaFX Application Thread] INFO  o.b.s.BxWinLab.Base.BaseLabel - 控件库Debug模式已开启
2026-01-27 17:16:42.311 [JavaFX Application Thread] INFO  o.b.s.BxWinLab.Base.BaseLabel - 控件库Debug模式已开启
2026-01-27 17:16:42.311 [JavaFX Application Thread] INFO  o.b.s.BxWinLab.Base.BaseLabel - 控件库Debug模式已开启
2026-01-27 17:16:42.313 [JavaFX Application Thread] INFO  o.b.s.BxWinLab.Base.BaseLabel - 控件库Debug模式已开启
2026-01-27 17:16:42.313 [JavaFX Application Thread] INFO  o.b.s.BxWinLab.Base.BaseLabel - 控件库Debug模式已开启
2026-01-27 17:16:58.484 [JavaFX Application Thread] INFO  o.b.s.HelloApplication - 执行停止...
2026-01-27 17:17:11.267 [JavaFX-Launcher] INFO  o.b.s.HelloApplication - 执行初始化...
2026-01-27 17:17:11.272 [JavaFX Application Thread] INFO  o.b.s.HelloApplication - 工具开始启动并加载...
2026-01-27 17:17:11.317 [JavaFX Application Thread] INFO  o.b.s.Utils.FileUtil - 成功加载文件/org/bxwbb/spigotplugincreatertool/icon/icon.png
2026-01-27 17:17:33.250 [JavaFX Application Thread] INFO  o.b.s.HelloApplication - 执行停止...
2026-01-27 17:28:53.078 [JavaFX-Launcher] INFO  o.b.s.HelloApplication - 执行初始化...
2026-01-27 17:28:53.083 [JavaFX Application Thread] INFO  o.b.s.HelloApplication - 工具开始启动并加载...
2026-01-27 17:28:53.126 [JavaFX Application Thread] INFO  o.b.s.Utils.FileUtil - 成功加载文件/org/bxwbb/spigotplugincreatertool/icon/icon.png
2026-01-27 17:29:02.543 [JavaFX Application Thread] INFO  o.b.s.HelloApplication - 执行停止...
2026-01-27 17:31:14.279 [JavaFX-Launcher] INFO  o.b.s.HelloApplication - 执行初始化...
2026-01-27 17:31:14.285 [JavaFX Application Thread] INFO  o.b.s.HelloApplication - 工具开始启动并加载...
2026-01-27 17:31:14.328 [JavaFX Application Thread] INFO  o.b.s.Utils.FileUtil - 成功加载文件/org/bxwbb/spigotplugincreatertool/icon/icon.png
2026-01-27 17:32:08.626 [JavaFX-Launcher] INFO  o.b.s.HelloApplication - 执行初始化...
2026-01-27 17:32:08.632 [JavaFX Application Thread] INFO  o.b.s.HelloApplication - 工具开始启动并加载...
2026-01-27 17:32:08.674 [JavaFX Application Thread] INFO  o.b.s.Utils.FileUtil - 成功加载文件/org/bxwbb/spigotplugincreatertool/icon/icon.png
2026-01-27 17:32:23.438 [JavaFX Application Thread] INFO  o.b.s.HelloApplication - 执行停止...
2026-01-27 17:46:00.174 [JavaFX-Launcher] INFO  o.b.s.HelloApplication - 执行初始化...
2026-01-27 17:46:00.179 [JavaFX Application Thread] INFO  o.b.s.HelloApplication - 工具开始启动并加载...
2026-01-27 17:46:00.231 [JavaFX Application Thread] INFO  o.b.s.Utils.FileUtil - 成功加载文件/org/bxwbb/spigotplugincreatertool/icon/icon.png
2026-01-27 17:46:07.178 [JavaFX Application Thread] INFO  o.b.s.HelloApplication - 执行停止...
2026-01-27 17:55:22.347 [JavaFX-Launcher] INFO  o.b.s.HelloApplication - 执行初始化...
2026-01-27 17:55:22.353 [JavaFX Application Thread] INFO  o.b.s.HelloApplication - 工具开始启动并加载...
2026-01-27 17:55:22.396 [JavaFX Application Thread] INFO  o.b.s.Utils.FileUtil - 成功加载文件/org/bxwbb/spigotplugincreatertool/icon/icon.png
2026-01-27 17:55:22.568 [JavaFX Application Thread] INFO  o.b.s.Utils.FileUtil - 成功加载文件/org/bxwbb/spigotplugincreatertool/icon/icon.png
2026-01-27 17:55:22.680 [JavaFX Application Thread] INFO  o.b.s.HelloApplication - 执行停止...
2026-01-27 17:55:45.413 [JavaFX-Launcher] INFO  o.b.s.HelloApplication - 执行初始化...
2026-01-27 17:55:45.419 [JavaFX Application Thread] INFO  o.b.s.HelloApplication - 工具开始启动并加载...
2026-01-27 17:55:45.462 [JavaFX Application Thread] INFO  o.b.s.Utils.FileUtil - 成功加载文件/org/bxwbb/spigotplugincreatertool/icon/icon.png
2026-01-27 17:55:45.637 [JavaFX Application Thread] INFO  o.b.s.Utils.FileUtil - 成功加载文件/org/bxwbb/spigotplugincreatertool/icon/icon.png
2026-01-27 17:57:27.241 [JavaFX Application Thread] INFO  o.b.s.HelloApplication - 执行停止...
2026-01-27 17:57:32.748 [JavaFX-Launcher] INFO  o.b.s.HelloApplication - 执行初始化...
2026-01-27 17:57:32.754 [JavaFX Application Thread] INFO  o.b.s.HelloApplication - 工具开始启动并加载...
2026-01-27 17:57:32.797 [JavaFX Application Thread] INFO  o.b.s.Utils.FileUtil - 成功加载文件/org/bxwbb/spigotplugincreatertool/icon/icon.png
2026-01-27 17:57:32.971 [JavaFX Application Thread] INFO  o.b.s.Utils.FileUtil - 成功加载文件/org/bxwbb/spigotplugincreatertool/icon/icon.png
2026-01-27 17:57:40.040 [JavaFX Application Thread] INFO  o.b.s.HelloApplication - 执行停止...
2026-01-27 17:58:52.282 [JavaFX-Launcher] INFO  o.b.s.HelloApplication - 执行初始化...
2026-01-27 17:58:52.288 [JavaFX Application Thread] INFO  o.b.s.HelloApplication - 工具开始启动并加载...
2026-01-27 17:58:52.331 [JavaFX Application Thread] INFO  o.b.s.Utils.FileUtil - 成功加载文件/org/bxwbb/spigotplugincreatertool/icon/icon.png
2026-01-27 17:58:52.502 [JavaFX Application Thread] INFO  o.b.s.Utils.FileUtil - 成功加载文件/org/bxwbb/spigotplugincreatertool/icon/icon.png
2026-01-27 17:58:55.317 [JavaFX Application Thread] INFO  o.b.s.HelloApplication - 执行停止...
2026-01-27 17:59:07.386 [JavaFX-Launcher] INFO  o.b.s.HelloApplication - 执行初始化...
2026-01-27 17:59:07.391 [JavaFX Application Thread] INFO  o.b.s.HelloApplication - 工具开始启动并加载...
2026-01-27 17:59:07.434 [JavaFX Application Thread] INFO  o.b.s.Utils.FileUtil - 成功加载文件/org/bxwbb/spigotplugincreatertool/icon/icon.png
2026-01-27 17:59:07.606 [JavaFX Application Thread] INFO  o.b.s.Utils.FileUtil - 成功加载文件/org/bxwbb/spigotplugincreatertool/icon/icon.png
2026-01-27 17:59:18.225 [JavaFX Application Thread] INFO  o.b.s.HelloApplication - 执行停止...
2026-01-27 17:59:53.995 [JavaFX-Launcher] INFO  o.b.s.HelloApplication - 执行初始化...
2026-01-27 17:59:54.000 [JavaFX Application Thread] INFO  o.b.s.HelloApplication - 工具开始启动并加载...
2026-01-27 17:59:54.043 [JavaFX Application Thread] INFO  o.b.s.Utils.FileUtil - 成功加载文件/org/bxwbb/spigotplugincreatertool/icon/icon.png
2026-01-27 17:59:54.215 [JavaFX Application Thread] INFO  o.b.s.Utils.FileUtil - 成功加载文件/org/bxwbb/spigotplugincreatertool/icon/icon.png
2026-01-27 18:00:04.757 [JavaFX Application Thread] INFO  o.b.s.HelloApplication - 执行停止...
2026-01-27 18:01:11.566 [JavaFX-Launcher] INFO  o.b.s.HelloApplication - 执行初始化...
2026-01-27 18:01:11.572 [JavaFX Application Thread] INFO  o.b.s.HelloApplication - 工具开始启动并加载...
2026-01-27 18:01:11.615 [JavaFX Application Thread] INFO  o.b.s.Utils.FileUtil - 成功加载文件/org/bxwbb/spigotplugincreatertool/icon/icon.png
2026-01-27 18:01:11.788 [JavaFX Application Thread] INFO  o.b.s.Utils.FileUtil - 成功加载文件/org/bxwbb/spigotplugincreatertool/icon/icon.png
2026-01-27 18:01:11.887 [JavaFX Application Thread] INFO  o.b.s.Utils.FileUtil - 成功加载文件/org/bxwbb/spigotplugincreatertool/icon/icon.png
2026-01-27 18:01:18.791 [JavaFX Application Thread] INFO  o.b.s.HelloApplication - 执行停止...
2026-01-27 18:01:39.861 [JavaFX-Launcher] INFO  o.b.s.HelloApplication - 执行初始化...
2026-01-27 18:01:39.866 [JavaFX Application Thread] INFO  o.b.s.HelloApplication - 工具开始启动并加载...
2026-01-27 18:01:39.909 [JavaFX Application Thread] INFO  o.b.s.Utils.FileUtil - 成功加载文件/org/bxwbb/spigotplugincreatertool/icon/icon.png
2026-01-27 18:01:40.082 [JavaFX Application Thread] INFO  o.b.s.Utils.FileUtil - 成功加载文件/org/bxwbb/spigotplugincreatertool/icon/icon.png
2026-01-27 18:01:40.183 [JavaFX Application Thread] INFO  o.b.s.Utils.FileUtil - 成功加载文件/org/bxwbb/spigotplugincreatertool/icon/icon.png
2026-01-27 18:01:40.289 [JavaFX Application Thread] INFO  o.b.s.Utils.FileUtil - 成功加载文件/org/bxwbb/spigotplugincreatertool/icon/icon.png
2026-01-27 18:01:40.378 [JavaFX Application Thread] INFO  o.b.s.Utils.FileUtil - 成功加载文件/org/bxwbb/spigotplugincreatertool/icon/icon.png
2026-01-27 18:01:45.254 [JavaFX Application Thread] INFO  o.b.s.HelloApplication - 执行停止...
2026-01-27 18:01:53.642 [JavaFX-Launcher] INFO  o.b.s.HelloApplication - 执行初始化...
2026-01-27 18:01:53.648 [JavaFX Application Thread] INFO  o.b.s.HelloApplication - 工具开始启动并加载...
2026-01-27 18:01:53.692 [JavaFX Application Thread] INFO  o.b.s.Utils.FileUtil - 成功加载文件/org/bxwbb/spigotplugincreatertool/icon/icon.png
2026-01-27 18:01:53.866 [JavaFX Application Thread] INFO  o.b.s.Utils.FileUtil - 成功加载文件/org/bxwbb/spigotplugincreatertool/icon/icon.png
2026-01-27 18:01:53.967 [JavaFX Application Thread] INFO  o.b.s.Utils.FileUtil - 成功加载文件/org/bxwbb/spigotplugincreatertool/icon/icon.png
2026-01-27 18:01:54.075 [JavaFX Application Thread] INFO  o.b.s.Utils.FileUtil - 成功加载文件/org/bxwbb/spigotplugincreatertool/icon/icon.png
2026-01-27 18:01:54.164 [JavaFX Application Thread] INFO  o.b.s.Utils.FileUtil - 成功加载文件/org/bxwbb/spigotplugincreatertool/icon/icon.png
2026-01-27 18:01:59.937 [JavaFX Application Thread] INFO  o.b.s.HelloApplication - 执行停止...
2026-01-27 18:02:04.941 [JavaFX-Launcher] INFO  o.b.s.HelloApplication - 执行初始化...
2026-01-27 18:02:04.946 [JavaFX Application Thread] INFO  o.b.s.HelloApplication - 工具开始启动并加载...
2026-01-27 18:02:04.989 [JavaFX Application Thread] INFO  o.b.s.Utils.FileUtil - 成功加载文件/org/bxwbb/spigotplugincreatertool/icon/icon.png
2026-01-27 18:02:05.172 [JavaFX Application Thread] INFO  o.b.s.Utils.FileUtil - 成功加载文件/org/bxwbb/spigotplugincreatertool/icon/icon.png
2026-01-27 18:02:05.270 [JavaFX Application Thread] INFO  o.b.s.Utils.FileUtil - 成功加载文件/org/bxwbb/spigotplugincreatertool/icon/icon.png
2026-01-27 18:02:05.379 [JavaFX Application Thread] INFO  o.b.s.Utils.FileUtil - 成功加载文件/org/bxwbb/spigotplugincreatertool/icon/icon.png
2026-01-27 18:02:05.467 [JavaFX Application Thread] INFO  o.b.s.Utils.FileUtil - 成功加载文件/org/bxwbb/spigotplugincreatertool/icon/icon.png
2026-01-27 18:02:07.325 [JavaFX Application Thread] INFO  o.b.s.HelloApplication - 执行停止...
2026-01-27 18:02:11.655 [JavaFX-Launcher] INFO  o.b.s.HelloApplication - 执行初始化...
2026-01-27 18:02:11.660 [JavaFX Application Thread] INFO  o.b.s.HelloApplication - 工具开始启动并加载...
2026-01-27 18:02:11.703 [JavaFX Application Thread] INFO  o.b.s.Utils.FileUtil - 成功加载文件/org/bxwbb/spigotplugincreatertool/icon/icon.png
2026-01-27 18:02:11.885 [JavaFX Application Thread] INFO  o.b.s.Utils.FileUtil - 成功加载文件/org/bxwbb/spigotplugincreatertool/icon/icon.png
2026-01-27 18:02:11.985 [JavaFX Application Thread] INFO  o.b.s.Utils.FileUtil - 成功加载文件/org/bxwbb/spigotplugincreatertool/icon/icon.png
2026-01-27 18:02:12.096 [JavaFX Application Thread] INFO  o.b.s.Utils.FileUtil - 成功加载文件/org/bxwbb/spigotplugincreatertool/icon/icon.png
2026-01-27 18:02:12.185 [JavaFX Application Thread] INFO  o.b.s.Utils.FileUtil - 成功加载文件/org/bxwbb/spigotplugincreatertool/icon/icon.png
2026-01-27 18:02:19.050 [JavaFX Application Thread] INFO  o.b.s.HelloApplication - 执行停止...
2026-01-27 18:02:35.273 [JavaFX-Launcher] INFO  o.b.s.HelloApplication - 执行初始化...
2026-01-27 18:02:35.279 [JavaFX Application Thread] INFO  o.b.s.HelloApplication - 工具开始启动并加载...
2026-01-27 18:02:35.313 [JavaFX Application Thread] INFO  o.b.s.BxWinLab.Base.BaseLabel - 控件库Debug模式已开启
2026-01-27 18:02:35.317 [JavaFX Application Thread] INFO  o.b.s.BxWinLab.Base.BaseLabel - 控件库Debug模式已开启
2026-01-27 18:02:35.321 [JavaFX Application Thread] INFO  o.b.s.BxWinLab.Base.BaseLabel - 控件库Debug模式已开启
2026-01-27 18:02:35.322 [JavaFX Application Thread] INFO  o.b.s.Utils.FileUtil - 成功加载文件/org/bxwbb/spigotplugincreatertool/icon/icon.png
2026-01-27 18:02:35.459 [JavaFX Application Thread] INFO  o.b.s.BxWinLab.Base.BaseLabel - 控件库Debug模式已开启
2026-01-27 18:02:35.460 [JavaFX Application Thread] INFO  o.b.s.BxWinLab.Base.BaseLabel - 控件库Debug模式已开启
2026-01-27 18:02:35.461 [JavaFX Application Thread] INFO  o.b.s.BxWinLab.Base.BaseLabel - 控件库Debug模式已开启
2026-01-27 18:02:35.461 [JavaFX Application Thread] INFO  o.b.s.BxWinLab.Base.BaseLabel - 控件库Debug模式已开启
2026-01-27 18:02:35.461 [JavaFX Application Thread] INFO  o.b.s.BxWinLab.Base.BaseLabel - 控件库Debug模式已开启
2026-01-27 18:02:35.484 [JavaFX Application Thread] INFO  o.b.s.BxWinLab.Base.BaseLabel - 控件库Debug模式已开启
2026-01-27 18:02:35.498 [JavaFX Application Thread] INFO  o.b.s.BxWinLab.Base.BaseLabel - 控件库Debug模式已开启
2026-01-27 18:02:35.499 [JavaFX Application Thread] INFO  o.b.s.BxWinLab.Base.BaseLabel - 控件库Debug模式已开启
2026-01-27 18:02:35.499 [JavaFX Application Thread] INFO  o.b.s.BxWinLab.Base.BaseLabel - 控件库Debug模式已开启
2026-01-27 18:02:35.499 [JavaFX Application Thread] INFO  o.b.s.Utils.FileUtil - 成功加载文件/org/bxwbb/spigotplugincreatertool/icon/icon.png
2026-01-27 18:02:35.597 [JavaFX Application Thread] INFO  o.b.s.BxWinLab.Base.BaseLabel - 控件库Debug模式已开启
2026-01-27 18:02:35.597 [JavaFX Application Thread] INFO  o.b.s.BxWinLab.Base.BaseLabel - 控件库Debug模式已开启
2026-01-27 18:02:35.598 [JavaFX Application Thread] INFO  o.b.s.BxWinLab.Base.BaseLabel - 控件库Debug模式已开启
2026-01-27 18:02:35.599 [JavaFX Application Thread] INFO  o.b.s.BxWinLab.Base.BaseLabel - 控件库Debug模式已开启
2026-01-27 18:02:35.599 [JavaFX Application Thread] INFO  o.b.s.BxWinLab.Base.BaseLabel - 控件库Debug模式已开启
2026-01-27 18:02:35.601 [JavaFX Application Thread] INFO  o.b.s.Utils.FileUtil - 成功加载文件/org/bxwbb/spigotplugincreatertool/icon/icon.png
2026-01-27 18:02:35.706 [JavaFX Application Thread] INFO  o.b.s.BxWinLab.Base.BaseLabel - 控件库Debug模式已开启
2026-01-27 18:02:35.706 [JavaFX Application Thread] INFO  o.b.s.BxWinLab.Base.BaseLabel - 控件库Debug模式已开启
2026-01-27 18:02:35.707 [JavaFX Application Thread] INFO  o.b.s.BxWinLab.Base.BaseLabel - 控件库Debug模式已开启
2026-01-27 18:02:35.707 [JavaFX Application Thread] INFO  o.b.s.BxWinLab.Base.BaseLabel - 控件库Debug模式已开启
2026-01-27 18:02:35.707 [JavaFX Application Thread] INFO  o.b.s.BxWinLab.Base.BaseLabel - 控件库Debug模式已开启
2026-01-27 18:02:35.708 [JavaFX Application Thread] INFO  o.b.s.Utils.FileUtil - 成功加载文件/org/bxwbb/spigotplugincreatertool/icon/icon.png
2026-01-27 18:02:35.795 [JavaFX Application Thread] INFO  o.b.s.BxWinLab.Base.BaseLabel - 控件库Debug模式已开启
2026-01-27 18:02:35.796 [JavaFX Application Thread] INFO  o.b.s.BxWinLab.Base.BaseLabel - 控件库Debug模式已开启
2026-01-27 18:02:35.796 [JavaFX Application Thread] INFO  o.b.s.BxWinLab.Base.BaseLabel - 控件库Debug模式已开启
2026-01-27 18:02:35.796 [JavaFX Application Thread] INFO  o.b.s.BxWinLab.Base.BaseLabel - 控件库Debug模式已开启
2026-01-27 18:02:35.797 [JavaFX Application Thread] INFO  o.b.s.BxWinLab.Base.BaseLabel - 控件库Debug模式已开启
2026-01-27 18:02:35.798 [JavaFX Application Thread] INFO  o.b.s.Utils.FileUtil - 成功加载文件/org/bxwbb/spigotplugincreatertool/icon/icon.png
2026-01-27 18:02:35.883 [JavaFX Application Thread] INFO  o.b.s.BxWinLab.Base.BaseLabel - 控件库Debug模式已开启
2026-01-27 18:02:35.884 [JavaFX Application Thread] INFO  o.b.s.BxWinLab.Base.BaseLabel - 控件库Debug模式已开启
2026-01-27 18:02:35.884 [JavaFX Application Thread] INFO  o.b.s.BxWinLab.Base.BaseLabel - 控件库Debug模式已开启
2026-01-27 18:02:35.884 [JavaFX Application Thread] INFO  o.b.s.BxWinLab.Base.BaseLabel - 控件库Debug模式已开启
2026-01-27 18:02:35.884 [JavaFX Application Thread] INFO  o.b.s.BxWinLab.Base.BaseLabel - 控件库Debug模式已开启
2026-01-27 18:02:35.887 [JavaFX Application Thread] INFO  o.b.s.BxWinLab.Base.BaseLabel - 控件库Debug模式已开启
2026-01-27 18:02:35.887 [JavaFX Application Thread] INFO  o.b.s.BxWinLab.Base.BaseLabel - 控件库Debug模式已开启
2026-01-27 18:02:59.068 [JavaFX Application Thread] INFO  o.b.s.HelloApplication - 执行停止...
2026-01-27 18:03:02.334 [JavaFX-Launcher] INFO  o.b.s.HelloApplication - 执行初始化...
2026-01-27 18:03:02.339 [JavaFX Application Thread] INFO  o.b.s.HelloApplication - 工具开始启动并加载...
2026-01-27 18:03:02.375 [JavaFX Application Thread] INFO  o.b.s.BxWinLab.Base.BaseLabel - 控件库Debug模式已开启
2026-01-27 18:03:02.380 [JavaFX Application Thread] INFO  o.b.s.BxWinLab.Base.BaseLabel - 控件库Debug模式已开启
2026-01-27 18:03:02.383 [JavaFX Application Thread] INFO  o.b.s.BxWinLab.Base.BaseLabel - 控件库Debug模式已开启
2026-01-27 18:03:02.384 [JavaFX Application Thread] INFO  o.b.s.Utils.FileUtil - 成功加载文件/org/bxwbb/spigotplugincreatertool/icon/icon.png
2026-01-27 18:03:02.522 [JavaFX Application Thread] INFO  o.b.s.BxWinLab.Base.BaseLabel - 控件库Debug模式已开启
2026-01-27 18:03:02.523 [JavaFX Application Thread] INFO  o.b.s.BxWinLab.Base.BaseLabel - 控件库Debug模式已开启
2026-01-27 18:03:02.523 [JavaFX Application Thread] INFO  o.b.s.BxWinLab.Base.BaseLabel - 控件库Debug模式已开启
2026-01-27 18:03:02.524 [JavaFX Application Thread] INFO  o.b.s.BxWinLab.Base.BaseLabel - 控件库Debug模式已开启
2026-01-27 18:03:02.524 [JavaFX Application Thread] INFO  o.b.s.BxWinLab.Base.BaseLabel - 控件库Debug模式已开启
2026-01-27 18:03:02.545 [JavaFX Application Thread] INFO  o.b.s.BxWinLab.Base.BaseLabel - 控件库Debug模式已开启
2026-01-27 18:03:02.558 [JavaFX Application Thread] INFO  o.b.s.BxWinLab.Base.BaseLabel - 控件库Debug模式已开启
2026-01-27 18:03:02.559 [JavaFX Application Thread] INFO  o.b.s.BxWinLab.Base.BaseLabel - 控件库Debug模式已开启
2026-01-27 18:03:02.559 [JavaFX Application Thread] INFO  o.b.s.BxWinLab.Base.BaseLabel - 控件库Debug模式已开启
2026-01-27 18:03:02.559 [JavaFX Application Thread] INFO  o.b.s.Utils.FileUtil - 成功加载文件/org/bxwbb/spigotplugincreatertool/icon/icon.png
2026-01-27 18:03:02.659 [JavaFX Application Thread] INFO  o.b.s.BxWinLab.Base.BaseLabel - 控件库Debug模式已开启
2026-01-27 18:03:02.660 [JavaFX Application Thread] INFO  o.b.s.BxWinLab.Base.BaseLabel - 控件库Debug模式已开启
2026-01-27 18:03:02.661 [JavaFX Application Thread] INFO  o.b.s.BxWinLab.Base.BaseLabel - 控件库Debug模式已开启
2026-01-27 18:03:02.662 [JavaFX Application Thread] INFO  o.b.s.BxWinLab.Base.BaseLabel - 控件库Debug模式已开启
2026-01-27 18:03:02.663 [JavaFX Application Thread] INFO  o.b.s.BxWinLab.Base.BaseLabel - 控件库Debug模式已开启
2026-01-27 18:03:02.664 [JavaFX Application Thread] INFO  o.b.s.Utils.FileUtil - 成功加载文件/org/bxwbb/spigotplugincreatertool/icon/icon.png
2026-01-27 18:03:02.769 [JavaFX Application Thread] INFO  o.b.s.BxWinLab.Base.BaseLabel - 控件库Debug模式已开启
2026-01-27 18:03:02.770 [JavaFX Application Thread] INFO  o.b.s.BxWinLab.Base.BaseLabel - 控件库Debug模式已开启
2026-01-27 18:03:02.770 [JavaFX Application Thread] INFO  o.b.s.BxWinLab.Base.BaseLabel - 控件库Debug模式已开启
2026-01-27 18:03:02.770 [JavaFX Application Thread] INFO  o.b.s.BxWinLab.Base.BaseLabel - 控件库Debug模式已开启
2026-01-27 18:03:02.770 [JavaFX Application Thread] INFO  o.b.s.BxWinLab.Base.BaseLabel - 控件库Debug模式已开启
2026-01-27 18:03:02.772 [JavaFX Application Thread] INFO  o.b.s.Utils.FileUtil - 成功加载文件/org/bxwbb/spigotplugincreatertool/icon/icon.png
2026-01-27 18:03:02.859 [JavaFX Application Thread] INFO  o.b.s.BxWinLab.Base.BaseLabel - 控件库Debug模式已开启
2026-01-27 18:03:02.859 [JavaFX Application Thread] INFO  o.b.s.BxWinLab.Base.BaseLabel - 控件库Debug模式已开启
2026-01-27 18:03:02.860 [JavaFX Application Thread] INFO  o.b.s.BxWinLab.Base.BaseLabel - 控件库Debug模式已开启
2026-01-27 18:03:02.860 [JavaFX Application Thread] INFO  o.b.s.BxWinLab.Base.BaseLabel - 控件库Debug模式已开启
2026-01-27 18:03:02.860 [JavaFX Application Thread] INFO  o.b.s.BxWinLab.Base.BaseLabel - 控件库Debug模式已开启
2026-01-27 18:03:02.861 [JavaFX Application Thread] INFO  o.b.s.Utils.FileUtil - 成功加载文件/org/bxwbb/spigotplugincreatertool/icon/icon.png
2026-01-27 18:03:02.949 [JavaFX Application Thread] INFO  o.b.s.BxWinLab.Base.BaseLabel - 控件库Debug模式已开启
2026-01-27 18:03:02.949 [JavaFX Application Thread] INFO  o.b.s.BxWinLab.Base.BaseLabel - 控件库Debug模式已开启
2026-01-27 18:03:02.949 [JavaFX Application Thread] INFO  o.b.s.BxWinLab.Base.BaseLabel - 控件库Debug模式已开启
2026-01-27 18:03:02.950 [JavaFX Application Thread] INFO  o.b.s.BxWinLab.Base.BaseLabel - 控件库Debug模式已开启
2026-01-27 18:03:02.950 [JavaFX Application Thread] INFO  o.b.s.BxWinLab.Base.BaseLabel - 控件库Debug模式已开启
2026-01-27 18:03:02.953 [JavaFX Application Thread] INFO  o.b.s.BxWinLab.Base.BaseLabel - 控件库Debug模式已开启
2026-01-27 18:03:02.954 [JavaFX Application Thread] INFO  o.b.s.BxWinLab.Base.BaseLabel - 控件库Debug模式已开启
2026-01-27 18:03:05.798 [JavaFX Application Thread] INFO  o.b.s.HelloApplication - 执行停止...
2026-01-27 18:03:08.152 [JavaFX-Launcher] INFO  o.b.s.HelloApplication - 执行初始化...
2026-01-27 18:03:08.157 [JavaFX Application Thread] INFO  o.b.s.HelloApplication - 工具开始启动并加载...
2026-01-27 18:03:08.192 [JavaFX Application Thread] INFO  o.b.s.BxWinLab.Base.BaseLabel - 控件库Debug模式已开启
2026-01-27 18:03:08.196 [JavaFX Application Thread] INFO  o.b.s.BxWinLab.Base.BaseLabel - 控件库Debug模式已开启
2026-01-27 18:03:08.200 [JavaFX Application Thread] INFO  o.b.s.BxWinLab.Base.BaseLabel - 控件库Debug模式已开启
2026-01-27 18:03:08.201 [JavaFX Application Thread] INFO  o.b.s.Utils.FileUtil - 成功加载文件/org/bxwbb/spigotplugincreatertool/icon/icon.png
2026-01-27 18:03:08.338 [JavaFX Application Thread] INFO  o.b.s.BxWinLab.Base.BaseLabel - 控件库Debug模式已开启
2026-01-27 18:03:08.339 [JavaFX Application Thread] INFO  o.b.s.BxWinLab.Base.BaseLabel - 控件库Debug模式已开启
2026-01-27 18:03:08.339 [JavaFX Application Thread] INFO  o.b.s.BxWinLab.Base.BaseLabel - 控件库Debug模式已开启
2026-01-27 18:03:08.339 [JavaFX Application Thread] INFO  o.b.s.BxWinLab.Base.BaseLabel - 控件库Debug模式已开启
2026-01-27 18:03:08.339 [JavaFX Application Thread] INFO  o.b.s.BxWinLab.Base.BaseLabel - 控件库Debug模式已开启
2026-01-27 18:03:08.363 [JavaFX Application Thread] INFO  o.b.s.BxWinLab.Base.BaseLabel - 控件库Debug模式已开启
2026-01-27 18:03:08.376 [JavaFX Application Thread] INFO  o.b.s.BxWinLab.Base.BaseLabel - 控件库Debug模式已开启
2026-01-27 18:03:08.376 [JavaFX Application Thread] INFO  o.b.s.BxWinLab.Base.BaseLabel - 控件库Debug模式已开启
2026-01-27 18:03:08.376 [JavaFX Application Thread] INFO  o.b.s.BxWinLab.Base.BaseLabel - 控件库Debug模式已开启
2026-01-27 18:03:08.376 [JavaFX Application Thread] INFO  o.b.s.Utils.FileUtil - 成功加载文件/org/bxwbb/spigotplugincreatertool/icon/icon.png
2026-01-27 18:03:08.478 [JavaFX Application Thread] INFO  o.b.s.BxWinLab.Base.BaseLabel - 控件库Debug模式已开启
2026-01-27 18:03:08.478 [JavaFX Application Thread] INFO  o.b.s.BxWinLab.Base.BaseLabel - 控件库Debug模式已开启
2026-01-27 18:03:08.479 [JavaFX Application Thread] INFO  o.b.s.BxWinLab.Base.BaseLabel - 控件库Debug模式已开启
2026-01-27 18:03:08.481 [JavaFX Application Thread] INFO  o.b.s.BxWinLab.Base.BaseLabel - 控件库Debug模式已开启
2026-01-27 18:03:08.481 [JavaFX Application Thread] INFO  o.b.s.BxWinLab.Base.BaseLabel - 控件库Debug模式已开启
2026-01-27 18:03:08.482 [JavaFX Application Thread] INFO  o.b.s.Utils.FileUtil - 成功加载文件/org/bxwbb/spigotplugincreatertool/icon/icon.png
2026-01-27 18:03:08.587 [JavaFX Application Thread] INFO  o.b.s.BxWinLab.Base.BaseLabel - 控件库Debug模式已开启
2026-01-27 18:03:08.588 [JavaFX Application Thread] INFO  o.b.s.BxWinLab.Base.BaseLabel - 控件库Debug模式已开启
2026-01-27 18:03:08.588 [JavaFX Application Thread] INFO  o.b.s.BxWinLab.Base.BaseLabel - 控件库Debug模式已开启
2026-01-27 18:03:08.588 [JavaFX Application Thread] INFO  o.b.s.BxWinLab.Base.BaseLabel - 控件库Debug模式已开启
2026-01-27 18:03:08.588 [JavaFX Application Thread] INFO  o.b.s.BxWinLab.Base.BaseLabel - 控件库Debug模式已开启
2026-01-27 18:03:08.589 [JavaFX Application Thread] INFO  o.b.s.Utils.FileUtil - 成功加载文件/org/bxwbb/spigotplugincreatertool/icon/icon.png
2026-01-27 18:03:08.676 [JavaFX Application Thread] INFO  o.b.s.BxWinLab.Base.BaseLabel - 控件库Debug模式已开启
2026-01-27 18:03:08.676 [JavaFX Application Thread] INFO  o.b.s.BxWinLab.Base.BaseLabel - 控件库Debug模式已开启
2026-01-27 18:03:08.676 [JavaFX Application Thread] INFO  o.b.s.BxWinLab.Base.BaseLabel - 控件库Debug模式已开启
2026-01-27 18:03:08.676 [JavaFX Application Thread] INFO  o.b.s.BxWinLab.Base.BaseLabel - 控件库Debug模式已开启
2026-01-27 18:03:08.676 [JavaFX Application Thread] INFO  o.b.s.BxWinLab.Base.BaseLabel - 控件库Debug模式已开启
2026-01-27 18:03:08.677 [JavaFX Application Thread] INFO  o.b.s.Utils.FileUtil - 成功加载文件/org/bxwbb/spigotplugincreatertool/icon/icon.png
2026-01-27 18:03:08.765 [JavaFX Application Thread] INFO  o.b.s.BxWinLab.Base.BaseLabel - 控件库Debug模式已开启
2026-01-27 18:03:08.765 [JavaFX Application Thread] INFO  o.b.s.BxWinLab.Base.BaseLabel - 控件库Debug模式已开启
2026-01-27 18:03:08.765 [JavaFX Application Thread] INFO  o.b.s.BxWinLab.Base.BaseLabel - 控件库Debug模式已开启
2026-01-27 18:03:08.765 [JavaFX Application Thread] INFO  o.b.s.BxWinLab.Base.BaseLabel - 控件库Debug模式已开启
2026-01-27 18:03:08.766 [JavaFX Application Thread] INFO  o.b.s.BxWinLab.Base.BaseLabel - 控件库Debug模式已开启
2026-01-27 18:03:08.768 [JavaFX Application Thread] INFO  o.b.s.BxWinLab.Base.BaseLabel - 控件库Debug模式已开启
2026-01-27 18:03:08.769 [JavaFX Application Thread] INFO  o.b.s.BxWinLab.Base.BaseLabel - 控件库Debug模式已开启
2026-01-27 18:03:11.673 [JavaFX Application Thread] INFO  o.b.s.HelloApplication - 执行停止...
2026-01-27 18:03:13.998 [JavaFX-Launcher] INFO  o.b.s.HelloApplication - 执行初始化...
2026-01-27 18:03:14.003 [JavaFX Application Thread] INFO  o.b.s.HelloApplication - 工具开始启动并加载...
2026-01-27 18:03:14.038 [JavaFX Application Thread] INFO  o.b.s.BxWinLab.Base.BaseLabel - 控件库Debug模式已开启
2026-01-27 18:03:14.042 [JavaFX Application Thread] INFO  o.b.s.BxWinLab.Base.BaseLabel - 控件库Debug模式已开启
2026-01-27 18:03:14.046 [JavaFX Application Thread] INFO  o.b.s.BxWinLab.Base.BaseLabel - 控件库Debug模式已开启
2026-01-27 18:03:14.047 [JavaFX Application Thread] INFO  o.b.s.Utils.FileUtil - 成功加载文件/org/bxwbb/spigotplugincreatertool/icon/icon.png
2026-01-27 18:03:14.195 [JavaFX Application Thread] INFO  o.b.s.BxWinLab.Base.BaseLabel - 控件库Debug模式已开启
2026-01-27 18:03:14.196 [JavaFX Application Thread] INFO  o.b.s.BxWinLab.Base.BaseLabel - 控件库Debug模式已开启
2026-01-27 18:03:14.196 [JavaFX Application Thread] INFO  o.b.s.BxWinLab.Base.BaseLabel - 控件库Debug模式已开启
2026-01-27 18:03:14.196 [JavaFX Application Thread] INFO  o.b.s.BxWinLab.Base.BaseLabel - 控件库Debug模式已开启
2026-01-27 18:03:14.197 [JavaFX Application Thread] INFO  o.b.s.BxWinLab.Base.BaseLabel - 控件库Debug模式已开启
2026-01-27 18:03:14.221 [JavaFX Application Thread] INFO  o.b.s.BxWinLab.Base.BaseLabel - 控件库Debug模式已开启
2026-01-27 18:03:14.235 [JavaFX Application Thread] INFO  o.b.s.BxWinLab.Base.BaseLabel - 控件库Debug模式已开启
2026-01-27 18:03:14.235 [JavaFX Application Thread] INFO  o.b.s.BxWinLab.Base.BaseLabel - 控件库Debug模式已开启
2026-01-27 18:03:14.235 [JavaFX Application Thread] INFO  o.b.s.BxWinLab.Base.BaseLabel - 控件库Debug模式已开启
2026-01-27 18:03:14.236 [JavaFX Application Thread] INFO  o.b.s.Utils.FileUtil - 成功加载文件/org/bxwbb/spigotplugincreatertool/icon/icon.png
2026-01-27 18:03:14.338 [JavaFX Application Thread] INFO  o.b.s.BxWinLab.Base.BaseLabel - 控件库Debug模式已开启
2026-01-27 18:03:14.338 [JavaFX Application Thread] INFO  o.b.s.BxWinLab.Base.BaseLabel - 控件库Debug模式已开启
2026-01-27 18:03:14.339 [JavaFX Application Thread] INFO  o.b.s.BxWinLab.Base.BaseLabel - 控件库Debug模式已开启
2026-01-27 18:03:14.341 [JavaFX Application Thread] INFO  o.b.s.BxWinLab.Base.BaseLabel - 控件库Debug模式已开启
2026-01-27 18:03:14.341 [JavaFX Application Thread] INFO  o.b.s.BxWinLab.Base.BaseLabel - 控件库Debug模式已开启
2026-01-27 18:03:14.343 [JavaFX Application Thread] INFO  o.b.s.Utils.FileUtil - 成功加载文件/org/bxwbb/spigotplugincreatertool/icon/icon.png
2026-01-27 18:03:14.446 [JavaFX Application Thread] INFO  o.b.s.BxWinLab.Base.BaseLabel - 控件库Debug模式已开启
2026-01-27 18:03:14.448 [JavaFX Application Thread] INFO  o.b.s.BxWinLab.Base.BaseLabel - 控件库Debug模式已开启
2026-01-27 18:03:14.448 [JavaFX Application Thread] INFO  o.b.s.BxWinLab.Base.BaseLabel - 控件库Debug模式已开启
2026-01-27 18:03:14.448 [JavaFX Application Thread] INFO  o.b.s.BxWinLab.Base.BaseLabel - 控件库Debug模式已开启
2026-01-27 18:03:14.448 [JavaFX Application Thread] INFO  o.b.s.BxWinLab.Base.BaseLabel - 控件库Debug模式已开启
2026-01-27 18:03:14.449 [JavaFX Application Thread] INFO  o.b.s.Utils.FileUtil - 成功加载文件/org/bxwbb/spigotplugincreatertool/icon/icon.png
2026-01-27 18:03:14.537 [JavaFX Application Thread] INFO  o.b.s.BxWinLab.Base.BaseLabel - 控件库Debug模式已开启
2026-01-27 18:03:14.537 [JavaFX Application Thread] INFO  o.b.s.BxWinLab.Base.BaseLabel - 控件库Debug模式已开启
2026-01-27 18:03:14.538 [JavaFX Application Thread] INFO  o.b.s.BxWinLab.Base.BaseLabel - 控件库Debug模式已开启
2026-01-27 18:03:14.538 [JavaFX Application Thread] INFO  o.b.s.BxWinLab.Base.BaseLabel - 控件库Debug模式已开启
2026-01-27 18:03:14.538 [JavaFX Application Thread] INFO  o.b.s.BxWinLab.Base.BaseLabel - 控件库Debug模式已开启
2026-01-27 18:03:14.538 [JavaFX Application Thread] INFO  o.b.s.Utils.FileUtil - 成功加载文件/org/bxwbb/spigotplugincreatertool/icon/icon.png
2026-01-27 18:03:14.626 [JavaFX Application Thread] INFO  o.b.s.BxWinLab.Base.BaseLabel - 控件库Debug模式已开启
2026-01-27 18:03:14.627 [JavaFX Application Thread] INFO  o.b.s.BxWinLab.Base.BaseLabel - 控件库Debug模式已开启
2026-01-27 18:03:14.627 [JavaFX Application Thread] INFO  o.b.s.BxWinLab.Base.BaseLabel - 控件库Debug模式已开启
2026-01-27 18:03:14.627 [JavaFX Application Thread] INFO  o.b.s.BxWinLab.Base.BaseLabel - 控件库Debug模式已开启
2026-01-27 18:03:14.628 [JavaFX Application Thread] INFO  o.b.s.BxWinLab.Base.BaseLabel - 控件库Debug模式已开启
2026-01-27 18:03:14.631 [JavaFX Application Thread] INFO  o.b.s.BxWinLab.Base.BaseLabel - 控件库Debug模式已开启
2026-01-27 18:03:14.632 [JavaFX Application Thread] INFO  o.b.s.BxWinLab.Base.BaseLabel - 控件库Debug模式已开启
2026-01-27 18:03:29.846 [JavaFX Application Thread] INFO  o.b.s.HelloApplication - 执行停止...
2026-01-27 18:03:35.656 [JavaFX-Launcher] INFO  o.b.s.HelloApplication - 执行初始化...
2026-01-27 18:03:35.661 [JavaFX Application Thread] INFO  o.b.s.HelloApplication - 工具开始启动并加载...
2026-01-27 18:03:35.704 [JavaFX Application Thread] INFO  o.b.s.Utils.FileUtil - 成功加载文件/org/bxwbb/spigotplugincreatertool/icon/icon.png
2026-01-27 18:03:35.877 [JavaFX Application Thread] INFO  o.b.s.Utils.FileUtil - 成功加载文件/org/bxwbb/spigotplugincreatertool/icon/icon.png
2026-01-27 18:03:35.985 [JavaFX Application Thread] INFO  o.b.s.Utils.FileUtil - 成功加载文件/org/bxwbb/spigotplugincreatertool/icon/icon.png
2026-01-27 18:03:36.093 [JavaFX Application Thread] INFO  o.b.s.Utils.FileUtil - 成功加载文件/org/bxwbb/spigotplugincreatertool/icon/icon.png
2026-01-27 18:03:36.184 [JavaFX Application Thread] INFO  o.b.s.Utils.FileUtil - 成功加载文件/org/bxwbb/spigotplugincreatertool/icon/icon.png
2026-01-27 18:04:20.811 [JavaFX Application Thread] INFO  o.b.s.HelloApplication - 执行停止...
2026-01-27 18:04:27.310 [JavaFX-Launcher] INFO  o.b.s.HelloApplication - 执行初始化...
2026-01-27 18:04:27.315 [JavaFX Application Thread] INFO  o.b.s.HelloApplication - 工具开始启动并加载...
2026-01-27 18:04:27.351 [JavaFX Application Thread] INFO  o.b.s.BxWinLab.Base.BaseLabel - 控件库Debug模式已开启
2026-01-27 18:04:27.355 [JavaFX Application Thread] INFO  o.b.s.BxWinLab.Base.BaseLabel - 控件库Debug模式已开启
2026-01-27 18:04:27.358 [JavaFX Application Thread] INFO  o.b.s.BxWinLab.Base.BaseLabel - 控件库Debug模式已开启
2026-01-27 18:04:27.360 [JavaFX Application Thread] INFO  o.b.s.Utils.FileUtil - 成功加载文件/org/bxwbb/spigotplugincreatertool/icon/icon.png
2026-01-27 18:04:27.503 [JavaFX Application Thread] INFO  o.b.s.BxWinLab.Base.BaseLabel - 控件库Debug模式已开启
2026-01-27 18:04:27.504 [JavaFX Application Thread] INFO  o.b.s.BxWinLab.Base.BaseLabel - 控件库Debug模式已开启
2026-01-27 18:04:27.504 [JavaFX Application Thread] INFO  o.b.s.BxWinLab.Base.BaseLabel - 控件库Debug模式已开启
2026-01-27 18:04:27.504 [JavaFX Application Thread] INFO  o.b.s.BxWinLab.Base.BaseLabel - 控件库Debug模式已开启
2026-01-27 18:04:27.504 [JavaFX Application Thread] INFO  o.b.s.BxWinLab.Base.BaseLabel - 控件库Debug模式已开启
2026-01-27 18:04:27.525 [JavaFX Application Thread] INFO  o.b.s.BxWinLab.Base.BaseLabel - 控件库Debug模式已开启
2026-01-27 18:04:27.539 [JavaFX Application Thread] INFO  o.b.s.BxWinLab.Base.BaseLabel - 控件库Debug模式已开启
2026-01-27 18:04:27.539 [JavaFX Application Thread] INFO  o.b.s.BxWinLab.Base.BaseLabel - 控件库Debug模式已开启
2026-01-27 18:04:27.539 [JavaFX Application Thread] INFO  o.b.s.BxWinLab.Base.BaseLabel - 控件库Debug模式已开启
2026-01-27 18:04:27.539 [JavaFX Application Thread] INFO  o.b.s.Utils.FileUtil - 成功加载文件/org/bxwbb/spigotplugincreatertool/icon/icon.png
2026-01-27 18:04:27.634 [JavaFX Application Thread] INFO  o.b.s.BxWinLab.Base.BaseLabel - 控件库Debug模式已开启
2026-01-27 18:04:27.635 [JavaFX Application Thread] INFO  o.b.s.BxWinLab.Base.BaseLabel - 控件库Debug模式已开启
2026-01-27 18:04:27.636 [JavaFX Application Thread] INFO  o.b.s.BxWinLab.Base.BaseLabel - 控件库Debug模式已开启
2026-01-27 18:04:27.638 [JavaFX Application Thread] INFO  o.b.s.BxWinLab.Base.BaseLabel - 控件库Debug模式已开启
2026-01-27 18:04:27.638 [JavaFX Application Thread] INFO  o.b.s.BxWinLab.Base.BaseLabel - 控件库Debug模式已开启
2026-01-27 18:04:27.639 [JavaFX Application Thread] INFO  o.b.s.Utils.FileUtil - 成功加载文件/org/bxwbb/spigotplugincreatertool/icon/icon.png
2026-01-27 18:04:27.744 [JavaFX Application Thread] INFO  o.b.s.BxWinLab.Base.BaseLabel - 控件库Debug模式已开启
2026-01-27 18:04:27.744 [JavaFX Application Thread] INFO  o.b.s.BxWinLab.Base.BaseLabel - 控件库Debug模式已开启
2026-01-27 18:04:27.745 [JavaFX Application Thread] INFO  o.b.s.BxWinLab.Base.BaseLabel - 控件库Debug模式已开启
2026-01-27 18:04:27.745 [JavaFX Application Thread] INFO  o.b.s.BxWinLab.Base.BaseLabel - 控件库Debug模式已开启
2026-01-27 18:04:27.745 [JavaFX Application Thread] INFO  o.b.s.BxWinLab.Base.BaseLabel - 控件库Debug模式已开启
2026-01-27 18:04:27.746 [JavaFX Application Thread] INFO  o.b.s.Utils.FileUtil - 成功加载文件/org/bxwbb/spigotplugincreatertool/icon/icon.png
2026-01-27 18:04:27.836 [JavaFX Application Thread] INFO  o.b.s.BxWinLab.Base.BaseLabel - 控件库Debug模式已开启
2026-01-27 18:04:27.836 [JavaFX Application Thread] INFO  o.b.s.BxWinLab.Base.BaseLabel - 控件库Debug模式已开启
2026-01-27 18:04:27.836 [JavaFX Application Thread] INFO  o.b.s.BxWinLab.Base.BaseLabel - 控件库Debug模式已开启
2026-01-27 18:04:27.836 [JavaFX Application Thread] INFO  o.b.s.BxWinLab.Base.BaseLabel - 控件库Debug模式已开启
2026-01-27 18:04:27.836 [JavaFX Application Thread] INFO  o.b.s.BxWinLab.Base.BaseLabel - 控件库Debug模式已开启
2026-01-27 18:04:27.838 [JavaFX Application Thread] INFO  o.b.s.Utils.FileUtil - 成功加载文件/org/bxwbb/spigotplugincreatertool/icon/icon.png
2026-01-27 18:04:27.926 [JavaFX Application Thread] INFO  o.b.s.BxWinLab.Base.BaseLabel - 控件库Debug模式已开启
2026-01-27 18:04:27.926 [JavaFX Application Thread] INFO  o.b.s.BxWinLab.Base.BaseLabel - 控件库Debug模式已开启
2026-01-27 18:04:27.927 [JavaFX Application Thread] INFO  o.b.s.BxWinLab.Base.BaseLabel - 控件库Debug模式已开启
2026-01-27 18:04:27.927 [JavaFX Application Thread] INFO  o.b.s.BxWinLab.Base.BaseLabel - 控件库Debug模式已开启
2026-01-27 18:04:27.927 [JavaFX Application Thread] INFO  o.b.s.BxWinLab.Base.BaseLabel - 控件库Debug模式已开启
2026-01-27 18:04:27.930 [JavaFX Application Thread] INFO  o.b.s.BxWinLab.Base.BaseLabel - 控件库Debug模式已开启
2026-01-27 18:04:27.930 [JavaFX Application Thread] INFO  o.b.s.BxWinLab.Base.BaseLabel - 控件库Debug模式已开启
2026-01-27 18:04:36.541 [JavaFX Application Thread] INFO  o.b.s.HelloApplication - 执行停止...
2026-01-27 18:04:53.918 [JavaFX-Launcher] INFO  o.b.s.HelloApplication - 执行初始化...
2026-01-27 18:04:53.924 [JavaFX Application Thread] INFO  o.b.s.HelloApplication - 工具开始启动并加载...
2026-01-27 18:04:53.960 [JavaFX Application Thread] INFO  o.b.s.BxWinLab.Base.BaseLabel - 控件库Debug模式已开启
2026-01-27 18:04:53.965 [JavaFX Application Thread] INFO  o.b.s.BxWinLab.Base.BaseLabel - 控件库Debug模式已开启
2026-01-27 18:04:53.968 [JavaFX Application Thread] INFO  o.b.s.BxWinLab.Base.BaseLabel - 控件库Debug模式已开启
2026-01-27 18:04:53.969 [JavaFX Application Thread] INFO  o.b.s.Utils.FileUtil - 成功加载文件/org/bxwbb/spigotplugincreatertool/icon/icon.png
2026-01-27 18:04:54.116 [JavaFX Application Thread] INFO  o.b.s.BxWinLab.Base.BaseLabel - 控件库Debug模式已开启
2026-01-27 18:04:54.117 [JavaFX Application Thread] INFO  o.b.s.BxWinLab.Base.BaseLabel - 控件库Debug模式已开启
2026-01-27 18:04:54.117 [JavaFX Application Thread] INFO  o.b.s.BxWinLab.Base.BaseLabel - 控件库Debug模式已开启
2026-01-27 18:04:54.118 [JavaFX Application Thread] INFO  o.b.s.BxWinLab.Base.BaseLabel - 控件库Debug模式已开启
2026-01-27 18:04:54.118 [JavaFX Application Thread] INFO  o.b.s.BxWinLab.Base.BaseLabel - 控件库Debug模式已开启
2026-01-27 18:04:54.140 [JavaFX Application Thread] INFO  o.b.s.BxWinLab.Base.BaseLabel - 控件库Debug模式已开启
2026-01-27 18:04:54.154 [JavaFX Application Thread] INFO  o.b.s.BxWinLab.Base.BaseLabel - 控件库Debug模式已开启
2026-01-27 18:04:54.154 [JavaFX Application Thread] INFO  o.b.s.BxWinLab.Base.BaseLabel - 控件库Debug模式已开启
2026-01-27 18:04:54.154 [JavaFX Application Thread] INFO  o.b.s.BxWinLab.Base.BaseLabel - 控件库Debug模式已开启
2026-01-27 18:04:54.155 [JavaFX Application Thread] INFO  o.b.s.Utils.FileUtil - 成功加载文件/org/bxwbb/spigotplugincreatertool/icon/icon.png
2026-01-27 18:04:54.249 [JavaFX Application Thread] INFO  o.b.s.BxWinLab.Base.BaseLabel - 控件库Debug模式已开启
2026-01-27 18:04:54.250 [JavaFX Application Thread] INFO  o.b.s.BxWinLab.Base.BaseLabel - 控件库Debug模式已开启
2026-01-27 18:04:54.251 [JavaFX Application Thread] INFO  o.b.s.BxWinLab.Base.BaseLabel - 控件库Debug模式已开启
2026-01-27 18:04:54.252 [JavaFX Application Thread] INFO  o.b.s.BxWinLab.Base.BaseLabel - 控件库Debug模式已开启
2026-01-27 18:04:54.253 [JavaFX Application Thread] INFO  o.b.s.BxWinLab.Base.BaseLabel - 控件库Debug模式已开启
2026-01-27 18:04:54.254 [JavaFX Application Thread] INFO  o.b.s.Utils.FileUtil - 成功加载文件/org/bxwbb/spigotplugincreatertool/icon/icon.png
2026-01-27 18:04:54.360 [JavaFX Application Thread] INFO  o.b.s.BxWinLab.Base.BaseLabel - 控件库Debug模式已开启
2026-01-27 18:04:54.361 [JavaFX Application Thread] INFO  o.b.s.BxWinLab.Base.BaseLabel - 控件库Debug模式已开启
2026-01-27 18:04:54.361 [JavaFX Application Thread] INFO  o.b.s.BxWinLab.Base.BaseLabel - 控件库Debug模式已开启
2026-01-27 18:04:54.362 [JavaFX Application Thread] INFO  o.b.s.BxWinLab.Base.BaseLabel - 控件库Debug模式已开启
2026-01-27 18:04:54.362 [JavaFX Application Thread] INFO  o.b.s.BxWinLab.Base.BaseLabel - 控件库Debug模式已开启
2026-01-27 18:04:54.363 [JavaFX Application Thread] INFO  o.b.s.Utils.FileUtil - 成功加载文件/org/bxwbb/spigotplugincreatertool/icon/icon.png
2026-01-27 18:04:54.451 [JavaFX Application Thread] INFO  o.b.s.BxWinLab.Base.BaseLabel - 控件库Debug模式已开启
2026-01-27 18:04:54.452 [JavaFX Application Thread] INFO  o.b.s.BxWinLab.Base.BaseLabel - 控件库Debug模式已开启
2026-01-27 18:04:54.452 [JavaFX Application Thread] INFO  o.b.s.BxWinLab.Base.BaseLabel - 控件库Debug模式已开启
2026-01-27 18:04:54.452 [JavaFX Application Thread] INFO  o.b.s.BxWinLab.Base.BaseLabel - 控件库Debug模式已开启
2026-01-27 18:04:54.452 [JavaFX Application Thread] INFO  o.b.s.BxWinLab.Base.BaseLabel - 控件库Debug模式已开启
2026-01-27 18:04:54.453 [JavaFX Application Thread] INFO  o.b.s.Utils.FileUtil - 成功加载文件/org/bxwbb/spigotplugincreatertool/icon/icon.png
2026-01-27 18:04:54.540 [JavaFX Application Thread] INFO  o.b.s.BxWinLab.Base.BaseLabel - 控件库Debug模式已开启
2026-01-27 18:04:54.540 [JavaFX Application Thread] INFO  o.b.s.BxWinLab.Base.BaseLabel - 控件库Debug模式已开启
2026-01-27 18:04:54.541 [JavaFX Application Thread] INFO  o.b.s.BxWinLab.Base.BaseLabel - 控件库Debug模式已开启
2026-01-27 18:04:54.541 [JavaFX Application Thread] INFO  o.b.s.BxWinLab.Base.BaseLabel - 控件库Debug模式已开启
2026-01-27 18:04:54.541 [JavaFX Application Thread] INFO  o.b.s.BxWinLab.Base.BaseLabel - 控件库Debug模式已开启
2026-01-27 18:04:54.544 [JavaFX Application Thread] INFO  o.b.s.BxWinLab.Base.BaseLabel - 控件库Debug模式已开启
2026-01-27 18:04:54.545 [JavaFX Application Thread] INFO  o.b.s.BxWinLab.Base.BaseLabel - 控件库Debug模式已开启
2026-01-27 18:05:01.769 [JavaFX Application Thread] INFO  o.b.s.HelloApplication - 执行停止...
2026-01-27 18:05:11.280 [JavaFX-Launcher] INFO  o.b.s.HelloApplication - 执行初始化...
2026-01-27 18:05:11.286 [JavaFX Application Thread] INFO  o.b.s.HelloApplication - 工具开始启动并加载...
2026-01-27 18:05:11.320 [JavaFX Application Thread] INFO  o.b.s.BxWinLab.Base.BaseLabel - 控件库Debug模式已开启
2026-01-27 18:05:11.326 [JavaFX Application Thread] INFO  o.b.s.BxWinLab.Base.BaseLabel - 控件库Debug模式已开启
2026-01-27 18:05:11.329 [JavaFX Application Thread] INFO  o.b.s.BxWinLab.Base.BaseLabel - 控件库Debug模式已开启
2026-01-27 18:05:11.330 [JavaFX Application Thread] INFO  o.b.s.Utils.FileUtil - 成功加载文件/org/bxwbb/spigotplugincreatertool/icon/icon.png
2026-01-27 18:05:11.472 [JavaFX Application Thread] INFO  o.b.s.BxWinLab.Base.BaseLabel - 控件库Debug模式已开启
2026-01-27 18:05:11.473 [JavaFX Application Thread] INFO  o.b.s.BxWinLab.Base.BaseLabel - 控件库Debug模式已开启
2026-01-27 18:05:11.473 [JavaFX Application Thread] INFO  o.b.s.BxWinLab.Base.BaseLabel - 控件库Debug模式已开启
2026-01-27 18:05:11.473 [JavaFX Application Thread] INFO  o.b.s.BxWinLab.Base.BaseLabel - 控件库Debug模式已开启
2026-01-27 18:05:11.474 [JavaFX Application Thread] INFO  o.b.s.BxWinLab.Base.BaseLabel - 控件库Debug模式已开启
2026-01-27 18:05:11.492 [JavaFX Application Thread] INFO  o.b.s.BxWinLab.Base.BaseLabel - 控件库Debug模式已开启
2026-01-27 18:05:11.509 [JavaFX Application Thread] INFO  o.b.s.BxWinLab.Base.BaseLabel - 控件库Debug模式已开启
2026-01-27 18:05:11.510 [JavaFX Application Thread] INFO  o.b.s.BxWinLab.Base.BaseLabel - 控件库Debug模式已开启
2026-01-27 18:05:11.510 [JavaFX Application Thread] INFO  o.b.s.BxWinLab.Base.BaseLabel - 控件库Debug模式已开启
2026-01-27 18:05:11.510 [JavaFX Application Thread] INFO  o.b.s.Utils.FileUtil - 成功加载文件/org/bxwbb/spigotplugincreatertool/icon/icon.png
2026-01-27 18:05:11.604 [JavaFX Application Thread] INFO  o.b.s.BxWinLab.Base.BaseLabel - 控件库Debug模式已开启
2026-01-27 18:05:11.605 [JavaFX Application Thread] INFO  o.b.s.BxWinLab.Base.BaseLabel - 控件库Debug模式已开启
2026-01-27 18:05:11.606 [JavaFX Application Thread] INFO  o.b.s.BxWinLab.Base.BaseLabel - 控件库Debug模式已开启
2026-01-27 18:05:11.607 [JavaFX Application Thread] INFO  o.b.s.BxWinLab.Base.BaseLabel - 控件库Debug模式已开启
2026-01-27 18:05:11.608 [JavaFX Application Thread] INFO  o.b.s.BxWinLab.Base.BaseLabel - 控件库Debug模式已开启
2026-01-27 18:05:11.608 [JavaFX Application Thread] INFO  o.b.s.Utils.FileUtil - 成功加载文件/org/bxwbb/spigotplugincreatertool/icon/icon.png
2026-01-27 18:05:11.714 [JavaFX Application Thread] INFO  o.b.s.BxWinLab.Base.BaseLabel - 控件库Debug模式已开启
2026-01-27 18:05:11.714 [JavaFX Application Thread] INFO  o.b.s.BxWinLab.Base.BaseLabel - 控件库Debug模式已开启
2026-01-27 18:05:11.715 [JavaFX Application Thread] INFO  o.b.s.BxWinLab.Base.BaseLabel - 控件库Debug模式已开启
2026-01-27 18:05:11.715 [JavaFX Application Thread] INFO  o.b.s.BxWinLab.Base.BaseLabel - 控件库Debug模式已开启
2026-01-27 18:05:11.715 [JavaFX Application Thread] INFO  o.b.s.BxWinLab.Base.BaseLabel - 控件库Debug模式已开启
2026-01-27 18:05:11.716 [JavaFX Application Thread] INFO  o.b.s.Utils.FileUtil - 成功加载文件/org/bxwbb/spigotplugincreatertool/icon/icon.png
2026-01-27 18:05:11.804 [JavaFX Application Thread] INFO  o.b.s.BxWinLab.Base.BaseLabel - 控件库Debug模式已开启
2026-01-27 18:05:11.804 [JavaFX Application Thread] INFO  o.b.s.BxWinLab.Base.BaseLabel - 控件库Debug模式已开启
2026-01-27 18:05:11.805 [JavaFX Application Thread] INFO  o.b.s.BxWinLab.Base.BaseLabel - 控件库Debug模式已开启
2026-01-27 18:05:11.805 [JavaFX Application Thread] INFO  o.b.s.BxWinLab.Base.BaseLabel - 控件库Debug模式已开启
2026-01-27 18:05:11.805 [JavaFX Application Thread] INFO  o.b.s.BxWinLab.Base.BaseLabel - 控件库Debug模式已开启
2026-01-27 18:05:11.806 [JavaFX Application Thread] INFO  o.b.s.Utils.FileUtil - 成功加载文件/org/bxwbb/spigotplugincreatertool/icon/icon.png
2026-01-27 18:05:11.893 [JavaFX Application Thread] INFO  o.b.s.BxWinLab.Base.BaseLabel - 控件库Debug模式已开启
2026-01-27 18:05:11.893 [JavaFX Application Thread] INFO  o.b.s.BxWinLab.Base.BaseLabel - 控件库Debug模式已开启
2026-01-27 18:05:11.894 [JavaFX Application Thread] INFO  o.b.s.BxWinLab.Base.BaseLabel - 控件库Debug模式已开启
2026-01-27 18:05:11.894 [JavaFX Application Thread] INFO  o.b.s.BxWinLab.Base.BaseLabel - 控件库Debug模式已开启
2026-01-27 18:05:11.894 [JavaFX Application Thread] INFO  o.b.s.BxWinLab.Base.BaseLabel - 控件库Debug模式已开启
2026-01-27 18:05:11.898 [JavaFX Application Thread] INFO  o.b.s.BxWinLab.Base.BaseLabel - 控件库Debug模式已开启
2026-01-27 18:05:11.898 [JavaFX Application Thread] INFO  o.b.s.BxWinLab.Base.BaseLabel - 控件库Debug模式已开启
2026-01-27 18:05:27.828 [JavaFX Application Thread] INFO  o.b.s.HelloApplication - 执行停止...
2026-01-27 18:06:45.365 [JavaFX-Launcher] INFO  o.b.s.HelloApplication - 执行初始化...
2026-01-27 18:06:45.370 [JavaFX Application Thread] INFO  o.b.s.HelloApplication - 工具开始启动并加载...
2026-01-27 18:06:45.405 [JavaFX Application Thread] INFO  o.b.s.BxWinLab.Base.BaseLabel - 控件库Debug模式已开启
2026-01-27 18:06:45.411 [JavaFX Application Thread] INFO  o.b.s.BxWinLab.Base.BaseLabel - 控件库Debug模式已开启
2026-01-27 18:06:45.413 [JavaFX Application Thread] INFO  o.b.s.BxWinLab.Base.BaseLabel - 控件库Debug模式已开启
2026-01-27 18:06:45.414 [JavaFX Application Thread] INFO  o.b.s.Utils.FileUtil - 成功加载文件/org/bxwbb/spigotplugincreatertool/icon/icon.png
2026-01-27 18:06:45.559 [JavaFX Application Thread] INFO  o.b.s.BxWinLab.Base.BaseLabel - 控件库Debug模式已开启
2026-01-27 18:06:45.560 [JavaFX Application Thread] INFO  o.b.s.BxWinLab.Base.BaseLabel - 控件库Debug模式已开启
2026-01-27 18:06:45.560 [JavaFX Application Thread] INFO  o.b.s.BxWinLab.Base.BaseLabel - 控件库Debug模式已开启
2026-01-27 18:06:45.561 [JavaFX Application Thread] INFO  o.b.s.BxWinLab.Base.BaseLabel - 控件库Debug模式已开启
2026-01-27 18:06:45.561 [JavaFX Application Thread] INFO  o.b.s.BxWinLab.Base.BaseLabel - 控件库Debug模式已开启
2026-01-27 18:06:45.582 [JavaFX Application Thread] INFO  o.b.s.BxWinLab.Base.BaseLabel - 控件库Debug模式已开启
2026-01-27 18:06:45.596 [JavaFX Application Thread] INFO  o.b.s.BxWinLab.Base.BaseLabel - 控件库Debug模式已开启
2026-01-27 18:06:45.597 [JavaFX Application Thread] INFO  o.b.s.BxWinLab.Base.BaseLabel - 控件库Debug模式已开启
2026-01-27 18:06:45.597 [JavaFX Application Thread] INFO  o.b.s.BxWinLab.Base.BaseLabel - 控件库Debug模式已开启
2026-01-27 18:06:45.597 [JavaFX Application Thread] INFO  o.b.s.Utils.FileUtil - 成功加载文件/org/bxwbb/spigotplugincreatertool/icon/icon.png
2026-01-27 18:06:45.694 [JavaFX Application Thread] INFO  o.b.s.BxWinLab.Base.BaseLabel - 控件库Debug模式已开启
2026-01-27 18:06:45.694 [JavaFX Application Thread] INFO  o.b.s.BxWinLab.Base.BaseLabel - 控件库Debug模式已开启
2026-01-27 18:06:45.695 [JavaFX Application Thread] INFO  o.b.s.BxWinLab.Base.BaseLabel - 控件库Debug模式已开启
2026-01-27 18:06:45.696 [JavaFX Application Thread] INFO  o.b.s.BxWinLab.Base.BaseLabel - 控件库Debug模式已开启
2026-01-27 18:06:45.696 [JavaFX Application Thread] INFO  o.b.s.BxWinLab.Base.BaseLabel - 控件库Debug模式已开启
2026-01-27 18:06:45.698 [JavaFX Application Thread] INFO  o.b.s.Utils.FileUtil - 成功加载文件/org/bxwbb/spigotplugincreatertool/icon/icon.png
2026-01-27 18:06:45.803 [JavaFX Application Thread] INFO  o.b.s.BxWinLab.Base.BaseLabel - 控件库Debug模式已开启
2026-01-27 18:06:45.803 [JavaFX Application Thread] INFO  o.b.s.BxWinLab.Base.BaseLabel - 控件库Debug模式已开启
2026-01-27 18:06:45.803 [JavaFX Application Thread] INFO  o.b.s.BxWinLab.Base.BaseLabel - 控件库Debug模式已开启
2026-01-27 18:06:45.805 [JavaFX Application Thread] INFO  o.b.s.BxWinLab.Base.BaseLabel - 控件库Debug模式已开启
2026-01-27 18:06:45.805 [JavaFX Application Thread] INFO  o.b.s.BxWinLab.Base.BaseLabel - 控件库Debug模式已开启
2026-01-27 18:06:45.806 [JavaFX Application Thread] INFO  o.b.s.Utils.FileUtil - 成功加载文件/org/bxwbb/spigotplugincreatertool/icon/icon.png
2026-01-27 18:06:45.893 [JavaFX Application Thread] INFO  o.b.s.BxWinLab.Base.BaseLabel - 控件库Debug模式已开启
2026-01-27 18:06:45.893 [JavaFX Application Thread] INFO  o.b.s.BxWinLab.Base.BaseLabel - 控件库Debug模式已开启
2026-01-27 18:06:45.893 [JavaFX Application Thread] INFO  o.b.s.BxWinLab.Base.BaseLabel - 控件库Debug模式已开启
2026-01-27 18:06:45.894 [JavaFX Application Thread] INFO  o.b.s.BxWinLab.Base.BaseLabel - 控件库Debug模式已开启
2026-01-27 18:06:45.894 [JavaFX Application Thread] INFO  o.b.s.BxWinLab.Base.BaseLabel - 控件库Debug模式已开启
2026-01-27 18:06:45.895 [JavaFX Application Thread] INFO  o.b.s.Utils.FileUtil - 成功加载文件/org/bxwbb/spigotplugincreatertool/icon/icon.png
2026-01-27 18:06:45.985 [JavaFX Application Thread] INFO  o.b.s.BxWinLab.Base.BaseLabel - 控件库Debug模式已开启
2026-01-27 18:06:45.985 [JavaFX Application Thread] INFO  o.b.s.BxWinLab.Base.BaseLabel - 控件库Debug模式已开启
2026-01-27 18:06:45.986 [JavaFX Application Thread] INFO  o.b.s.BxWinLab.Base.BaseLabel - 控件库Debug模式已开启
2026-01-27 18:06:45.986 [JavaFX Application Thread] INFO  o.b.s.BxWinLab.Base.BaseLabel - 控件库Debug模式已开启
2026-01-27 18:06:45.986 [JavaFX Application Thread] INFO  o.b.s.BxWinLab.Base.BaseLabel - 控件库Debug模式已开启
2026-01-27 18:06:45.990 [JavaFX Application Thread] INFO  o.b.s.BxWinLab.Base.BaseLabel - 控件库Debug模式已开启
2026-01-27 18:06:45.991 [JavaFX Application Thread] INFO  o.b.s.BxWinLab.Base.BaseLabel - 控件库Debug模式已开启
2026-01-27 18:06:52.963 [JavaFX Application Thread] INFO  o.b.s.HelloApplication - 执行停止...
2026-01-27 18:07:45.057 [JavaFX-Launcher] INFO  o.b.s.HelloApplication - 执行初始化...
2026-01-27 18:07:45.063 [JavaFX Application Thread] INFO  o.b.s.HelloApplication - 工具开始启动并加载...
2026-01-27 18:07:45.099 [JavaFX Application Thread] INFO  o.b.s.BxWinLab.Base.BaseLabel - 控件库Debug模式已开启
2026-01-27 18:07:45.104 [JavaFX Application Thread] INFO  o.b.s.BxWinLab.Base.BaseLabel - 控件库Debug模式已开启
2026-01-27 18:07:45.107 [JavaFX Application Thread] INFO  o.b.s.BxWinLab.Base.BaseLabel - 控件库Debug模式已开启
2026-01-27 18:07:45.108 [JavaFX Application Thread] INFO  o.b.s.Utils.FileUtil - 成功加载文件/org/bxwbb/spigotplugincreatertool/icon/icon.png
2026-01-27 18:07:45.249 [JavaFX Application Thread] INFO  o.b.s.BxWinLab.Base.BaseLabel - 控件库Debug模式已开启
2026-01-27 18:07:45.250 [JavaFX Application Thread] INFO  o.b.s.BxWinLab.Base.BaseLabel - 控件库Debug模式已开启
2026-01-27 18:07:45.250 [JavaFX Application Thread] INFO  o.b.s.BxWinLab.Base.BaseLabel - 控件库Debug模式已开启
2026-01-27 18:07:45.250 [JavaFX Application Thread] INFO  o.b.s.BxWinLab.Base.BaseLabel - 控件库Debug模式已开启
2026-01-27 18:07:45.250 [JavaFX Application Thread] INFO  o.b.s.BxWinLab.Base.BaseLabel - 控件库Debug模式已开启
2026-01-27 18:07:45.271 [JavaFX Application Thread] INFO  o.b.s.BxWinLab.Base.BaseLabel - 控件库Debug模式已开启
2026-01-27 18:07:45.286 [JavaFX Application Thread] INFO  o.b.s.BxWinLab.Base.BaseLabel - 控件库Debug模式已开启
2026-01-27 18:07:45.286 [JavaFX Application Thread] INFO  o.b.s.BxWinLab.Base.BaseLabel - 控件库Debug模式已开启
2026-01-27 18:07:45.287 [JavaFX Application Thread] INFO  o.b.s.BxWinLab.Base.BaseLabel - 控件库Debug模式已开启
2026-01-27 18:07:45.287 [JavaFX Application Thread] INFO  o.b.s.Utils.FileUtil - 成功加载文件/org/bxwbb/spigotplugincreatertool/icon/icon.png
2026-01-27 18:07:45.383 [JavaFX Application Thread] INFO  o.b.s.BxWinLab.Base.BaseLabel - 控件库Debug模式已开启
2026-01-27 18:07:45.383 [JavaFX Application Thread] INFO  o.b.s.BxWinLab.Base.BaseLabel - 控件库Debug模式已开启
2026-01-27 18:07:45.384 [JavaFX Application Thread] INFO  o.b.s.BxWinLab.Base.BaseLabel - 控件库Debug模式已开启
2026-01-27 18:07:45.385 [JavaFX Application Thread] INFO  o.b.s.BxWinLab.Base.BaseLabel - 控件库Debug模式已开启
2026-01-27 18:07:45.385 [JavaFX Application Thread] INFO  o.b.s.BxWinLab.Base.BaseLabel - 控件库Debug模式已开启
2026-01-27 18:07:45.387 [JavaFX Application Thread] INFO  o.b.s.Utils.FileUtil - 成功加载文件/org/bxwbb/spigotplugincreatertool/icon/icon.png
2026-01-27 18:07:45.493 [JavaFX Application Thread] INFO  o.b.s.BxWinLab.Base.BaseLabel - 控件库Debug模式已开启
2026-01-27 18:07:45.494 [JavaFX Application Thread] INFO  o.b.s.BxWinLab.Base.BaseLabel - 控件库Debug模式已开启
2026-01-27 18:07:45.494 [JavaFX Application Thread] INFO  o.b.s.BxWinLab.Base.BaseLabel - 控件库Debug模式已开启
2026-01-27 18:07:45.495 [JavaFX Application Thread] INFO  o.b.s.BxWinLab.Base.BaseLabel - 控件库Debug模式已开启
2026-01-27 18:07:45.495 [JavaFX Application Thread] INFO  o.b.s.BxWinLab.Base.BaseLabel - 控件库Debug模式已开启
2026-01-27 18:07:45.496 [JavaFX Application Thread] INFO  o.b.s.Utils.FileUtil - 成功加载文件/org/bxwbb/spigotplugincreatertool/icon/icon.png
2026-01-27 18:07:45.583 [JavaFX Application Thread] INFO  o.b.s.BxWinLab.Base.BaseLabel - 控件库Debug模式已开启
2026-01-27 18:07:45.583 [JavaFX Application Thread] INFO  o.b.s.BxWinLab.Base.BaseLabel - 控件库Debug模式已开启
2026-01-27 18:07:45.583 [JavaFX Application Thread] INFO  o.b.s.BxWinLab.Base.BaseLabel - 控件库Debug模式已开启
2026-01-27 18:07:45.584 [JavaFX Application Thread] INFO  o.b.s.BxWinLab.Base.BaseLabel - 控件库Debug模式已开启
2026-01-27 18:07:45.584 [JavaFX Application Thread] INFO  o.b.s.BxWinLab.Base.BaseLabel - 控件库Debug模式已开启
2026-01-27 18:07:45.585 [JavaFX Application Thread] INFO  o.b.s.Utils.FileUtil - 成功加载文件/org/bxwbb/spigotplugincreatertool/icon/icon.png
2026-01-27 18:07:45.674 [JavaFX Application Thread] INFO  o.b.s.BxWinLab.Base.BaseLabel - 控件库Debug模式已开启
2026-01-27 18:07:45.675 [JavaFX Application Thread] INFO  o.b.s.BxWinLab.Base.BaseLabel - 控件库Debug模式已开启
2026-01-27 18:07:45.675 [JavaFX Application Thread] INFO  o.b.s.BxWinLab.Base.BaseLabel - 控件库Debug模式已开启
2026-01-27 18:07:45.675 [JavaFX Application Thread] INFO  o.b.s.BxWinLab.Base.BaseLabel - 控件库Debug模式已开启
2026-01-27 18:07:45.675 [JavaFX Application Thread] INFO  o.b.s.BxWinLab.Base.BaseLabel - 控件库Debug模式已开启
2026-01-27 18:07:45.679 [JavaFX Application Thread] INFO  o.b.s.BxWinLab.Base.BaseLabel - 控件库Debug模式已开启
2026-01-27 18:07:45.680 [JavaFX Application Thread] INFO  o.b.s.BxWinLab.Base.BaseLabel - 控件库Debug模式已开启
2026-01-27 18:07:49.629 [JavaFX Application Thread] INFO  o.b.s.HelloApplication - 执行停止...
2026-01-27 18:07:54.763 [JavaFX-Launcher] INFO  o.b.s.HelloApplication - 执行初始化...
2026-01-27 18:07:54.768 [JavaFX Application Thread] INFO  o.b.s.HelloApplication - 工具开始启动并加载...
2026-01-27 18:07:54.803 [JavaFX Application Thread] INFO  o.b.s.BxWinLab.Base.BaseLabel - 控件库Debug模式已开启
2026-01-27 18:07:54.809 [JavaFX Application Thread] INFO  o.b.s.BxWinLab.Base.BaseLabel - 控件库Debug模式已开启
2026-01-27 18:07:54.812 [JavaFX Application Thread] INFO  o.b.s.BxWinLab.Base.BaseLabel - 控件库Debug模式已开启
2026-01-27 18:07:54.813 [JavaFX Application Thread] INFO  o.b.s.Utils.FileUtil - 成功加载文件/org/bxwbb/spigotplugincreatertool/icon/icon.png
2026-01-27 18:07:54.959 [JavaFX Application Thread] INFO  o.b.s.BxWinLab.Base.BaseLabel - 控件库Debug模式已开启
2026-01-27 18:07:54.960 [JavaFX Application Thread] INFO  o.b.s.BxWinLab.Base.BaseLabel - 控件库Debug模式已开启
2026-01-27 18:07:54.960 [JavaFX Application Thread] INFO  o.b.s.BxWinLab.Base.BaseLabel - 控件库Debug模式已开启
2026-01-27 18:07:54.960 [JavaFX Application Thread] INFO  o.b.s.BxWinLab.Base.BaseLabel - 控件库Debug模式已开启
2026-01-27 18:07:54.960 [JavaFX Application Thread] INFO  o.b.s.BxWinLab.Base.BaseLabel - 控件库Debug模式已开启
2026-01-27 18:07:54.978 [JavaFX Application Thread] INFO  o.b.s.BxWinLab.Base.BaseLabel - 控件库Debug模式已开启
2026-01-27 18:07:54.995 [JavaFX Application Thread] INFO  o.b.s.BxWinLab.Base.BaseLabel - 控件库Debug模式已开启
2026-01-27 18:07:54.996 [JavaFX Application Thread] INFO  o.b.s.BxWinLab.Base.BaseLabel - 控件库Debug模式已开启
2026-01-27 18:07:54.996 [JavaFX Application Thread] INFO  o.b.s.BxWinLab.Base.BaseLabel - 控件库Debug模式已开启
2026-01-27 18:07:54.996 [JavaFX Application Thread] INFO  o.b.s.Utils.FileUtil - 成功加载文件/org/bxwbb/spigotplugincreatertool/icon/icon.png
2026-01-27 18:07:55.091 [JavaFX Application Thread] INFO  o.b.s.BxWinLab.Base.BaseLabel - 控件库Debug模式已开启
2026-01-27 18:07:55.092 [JavaFX Application Thread] INFO  o.b.s.BxWinLab.Base.BaseLabel - 控件库Debug模式已开启
2026-01-27 18:07:55.093 [JavaFX Application Thread] INFO  o.b.s.BxWinLab.Base.BaseLabel - 控件库Debug模式已开启
2026-01-27 18:07:55.094 [JavaFX Application Thread] INFO  o.b.s.BxWinLab.Base.BaseLabel - 控件库Debug模式已开启
2026-01-27 18:07:55.094 [JavaFX Application Thread] INFO  o.b.s.BxWinLab.Base.BaseLabel - 控件库Debug模式已开启
2026-01-27 18:07:55.095 [JavaFX Application Thread] INFO  o.b.s.Utils.FileUtil - 成功加载文件/org/bxwbb/spigotplugincreatertool/icon/icon.png
2026-01-27 18:07:55.202 [JavaFX Application Thread] INFO  o.b.s.BxWinLab.Base.BaseLabel - 控件库Debug模式已开启
2026-01-27 18:07:55.202 [JavaFX Application Thread] INFO  o.b.s.BxWinLab.Base.BaseLabel - 控件库Debug模式已开启
2026-01-27 18:07:55.203 [JavaFX Application Thread] INFO  o.b.s.BxWinLab.Base.BaseLabel - 控件库Debug模式已开启
2026-01-27 18:07:55.203 [JavaFX Application Thread] INFO  o.b.s.BxWinLab.Base.BaseLabel - 控件库Debug模式已开启
2026-01-27 18:07:55.203 [JavaFX Application Thread] INFO  o.b.s.BxWinLab.Base.BaseLabel - 控件库Debug模式已开启
2026-01-27 18:07:55.204 [JavaFX Application Thread] INFO  o.b.s.Utils.FileUtil - 成功加载文件/org/bxwbb/spigotplugincreatertool/icon/icon.png
2026-01-27 18:07:55.293 [JavaFX Application Thread] INFO  o.b.s.BxWinLab.Base.BaseLabel - 控件库Debug模式已开启
2026-01-27 18:07:55.293 [JavaFX Application Thread] INFO  o.b.s.BxWinLab.Base.BaseLabel - 控件库Debug模式已开启
2026-01-27 18:07:55.293 [JavaFX Application Thread] INFO  o.b.s.BxWinLab.Base.BaseLabel - 控件库Debug模式已开启
2026-01-27 18:07:55.294 [JavaFX Application Thread] INFO  o.b.s.BxWinLab.Base.BaseLabel - 控件库Debug模式已开启
2026-01-27 18:07:55.294 [JavaFX Application Thread] INFO  o.b.s.BxWinLab.Base.BaseLabel - 控件库Debug模式已开启
2026-01-27 18:07:55.295 [JavaFX Application Thread] INFO  o.b.s.Utils.FileUtil - 成功加载文件/org/bxwbb/spigotplugincreatertool/icon/icon.png
2026-01-27 18:07:55.381 [JavaFX Application Thread] INFO  o.b.s.BxWinLab.Base.BaseLabel - 控件库Debug模式已开启
2026-01-27 18:07:55.382 [JavaFX Application Thread] INFO  o.b.s.BxWinLab.Base.BaseLabel - 控件库Debug模式已开启
2026-01-27 18:07:55.382 [JavaFX Application Thread] INFO  o.b.s.BxWinLab.Base.BaseLabel - 控件库Debug模式已开启
2026-01-27 18:07:55.383 [JavaFX Application Thread] INFO  o.b.s.BxWinLab.Base.BaseLabel - 控件库Debug模式已开启
2026-01-27 18:07:55.383 [JavaFX Application Thread] INFO  o.b.s.BxWinLab.Base.BaseLabel - 控件库Debug模式已开启
2026-01-27 18:07:55.388 [JavaFX Application Thread] INFO  o.b.s.BxWinLab.Base.BaseLabel - 控件库Debug模式已开启
2026-01-27 18:07:55.388 [JavaFX Application Thread] INFO  o.b.s.BxWinLab.Base.BaseLabel - 控件库Debug模式已开启
2026-01-27 18:09:30.441 [JavaFX Application Thread] INFO  o.b.s.HelloApplication - 执行停止...
2026-01-27 18:17:20.160 [JavaFX-Launcher] INFO  o.b.s.HelloApplication - 执行初始化...
2026-01-27 18:17:20.166 [JavaFX Application Thread] INFO  o.b.s.HelloApplication - 工具开始启动并加载...
2026-01-27 18:17:20.202 [JavaFX Application Thread] INFO  o.b.s.BxWinLab.Base.BaseLabel - 控件库Debug模式已开启
2026-01-27 18:17:20.207 [JavaFX Application Thread] INFO  o.b.s.BxWinLab.Base.BaseLabel - 控件库Debug模式已开启
2026-01-27 18:17:20.209 [JavaFX Application Thread] INFO  o.b.s.BxWinLab.Base.BaseLabel - 控件库Debug模式已开启
2026-01-27 18:17:20.211 [JavaFX Application Thread] INFO  o.b.s.Utils.FileUtil - 成功加载文件/org/bxwbb/spigotplugincreatertool/icon/icon.png
2026-01-27 18:17:20.346 [JavaFX Application Thread] INFO  o.b.s.BxWinLab.Base.BaseLabel - 控件库Debug模式已开启
2026-01-27 18:17:20.347 [JavaFX Application Thread] INFO  o.b.s.BxWinLab.Base.BaseLabel - 控件库Debug模式已开启
2026-01-27 18:17:20.347 [JavaFX Application Thread] INFO  o.b.s.BxWinLab.Base.BaseLabel - 控件库Debug模式已开启
2026-01-27 18:17:20.347 [JavaFX Application Thread] INFO  o.b.s.BxWinLab.Base.BaseLabel - 控件库Debug模式已开启
2026-01-27 18:17:20.348 [JavaFX Application Thread] INFO  o.b.s.BxWinLab.Base.BaseLabel - 控件库Debug模式已开启
2026-01-27 18:17:20.369 [JavaFX Application Thread] INFO  o.b.s.BxWinLab.Base.BaseLabel - 控件库Debug模式已开启
2026-01-27 18:17:20.383 [JavaFX Application Thread] INFO  o.b.s.BxWinLab.Base.BaseLabel - 控件库Debug模式已开启
2026-01-27 18:17:20.384 [JavaFX Application Thread] INFO  o.b.s.BxWinLab.Base.BaseLabel - 控件库Debug模式已开启
2026-01-27 18:17:20.384 [JavaFX Application Thread] INFO  o.b.s.BxWinLab.Base.BaseLabel - 控件库Debug模式已开启
2026-01-27 18:17:20.384 [JavaFX Application Thread] INFO  o.b.s.Utils.FileUtil - 成功加载文件/org/bxwbb/spigotplugincreatertool/icon/Universal/OpenFolder.png
2026-01-27 18:17:20.386 [JavaFX Application Thread] INFO  o.b.s.BxWinLab.Base.BaseLabel - 控件库Debug模式已开启
2026-01-27 18:17:20.387 [JavaFX Application Thread] INFO  o.b.s.BxWinLab.Base.BaseLabel - 控件库Debug模式已开启
2026-01-27 18:17:20.387 [JavaFX Application Thread] INFO  o.b.s.BxWinLab.Base.BaseLabel - 控件库Debug模式已开启
2026-01-27 18:17:20.388 [JavaFX Application Thread] INFO  o.b.s.BxWinLab.Base.BaseLabel - 控件库Debug模式已开启
2026-01-27 18:17:20.389 [JavaFX Application Thread] INFO  o.b.s.BxWinLab.Base.BaseLabel - 控件库Debug模式已开启
2026-01-27 18:17:20.390 [JavaFX Application Thread] INFO  o.b.s.Utils.FileUtil - 成功加载文件/org/bxwbb/spigotplugincreatertool/icon/Universal/OpenFolder.png
2026-01-27 18:17:20.390 [JavaFX Application Thread] INFO  o.b.s.BxWinLab.Base.BaseLabel - 控件库Debug模式已开启
2026-01-27 18:17:20.392 [JavaFX Application Thread] INFO  o.b.s.BxWinLab.Base.BaseLabel - 控件库Debug模式已开启
2026-01-27 18:17:20.392 [JavaFX Application Thread] INFO  o.b.s.BxWinLab.Base.BaseLabel - 控件库Debug模式已开启
2026-01-27 18:17:20.392 [JavaFX Application Thread] INFO  o.b.s.BxWinLab.Base.BaseLabel - 控件库Debug模式已开启
2026-01-27 18:17:20.392 [JavaFX Application Thread] INFO  o.b.s.BxWinLab.Base.BaseLabel - 控件库Debug模式已开启
2026-01-27 18:17:20.393 [JavaFX Application Thread] INFO  o.b.s.Utils.FileUtil - 成功加载文件/org/bxwbb/spigotplugincreatertool/icon/Universal/OpenFolder.png
2026-01-27 18:17:20.394 [JavaFX Application Thread] INFO  o.b.s.BxWinLab.Base.BaseLabel - 控件库Debug模式已开启
2026-01-27 18:17:20.394 [JavaFX Application Thread] INFO  o.b.s.BxWinLab.Base.BaseLabel - 控件库Debug模式已开启
2026-01-27 18:17:20.395 [JavaFX Application Thread] INFO  o.b.s.BxWinLab.Base.BaseLabel - 控件库Debug模式已开启
2026-01-27 18:17:20.395 [JavaFX Application Thread] INFO  o.b.s.BxWinLab.Base.BaseLabel - 控件库Debug模式已开启
2026-01-27 18:17:20.395 [JavaFX Application Thread] INFO  o.b.s.BxWinLab.Base.BaseLabel - 控件库Debug模式已开启
2026-01-27 18:17:20.396 [JavaFX Application Thread] INFO  o.b.s.Utils.FileUtil - 成功加载文件/org/bxwbb/spigotplugincreatertool/icon/Universal/OpenFolder.png
2026-01-27 18:17:20.397 [JavaFX Application Thread] INFO  o.b.s.BxWinLab.Base.BaseLabel - 控件库Debug模式已开启
2026-01-27 18:17:20.397 [JavaFX Application Thread] INFO  o.b.s.BxWinLab.Base.BaseLabel - 控件库Debug模式已开启
2026-01-27 18:17:20.398 [JavaFX Application Thread] INFO  o.b.s.BxWinLab.Base.BaseLabel - 控件库Debug模式已开启
2026-01-27 18:17:20.398 [JavaFX Application Thread] INFO  o.b.s.BxWinLab.Base.BaseLabel - 控件库Debug模式已开启
2026-01-27 18:17:20.398 [JavaFX Application Thread] INFO  o.b.s.BxWinLab.Base.BaseLabel - 控件库Debug模式已开启
2026-01-27 18:17:20.402 [JavaFX Application Thread] INFO  o.b.s.BxWinLab.Base.BaseLabel - 控件库Debug模式已开启
2026-01-27 18:17:20.402 [JavaFX Application Thread] INFO  o.b.s.BxWinLab.Base.BaseLabel - 控件库Debug模式已开启
2026-01-27 18:17:28.584 [JavaFX Application Thread] INFO  o.b.s.HelloApplication - 执行停止...
2026-01-27 18:19:10.469 [JavaFX-Launcher] INFO  o.b.s.HelloApplication - 执行初始化...
2026-01-27 18:19:10.475 [JavaFX Application Thread] INFO  o.b.s.HelloApplication - 工具开始启动并加载...
2026-01-27 18:19:10.519 [JavaFX Application Thread] INFO  o.b.s.BxWinLab.Base.BaseLabel - 控件库Debug模式已开启
2026-01-27 18:19:10.527 [JavaFX Application Thread] INFO  o.b.s.BxWinLab.Base.BaseLabel - 控件库Debug模式已开启
2026-01-27 18:19:10.530 [JavaFX Application Thread] INFO  o.b.s.BxWinLab.Base.BaseLabel - 控件库Debug模式已开启
2026-01-27 18:19:10.531 [JavaFX Application Thread] INFO  o.b.s.Utils.FileUtil - 成功加载文件/org/bxwbb/spigotplugincreatertool/icon/icon.png
2026-01-27 18:19:10.693 [JavaFX Application Thread] INFO  o.b.s.BxWinLab.Base.BaseLabel - 控件库Debug模式已开启
2026-01-27 18:19:10.693 [JavaFX Application Thread] INFO  o.b.s.BxWinLab.Base.BaseLabel - 控件库Debug模式已开启
2026-01-27 18:19:10.694 [JavaFX Application Thread] INFO  o.b.s.BxWinLab.Base.BaseLabel - 控件库Debug模式已开启
2026-01-27 18:19:10.694 [JavaFX Application Thread] INFO  o.b.s.BxWinLab.Base.BaseLabel - 控件库Debug模式已开启
2026-01-27 18:19:10.694 [JavaFX Application Thread] INFO  o.b.s.BxWinLab.Base.BaseLabel - 控件库Debug模式已开启
2026-01-27 18:19:10.721 [JavaFX Application Thread] INFO  o.b.s.BxWinLab.Base.BaseLabel - 控件库Debug模式已开启
2026-01-27 18:19:10.733 [JavaFX Application Thread] INFO  o.b.s.BxWinLab.Base.BaseLabel - 控件库Debug模式已开启
2026-01-27 18:19:10.734 [JavaFX Application Thread] INFO  o.b.s.BxWinLab.Base.BaseLabel - 控件库Debug模式已开启
2026-01-27 18:19:10.734 [JavaFX Application Thread] INFO  o.b.s.BxWinLab.Base.BaseLabel - 控件库Debug模式已开启
2026-01-27 18:19:10.734 [JavaFX Application Thread] INFO  o.b.s.Utils.FileUtil - 成功加载文件/org/bxwbb/spigotplugincreatertool/icon/Universal/OpenFolder.png
2026-01-27 18:19:10.736 [JavaFX Application Thread] INFO  o.b.s.BxWinLab.Base.BaseLabel - 控件库Debug模式已开启
2026-01-27 18:19:10.736 [JavaFX Application Thread] INFO  o.b.s.BxWinLab.Base.BaseLabel - 控件库Debug模式已开启
2026-01-27 18:19:10.737 [JavaFX Application Thread] INFO  o.b.s.BxWinLab.Base.BaseLabel - 控件库Debug模式已开启
2026-01-27 18:19:10.739 [JavaFX Application Thread] INFO  o.b.s.BxWinLab.Base.BaseLabel - 控件库Debug模式已开启
2026-01-27 18:19:10.739 [JavaFX Application Thread] INFO  o.b.s.BxWinLab.Base.BaseLabel - 控件库Debug模式已开启
2026-01-27 18:19:10.740 [JavaFX Application Thread] INFO  o.b.s.Utils.FileUtil - 成功加载文件/org/bxwbb/spigotplugincreatertool/icon/Universal/NewProject.png
2026-01-27 18:19:10.741 [JavaFX Application Thread] INFO  o.b.s.BxWinLab.Base.BaseLabel - 控件库Debug模式已开启
2026-01-27 18:19:10.741 [JavaFX Application Thread] INFO  o.b.s.BxWinLab.Base.BaseLabel - 控件库Debug模式已开启
2026-01-27 18:19:10.741 [JavaFX Application Thread] INFO  o.b.s.BxWinLab.Base.BaseLabel - 控件库Debug模式已开启
2026-01-27 18:19:10.742 [JavaFX Application Thread] INFO  o.b.s.BxWinLab.Base.BaseLabel - 控件库Debug模式已开启
2026-01-27 18:19:10.742 [JavaFX Application Thread] INFO  o.b.s.BxWinLab.Base.BaseLabel - 控件库Debug模式已开启
2026-01-27 18:19:10.743 [JavaFX Application Thread] INFO  o.b.s.Utils.FileUtil - 成功加载文件/org/bxwbb/spigotplugincreatertool/icon/Universal/OpenFolder.png
2026-01-27 18:19:10.744 [JavaFX Application Thread] INFO  o.b.s.BxWinLab.Base.BaseLabel - 控件库Debug模式已开启
2026-01-27 18:19:10.744 [JavaFX Application Thread] INFO  o.b.s.BxWinLab.Base.BaseLabel - 控件库Debug模式已开启
2026-01-27 18:19:10.744 [JavaFX Application Thread] INFO  o.b.s.BxWinLab.Base.BaseLabel - 控件库Debug模式已开启
2026-01-27 18:19:10.744 [JavaFX Application Thread] INFO  o.b.s.BxWinLab.Base.BaseLabel - 控件库Debug模式已开启
2026-01-27 18:19:10.745 [JavaFX Application Thread] INFO  o.b.s.BxWinLab.Base.BaseLabel - 控件库Debug模式已开启
2026-01-27 18:19:10.746 [JavaFX Application Thread] INFO  o.b.s.Utils.FileUtil - 成功加载文件/org/bxwbb/spigotplugincreatertool/icon/Universal/OpenFolder.png
2026-01-27 18:19:10.746 [JavaFX Application Thread] INFO  o.b.s.BxWinLab.Base.BaseLabel - 控件库Debug模式已开启
2026-01-27 18:19:10.747 [JavaFX Application Thread] INFO  o.b.s.BxWinLab.Base.BaseLabel - 控件库Debug模式已开启
2026-01-27 18:19:10.747 [JavaFX Application Thread] INFO  o.b.s.BxWinLab.Base.BaseLabel - 控件库Debug模式已开启
2026-01-27 18:19:10.748 [JavaFX Application Thread] INFO  o.b.s.BxWinLab.Base.BaseLabel - 控件库Debug模式已开启
2026-01-27 18:19:10.748 [JavaFX Application Thread] INFO  o.b.s.BxWinLab.Base.BaseLabel - 控件库Debug模式已开启
2026-01-27 18:19:10.751 [JavaFX Application Thread] INFO  o.b.s.BxWinLab.Base.BaseLabel - 控件库Debug模式已开启
2026-01-27 18:19:10.752 [JavaFX Application Thread] INFO  o.b.s.BxWinLab.Base.BaseLabel - 控件库Debug模式已开启
2026-01-27 18:19:15.934 [JavaFX Application Thread] INFO  o.b.s.HelloApplication - 执行停止...
2026-01-27 18:20:17.299 [JavaFX-Launcher] INFO  o.b.s.HelloApplication - 执行初始化...
2026-01-27 18:20:17.305 [JavaFX Application Thread] INFO  o.b.s.HelloApplication - 工具开始启动并加载...
2026-01-27 18:20:17.340 [JavaFX Application Thread] INFO  o.b.s.BxWinLab.Base.BaseLabel - 控件库Debug模式已开启
2026-01-27 18:20:17.345 [JavaFX Application Thread] INFO  o.b.s.BxWinLab.Base.BaseLabel - 控件库Debug模式已开启
2026-01-27 18:20:17.348 [JavaFX Application Thread] INFO  o.b.s.BxWinLab.Base.BaseLabel - 控件库Debug模式已开启
2026-01-27 18:20:17.349 [JavaFX Application Thread] INFO  o.b.s.Utils.FileUtil - 成功加载文件/org/bxwbb/spigotplugincreatertool/icon/icon.png
2026-01-27 18:20:17.490 [JavaFX Application Thread] INFO  o.b.s.BxWinLab.Base.BaseLabel - 控件库Debug模式已开启
2026-01-27 18:20:17.490 [JavaFX Application Thread] INFO  o.b.s.BxWinLab.Base.BaseLabel - 控件库Debug模式已开启
2026-01-27 18:20:17.490 [JavaFX Application Thread] INFO  o.b.s.BxWinLab.Base.BaseLabel - 控件库Debug模式已开启
2026-01-27 18:20:17.490 [JavaFX Application Thread] INFO  o.b.s.BxWinLab.Base.BaseLabel - 控件库Debug模式已开启
2026-01-27 18:20:17.491 [JavaFX Application Thread] INFO  o.b.s.BxWinLab.Base.BaseLabel - 控件库Debug模式已开启
2026-01-27 18:20:17.509 [JavaFX Application Thread] INFO  o.b.s.BxWinLab.Base.BaseLabel - 控件库Debug模式已开启
2026-01-27 18:20:17.525 [JavaFX Application Thread] INFO  o.b.s.BxWinLab.Base.BaseLabel - 控件库Debug模式已开启
2026-01-27 18:20:17.526 [JavaFX Application Thread] INFO  o.b.s.BxWinLab.Base.BaseLabel - 控件库Debug模式已开启
2026-01-27 18:20:17.527 [JavaFX Application Thread] INFO  o.b.s.BxWinLab.Base.BaseLabel - 控件库Debug模式已开启
2026-01-27 18:20:17.527 [JavaFX Application Thread] INFO  o.b.s.Utils.FileUtil - 成功加载文件/org/bxwbb/spigotplugincreatertool/icon/Universal/OpenFolder.png
2026-01-27 18:20:17.528 [JavaFX Application Thread] INFO  o.b.s.BxWinLab.Base.BaseLabel - 控件库Debug模式已开启
2026-01-27 18:20:17.528 [JavaFX Application Thread] INFO  o.b.s.BxWinLab.Base.BaseLabel - 控件库Debug模式已开启
2026-01-27 18:20:17.529 [JavaFX Application Thread] INFO  o.b.s.BxWinLab.Base.BaseLabel - 控件库Debug模式已开启
2026-01-27 18:20:17.530 [JavaFX Application Thread] INFO  o.b.s.BxWinLab.Base.BaseLabel - 控件库Debug模式已开启
2026-01-27 18:20:17.530 [JavaFX Application Thread] INFO  o.b.s.BxWinLab.Base.BaseLabel - 控件库Debug模式已开启
2026-01-27 18:20:17.531 [JavaFX Application Thread] INFO  o.b.s.Utils.FileUtil - 成功加载文件/org/bxwbb/spigotplugincreatertool/icon/Universal/NewProject.png
2026-01-27 18:20:17.533 [JavaFX Application Thread] INFO  o.b.s.BxWinLab.Base.BaseLabel - 控件库Debug模式已开启
2026-01-27 18:20:17.533 [JavaFX Application Thread] INFO  o.b.s.BxWinLab.Base.BaseLabel - 控件库Debug模式已开启
2026-01-27 18:20:17.533 [JavaFX Application Thread] INFO  o.b.s.BxWinLab.Base.BaseLabel - 控件库Debug模式已开启
2026-01-27 18:20:17.534 [JavaFX Application Thread] INFO  o.b.s.BxWinLab.Base.BaseLabel - 控件库Debug模式已开启
2026-01-27 18:20:17.534 [JavaFX Application Thread] INFO  o.b.s.BxWinLab.Base.BaseLabel - 控件库Debug模式已开启
2026-01-27 18:20:17.535 [JavaFX Application Thread] INFO  o.b.s.Utils.FileUtil - 成功加载文件/org/bxwbb/spigotplugincreatertool/icon/Universal/Setting.png
2026-01-27 18:20:17.536 [JavaFX Application Thread] INFO  o.b.s.BxWinLab.Base.BaseLabel - 控件库Debug模式已开启
2026-01-27 18:20:17.536 [JavaFX Application Thread] INFO  o.b.s.BxWinLab.Base.BaseLabel - 控件库Debug模式已开启
2026-01-27 18:20:17.537 [JavaFX Application Thread] INFO  o.b.s.BxWinLab.Base.BaseLabel - 控件库Debug模式已开启
2026-01-27 18:20:17.537 [JavaFX Application Thread] INFO  o.b.s.BxWinLab.Base.BaseLabel - 控件库Debug模式已开启
2026-01-27 18:20:17.537 [JavaFX Application Thread] INFO  o.b.s.BxWinLab.Base.BaseLabel - 控件库Debug模式已开启
2026-01-27 18:20:17.538 [JavaFX Application Thread] INFO  o.b.s.Utils.FileUtil - 成功加载文件/org/bxwbb/spigotplugincreatertool/icon/Universal/OpenFolder.png
2026-01-27 18:20:17.538 [JavaFX Application Thread] INFO  o.b.s.BxWinLab.Base.BaseLabel - 控件库Debug模式已开启
2026-01-27 18:20:17.539 [JavaFX Application Thread] INFO  o.b.s.BxWinLab.Base.BaseLabel - 控件库Debug模式已开启
2026-01-27 18:20:17.539 [JavaFX Application Thread] INFO  o.b.s.BxWinLab.Base.BaseLabel - 控件库Debug模式已开启
2026-01-27 18:20:17.539 [JavaFX Application Thread] INFO  o.b.s.BxWinLab.Base.BaseLabel - 控件库Debug模式已开启
2026-01-27 18:20:17.539 [JavaFX Application Thread] INFO  o.b.s.BxWinLab.Base.BaseLabel - 控件库Debug模式已开启
2026-01-27 18:20:17.544 [JavaFX Application Thread] INFO  o.b.s.BxWinLab.Base.BaseLabel - 控件库Debug模式已开启
2026-01-27 18:20:17.544 [JavaFX Application Thread] INFO  o.b.s.BxWinLab.Base.BaseLabel - 控件库Debug模式已开启
2026-01-27 18:20:22.337 [JavaFX Application Thread] INFO  o.b.s.HelloApplication - 执行停止...
2026-01-27 18:22:09.238 [JavaFX-Launcher] INFO  o.b.s.HelloApplication - 执行初始化...
2026-01-27 18:22:09.244 [JavaFX Application Thread] INFO  o.b.s.HelloApplication - 工具开始启动并加载...
2026-01-27 18:22:09.278 [JavaFX Application Thread] INFO  o.b.s.BxWinLab.Base.BaseLabel - 控件库Debug模式已开启
2026-01-27 18:22:09.284 [JavaFX Application Thread] INFO  o.b.s.BxWinLab.Base.BaseLabel - 控件库Debug模式已开启
2026-01-27 18:22:09.286 [JavaFX Application Thread] INFO  o.b.s.BxWinLab.Base.BaseLabel - 控件库Debug模式已开启
2026-01-27 18:22:09.287 [JavaFX Application Thread] INFO  o.b.s.Utils.FileUtil - 成功加载文件/org/bxwbb/spigotplugincreatertool/icon/icon.png
2026-01-27 18:22:09.434 [JavaFX Application Thread] INFO  o.b.s.BxWinLab.Base.BaseLabel - 控件库Debug模式已开启
2026-01-27 18:22:09.436 [JavaFX Application Thread] INFO  o.b.s.BxWinLab.Base.BaseLabel - 控件库Debug模式已开启
2026-01-27 18:22:09.436 [JavaFX Application Thread] INFO  o.b.s.BxWinLab.Base.BaseLabel - 控件库Debug模式已开启
2026-01-27 18:22:09.436 [JavaFX Application Thread] INFO  o.b.s.BxWinLab.Base.BaseLabel - 控件库Debug模式已开启
2026-01-27 18:22:09.436 [JavaFX Application Thread] INFO  o.b.s.BxWinLab.Base.BaseLabel - 控件库Debug模式已开启
2026-01-27 18:22:09.457 [JavaFX Application Thread] INFO  o.b.s.BxWinLab.Base.BaseLabel - 控件库Debug模式已开启
2026-01-27 18:22:09.471 [JavaFX Application Thread] INFO  o.b.s.BxWinLab.Base.BaseLabel - 控件库Debug模式已开启
2026-01-27 18:22:09.472 [JavaFX Application Thread] INFO  o.b.s.BxWinLab.Base.BaseLabel - 控件库Debug模式已开启
2026-01-27 18:22:09.472 [JavaFX Application Thread] INFO  o.b.s.BxWinLab.Base.BaseLabel - 控件库Debug模式已开启
2026-01-27 18:22:09.472 [JavaFX Application Thread] INFO  o.b.s.Utils.FileUtil - 成功加载文件/org/bxwbb/spigotplugincreatertool/icon/Universal/OpenFolder.png
2026-01-27 18:22:09.474 [JavaFX Application Thread] INFO  o.b.s.BxWinLab.Base.BaseLabel - 控件库Debug模式已开启
2026-01-27 18:22:09.474 [JavaFX Application Thread] INFO  o.b.s.BxWinLab.Base.BaseLabel - 控件库Debug模式已开启
2026-01-27 18:22:09.474 [JavaFX Application Thread] INFO  o.b.s.BxWinLab.Base.BaseLabel - 控件库Debug模式已开启
2026-01-27 18:22:09.476 [JavaFX Application Thread] INFO  o.b.s.BxWinLab.Base.BaseLabel - 控件库Debug模式已开启
2026-01-27 18:22:09.476 [JavaFX Application Thread] INFO  o.b.s.BxWinLab.Base.BaseLabel - 控件库Debug模式已开启
2026-01-27 18:22:09.477 [JavaFX Application Thread] INFO  o.b.s.Utils.FileUtil - 成功加载文件/org/bxwbb/spigotplugincreatertool/icon/Universal/NewProject.png
2026-01-27 18:22:09.478 [JavaFX Application Thread] INFO  o.b.s.BxWinLab.Base.BaseLabel - 控件库Debug模式已开启
2026-01-27 18:22:09.478 [JavaFX Application Thread] INFO  o.b.s.BxWinLab.Base.BaseLabel - 控件库Debug模式已开启
2026-01-27 18:22:09.479 [JavaFX Application Thread] INFO  o.b.s.BxWinLab.Base.BaseLabel - 控件库Debug模式已开启
2026-01-27 18:22:09.479 [JavaFX Application Thread] INFO  o.b.s.BxWinLab.Base.BaseLabel - 控件库Debug模式已开启
2026-01-27 18:22:09.479 [JavaFX Application Thread] INFO  o.b.s.BxWinLab.Base.BaseLabel - 控件库Debug模式已开启
2026-01-27 18:22:09.480 [JavaFX Application Thread] INFO  o.b.s.Utils.FileUtil - 成功加载文件/org/bxwbb/spigotplugincreatertool/icon/Universal/Setting.png
2026-01-27 18:22:09.481 [JavaFX Application Thread] INFO  o.b.s.BxWinLab.Base.BaseLabel - 控件库Debug模式已开启
2026-01-27 18:22:09.481 [JavaFX Application Thread] INFO  o.b.s.BxWinLab.Base.BaseLabel - 控件库Debug模式已开启
2026-01-27 18:22:09.481 [JavaFX Application Thread] INFO  o.b.s.BxWinLab.Base.BaseLabel - 控件库Debug模式已开启
2026-01-27 18:22:09.482 [JavaFX Application Thread] INFO  o.b.s.BxWinLab.Base.BaseLabel - 控件库Debug模式已开启
2026-01-27 18:22:09.482 [JavaFX Application Thread] INFO  o.b.s.BxWinLab.Base.BaseLabel - 控件库Debug模式已开启
2026-01-27 18:22:09.482 [JavaFX Application Thread] INFO  o.b.s.Utils.FileUtil - 成功加载文件/org/bxwbb/spigotplugincreatertool/icon/Universal/Quit.png
2026-01-27 18:22:09.540 [JavaFX Application Thread] INFO  o.b.s.BxWinLab.Base.BaseLabel - 控件库Debug模式已开启
2026-01-27 18:22:09.540 [JavaFX Application Thread] INFO  o.b.s.BxWinLab.Base.BaseLabel - 控件库Debug模式已开启
2026-01-27 18:22:09.540 [JavaFX Application Thread] INFO  o.b.s.BxWinLab.Base.BaseLabel - 控件库Debug模式已开启
2026-01-27 18:22:09.541 [JavaFX Application Thread] INFO  o.b.s.BxWinLab.Base.BaseLabel - 控件库Debug模式已开启
2026-01-27 18:22:09.541 [JavaFX Application Thread] INFO  o.b.s.BxWinLab.Base.BaseLabel - 控件库Debug模式已开启
2026-01-27 18:22:09.544 [JavaFX Application Thread] INFO  o.b.s.BxWinLab.Base.BaseLabel - 控件库Debug模式已开启
2026-01-27 18:22:09.545 [JavaFX Application Thread] INFO  o.b.s.BxWinLab.Base.BaseLabel - 控件库Debug模式已开启
2026-01-27 18:22:12.176 [JavaFX Application Thread] INFO  o.b.s.HelloApplication - 执行停止...
2026-01-27 18:22:29.868 [JavaFX-Launcher] INFO  o.b.s.HelloApplication - 执行初始化...
2026-01-27 18:22:29.873 [JavaFX Application Thread] INFO  o.b.s.HelloApplication - 工具开始启动并加载...
2026-01-27 18:22:29.917 [JavaFX Application Thread] INFO  o.b.s.Utils.FileUtil - 成功加载文件/org/bxwbb/spigotplugincreatertool/icon/icon.png
2026-01-27 18:22:30.091 [JavaFX Application Thread] INFO  o.b.s.Utils.FileUtil - 成功加载文件/org/bxwbb/spigotplugincreatertool/icon/Universal/OpenFolder.png
2026-01-27 18:22:30.097 [JavaFX Application Thread] INFO  o.b.s.Utils.FileUtil - 成功加载文件/org/bxwbb/spigotplugincreatertool/icon/Universal/NewProject.png
2026-01-27 18:22:30.098 [JavaFX Application Thread] INFO  o.b.s.Utils.FileUtil - 成功加载文件/org/bxwbb/spigotplugincreatertool/icon/Universal/Setting.png
2026-01-27 18:22:30.101 [JavaFX Application Thread] INFO  o.b.s.Utils.FileUtil - 成功加载文件/org/bxwbb/spigotplugincreatertool/icon/Universal/Quit.png
2026-01-27 18:22:33.655 [JavaFX Application Thread] INFO  o.b.s.HelloApplication - 执行停止...
2026-01-27 18:44:27.193 [JavaFX-Launcher] INFO  o.b.s.HelloApplication - 执行初始化...
2026-01-27 18:44:27.199 [JavaFX Application Thread] INFO  o.b.s.HelloApplication - 工具开始启动并加载...
2026-01-27 18:44:27.241 [JavaFX Application Thread] INFO  o.b.s.Utils.FileUtil - 成功加载文件/org/bxwbb/spigotplugincreatertool/icon/icon.png
2026-01-27 18:44:27.448 [JavaFX Application Thread] INFO  o.b.s.Utils.FileUtil - 成功加载文件/org/bxwbb/spigotplugincreatertool/icon/Universal/OpenFolder.png
2026-01-27 18:44:27.453 [JavaFX Application Thread] INFO  o.b.s.Utils.FileUtil - 成功加载文件/org/bxwbb/spigotplugincreatertool/icon/Universal/NewProject.png
2026-01-27 18:44:27.456 [JavaFX Application Thread] INFO  o.b.s.Utils.FileUtil - 成功加载文件/org/bxwbb/spigotplugincreatertool/icon/Universal/Setting.png
2026-01-27 18:44:27.459 [JavaFX Application Thread] INFO  o.b.s.Utils.FileUtil - 成功加载文件/org/bxwbb/spigotplugincreatertool/icon/Universal/Learn.png
2026-01-27 18:44:27.462 [JavaFX Application Thread] INFO  o.b.s.Utils.FileUtil - 成功加载文件/org/bxwbb/spigotplugincreatertool/icon/Universal/Quit.png
2026-01-27 18:45:42.121 [JavaFX Application Thread] INFO  o.b.s.HelloApplication - 执行停止...
2026-01-27 18:57:50.617 [JavaFX-Launcher] INFO  o.b.s.HelloApplication - 执行初始化...
2026-01-27 18:57:50.623 [JavaFX Application Thread] INFO  o.b.s.HelloApplication - 工具开始启动并加载...
2026-01-27 18:57:50.665 [JavaFX Application Thread] INFO  o.b.s.Utils.FileUtil - 成功加载文件/org/bxwbb/spigotplugincreatertool/icon/icon.png
2026-01-27 18:57:50.837 [JavaFX Application Thread] INFO  o.b.s.Utils.FileUtil - 成功加载文件/org/bxwbb/spigotplugincreatertool/icon/Universal/OpenFolder.png
2026-01-27 18:57:50.842 [JavaFX Application Thread] INFO  o.b.s.Utils.FileUtil - 成功加载文件/org/bxwbb/spigotplugincreatertool/icon/Universal/NewProject.png
2026-01-27 18:57:50.845 [JavaFX Application Thread] INFO  o.b.s.Utils.FileUtil - 成功加载文件/org/bxwbb/spigotplugincreatertool/icon/Universal/Setting.png
2026-01-27 18:57:50.847 [JavaFX Application Thread] INFO  o.b.s.Utils.FileUtil - 成功加载文件/org/bxwbb/spigotplugincreatertool/icon/Universal/Learn.png
2026-01-27 18:57:50.849 [JavaFX Application Thread] INFO  o.b.s.Utils.FileUtil - 成功加载文件/org/bxwbb/spigotplugincreatertool/icon/Universal/Quit.png
2026-01-27 18:58:15.625 [JavaFX Application Thread] INFO  o.b.s.BxWinLab.Base.BaseLabel - 控件焦点改变至 - org.bxwbb.spigotplugincreatertool.BxWinLab.Stage@1191734c
2026-01-27 18:58:15.626 [JavaFX Application Thread] INFO  o.b.s.BxWinLab.Base.BaseLabel - 控件焦点改变至 - org.bxwbb.spigotplugincreatertool.BxWinLab.Scene@673c4ed1
2026-01-27 18:58:19.376 [JavaFX Application Thread] INFO  o.b.s.BxWinLab.Base.BaseLabel - 控件焦点改变至 - org.bxwbb.spigotplugincreatertool.BxWinLab.Stage@1191734c
2026-01-27 18:58:19.376 [JavaFX Application Thread] INFO  o.b.s.BxWinLab.Base.BaseLabel - 控件焦点改变至 - org.bxwbb.spigotplugincreatertool.BxWinLab.Scene@673c4ed1
2026-01-27 18:58:29.035 [JavaFX Application Thread] INFO  o.b.s.BxWinLab.Base.BaseLabel - 控件焦点改变至 - org.bxwbb.spigotplugincreatertool.BxWinLab.Scene@673c4ed1
2026-01-27 18:58:29.770 [JavaFX Application Thread] INFO  o.b.s.BxWinLab.Base.BaseLabel - 控件焦点改变至 - org.bxwbb.spigotplugincreatertool.BxWinLab.Scene@673c4ed1
2026-01-27 18:58:30.186 [JavaFX Application Thread] INFO  o.b.s.BxWinLab.Base.BaseLabel - 控件焦点改变至 - org.bxwbb.spigotplugincreatertool.BxWinLab.Scene@673c4ed1
2026-01-27 18:58:30.644 [JavaFX Application Thread] INFO  o.b.s.BxWinLab.Base.BaseLabel - 控件焦点改变至 - org.bxwbb.spigotplugincreatertool.BxWinLab.Stage@1191734c
2026-01-27 18:58:30.644 [JavaFX Application Thread] INFO  o.b.s.BxWinLab.Base.BaseLabel - 控件焦点改变至 - org.bxwbb.spigotplugincreatertool.BxWinLab.Scene@673c4ed1
2026-01-27 18:58:31.595 [JavaFX Application Thread] INFO  o.b.s.BxWinLab.Base.BaseLabel - 控件焦点改变至 - org.bxwbb.spigotplugincreatertool.BxWinLab.Stage@1191734c
2026-01-27 18:58:31.595 [JavaFX Application Thread] INFO  o.b.s.BxWinLab.Base.BaseLabel - 控件焦点改变至 - org.bxwbb.spigotplugincreatertool.BxWinLab.Scene@673c4ed1
2026-01-27 18:58:31.780 [JavaFX Application Thread] INFO  o.b.s.BxWinLab.Base.BaseLabel - 控件焦点改变至 - org.bxwbb.spigotplugincreatertool.BxWinLab.Stage@1191734c
2026-01-27 18:58:31.780 [JavaFX Application Thread] INFO  o.b.s.BxWinLab.Base.BaseLabel - 控件焦点改变至 - org.bxwbb.spigotplugincreatertool.BxWinLab.Scene@673c4ed1
2026-01-27 18:58:31.918 [JavaFX Application Thread] INFO  o.b.s.BxWinLab.Base.BaseLabel - 控件焦点改变至 - org.bxwbb.spigotplugincreatertool.BxWinLab.Stage@1191734c
2026-01-27 18:58:31.918 [JavaFX Application Thread] INFO  o.b.s.BxWinLab.Base.BaseLabel - 控件焦点改变至 - org.bxwbb.spigotplugincreatertool.BxWinLab.Scene@673c4ed1
2026-01-27 18:58:32.808 [JavaFX Application Thread] INFO  o.b.s.HelloApplication - 执行停止...
2026-01-27 18:58:43.232 [JavaFX-Launcher] INFO  o.b.s.HelloApplication - 执行初始化...
2026-01-27 18:58:43.238 [JavaFX Application Thread] INFO  o.b.s.HelloApplication - 工具开始启动并加载...
2026-01-27 18:58:43.280 [JavaFX Application Thread] INFO  o.b.s.Utils.FileUtil - 成功加载文件/org/bxwbb/spigotplugincreatertool/icon/icon.png
2026-01-27 18:58:43.453 [JavaFX Application Thread] INFO  o.b.s.Utils.FileUtil - 成功加载文件/org/bxwbb/spigotplugincreatertool/icon/Universal/OpenFolder.png
2026-01-27 18:58:43.459 [JavaFX Application Thread] INFO  o.b.s.Utils.FileUtil - 成功加载文件/org/bxwbb/spigotplugincreatertool/icon/Universal/NewProject.png
2026-01-27 18:58:43.461 [JavaFX Application Thread] INFO  o.b.s.Utils.FileUtil - 成功加载文件/org/bxwbb/spigotplugincreatertool/icon/Universal/Setting.png
2026-01-27 18:58:43.463 [JavaFX Application Thread] INFO  o.b.s.Utils.FileUtil - 成功加载文件/org/bxwbb/spigotplugincreatertool/icon/Universal/Learn.png
2026-01-27 18:58:43.465 [JavaFX Application Thread] INFO  o.b.s.Utils.FileUtil - 成功加载文件/org/bxwbb/spigotplugincreatertool/icon/Universal/Quit.png
2026-01-27 18:58:47.382 [JavaFX Application Thread] INFO  o.b.s.BxWinLab.Base.BaseLabel - 控件焦点改变至 - org.bxwbb.spigotplugincreatertool.BxWinLab.Stage@6fd35ce1
2026-01-27 18:58:48.135 [JavaFX Application Thread] INFO  o.b.s.BxWinLab.Base.BaseLabel - 控件焦点改变至 - org.bxwbb.spigotplugincreatertool.BxWinLab.Stage@6fd35ce1
2026-01-27 18:58:48.655 [JavaFX Application Thread] INFO  o.b.s.BxWinLab.Base.BaseLabel - 控件焦点改变至 - org.bxwbb.spigotplugincreatertool.BxWinLab.Stage@6fd35ce1
2026-01-27 18:58:54.963 [JavaFX Application Thread] INFO  o.b.s.HelloApplication - 执行停止...
2026-01-27 18:59:39.753 [JavaFX-Launcher] INFO  o.b.s.HelloApplication - 执行初始化...
2026-01-27 18:59:39.759 [JavaFX Application Thread] INFO  o.b.s.HelloApplication - 工具开始启动并加载...
2026-01-27 18:59:39.802 [JavaFX Application Thread] INFO  o.b.s.Utils.FileUtil - 成功加载文件/org/bxwbb/spigotplugincreatertool/icon/icon.png
2026-01-27 18:59:39.969 [JavaFX Application Thread] INFO  o.b.s.Utils.FileUtil - 成功加载文件/org/bxwbb/spigotplugincreatertool/icon/Universal/OpenFolder.png
2026-01-27 18:59:39.974 [JavaFX Application Thread] INFO  o.b.s.Utils.FileUtil - 成功加载文件/org/bxwbb/spigotplugincreatertool/icon/Universal/NewProject.png
2026-01-27 18:59:39.977 [JavaFX Application Thread] INFO  o.b.s.Utils.FileUtil - 成功加载文件/org/bxwbb/spigotplugincreatertool/icon/Universal/Setting.png
2026-01-27 18:59:39.979 [JavaFX Application Thread] INFO  o.b.s.Utils.FileUtil - 成功加载文件/org/bxwbb/spigotplugincreatertool/icon/Universal/Learn.png
2026-01-27 18:59:39.981 [JavaFX Application Thread] INFO  o.b.s.Utils.FileUtil - 成功加载文件/org/bxwbb/spigotplugincreatertool/icon/Universal/Quit.png
2026-01-27 18:59:41.628 [JavaFX Application Thread] INFO  o.b.s.BxWinLab.Base.BaseLabel - 控件焦点改变至 - org.bxwbb.spigotplugincreatertool.BxWinLab.Stage@6fd35ce1
2026-01-27 18:59:41.629 [JavaFX Application Thread] INFO  o.b.s.BxWinLab.Base.BaseLabel - 控件焦点改变至 - org.bxwbb.spigotplugincreatertool.BxWinLab.ImageTextButtonBox@1191734c
2026-01-27 19:00:10.553 [JavaFX Application Thread] INFO  o.b.s.BxWinLab.Base.BaseLabel - 控件焦点改变至 - org.bxwbb.spigotplugincreatertool.BxWinLab.Stage@3768e8da
2026-01-27 19:00:10.553 [JavaFX Application Thread] INFO  o.b.s.BxWinLab.Base.BaseLabel - 控件焦点改变至 - org.bxwbb.spigotplugincreatertool.BxWinLab.ImageTextButtonBox@636d6cdd
2026-01-27 19:00:13.000 [JavaFX Application Thread] INFO  o.b.s.BxWinLab.Base.BaseLabel - 控件焦点改变至 - org.bxwbb.spigotplugincreatertool.BxWinLab.Stage@68a5adbf
2026-01-27 19:00:13.000 [JavaFX Application Thread] INFO  o.b.s.BxWinLab.Base.BaseLabel - 控件焦点改变至 - org.bxwbb.spigotplugincreatertool.BxWinLab.ImageTextButtonBox@26ce4e65
2026-01-27 19:00:14.617 [JavaFX Application Thread] INFO  o.b.s.BxWinLab.Base.BaseLabel - 控件焦点改变至 - org.bxwbb.spigotplugincreatertool.BxWinLab.Stage@56104c5e
2026-01-27 19:00:14.617 [JavaFX Application Thread] INFO  o.b.s.BxWinLab.Base.BaseLabel - 控件焦点改变至 - org.bxwbb.spigotplugincreatertool.BxWinLab.ImageTextButtonBox@5e13c9c5
2026-01-27 19:00:15.728 [JavaFX Application Thread] INFO  o.b.s.BxWinLab.Base.BaseLabel - 控件焦点改变至 - org.bxwbb.spigotplugincreatertool.BxWinLab.Stage@56104c5e
2026-01-27 19:00:15.728 [JavaFX Application Thread] INFO  o.b.s.BxWinLab.Base.BaseLabel - 控件焦点改变至 - org.bxwbb.spigotplugincreatertool.BxWinLab.ImageTextButtonBox@5e13c9c5
2026-01-27 19:00:17.116 [JavaFX Application Thread] INFO  o.b.s.BxWinLab.Base.BaseLabel - 控件焦点改变至 - org.bxwbb.spigotplugincreatertool.BxWinLab.Stage@1b1e5fed
2026-01-27 19:00:17.116 [JavaFX Application Thread] INFO  o.b.s.BxWinLab.Base.BaseLabel - 控件焦点改变至 - org.bxwbb.spigotplugincreatertool.BxWinLab.ImageTextButtonBox@4f77978d
2026-01-27 19:00:23.250 [JavaFX Application Thread] INFO  o.b.s.BxWinLab.Base.BaseLabel - 控件焦点改变至 - org.bxwbb.spigotplugincreatertool.BxWinLab.TextBox@4a797c40
2026-01-27 19:00:24.435 [JavaFX Application Thread] INFO  o.b.s.BxWinLab.Base.BaseLabel - 控件焦点改变至 - org.bxwbb.spigotplugincreatertool.BxWinLab.TextBox@4a797c40
2026-01-27 19:00:25.140 [JavaFX Application Thread] INFO  o.b.s.BxWinLab.Base.BaseLabel - 控件焦点改变至 - org.bxwbb.spigotplugincreatertool.BxWinLab.TextBox@4a797c40
2026-01-27 19:00:26.924 [JavaFX Application Thread] INFO  o.b.s.BxWinLab.Base.BaseLabel - 控件焦点改变至 - org.bxwbb.spigotplugincreatertool.BxWinLab.Stage@6fd35ce1
2026-01-27 19:00:26.924 [JavaFX Application Thread] INFO  o.b.s.BxWinLab.Base.BaseLabel - 控件焦点改变至 - org.bxwbb.spigotplugincreatertool.BxWinLab.ImageTextButtonBox@1191734c
2026-01-27 19:00:30.246 [JavaFX Application Thread] INFO  o.b.s.BxWinLab.Base.BaseLabel - 控件焦点改变至 - org.bxwbb.spigotplugincreatertool.BxWinLab.Stage@6fd35ce1
2026-01-27 19:00:30.246 [JavaFX Application Thread] INFO  o.b.s.BxWinLab.Base.BaseLabel - 控件焦点改变至 - org.bxwbb.spigotplugincreatertool.BxWinLab.ImageTextButtonBox@1191734c
2026-01-27 19:00:38.249 [JavaFX Application Thread] INFO  o.b.s.BxWinLab.Base.BaseLabel - 控件焦点改变至 - org.bxwbb.spigotplugincreatertool.BxWinLab.Stage@1b1e5fed
2026-01-27 19:00:38.250 [JavaFX Application Thread] INFO  o.b.s.BxWinLab.Base.BaseLabel - 控件焦点改变至 - org.bxwbb.spigotplugincreatertool.BxWinLab.ImageTextButtonBox@4f77978d
2026-01-27 19:00:39.476 [JavaFX Application Thread] INFO  o.b.s.BxWinLab.Base.BaseLabel - 控件焦点改变至 - org.bxwbb.spigotplugincreatertool.BxWinLab.Stage@40344594
2026-01-27 19:00:40.123 [JavaFX Application Thread] INFO  o.b.s.BxWinLab.Base.BaseLabel - 控件焦点改变至 - org.bxwbb.spigotplugincreatertool.BxWinLab.Stage@40344594
2026-01-27 19:00:40.389 [JavaFX Application Thread] INFO  o.b.s.BxWinLab.Base.BaseLabel - 控件焦点改变至 - org.bxwbb.spigotplugincreatertool.BxWinLab.Stage@40344594
2026-01-27 19:00:40.625 [JavaFX Application Thread] INFO  o.b.s.BxWinLab.Base.BaseLabel - 控件焦点改变至 - org.bxwbb.spigotplugincreatertool.BxWinLab.Stage@40344594
2026-01-27 19:00:41.688 [JavaFX Application Thread] INFO  o.b.s.BxWinLab.Base.BaseLabel - 控件焦点改变至 - org.bxwbb.spigotplugincreatertool.BxWinLab.ImageBox@6aaaf69a
2026-01-27 19:00:42.327 [JavaFX Application Thread] INFO  o.b.s.BxWinLab.Base.BaseLabel - 控件焦点改变至 - org.bxwbb.spigotplugincreatertool.BxWinLab.ImageBox@6aaaf69a
2026-01-27 19:00:42.642 [JavaFX Application Thread] INFO  o.b.s.BxWinLab.Base.BaseLabel - 控件焦点改变至 - org.bxwbb.spigotplugincreatertool.BxWinLab.ImageBox@6aaaf69a
2026-01-27 19:00:43.625 [JavaFX Application Thread] INFO  o.b.s.BxWinLab.Base.BaseLabel - 控件焦点改变至 - org.bxwbb.spigotplugincreatertool.BxWinLab.Stage@12c4f0b4
2026-01-27 19:00:43.816 [JavaFX Application Thread] INFO  o.b.s.BxWinLab.Base.BaseLabel - 控件焦点改变至 - org.bxwbb.spigotplugincreatertool.BxWinLab.Stage@12c4f0b4
2026-01-27 19:00:44.000 [JavaFX Application Thread] INFO  o.b.s.BxWinLab.Base.BaseLabel - 控件焦点改变至 - org.bxwbb.spigotplugincreatertool.BxWinLab.Stage@12c4f0b4
2026-01-27 19:00:44.666 [JavaFX Application Thread] INFO  o.b.s.BxWinLab.Base.BaseLabel - 控件焦点改变至 - org.bxwbb.spigotplugincreatertool.BxWinLab.Stage@12c4f0b4
2026-01-27 19:00:46.637 [JavaFX Application Thread] INFO  o.b.s.BxWinLab.Base.BaseLabel - 控件焦点改变至 - org.bxwbb.spigotplugincreatertool.BxWinLab.ImageBox@6aaaf69a
2026-01-27 19:00:48.117 [JavaFX Application Thread] INFO  o.b.s.BxWinLab.Base.BaseLabel - 控件焦点改变至 - org.bxwbb.spigotplugincreatertool.BxWinLab.Stage@40344594
2026-01-27 19:00:50.061 [JavaFX Application Thread] INFO  o.b.s.HelloApplication - 执行停止...
2026-01-27 19:06:57.300 [JavaFX-Launcher] INFO  o.b.s.HelloApplication - 执行初始化...
2026-01-27 19:06:57.306 [JavaFX Application Thread] INFO  o.b.s.HelloApplication - 工具开始启动并加载...
2026-01-27 19:06:57.350 [JavaFX Application Thread] INFO  o.b.s.Utils.FileUtil - 成功加载文件/org/bxwbb/spigotplugincreatertool/icon/icon.png
2026-01-27 19:06:57.526 [JavaFX Application Thread] INFO  o.b.s.Utils.FileUtil - 成功加载文件/org/bxwbb/spigotplugincreatertool/icon/Universal/OpenFolder.png
2026-01-27 19:06:57.532 [JavaFX Application Thread] INFO  o.b.s.Utils.FileUtil - 成功加载文件/org/bxwbb/spigotplugincreatertool/icon/Universal/NewProject.png
2026-01-27 19:06:57.534 [JavaFX Application Thread] INFO  o.b.s.Utils.FileUtil - 成功加载文件/org/bxwbb/spigotplugincreatertool/icon/Universal/Setting.png
2026-01-27 19:06:57.537 [JavaFX Application Thread] INFO  o.b.s.Utils.FileUtil - 成功加载文件/org/bxwbb/spigotplugincreatertool/icon/Universal/Learn.png
2026-01-27 19:06:57.539 [JavaFX Application Thread] INFO  o.b.s.Utils.FileUtil - 成功加载文件/org/bxwbb/spigotplugincreatertool/icon/Universal/Quit.png
2026-01-27 19:06:58.901 [JavaFX Application Thread] INFO  o.b.s.BxWinLab.Base.BaseLabel - 控件焦点改变至 - org.bxwbb.spigotplugincreatertool.BxWinLab.Stage@21c17369
2026-01-27 19:06:58.901 [JavaFX Application Thread] INFO  o.b.s.BxWinLab.Base.BaseLabel - 控件焦点改变至 - org.bxwbb.spigotplugincreatertool.BxWinLab.SwitchBox@3b8a9988
2026-01-27 19:06:59.412 [JavaFX Application Thread] INFO  o.b.s.BxWinLab.Base.BaseLabel - 控件焦点改变至 - org.bxwbb.spigotplugincreatertool.BxWinLab.Stage@21c17369
2026-01-27 19:06:59.413 [JavaFX Application Thread] INFO  o.b.s.BxWinLab.Base.BaseLabel - 控件焦点改变至 - org.bxwbb.spigotplugincreatertool.BxWinLab.SwitchBox@3b8a9988
2026-01-27 19:07:00.077 [JavaFX Application Thread] INFO  o.b.s.BxWinLab.Base.BaseLabel - 控件焦点改变至 - org.bxwbb.spigotplugincreatertool.BxWinLab.Stage@21c17369
2026-01-27 19:07:00.077 [JavaFX Application Thread] INFO  o.b.s.BxWinLab.Base.BaseLabel - 控件焦点改变至 - org.bxwbb.spigotplugincreatertool.BxWinLab.SwitchBox@3b8a9988
2026-01-27 19:07:04.375 [JavaFX Application Thread] INFO  o.b.s.BxWinLab.Base.BaseLabel - 控件焦点改变至 - org.bxwbb.spigotplugincreatertool.BxWinLab.Stage@4c6a3630
2026-01-27 19:07:04.375 [JavaFX Application Thread] INFO  o.b.s.BxWinLab.Base.BaseLabel - 控件焦点改变至 - org.bxwbb.spigotplugincreatertool.BxWinLab.ImageTextButtonBox@6d77d586
2026-01-27 19:07:04.911 [JavaFX Application Thread] INFO  o.b.s.BxWinLab.Base.BaseLabel - 控件焦点改变至 - org.bxwbb.spigotplugincreatertool.BxWinLab.Stage@7c5a4f5d
2026-01-27 19:07:04.911 [JavaFX Application Thread] INFO  o.b.s.BxWinLab.Base.BaseLabel - 控件焦点改变至 - org.bxwbb.spigotplugincreatertool.BxWinLab.ImageTextButtonBox@e39a71e
2026-01-27 19:07:05.224 [JavaFX Application Thread] INFO  o.b.s.BxWinLab.Base.BaseLabel - 控件焦点改变至 - org.bxwbb.spigotplugincreatertool.BxWinLab.Stage@137fcb5f
2026-01-27 19:07:05.224 [JavaFX Application Thread] INFO  o.b.s.BxWinLab.Base.BaseLabel - 控件焦点改变至 - org.bxwbb.spigotplugincreatertool.BxWinLab.ImageTextButtonBox@40f7e753
2026-01-27 19:07:05.626 [JavaFX Application Thread] INFO  o.b.s.BxWinLab.Base.BaseLabel - 控件焦点改变至 - org.bxwbb.spigotplugincreatertool.BxWinLab.Stage@6ef978b7
2026-01-27 19:07:05.626 [JavaFX Application Thread] INFO  o.b.s.BxWinLab.Base.BaseLabel - 控件焦点改变至 - org.bxwbb.spigotplugincreatertool.BxWinLab.ImageTextButtonBox@2d3b3321
2026-01-27 19:07:05.914 [JavaFX Application Thread] INFO  o.b.s.BxWinLab.Base.BaseLabel - 控件焦点改变至 - org.bxwbb.spigotplugincreatertool.BxWinLab.Stage@407320ea
2026-01-27 19:07:06.188 [JavaFX Application Thread] INFO  o.b.s.BxWinLab.Base.BaseLabel - 控件焦点改变至 - org.bxwbb.spigotplugincreatertool.BxWinLab.Stage@18b37c3a
2026-01-27 19:07:06.188 [JavaFX Application Thread] INFO  o.b.s.BxWinLab.Base.BaseLabel - 控件焦点改变至 - org.bxwbb.spigotplugincreatertool.BxWinLab.ImageTextButtonBox@d705d91
2026-01-27 19:07:08.664 [JavaFX Application Thread] INFO  o.b.s.HelloApplication - 执行停止...
2026-01-27 19:15:49.717 [JavaFX-Launcher] INFO  o.b.s.HelloApplication - 执行初始化...
2026-01-27 19:15:49.724 [JavaFX Application Thread] INFO  o.b.s.HelloApplication - 工具开始启动并加载...
2026-01-27 19:15:49.769 [JavaFX Application Thread] INFO  o.b.s.Utils.FileUtil - 成功加载文件/org/bxwbb/spigotplugincreatertool/icon/icon.png
2026-01-27 19:15:49.942 [JavaFX Application Thread] INFO  o.b.s.Utils.FileUtil - 成功加载文件/org/bxwbb/spigotplugincreatertool/icon/Universal/OpenFolder.png
2026-01-27 19:15:49.947 [JavaFX Application Thread] INFO  o.b.s.Utils.FileUtil - 成功加载文件/org/bxwbb/spigotplugincreatertool/icon/Universal/NewProject.png
2026-01-27 19:15:49.951 [JavaFX Application Thread] INFO  o.b.s.Utils.FileUtil - 成功加载文件/org/bxwbb/spigotplugincreatertool/icon/Universal/Setting.png
2026-01-27 19:15:49.953 [JavaFX Application Thread] INFO  o.b.s.Utils.FileUtil - 成功加载文件/org/bxwbb/spigotplugincreatertool/icon/Universal/Learn.png
2026-01-27 19:15:49.955 [JavaFX Application Thread] INFO  o.b.s.Utils.FileUtil - 成功加载文件/org/bxwbb/spigotplugincreatertool/icon/Universal/Quit.png
2026-01-27 19:15:50.835 [JavaFX Application Thread] INFO  o.b.s.BxWinLab.Base.BaseLabel - 控件焦点改变至 - org.bxwbb.spigotplugincreatertool.BxWinLab.Stage@21c17369
2026-01-27 19:15:50.835 [JavaFX Application Thread] INFO  o.b.s.BxWinLab.Base.BaseLabel - 控件焦点改变至 - org.bxwbb.spigotplugincreatertool.BxWinLab.ImageTextButtonBox@3b8a9988
2026-01-27 19:15:51.291 [JavaFX Application Thread] INFO  o.b.s.BxWinLab.Base.BaseLabel - 控件焦点改变至 - org.bxwbb.spigotplugincreatertool.BxWinLab.Stage@1a0d9c6f
2026-01-27 19:15:51.291 [JavaFX Application Thread] INFO  o.b.s.BxWinLab.Base.BaseLabel - 控件焦点改变至 - org.bxwbb.spigotplugincreatertool.BxWinLab.ImageTextButtonBox@23a6fcae
2026-01-27 19:15:51.772 [JavaFX Application Thread] INFO  o.b.s.BxWinLab.Base.BaseLabel - 控件焦点改变至 - org.bxwbb.spigotplugincreatertool.BxWinLab.Stage@5842dd9b
2026-01-27 19:15:51.772 [JavaFX Application Thread] INFO  o.b.s.BxWinLab.Base.BaseLabel - 控件焦点改变至 - org.bxwbb.spigotplugincreatertool.BxWinLab.ImageTextButtonBox@1d2a85a8
2026-01-27 19:15:52.148 [JavaFX Application Thread] INFO  o.b.s.BxWinLab.Base.BaseLabel - 控件焦点改变至 - org.bxwbb.spigotplugincreatertool.BxWinLab.Stage@6b328c86
2026-01-27 19:15:52.149 [JavaFX Application Thread] INFO  o.b.s.BxWinLab.Base.BaseLabel - 控件焦点改变至 - org.bxwbb.spigotplugincreatertool.BxWinLab.ImageTextButtonBox@7f655ec2
2026-01-27 19:15:52.500 [JavaFX Application Thread] INFO  o.b.s.BxWinLab.Base.BaseLabel - 控件焦点改变至 - org.bxwbb.spigotplugincreatertool.BxWinLab.Stage@3105eab0
2026-01-27 19:15:52.500 [JavaFX Application Thread] INFO  o.b.s.BxWinLab.Base.BaseLabel - 控件焦点改变至 - org.bxwbb.spigotplugincreatertool.BxWinLab.ImageTextButtonBox@784b2efd
2026-01-27 19:15:52.877 [JavaFX Application Thread] INFO  o.b.s.BxWinLab.Base.BaseLabel - 控件焦点改变至 - org.bxwbb.spigotplugincreatertool.BxWinLab.Stage@762cbce
2026-01-27 19:15:52.877 [JavaFX Application Thread] INFO  o.b.s.BxWinLab.Base.BaseLabel - 控件焦点改变至 - org.bxwbb.spigotplugincreatertool.BxWinLab.SwitchBox@522416ae
2026-01-27 19:15:57.139 [JavaFX Application Thread] INFO  o.b.s.BxWinLab.Base.BaseLabel - 控件焦点改变至 - org.bxwbb.spigotplugincreatertool.BxWinLab.Stage@762cbce
2026-01-27 19:15:57.140 [JavaFX Application Thread] INFO  o.b.s.BxWinLab.Base.BaseLabel - 控件焦点改变至 - org.bxwbb.spigotplugincreatertool.BxWinLab.SwitchBox@522416ae
2026-01-27 19:15:58.459 [JavaFX Application Thread] INFO  o.b.s.BxWinLab.Base.BaseLabel - 控件焦点改变至 - org.bxwbb.spigotplugincreatertool.BxWinLab.Stage@762cbce
2026-01-27 19:15:58.459 [JavaFX Application Thread] INFO  o.b.s.BxWinLab.Base.BaseLabel - 控件焦点改变至 - org.bxwbb.spigotplugincreatertool.BxWinLab.SwitchBox@522416ae
2026-01-27 19:16:01.315 [JavaFX Application Thread] INFO  o.b.s.BxWinLab.Base.BaseLabel - 控件焦点改变至 - org.bxwbb.spigotplugincreatertool.BxWinLab.Stage@762cbce
2026-01-27 19:16:01.315 [JavaFX Application Thread] INFO  o.b.s.BxWinLab.Base.BaseLabel - 控件焦点改变至 - org.bxwbb.spigotplugincreatertool.BxWinLab.SwitchBox@522416ae
2026-01-27 19:16:02.285 [JavaFX Application Thread] INFO  o.b.s.BxWinLab.Base.BaseLabel - 控件焦点改变至 - org.bxwbb.spigotplugincreatertool.BxWinLab.Stage@762cbce
2026-01-27 19:16:02.285 [JavaFX Application Thread] INFO  o.b.s.BxWinLab.Base.BaseLabel - 控件焦点改变至 - org.bxwbb.spigotplugincreatertool.BxWinLab.SwitchBox@522416ae
2026-01-27 19:16:03.550 [JavaFX Application Thread] INFO  o.b.s.BxWinLab.Base.BaseLabel - 控件焦点改变至 - org.bxwbb.spigotplugincreatertool.BxWinLab.Stage@762cbce
2026-01-27 19:16:03.550 [JavaFX Application Thread] INFO  o.b.s.BxWinLab.Base.BaseLabel - 控件焦点改变至 - org.bxwbb.spigotplugincreatertool.BxWinLab.SwitchBox@522416ae
2026-01-27 19:16:05.606 [JavaFX Application Thread] INFO  o.b.s.BxWinLab.Base.BaseLabel - 控件焦点改变至 - org.bxwbb.spigotplugincreatertool.BxWinLab.Stage@762cbce
2026-01-27 19:16:05.606 [JavaFX Application Thread] INFO  o.b.s.BxWinLab.Base.BaseLabel - 控件焦点改变至 - org.bxwbb.spigotplugincreatertool.BxWinLab.SwitchBox@522416ae
2026-01-27 19:16:07.354 [JavaFX Application Thread] INFO  o.b.s.HelloApplication - 执行停止...
2026-01-27 19:16:27.393 [JavaFX-Launcher] INFO  o.b.s.HelloApplication - 执行初始化...
2026-01-27 19:16:27.399 [JavaFX Application Thread] INFO  o.b.s.HelloApplication - 工具开始启动并加载...
2026-01-27 19:16:27.441 [JavaFX Application Thread] INFO  o.b.s.Utils.FileUtil - 成功加载文件/org/bxwbb/spigotplugincreatertool/icon/icon.png
2026-01-27 19:16:27.611 [JavaFX Application Thread] INFO  o.b.s.Utils.FileUtil - 成功加载文件/org/bxwbb/spigotplugincreatertool/icon/Universal/OpenFolder.png
2026-01-27 19:16:27.617 [JavaFX Application Thread] INFO  o.b.s.Utils.FileUtil - 成功加载文件/org/bxwbb/spigotplugincreatertool/icon/Universal/NewProject.png
2026-01-27 19:16:27.622 [JavaFX Application Thread] INFO  o.b.s.Utils.FileUtil - 成功加载文件/org/bxwbb/spigotplugincreatertool/icon/Universal/Setting.png
2026-01-27 19:16:27.625 [JavaFX Application Thread] INFO  o.b.s.Utils.FileUtil - 成功加载文件/org/bxwbb/spigotplugincreatertool/icon/Universal/Learn.png
2026-01-27 19:16:27.626 [JavaFX Application Thread] INFO  o.b.s.Utils.FileUtil - 成功加载文件/org/bxwbb/spigotplugincreatertool/icon/Universal/Quit.png
2026-01-27 19:16:28.937 [JavaFX Application Thread] INFO  o.b.s.BxWinLab.Base.BaseLabel - 控件焦点改变至 - org.bxwbb.spigotplugincreatertool.BxWinLab.Stage@1be26110
2026-01-27 19:16:28.938 [JavaFX Application Thread] INFO  o.b.s.BxWinLab.Base.BaseLabel - 控件焦点改变至 - org.bxwbb.spigotplugincreatertool.BxWinLab.ImageTextButtonBox@5d0b37d9
2026-01-27 19:16:29.238 [JavaFX Application Thread] INFO  o.b.s.BxWinLab.Base.BaseLabel - 控件焦点改变至 - org.bxwbb.spigotplugincreatertool.BxWinLab.Stage@56104c5e
2026-01-27 19:16:29.239 [JavaFX Application Thread] INFO  o.b.s.BxWinLab.Base.BaseLabel - 控件焦点改变至 - org.bxwbb.spigotplugincreatertool.BxWinLab.ImageTextButtonBox@5e13c9c5
2026-01-27 19:16:29.537 [JavaFX Application Thread] INFO  o.b.s.BxWinLab.Base.BaseLabel - 控件焦点改变至 - org.bxwbb.spigotplugincreatertool.BxWinLab.Stage@1b1e5fed
2026-01-27 19:16:29.537 [JavaFX Application Thread] INFO  o.b.s.BxWinLab.Base.BaseLabel - 控件焦点改变至 - org.bxwbb.spigotplugincreatertool.BxWinLab.ImageTextButtonBox@4f77978d
2026-01-27 19:16:29.858 [JavaFX Application Thread] INFO  o.b.s.BxWinLab.Base.BaseLabel - 控件焦点改变至 - org.bxwbb.spigotplugincreatertool.BxWinLab.Stage@1bd15081
2026-01-27 19:16:29.858 [JavaFX Application Thread] INFO  o.b.s.BxWinLab.Base.BaseLabel - 控件焦点改变至 - org.bxwbb.spigotplugincreatertool.BxWinLab.ImageTextButtonBox@5b4cffdf
2026-01-27 19:16:30.140 [JavaFX Application Thread] INFO  o.b.s.BxWinLab.Base.BaseLabel - 控件焦点改变至 - org.bxwbb.spigotplugincreatertool.BxWinLab.Stage@32c4226c
2026-01-27 19:16:30.509 [JavaFX Application Thread] INFO  o.b.s.BxWinLab.Base.BaseLabel - 控件焦点改变至 - org.bxwbb.spigotplugincreatertool.BxWinLab.Stage@41fc1046
2026-01-27 19:16:30.509 [JavaFX Application Thread] INFO  o.b.s.BxWinLab.Base.BaseLabel - 控件焦点改变至 - org.bxwbb.spigotplugincreatertool.BxWinLab.ImageTextButtonBox@50b805a0
2026-01-27 19:16:30.840 [JavaFX Application Thread] INFO  o.b.s.BxWinLab.Base.BaseLabel - 控件焦点改变至 - org.bxwbb.spigotplugincreatertool.BxWinLab.Stage@6c36aa6f
2026-01-27 19:16:30.840 [JavaFX Application Thread] INFO  o.b.s.BxWinLab.Base.BaseLabel - 控件焦点改变至 - org.bxwbb.spigotplugincreatertool.BxWinLab.SwitchBox@7ff222c7
2026-01-27 19:16:32.268 [JavaFX Application Thread] INFO  o.b.s.BxWinLab.Base.BaseLabel - 控件焦点改变至 - org.bxwbb.spigotplugincreatertool.BxWinLab.Stage@6c36aa6f
2026-01-27 19:16:32.268 [JavaFX Application Thread] INFO  o.b.s.BxWinLab.Base.BaseLabel - 控件焦点改变至 - org.bxwbb.spigotplugincreatertool.BxWinLab.SwitchBox@7ff222c7
2026-01-27 19:16:33.261 [JavaFX Application Thread] INFO  o.b.s.BxWinLab.Base.BaseLabel - 控件焦点改变至 - org.bxwbb.spigotplugincreatertool.BxWinLab.Stage@6c36aa6f
2026-01-27 19:16:33.262 [JavaFX Application Thread] INFO  o.b.s.BxWinLab.Base.BaseLabel - 控件焦点改变至 - org.bxwbb.spigotplugincreatertool.BxWinLab.SwitchBox@7ff222c7
2026-01-27 19:16:34.957 [JavaFX Application Thread] INFO  o.b.s.BxWinLab.Base.BaseLabel - 控件焦点改变至 - org.bxwbb.spigotplugincreatertool.BxWinLab.Stage@6c36aa6f
2026-01-27 19:16:34.957 [JavaFX Application Thread] INFO  o.b.s.BxWinLab.Base.BaseLabel - 控件焦点改变至 - org.bxwbb.spigotplugincreatertool.BxWinLab.SwitchBox@7ff222c7
2026-01-27 19:16:36.001 [JavaFX Application Thread] INFO  o.b.s.HelloApplication - 执行停止...
2026-01-27 19:16:46.466 [JavaFX-Launcher] INFO  o.b.s.HelloApplication - 执行初始化...
2026-01-27 19:16:46.471 [JavaFX Application Thread] INFO  o.b.s.HelloApplication - 工具开始启动并加载...
2026-01-27 19:16:46.515 [JavaFX Application Thread] INFO  o.b.s.Utils.FileUtil - 成功加载文件/org/bxwbb/spigotplugincreatertool/icon/icon.png
2026-01-27 19:16:46.690 [JavaFX Application Thread] INFO  o.b.s.Utils.FileUtil - 成功加载文件/org/bxwbb/spigotplugincreatertool/icon/Universal/OpenFolder.png
2026-01-27 19:16:46.697 [JavaFX Application Thread] INFO  o.b.s.Utils.FileUtil - 成功加载文件/org/bxwbb/spigotplugincreatertool/icon/Universal/NewProject.png
2026-01-27 19:16:46.700 [JavaFX Application Thread] INFO  o.b.s.Utils.FileUtil - 成功加载文件/org/bxwbb/spigotplugincreatertool/icon/Universal/Setting.png
2026-01-27 19:16:46.702 [JavaFX Application Thread] INFO  o.b.s.Utils.FileUtil - 成功加载文件/org/bxwbb/spigotplugincreatertool/icon/Universal/Learn.png
2026-01-27 19:16:46.707 [JavaFX Application Thread] INFO  o.b.s.Utils.FileUtil - 成功加载文件/org/bxwbb/spigotplugincreatertool/icon/Universal/Quit.png
2026-01-27 19:16:47.919 [JavaFX Application Thread] INFO  o.b.s.BxWinLab.Base.BaseLabel - 控件焦点改变至 - org.bxwbb.spigotplugincreatertool.BxWinLab.Stage@8c3f73a
2026-01-27 19:16:47.919 [JavaFX Application Thread] INFO  o.b.s.BxWinLab.Base.BaseLabel - 控件焦点改变至 - org.bxwbb.spigotplugincreatertool.BxWinLab.SwitchBox@29cfa6a2
2026-01-27 19:16:49.281 [JavaFX Application Thread] INFO  o.b.s.BxWinLab.Base.BaseLabel - 控件焦点改变至 - org.bxwbb.spigotplugincreatertool.BxWinLab.Stage@8c3f73a
2026-01-27 19:16:49.281 [JavaFX Application Thread] INFO  o.b.s.BxWinLab.Base.BaseLabel - 控件焦点改变至 - org.bxwbb.spigotplugincreatertool.BxWinLab.SwitchBox@29cfa6a2
2026-01-27 19:16:50.179 [JavaFX Application Thread] INFO  o.b.s.BxWinLab.Base.BaseLabel - 控件焦点改变至 - org.bxwbb.spigotplugincreatertool.BxWinLab.Stage@8c3f73a
2026-01-27 19:16:50.179 [JavaFX Application Thread] INFO  o.b.s.BxWinLab.Base.BaseLabel - 控件焦点改变至 - org.bxwbb.spigotplugincreatertool.BxWinLab.SwitchBox@29cfa6a2
2026-01-27 19:16:52.138 [JavaFX Application Thread] INFO  o.b.s.BxWinLab.Base.BaseLabel - 控件焦点改变至 - org.bxwbb.spigotplugincreatertool.BxWinLab.Stage@26ce4e65
2026-01-27 19:16:52.798 [JavaFX Application Thread] INFO  o.b.s.BxWinLab.Base.BaseLabel - 控件焦点改变至 - org.bxwbb.spigotplugincreatertool.BxWinLab.Stage@8c3f73a
2026-01-27 19:16:52.798 [JavaFX Application Thread] INFO  o.b.s.BxWinLab.Base.BaseLabel - 控件焦点改变至 - org.bxwbb.spigotplugincreatertool.BxWinLab.SwitchBox@29cfa6a2
2026-01-27 19:16:54.141 [JavaFX Application Thread] INFO  o.b.s.HelloApplication - 执行停止...
2026-01-27 19:19:26.754 [JavaFX-Launcher] INFO  o.b.s.HelloApplication - 执行初始化...
2026-01-27 19:19:26.759 [JavaFX Application Thread] INFO  o.b.s.HelloApplication - 工具开始启动并加载...
2026-01-27 19:19:26.802 [JavaFX Application Thread] INFO  o.b.s.Utils.FileUtil - 成功加载文件/org/bxwbb/spigotplugincreatertool/icon/icon.png
2026-01-27 19:19:26.983 [JavaFX Application Thread] INFO  o.b.s.Utils.FileUtil - 成功加载文件/org/bxwbb/spigotplugincreatertool/icon/Universal/OpenFolder.png
2026-01-27 19:19:26.988 [JavaFX Application Thread] INFO  o.b.s.Utils.FileUtil - 成功加载文件/org/bxwbb/spigotplugincreatertool/icon/Universal/NewProject.png
2026-01-27 19:19:26.991 [JavaFX Application Thread] INFO  o.b.s.Utils.FileUtil - 成功加载文件/org/bxwbb/spigotplugincreatertool/icon/Universal/Setting.png
2026-01-27 19:19:26.993 [JavaFX Application Thread] INFO  o.b.s.Utils.FileUtil - 成功加载文件/org/bxwbb/spigotplugincreatertool/icon/Universal/Learn.png
2026-01-27 19:19:26.995 [JavaFX Application Thread] INFO  o.b.s.Utils.FileUtil - 成功加载文件/org/bxwbb/spigotplugincreatertool/icon/Universal/Quit.png
2026-01-27 19:19:28.300 [JavaFX Application Thread] INFO  o.b.s.BxWinLab.Base.BaseLabel - 控件焦点改变至 - org.bxwbb.spigotplugincreatertool.BxWinLab.Stage@27bdd181
2026-01-27 19:19:28.300 [JavaFX Application Thread] INFO  o.b.s.BxWinLab.Base.BaseLabel - 控件焦点改变至 - org.bxwbb.spigotplugincreatertool.BxWinLab.SwitchBox@64b358
2026-01-27 19:19:28.944 [JavaFX Application Thread] INFO  o.b.s.BxWinLab.Base.BaseLabel - 控件焦点改变至 - org.bxwbb.spigotplugincreatertool.BxWinLab.Stage@55985dda
2026-01-27 19:19:29.848 [JavaFX Application Thread] INFO  o.b.s.BxWinLab.Base.BaseLabel - 控件焦点改变至 - org.bxwbb.spigotplugincreatertool.BxWinLab.Stage@55985dda
2026-01-27 19:19:30.256 [JavaFX Application Thread] INFO  o.b.s.BxWinLab.Base.BaseLabel - 控件焦点改变至 - org.bxwbb.spigotplugincreatertool.BxWinLab.Stage@55985dda
2026-01-27 19:19:30.816 [JavaFX Application Thread] INFO  o.b.s.BxWinLab.Base.BaseLabel - 控件焦点改变至 - org.bxwbb.spigotplugincreatertool.BxWinLab.Stage@27bdd181
2026-01-27 19:19:30.816 [JavaFX Application Thread] INFO  o.b.s.BxWinLab.Base.BaseLabel - 控件焦点改变至 - org.bxwbb.spigotplugincreatertool.BxWinLab.SwitchBox@64b358
2026-01-27 19:19:31.632 [JavaFX Application Thread] INFO  o.b.s.BxWinLab.Base.BaseLabel - 控件焦点改变至 - org.bxwbb.spigotplugincreatertool.BxWinLab.Stage@27bdd181
2026-01-27 19:19:31.633 [JavaFX Application Thread] INFO  o.b.s.BxWinLab.Base.BaseLabel - 控件焦点改变至 - org.bxwbb.spigotplugincreatertool.BxWinLab.SwitchBox@64b358
2026-01-27 19:19:32.186 [JavaFX Application Thread] INFO  o.b.s.BxWinLab.Base.BaseLabel - 控件焦点改变至 - org.bxwbb.spigotplugincreatertool.BxWinLab.Stage@55985dda
2026-01-27 19:19:32.487 [JavaFX Application Thread] INFO  o.b.s.BxWinLab.Base.BaseLabel - 控件焦点改变至 - org.bxwbb.spigotplugincreatertool.BxWinLab.Stage@55985dda
2026-01-27 19:19:32.648 [JavaFX Application Thread] INFO  o.b.s.BxWinLab.Base.BaseLabel - 控件焦点改变至 - org.bxwbb.spigotplugincreatertool.BxWinLab.Stage@55985dda
2026-01-27 19:19:32.760 [JavaFX Application Thread] INFO  o.b.s.BxWinLab.Base.BaseLabel - 控件焦点改变至 - org.bxwbb.spigotplugincreatertool.BxWinLab.Stage@55985dda
2026-01-27 19:19:36.159 [JavaFX Application Thread] INFO  o.b.s.BxWinLab.Base.BaseLabel - 控件焦点改变至 - org.bxwbb.spigotplugincreatertool.BxWinLab.Stage@55985dda
2026-01-27 19:19:36.304 [JavaFX Application Thread] INFO  o.b.s.BxWinLab.Base.BaseLabel - 控件焦点改变至 - org.bxwbb.spigotplugincreatertool.BxWinLab.Stage@55985dda
2026-01-27 19:19:36.647 [JavaFX Application Thread] INFO  o.b.s.BxWinLab.Base.BaseLabel - 控件焦点改变至 - org.bxwbb.spigotplugincreatertool.BxWinLab.Stage@27bdd181
2026-01-27 19:19:36.647 [JavaFX Application Thread] INFO  o.b.s.BxWinLab.Base.BaseLabel - 控件焦点改变至 - org.bxwbb.spigotplugincreatertool.BxWinLab.SwitchBox@64b358
2026-01-27 19:19:37.230 [JavaFX Application Thread] INFO  o.b.s.BxWinLab.Base.BaseLabel - 控件焦点改变至 - org.bxwbb.spigotplugincreatertool.BxWinLab.Stage@27bdd181
2026-01-27 19:19:37.230 [JavaFX Application Thread] INFO  o.b.s.BxWinLab.Base.BaseLabel - 控件焦点改变至 - org.bxwbb.spigotplugincreatertool.BxWinLab.SwitchBox@64b358
2026-01-27 19:19:37.975 [JavaFX Application Thread] INFO  o.b.s.BxWinLab.Base.BaseLabel - 控件焦点改变至 - org.bxwbb.spigotplugincreatertool.BxWinLab.Stage@55985dda
2026-01-27 19:19:38.143 [JavaFX Application Thread] INFO  o.b.s.BxWinLab.Base.BaseLabel - 控件焦点改变至 - org.bxwbb.spigotplugincreatertool.BxWinLab.Stage@55985dda
2026-01-27 19:19:38.519 [JavaFX Application Thread] INFO  o.b.s.BxWinLab.Base.BaseLabel - 控件焦点改变至 - org.bxwbb.spigotplugincreatertool.BxWinLab.Stage@55985dda
2026-01-27 19:19:38.695 [JavaFX Application Thread] INFO  o.b.s.BxWinLab.Base.BaseLabel - 控件焦点改变至 - org.bxwbb.spigotplugincreatertool.BxWinLab.Stage@55985dda
2026-01-27 19:19:38.863 [JavaFX Application Thread] INFO  o.b.s.BxWinLab.Base.BaseLabel - 控件焦点改变至 - org.bxwbb.spigotplugincreatertool.BxWinLab.Stage@55985dda
2026-01-27 19:19:39.007 [JavaFX Application Thread] INFO  o.b.s.BxWinLab.Base.BaseLabel - 控件焦点改变至 - org.bxwbb.spigotplugincreatertool.BxWinLab.Stage@55985dda
2026-01-27 19:19:39.127 [JavaFX Application Thread] INFO  o.b.s.BxWinLab.Base.BaseLabel - 控件焦点改变至 - org.bxwbb.spigotplugincreatertool.BxWinLab.Stage@55985dda
2026-01-27 19:19:40.352 [JavaFX Application Thread] INFO  o.b.s.HelloApplication - 执行停止...
2026-01-27 19:20:02.557 [JavaFX-Launcher] INFO  o.b.s.HelloApplication - 执行初始化...
2026-01-27 19:20:02.562 [JavaFX Application Thread] INFO  o.b.s.HelloApplication - 工具开始启动并加载...
2026-01-27 19:20:02.605 [JavaFX Application Thread] INFO  o.b.s.Utils.FileUtil - 成功加载文件/org/bxwbb/spigotplugincreatertool/icon/icon.png
2026-01-27 19:20:02.785 [JavaFX Application Thread] INFO  o.b.s.Utils.FileUtil - 成功加载文件/org/bxwbb/spigotplugincreatertool/icon/Universal/OpenFolder.png
2026-01-27 19:20:02.790 [JavaFX Application Thread] INFO  o.b.s.Utils.FileUtil - 成功加载文件/org/bxwbb/spigotplugincreatertool/icon/Universal/NewProject.png
2026-01-27 19:20:02.793 [JavaFX Application Thread] INFO  o.b.s.Utils.FileUtil - 成功加载文件/org/bxwbb/spigotplugincreatertool/icon/Universal/Setting.png
2026-01-27 19:20:02.796 [JavaFX Application Thread] INFO  o.b.s.Utils.FileUtil - 成功加载文件/org/bxwbb/spigotplugincreatertool/icon/Universal/Learn.png
2026-01-27 19:20:02.798 [JavaFX Application Thread] INFO  o.b.s.Utils.FileUtil - 成功加载文件/org/bxwbb/spigotplugincreatertool/icon/Universal/Quit.png
2026-01-27 19:20:03.939 [JavaFX Application Thread] INFO  o.b.s.BxWinLab.Base.BaseLabel - 控件焦点改变至 - org.bxwbb.spigotplugincreatertool.BxWinLab.Stage@29cfa6a2
2026-01-27 19:20:03.939 [JavaFX Application Thread] INFO  o.b.s.BxWinLab.Base.BaseLabel - 控件焦点改变至 - org.bxwbb.spigotplugincreatertool.BxWinLab.SwitchBox@1be26110
2026-01-27 19:20:04.359 [JavaFX Application Thread] INFO  o.b.s.BxWinLab.Base.BaseLabel - 控件焦点改变至 - org.bxwbb.spigotplugincreatertool.BxWinLab.Stage@26ce4e65
2026-01-27 19:20:04.943 [JavaFX Application Thread] INFO  o.b.s.BxWinLab.Base.BaseLabel - 控件焦点改变至 - org.bxwbb.spigotplugincreatertool.BxWinLab.Stage@29cfa6a2
2026-01-27 19:20:04.943 [JavaFX Application Thread] INFO  o.b.s.BxWinLab.Base.BaseLabel - 控件焦点改变至 - org.bxwbb.spigotplugincreatertool.BxWinLab.SwitchBox@1be26110
2026-01-27 19:20:05.431 [JavaFX Application Thread] INFO  o.b.s.BxWinLab.Base.BaseLabel - 控件焦点改变至 - org.bxwbb.spigotplugincreatertool.BxWinLab.Stage@26ce4e65
2026-01-27 19:20:07.368 [JavaFX Application Thread] INFO  o.b.s.BxWinLab.Base.BaseLabel - 控件焦点改变至 - org.bxwbb.spigotplugincreatertool.BxWinLab.Stage@29cfa6a2
2026-01-27 19:20:07.369 [JavaFX Application Thread] INFO  o.b.s.BxWinLab.Base.BaseLabel - 控件焦点改变至 - org.bxwbb.spigotplugincreatertool.BxWinLab.SwitchBox@1be26110
2026-01-27 19:20:07.791 [JavaFX Application Thread] INFO  o.b.s.BxWinLab.Base.BaseLabel - 控件焦点改变至 - org.bxwbb.spigotplugincreatertool.BxWinLab.Stage@26ce4e65
2026-01-27 19:20:08.447 [JavaFX Application Thread] INFO  o.b.s.BxWinLab.Base.BaseLabel - 控件焦点改变至 - org.bxwbb.spigotplugincreatertool.BxWinLab.Stage@56104c5e
2026-01-27 19:20:08.447 [JavaFX Application Thread] INFO  o.b.s.BxWinLab.Base.BaseLabel - 控件焦点改变至 - org.bxwbb.spigotplugincreatertool.BxWinLab.ImageTextButtonBox@5e13c9c5
2026-01-27 19:20:08.952 [JavaFX Application Thread] INFO  o.b.s.BxWinLab.Base.BaseLabel - 控件焦点改变至 - org.bxwbb.spigotplugincreatertool.BxWinLab.Stage@29cfa6a2
2026-01-27 19:20:08.953 [JavaFX Application Thread] INFO  o.b.s.BxWinLab.Base.BaseLabel - 控件焦点改变至 - org.bxwbb.spigotplugincreatertool.BxWinLab.SwitchBox@1be26110
2026-01-27 19:20:09.800 [JavaFX Application Thread] INFO  o.b.s.BxWinLab.Base.BaseLabel - 控件焦点改变至 - org.bxwbb.spigotplugincreatertool.BxWinLab.Stage@26ce4e65
2026-01-27 19:20:11.277 [JavaFX Application Thread] INFO  o.b.s.HelloApplication - 执行停止...
2026-01-27 19:20:33.362 [JavaFX-Launcher] INFO  o.b.s.HelloApplication - 执行初始化...
2026-01-27 19:20:33.369 [JavaFX Application Thread] INFO  o.b.s.HelloApplication - 工具开始启动并加载...
2026-01-27 19:20:33.411 [JavaFX Application Thread] INFO  o.b.s.Utils.FileUtil - 成功加载文件/org/bxwbb/spigotplugincreatertool/icon/icon.png
2026-01-27 19:20:33.588 [JavaFX Application Thread] INFO  o.b.s.Utils.FileUtil - 成功加载文件/org/bxwbb/spigotplugincreatertool/icon/Universal/OpenFolder.png
2026-01-27 19:20:33.594 [JavaFX Application Thread] INFO  o.b.s.Utils.FileUtil - 成功加载文件/org/bxwbb/spigotplugincreatertool/icon/Universal/NewProject.png
2026-01-27 19:20:33.597 [JavaFX Application Thread] INFO  o.b.s.Utils.FileUtil - 成功加载文件/org/bxwbb/spigotplugincreatertool/icon/Universal/Setting.png
2026-01-27 19:20:33.599 [JavaFX Application Thread] INFO  o.b.s.Utils.FileUtil - 成功加载文件/org/bxwbb/spigotplugincreatertool/icon/Universal/Learn.png
2026-01-27 19:20:33.600 [JavaFX Application Thread] INFO  o.b.s.Utils.FileUtil - 成功加载文件/org/bxwbb/spigotplugincreatertool/icon/Universal/Quit.png
2026-01-27 19:20:34.521 [JavaFX Application Thread] INFO  o.b.s.BxWinLab.Base.BaseLabel - 控件焦点改变至 - org.bxwbb.spigotplugincreatertool.BxWinLab.Stage@29cfa6a2
2026-01-27 19:20:34.521 [JavaFX Application Thread] INFO  o.b.s.BxWinLab.Base.BaseLabel - 控件焦点改变至 - org.bxwbb.spigotplugincreatertool.BxWinLab.SwitchBox@1be26110
2026-01-27 19:20:34.765 [JavaFX Application Thread] INFO  o.b.s.BxWinLab.Base.BaseLabel - 控件焦点改变至 - org.bxwbb.spigotplugincreatertool.BxWinLab.Stage@29cfa6a2
2026-01-27 19:20:34.765 [JavaFX Application Thread] INFO  o.b.s.BxWinLab.Base.BaseLabel - 控件焦点改变至 - org.bxwbb.spigotplugincreatertool.BxWinLab.SwitchBox@1be26110
2026-01-27 19:20:35.308 [JavaFX Application Thread] INFO  o.b.s.BxWinLab.Base.BaseLabel - 控件焦点改变至 - org.bxwbb.spigotplugincreatertool.BxWinLab.Stage@29cfa6a2
2026-01-27 19:20:35.308 [JavaFX Application Thread] INFO  o.b.s.BxWinLab.Base.BaseLabel - 控件焦点改变至 - org.bxwbb.spigotplugincreatertool.BxWinLab.SwitchBox@1be26110
2026-01-27 19:20:35.724 [JavaFX Application Thread] INFO  o.b.s.BxWinLab.Base.BaseLabel - 控件焦点改变至 - org.bxwbb.spigotplugincreatertool.BxWinLab.Stage@29cfa6a2
2026-01-27 19:20:35.724 [JavaFX Application Thread] INFO  o.b.s.BxWinLab.Base.BaseLabel - 控件焦点改变至 - org.bxwbb.spigotplugincreatertool.BxWinLab.SwitchBox@1be26110
2026-01-27 19:20:36.133 [JavaFX Application Thread] INFO  o.b.s.BxWinLab.Base.BaseLabel - 控件焦点改变至 - org.bxwbb.spigotplugincreatertool.BxWinLab.Stage@29cfa6a2
2026-01-27 19:20:36.133 [JavaFX Application Thread] INFO  o.b.s.BxWinLab.Base.BaseLabel - 控件焦点改变至 - org.bxwbb.spigotplugincreatertool.BxWinLab.SwitchBox@1be26110
2026-01-27 19:20:36.758 [JavaFX Application Thread] INFO  o.b.s.BxWinLab.Base.BaseLabel - 控件焦点改变至 - org.bxwbb.spigotplugincreatertool.BxWinLab.Stage@29cfa6a2
2026-01-27 19:20:36.758 [JavaFX Application Thread] INFO  o.b.s.BxWinLab.Base.BaseLabel - 控件焦点改变至 - org.bxwbb.spigotplugincreatertool.BxWinLab.SwitchBox@1be26110
2026-01-27 19:20:37.357 [JavaFX Application Thread] INFO  o.b.s.BxWinLab.Base.BaseLabel - 控件焦点改变至 - org.bxwbb.spigotplugincreatertool.BxWinLab.Stage@29cfa6a2
2026-01-27 19:20:37.357 [JavaFX Application Thread] INFO  o.b.s.BxWinLab.Base.BaseLabel - 控件焦点改变至 - org.bxwbb.spigotplugincreatertool.BxWinLab.SwitchBox@1be26110
2026-01-27 19:20:37.965 [JavaFX Application Thread] INFO  o.b.s.BxWinLab.Base.BaseLabel - 控件焦点改变至 - org.bxwbb.spigotplugincreatertool.BxWinLab.Stage@29cfa6a2
2026-01-27 19:20:37.965 [JavaFX Application Thread] INFO  o.b.s.BxWinLab.Base.BaseLabel - 控件焦点改变至 - org.bxwbb.spigotplugincreatertool.BxWinLab.SwitchBox@1be26110
2026-01-27 19:20:38.406 [JavaFX Application Thread] INFO  o.b.s.BxWinLab.Base.BaseLabel - 控件焦点改变至 - org.bxwbb.spigotplugincreatertool.BxWinLab.Stage@29cfa6a2
2026-01-27 19:20:38.406 [JavaFX Application Thread] INFO  o.b.s.BxWinLab.Base.BaseLabel - 控件焦点改变至 - org.bxwbb.spigotplugincreatertool.BxWinLab.SwitchBox@1be26110
2026-01-27 19:20:38.853 [JavaFX Application Thread] INFO  o.b.s.BxWinLab.Base.BaseLabel - 控件焦点改变至 - org.bxwbb.spigotplugincreatertool.BxWinLab.Stage@29cfa6a2
2026-01-27 19:20:38.854 [JavaFX Application Thread] INFO  o.b.s.BxWinLab.Base.BaseLabel - 控件焦点改变至 - org.bxwbb.spigotplugincreatertool.BxWinLab.SwitchBox@1be26110
2026-01-27 19:20:39.277 [JavaFX Application Thread] INFO  o.b.s.BxWinLab.Base.BaseLabel - 控件焦点改变至 - org.bxwbb.spigotplugincreatertool.BxWinLab.Stage@29cfa6a2
2026-01-27 19:20:39.277 [JavaFX Application Thread] INFO  o.b.s.BxWinLab.Base.BaseLabel - 控件焦点改变至 - org.bxwbb.spigotplugincreatertool.BxWinLab.SwitchBox@1be26110
2026-01-27 19:20:39.550 [JavaFX Application Thread] INFO  o.b.s.BxWinLab.Base.BaseLabel - 控件焦点改变至 - org.bxwbb.spigotplugincreatertool.BxWinLab.Stage@29cfa6a2
2026-01-27 19:20:39.550 [JavaFX Application Thread] INFO  o.b.s.BxWinLab.Base.BaseLabel - 控件焦点改变至 - org.bxwbb.spigotplugincreatertool.BxWinLab.SwitchBox@1be26110
2026-01-27 19:20:39.702 [JavaFX Application Thread] INFO  o.b.s.BxWinLab.Base.BaseLabel - 控件焦点改变至 - org.bxwbb.spigotplugincreatertool.BxWinLab.Stage@29cfa6a2
2026-01-27 19:20:39.703 [JavaFX Application Thread] INFO  o.b.s.BxWinLab.Base.BaseLabel - 控件焦点改变至 - org.bxwbb.spigotplugincreatertool.BxWinLab.SwitchBox@1be26110
2026-01-27 19:20:39.862 [JavaFX Application Thread] INFO  o.b.s.BxWinLab.Base.BaseLabel - 控件焦点改变至 - org.bxwbb.spigotplugincreatertool.BxWinLab.Stage@29cfa6a2
2026-01-27 19:20:39.862 [JavaFX Application Thread] INFO  o.b.s.BxWinLab.Base.BaseLabel - 控件焦点改变至 - org.bxwbb.spigotplugincreatertool.BxWinLab.SwitchBox@1be26110
2026-01-27 19:20:39.998 [JavaFX Application Thread] INFO  o.b.s.BxWinLab.Base.BaseLabel - 控件焦点改变至 - org.bxwbb.spigotplugincreatertool.BxWinLab.Stage@29cfa6a2
2026-01-27 19:20:39.998 [JavaFX Application Thread] INFO  o.b.s.BxWinLab.Base.BaseLabel - 控件焦点改变至 - org.bxwbb.spigotplugincreatertool.BxWinLab.SwitchBox@1be26110
2026-01-27 19:20:59.159 [JavaFX Application Thread] INFO  o.b.s.HelloApplication - 执行停止...
2026-01-27 19:32:16.274 [JavaFX-Launcher] INFO  o.b.s.HelloApplication - 执行初始化...
2026-01-27 19:32:16.279 [JavaFX Application Thread] INFO  o.b.s.HelloApplication - 工具开始启动并加载...
2026-01-27 19:32:16.321 [JavaFX Application Thread] INFO  o.b.s.Utils.FileUtil - 成功加载文件/org/bxwbb/spigotplugincreatertool/icon/icon.png
2026-01-27 19:32:16.495 [JavaFX Application Thread] INFO  o.b.s.Utils.FileUtil - 成功加载文件/org/bxwbb/spigotplugincreatertool/icon/Universal/OpenFolder.png
2026-01-27 19:32:16.500 [JavaFX Application Thread] INFO  o.b.s.Utils.FileUtil - 成功加载文件/org/bxwbb/spigotplugincreatertool/icon/Universal/NewProject.png
2026-01-27 19:32:16.503 [JavaFX Application Thread] INFO  o.b.s.Utils.FileUtil - 成功加载文件/org/bxwbb/spigotplugincreatertool/icon/Universal/Setting.png
2026-01-27 19:32:16.505 [JavaFX Application Thread] INFO  o.b.s.Utils.FileUtil - 成功加载文件/org/bxwbb/spigotplugincreatertool/icon/Universal/Learn.png
2026-01-27 19:32:16.507 [JavaFX Application Thread] INFO  o.b.s.Utils.FileUtil - 成功加载文件/org/bxwbb/spigotplugincreatertool/icon/Universal/Quit.png
2026-01-27 19:32:18.656 [JavaFX Application Thread] INFO  o.b.s.BxWinLab.Base.BaseLabel - 控件焦点改变至 - org.bxwbb.spigotplugincreatertool.BxWinLab.Stage@129b64f6
2026-01-27 19:32:18.657 [JavaFX Application Thread] INFO  o.b.s.BxWinLab.Base.BaseLabel - 控件焦点改变至 - org.bxwbb.spigotplugincreatertool.BxWinLab.SwitchBox@6b8f4289
2026-01-27 19:32:19.366 [JavaFX Application Thread] INFO  o.b.s.BxWinLab.Base.BaseLabel - 控件焦点改变至 - org.bxwbb.spigotplugincreatertool.BxWinLab.Stage@129b64f6
2026-01-27 19:32:19.366 [JavaFX Application Thread] INFO  o.b.s.BxWinLab.Base.BaseLabel - 控件焦点改变至 - org.bxwbb.spigotplugincreatertool.BxWinLab.SwitchBox@6b8f4289
2026-01-27 19:32:19.989 [JavaFX Application Thread] INFO  o.b.s.BxWinLab.Base.BaseLabel - 控件焦点改变至 - org.bxwbb.spigotplugincreatertool.BxWinLab.Stage@129b64f6
2026-01-27 19:32:19.990 [JavaFX Application Thread] INFO  o.b.s.BxWinLab.Base.BaseLabel - 控件焦点改变至 - org.bxwbb.spigotplugincreatertool.BxWinLab.SwitchBox@6b8f4289
2026-01-27 19:32:20.685 [JavaFX Application Thread] INFO  o.b.s.BxWinLab.Base.BaseLabel - 控件焦点改变至 - org.bxwbb.spigotplugincreatertool.BxWinLab.Stage@129b64f6
2026-01-27 19:32:20.686 [JavaFX Application Thread] INFO  o.b.s.BxWinLab.Base.BaseLabel - 控件焦点改变至 - org.bxwbb.spigotplugincreatertool.BxWinLab.SwitchBox@6b8f4289
2026-01-27 19:32:22.155 [JavaFX Application Thread] INFO  o.b.s.HelloApplication - 执行停止...
2026-01-27 19:34:26.053 [JavaFX-Launcher] INFO  o.b.s.HelloApplication - 执行初始化...
2026-01-27 19:34:26.059 [JavaFX Application Thread] INFO  o.b.s.HelloApplication - 工具开始启动并加载...
2026-01-27 19:34:26.102 [JavaFX Application Thread] INFO  o.b.s.Utils.FileUtil - 成功加载文件/org/bxwbb/spigotplugincreatertool/icon/icon.png
2026-01-27 19:34:26.273 [JavaFX Application Thread] INFO  o.b.s.Utils.FileUtil - 成功加载文件/org/bxwbb/spigotplugincreatertool/icon/Universal/OpenFolder.png
2026-01-27 19:34:26.279 [JavaFX Application Thread] INFO  o.b.s.Utils.FileUtil - 成功加载文件/org/bxwbb/spigotplugincreatertool/icon/Universal/NewProject.png
2026-01-27 19:34:26.282 [JavaFX Application Thread] INFO  o.b.s.Utils.FileUtil - 成功加载文件/org/bxwbb/spigotplugincreatertool/icon/Universal/Setting.png
2026-01-27 19:34:26.284 [JavaFX Application Thread] INFO  o.b.s.Utils.FileUtil - 成功加载文件/org/bxwbb/spigotplugincreatertool/icon/Universal/Learn.png
2026-01-27 19:34:26.286 [JavaFX Application Thread] INFO  o.b.s.Utils.FileUtil - 成功加载文件/org/bxwbb/spigotplugincreatertool/icon/Universal/Quit.png
2026-01-27 19:34:29.647 [JavaFX Application Thread] INFO  o.b.s.BxWinLab.Base.BaseLabel - 控件焦点改变至 - org.bxwbb.spigotplugincreatertool.BxWinLab.ImageTextButtonBox@47561c83
2026-01-27 19:34:30.538 [JavaFX Application Thread] INFO  o.b.s.BxWinLab.Base.BaseLabel - 控件焦点改变至 - org.bxwbb.spigotplugincreatertool.BxWinLab.ImageTextButtonBox@47561c83
2026-01-27 19:34:31.275 [JavaFX Application Thread] INFO  o.b.s.BxWinLab.Base.BaseLabel - 控件焦点改变至 - org.bxwbb.spigotplugincreatertool.BxWinLab.ImageTextButtonBox@47561c83
2026-01-27 19:34:32.379 [JavaFX Application Thread] INFO  o.b.s.BxWinLab.Base.BaseLabel - 控件焦点改变至 - org.bxwbb.spigotplugincreatertool.BxWinLab.ImageTextButtonBox@47561c83
2026-01-27 19:34:33.388 [JavaFX Application Thread] INFO  o.b.s.BxWinLab.Base.BaseLabel - 控件焦点改变至 - org.bxwbb.spigotplugincreatertool.BxWinLab.SwitchBox@799eaa68
2026-01-27 19:34:33.868 [JavaFX Application Thread] INFO  o.b.s.BxWinLab.Base.BaseLabel - 控件焦点改变至 - org.bxwbb.spigotplugincreatertool.BxWinLab.SwitchBox@799eaa68
2026-01-27 19:34:34.780 [JavaFX Application Thread] INFO  o.b.s.BxWinLab.Base.BaseLabel - 控件焦点改变至 - org.bxwbb.spigotplugincreatertool.BxWinLab.SwitchBox@799eaa68
2026-01-27 19:34:35.468 [JavaFX Application Thread] INFO  o.b.s.BxWinLab.Base.BaseLabel - 控件焦点改变至 - org.bxwbb.spigotplugincreatertool.BxWinLab.SwitchBox@799eaa68
2026-01-27 19:34:36.076 [JavaFX Application Thread] INFO  o.b.s.BxWinLab.Base.BaseLabel - 控件焦点改变至 - org.bxwbb.spigotplugincreatertool.BxWinLab.SwitchBox@799eaa68
2026-01-27 19:34:37.254 [JavaFX Application Thread] INFO  o.b.s.BxWinLab.Base.BaseLabel - 控件焦点改变至 - org.bxwbb.spigotplugincreatertool.BxWinLab.SwitchBox@799eaa68
2026-01-27 19:34:37.829 [JavaFX Application Thread] INFO  o.b.s.BxWinLab.Base.BaseLabel - 控件焦点改变至 - org.bxwbb.spigotplugincreatertool.BxWinLab.SwitchBox@799eaa68
2026-01-27 19:34:38.222 [JavaFX Application Thread] INFO  o.b.s.BxWinLab.Base.BaseLabel - 控件焦点改变至 - org.bxwbb.spigotplugincreatertool.BxWinLab.SwitchBox@799eaa68
2026-01-27 19:34:38.753 [JavaFX Application Thread] INFO  o.b.s.BxWinLab.Base.BaseLabel - 控件焦点改变至 - org.bxwbb.spigotplugincreatertool.BxWinLab.Stage@160cb56c
2026-01-27 19:34:39.446 [JavaFX Application Thread] INFO  o.b.s.BxWinLab.Base.BaseLabel - 控件焦点改变至 - org.bxwbb.spigotplugincreatertool.BxWinLab.SwitchBox@799eaa68
2026-01-27 19:34:40.160 [JavaFX Application Thread] INFO  o.b.s.BxWinLab.Base.BaseLabel - 控件焦点改变至 - org.bxwbb.spigotplugincreatertool.BxWinLab.Stage@160cb56c
2026-01-27 19:34:40.687 [JavaFX Application Thread] INFO  o.b.s.BxWinLab.Base.BaseLabel - 控件焦点改变至 - org.bxwbb.spigotplugincreatertool.BxWinLab.SwitchBox@799eaa68
2026-01-27 19:34:41.062 [JavaFX Application Thread] INFO  o.b.s.BxWinLab.Base.BaseLabel - 控件焦点改变至 - org.bxwbb.spigotplugincreatertool.BxWinLab.SwitchBox@799eaa68
2026-01-27 19:34:42.347 [JavaFX Application Thread] INFO  o.b.s.HelloApplication - 执行停止...
2026-01-27 19:35:50.774 [JavaFX-Launcher] INFO  o.b.s.HelloApplication - 执行初始化...
2026-01-27 19:35:50.781 [JavaFX Application Thread] INFO  o.b.s.HelloApplication - 工具开始启动并加载...
2026-01-27 19:35:50.823 [JavaFX Application Thread] INFO  o.b.s.Utils.FileUtil - 成功加载文件/org/bxwbb/spigotplugincreatertool/icon/icon.png
2026-01-27 19:35:50.995 [JavaFX Application Thread] INFO  o.b.s.Utils.FileUtil - 成功加载文件/org/bxwbb/spigotplugincreatertool/icon/Universal/OpenFolder.png
2026-01-27 19:35:51.001 [JavaFX Application Thread] INFO  o.b.s.Utils.FileUtil - 成功加载文件/org/bxwbb/spigotplugincreatertool/icon/Universal/NewProject.png
2026-01-27 19:35:51.004 [JavaFX Application Thread] INFO  o.b.s.Utils.FileUtil - 成功加载文件/org/bxwbb/spigotplugincreatertool/icon/Universal/Setting.png
2026-01-27 19:35:51.007 [JavaFX Application Thread] INFO  o.b.s.Utils.FileUtil - 成功加载文件/org/bxwbb/spigotplugincreatertool/icon/Universal/Learn.png
2026-01-27 19:35:51.009 [JavaFX Application Thread] INFO  o.b.s.Utils.FileUtil - 成功加载文件/org/bxwbb/spigotplugincreatertool/icon/Universal/Quit.png
2026-01-27 19:35:53.957 [JavaFX Application Thread] INFO  o.b.s.BxWinLab.Base.BaseLabel - 控件焦点改变至 - org.bxwbb.spigotplugincreatertool.BxWinLab.ImageTextButtonBox@47561c83
2026-01-27 19:35:55.176 [JavaFX Application Thread] INFO  o.b.s.BxWinLab.Base.BaseLabel - 控件焦点改变至 - org.bxwbb.spigotplugincreatertool.BxWinLab.ImageTextButtonBox@47561c83
2026-01-27 19:35:56.588 [JavaFX Application Thread] INFO  o.b.s.BxWinLab.Base.BaseLabel - 控件焦点改变至 - org.bxwbb.spigotplugincreatertool.BxWinLab.SwitchBox@799eaa68
2026-01-27 19:35:58.384 [JavaFX Application Thread] INFO  o.b.s.BxWinLab.Base.BaseLabel - 控件焦点改变至 - org.bxwbb.spigotplugincreatertool.BxWinLab.SwitchBox@799eaa68
2026-01-27 19:35:59.813 [JavaFX Application Thread] INFO  o.b.s.BxWinLab.Base.BaseLabel - 控件焦点改变至 - org.bxwbb.spigotplugincreatertool.BxWinLab.SwitchBox@799eaa68
2026-01-27 19:36:01.510 [JavaFX Application Thread] INFO  o.b.s.BxWinLab.Base.BaseLabel - 控件焦点改变至 - org.bxwbb.spigotplugincreatertool.BxWinLab.SwitchBox@799eaa68
2026-01-27 19:36:02.215 [JavaFX Application Thread] INFO  o.b.s.BxWinLab.Base.BaseLabel - 控件焦点改变至 - org.bxwbb.spigotplugincreatertool.BxWinLab.SwitchBox@799eaa68
2026-01-27 19:36:02.714 [JavaFX Application Thread] INFO  o.b.s.BxWinLab.Base.BaseLabel - 控件焦点改变至 - org.bxwbb.spigotplugincreatertool.BxWinLab.SwitchBox@799eaa68
2026-01-27 19:36:03.213 [JavaFX Application Thread] INFO  o.b.s.BxWinLab.Base.BaseLabel - 控件焦点改变至 - org.bxwbb.spigotplugincreatertool.BxWinLab.SwitchBox@799eaa68
2026-01-27 19:36:03.414 [JavaFX Application Thread] INFO  o.b.s.BxWinLab.Base.BaseLabel - 控件焦点改变至 - org.bxwbb.spigotplugincreatertool.BxWinLab.SwitchBox@799eaa68
2026-01-27 19:36:03.614 [JavaFX Application Thread] INFO  o.b.s.BxWinLab.Base.BaseLabel - 控件焦点改变至 - org.bxwbb.spigotplugincreatertool.BxWinLab.SwitchBox@799eaa68
2026-01-27 19:36:03.798 [JavaFX Application Thread] INFO  o.b.s.BxWinLab.Base.BaseLabel - 控件焦点改变至 - org.bxwbb.spigotplugincreatertool.BxWinLab.SwitchBox@799eaa68
2026-01-27 19:36:03.960 [JavaFX Application Thread] INFO  o.b.s.BxWinLab.Base.BaseLabel - 控件焦点改变至 - org.bxwbb.spigotplugincreatertool.BxWinLab.SwitchBox@799eaa68
2026-01-27 19:36:04.098 [JavaFX Application Thread] INFO  o.b.s.BxWinLab.Base.BaseLabel - 控件焦点改变至 - org.bxwbb.spigotplugincreatertool.BxWinLab.SwitchBox@799eaa68
2026-01-27 19:36:04.236 [JavaFX Application Thread] INFO  o.b.s.BxWinLab.Base.BaseLabel - 控件焦点改变至 - org.bxwbb.spigotplugincreatertool.BxWinLab.SwitchBox@799eaa68
2026-01-27 19:36:04.371 [JavaFX Application Thread] INFO  o.b.s.BxWinLab.Base.BaseLabel - 控件焦点改变至 - org.bxwbb.spigotplugincreatertool.BxWinLab.SwitchBox@799eaa68
2026-01-27 19:36:05.826 [JavaFX Application Thread] INFO  o.b.s.HelloApplication - 执行停止...
2026-01-27 19:37:28.815 [JavaFX-Launcher] INFO  o.b.s.HelloApplication - 执行初始化...
2026-01-27 19:37:28.821 [JavaFX Application Thread] INFO  o.b.s.HelloApplication - 工具开始启动并加载...
2026-01-27 19:37:28.863 [JavaFX Application Thread] INFO  o.b.s.Utils.FileUtil - 成功加载文件/org/bxwbb/spigotplugincreatertool/icon/icon.png
2026-01-27 19:37:29.035 [JavaFX Application Thread] INFO  o.b.s.Utils.FileUtil - 成功加载文件/org/bxwbb/spigotplugincreatertool/icon/Universal/OpenFolder.png
2026-01-27 19:37:29.040 [JavaFX Application Thread] INFO  o.b.s.Utils.FileUtil - 成功加载文件/org/bxwbb/spigotplugincreatertool/icon/Universal/NewProject.png
2026-01-27 19:37:29.043 [JavaFX Application Thread] INFO  o.b.s.Utils.FileUtil - 成功加载文件/org/bxwbb/spigotplugincreatertool/icon/Universal/Setting.png
2026-01-27 19:37:29.046 [JavaFX Application Thread] INFO  o.b.s.Utils.FileUtil - 成功加载文件/org/bxwbb/spigotplugincreatertool/icon/Universal/Learn.png
2026-01-27 19:37:29.048 [JavaFX Application Thread] INFO  o.b.s.Utils.FileUtil - 成功加载文件/org/bxwbb/spigotplugincreatertool/icon/Universal/Quit.png
2026-01-27 19:38:11.926 [JavaFX-Launcher] INFO  o.b.s.HelloApplication - 执行初始化...
2026-01-27 19:38:11.931 [JavaFX Application Thread] INFO  o.b.s.HelloApplication - 工具开始启动并加载...
2026-01-27 19:38:11.973 [JavaFX Application Thread] INFO  o.b.s.Utils.FileUtil - 成功加载文件/org/bxwbb/spigotplugincreatertool/icon/icon.png
2026-01-27 19:38:12.146 [JavaFX Application Thread] INFO  o.b.s.Utils.FileUtil - 成功加载文件/org/bxwbb/spigotplugincreatertool/icon/Universal/OpenFolder.png
2026-01-27 19:38:12.151 [JavaFX Application Thread] INFO  o.b.s.Utils.FileUtil - 成功加载文件/org/bxwbb/spigotplugincreatertool/icon/Universal/NewProject.png
2026-01-27 19:38:12.153 [JavaFX Application Thread] INFO  o.b.s.Utils.FileUtil - 成功加载文件/org/bxwbb/spigotplugincreatertool/icon/Universal/Setting.png
2026-01-27 19:38:12.155 [JavaFX Application Thread] INFO  o.b.s.Utils.FileUtil - 成功加载文件/org/bxwbb/spigotplugincreatertool/icon/Universal/Learn.png
2026-01-27 19:38:12.157 [JavaFX Application Thread] INFO  o.b.s.Utils.FileUtil - 成功加载文件/org/bxwbb/spigotplugincreatertool/icon/Universal/Quit.png
2026-01-27 19:38:13.039 [JavaFX Application Thread] INFO  o.b.s.BxWinLab.Base.BaseLabel - 控件焦点改变至 - org.bxwbb.spigotplugincreatertool.BxWinLab.SwitchBox@3e75426d
2026-01-27 19:38:17.996 [JavaFX Application Thread] INFO  o.b.s.BxWinLab.Base.BaseLabel - 控件焦点改变至 - org.bxwbb.spigotplugincreatertool.BxWinLab.Stage@784b2efd
2026-01-27 19:38:18.522 [JavaFX Application Thread] INFO  o.b.s.BxWinLab.Base.BaseLabel - 控件焦点改变至 - org.bxwbb.spigotplugincreatertool.BxWinLab.SwitchBox@3e75426d
2026-01-27 19:38:19.009 [JavaFX Application Thread] INFO  o.b.s.BxWinLab.Base.BaseLabel - 控件焦点改变至 - org.bxwbb.spigotplugincreatertool.BxWinLab.Stage@784b2efd
2026-01-27 19:38:19.617 [JavaFX Application Thread] INFO  o.b.s.BxWinLab.Base.BaseLabel - 控件焦点改变至 - org.bxwbb.spigotplugincreatertool.BxWinLab.SwitchBox@3e75426d
2026-01-27 19:38:19.955 [JavaFX Application Thread] INFO  o.b.s.BxWinLab.Base.BaseLabel - 控件焦点改变至 - org.bxwbb.spigotplugincreatertool.BxWinLab.Stage@784b2efd
2026-01-27 19:38:20.969 [JavaFX Application Thread] INFO  o.b.s.HelloApplication - 执行停止...
2026-01-27 19:38:48.646 [JavaFX-Launcher] INFO  o.b.s.HelloApplication - 执行初始化...
2026-01-27 19:38:48.651 [JavaFX Application Thread] INFO  o.b.s.HelloApplication - 工具开始启动并加载...
2026-01-27 19:38:48.693 [JavaFX Application Thread] INFO  o.b.s.Utils.FileUtil - 成功加载文件/org/bxwbb/spigotplugincreatertool/icon/icon.png
2026-01-27 19:38:48.873 [JavaFX Application Thread] INFO  o.b.s.Utils.FileUtil - 成功加载文件/org/bxwbb/spigotplugincreatertool/icon/Universal/OpenFolder.png
2026-01-27 19:38:48.878 [JavaFX Application Thread] INFO  o.b.s.Utils.FileUtil - 成功加载文件/org/bxwbb/spigotplugincreatertool/icon/Universal/NewProject.png
2026-01-27 19:38:48.880 [JavaFX Application Thread] INFO  o.b.s.Utils.FileUtil - 成功加载文件/org/bxwbb/spigotplugincreatertool/icon/Universal/Setting.png
2026-01-27 19:38:48.883 [JavaFX Application Thread] INFO  o.b.s.Utils.FileUtil - 成功加载文件/org/bxwbb/spigotplugincreatertool/icon/Universal/Learn.png
2026-01-27 19:38:48.885 [JavaFX Application Thread] INFO  o.b.s.Utils.FileUtil - 成功加载文件/org/bxwbb/spigotplugincreatertool/icon/Universal/Quit.png
2026-01-27 19:38:49.783 [JavaFX Application Thread] INFO  o.b.s.BxWinLab.Base.BaseLabel - 控件焦点改变至 - org.bxwbb.spigotplugincreatertool.BxWinLab.ImageTextButtonBox@107cbf2f
2026-01-27 19:38:50.127 [JavaFX Application Thread] INFO  o.b.s.BxWinLab.Base.BaseLabel - 控件焦点改变至 - org.bxwbb.spigotplugincreatertool.BxWinLab.Stage@29ef2509
2026-01-27 19:38:50.514 [JavaFX Application Thread] INFO  o.b.s.BxWinLab.Base.BaseLabel - 控件焦点改变至 - org.bxwbb.spigotplugincreatertool.BxWinLab.ImageTextButtonBox@6318fdeb
2026-01-27 19:38:50.904 [JavaFX Application Thread] INFO  o.b.s.BxWinLab.Base.BaseLabel - 控件焦点改变至 - org.bxwbb.spigotplugincreatertool.BxWinLab.ImageTextButtonBox@28250e59
2026-01-27 19:38:51.232 [JavaFX Application Thread] INFO  o.b.s.BxWinLab.Base.BaseLabel - 控件焦点改变至 - org.bxwbb.spigotplugincreatertool.BxWinLab.ImageTextButtonBox@1caf64a2
2026-01-27 19:38:51.529 [JavaFX Application Thread] INFO  o.b.s.BxWinLab.Base.BaseLabel - 控件焦点改变至 - org.bxwbb.spigotplugincreatertool.BxWinLab.ImageTextButtonBox@55fa2a3e
2026-01-27 19:38:51.818 [JavaFX Application Thread] INFO  o.b.s.BxWinLab.Base.BaseLabel - 控件焦点改变至 - org.bxwbb.spigotplugincreatertool.BxWinLab.SwitchBox@552db11e
2026-01-27 19:41:45.493 [JavaFX Application Thread] INFO  o.b.s.BxWinLab.Base.BaseLabel - 控件焦点改变至 - org.bxwbb.spigotplugincreatertool.BxWinLab.ImageTextButtonBox@55fa2a3e
2026-01-27 19:41:46.165 [JavaFX Application Thread] INFO  o.b.s.BxWinLab.Base.BaseLabel - 控件焦点改变至 - org.bxwbb.spigotplugincreatertool.BxWinLab.ImageTextButtonBox@1caf64a2
2026-01-27 19:41:46.660 [JavaFX Application Thread] INFO  o.b.s.BxWinLab.Base.BaseLabel - 控件焦点改变至 - org.bxwbb.spigotplugincreatertool.BxWinLab.ImageTextButtonBox@28250e59
2026-01-27 19:41:47.156 [JavaFX Application Thread] INFO  o.b.s.BxWinLab.Base.BaseLabel - 控件焦点改变至 - org.bxwbb.spigotplugincreatertool.BxWinLab.Stage@29ef2509
2026-01-27 19:41:47.652 [JavaFX Application Thread] INFO  o.b.s.BxWinLab.Base.BaseLabel - 控件焦点改变至 - org.bxwbb.spigotplugincreatertool.BxWinLab.ImageTextButtonBox@107cbf2f
2026-01-27 19:41:48.099 [JavaFX Application Thread] INFO  o.b.s.BxWinLab.Base.BaseLabel - 控件焦点改变至 - org.bxwbb.spigotplugincreatertool.BxWinLab.ImageTextButtonBox@6318fdeb
2026-01-27 19:42:23.046 [JavaFX Application Thread] INFO  o.b.s.HelloApplication - 执行停止...
2026-01-27 19:47:14.601 [JavaFX-Launcher] INFO  o.b.s.HelloApplication - 执行初始化...
2026-01-27 19:47:14.607 [JavaFX Application Thread] INFO  o.b.s.HelloApplication - 工具开始启动并加载...
2026-01-27 19:47:14.648 [JavaFX Application Thread] INFO  o.b.s.Utils.FileUtil - 成功加载文件/org/bxwbb/spigotplugincreatertool/icon/icon.png
2026-01-27 19:47:14.821 [JavaFX Application Thread] INFO  o.b.s.Utils.FileUtil - 成功加载文件/org/bxwbb/spigotplugincreatertool/icon/Universal/OpenFolder.png
2026-01-27 19:47:14.827 [JavaFX Application Thread] INFO  o.b.s.Utils.FileUtil - 成功加载文件/org/bxwbb/spigotplugincreatertool/icon/Universal/NewProject.png
2026-01-27 19:47:14.830 [JavaFX Application Thread] INFO  o.b.s.Utils.FileUtil - 成功加载文件/org/bxwbb/spigotplugincreatertool/icon/Universal/Setting.png
2026-01-27 19:47:14.832 [JavaFX Application Thread] INFO  o.b.s.Utils.FileUtil - 成功加载文件/org/bxwbb/spigotplugincreatertool/icon/Universal/Learn.png
2026-01-27 19:47:14.834 [JavaFX Application Thread] INFO  o.b.s.Utils.FileUtil - 成功加载文件/org/bxwbb/spigotplugincreatertool/icon/Universal/Quit.png
2026-01-27 19:47:15.986 [JavaFX Application Thread] INFO  o.b.s.BxWinLab.Base.BaseLabel - 控件焦点改变至 - org.bxwbb.spigotplugincreatertool.BxWinLab.SwitchBox@129b64f6
2026-01-27 19:47:20.186 [JavaFX Application Thread] INFO  o.b.s.BxWinLab.Base.BaseLabel - 控件焦点改变至 - org.bxwbb.spigotplugincreatertool.BxWinLab.Stage@5b4cffdf
2026-01-27 19:47:21.765 [JavaFX Application Thread] INFO  o.b.s.BxWinLab.Base.BaseLabel - 控件焦点改变至 - org.bxwbb.spigotplugincreatertool.BxWinLab.SwitchBox@129b64f6
2026-01-27 19:47:27.857 [JavaFX Application Thread] INFO  o.b.s.HelloApplication - 执行停止...
2026-01-27 19:48:35.446 [JavaFX-Launcher] INFO  o.b.s.HelloApplication - 执行初始化...
2026-01-27 19:48:35.452 [JavaFX Application Thread] INFO  o.b.s.HelloApplication - 工具开始启动并加载...
2026-01-27 19:48:35.495 [JavaFX Application Thread] INFO  o.b.s.Utils.FileUtil - 成功加载文件/org/bxwbb/spigotplugincreatertool/icon/icon.png
2026-01-27 19:48:35.668 [JavaFX Application Thread] INFO  o.b.s.Utils.FileUtil - 成功加载文件/org/bxwbb/spigotplugincreatertool/icon/Universal/OpenFolder.png
2026-01-27 19:48:35.673 [JavaFX Application Thread] INFO  o.b.s.Utils.FileUtil - 成功加载文件/org/bxwbb/spigotplugincreatertool/icon/Universal/NewProject.png
2026-01-27 19:48:35.676 [JavaFX Application Thread] INFO  o.b.s.Utils.FileUtil - 成功加载文件/org/bxwbb/spigotplugincreatertool/icon/Universal/Setting.png
2026-01-27 19:48:35.678 [JavaFX Application Thread] INFO  o.b.s.Utils.FileUtil - 成功加载文件/org/bxwbb/spigotplugincreatertool/icon/Universal/Learn.png
2026-01-27 19:48:35.680 [JavaFX Application Thread] INFO  o.b.s.Utils.FileUtil - 成功加载文件/org/bxwbb/spigotplugincreatertool/icon/Universal/Quit.png
2026-01-27 19:48:40.427 [JavaFX Application Thread] INFO  o.b.s.BxWinLab.Base.BaseLabel - 控件焦点改变至 - org.bxwbb.spigotplugincreatertool.BxWinLab.HideMenu@6b8f4289
2026-01-27 19:48:41.024 [JavaFX Application Thread] INFO  o.b.s.BxWinLab.Base.BaseLabel - 控件焦点改变至 - org.bxwbb.spigotplugincreatertool.BxWinLab.Stage@5b4cffdf
2026-01-27 19:48:41.538 [JavaFX Application Thread] INFO  o.b.s.BxWinLab.Base.BaseLabel - 控件焦点改变至 - org.bxwbb.spigotplugincreatertool.BxWinLab.HideMenu@6b8f4289
2026-01-27 19:48:43.470 [JavaFX Application Thread] INFO  o.b.s.HelloApplication - 执行停止...
2026-01-27 19:55:39.504 [JavaFX-Launcher] INFO  o.b.s.HelloApplication - 执行初始化...
2026-01-27 19:55:39.509 [JavaFX Application Thread] INFO  o.b.s.HelloApplication - 工具开始启动并加载...
2026-01-27 19:55:39.550 [JavaFX Application Thread] INFO  o.b.s.Utils.FileUtil - 成功加载文件/org/bxwbb/spigotplugincreatertool/icon/icon.png
2026-01-27 19:55:39.730 [JavaFX Application Thread] INFO  o.b.s.Utils.FileUtil - 成功加载文件/org/bxwbb/spigotplugincreatertool/icon/Universal/OpenFolder.png
2026-01-27 19:55:39.738 [JavaFX Application Thread] INFO  o.b.s.Utils.FileUtil - 成功加载文件/org/bxwbb/spigotplugincreatertool/icon/Universal/NewProject.png
2026-01-27 19:55:39.741 [JavaFX Application Thread] INFO  o.b.s.Utils.FileUtil - 成功加载文件/org/bxwbb/spigotplugincreatertool/icon/Universal/Setting.png
2026-01-27 19:55:39.743 [JavaFX Application Thread] INFO  o.b.s.Utils.FileUtil - 成功加载文件/org/bxwbb/spigotplugincreatertool/icon/Universal/Learn.png
2026-01-27 19:55:39.746 [JavaFX Application Thread] INFO  o.b.s.Utils.FileUtil - 成功加载文件/org/bxwbb/spigotplugincreatertool/icon/Universal/Quit.png
2026-01-27 19:55:41.568 [JavaFX Application Thread] INFO  o.b.s.BxWinLab.Base.BaseLabel - 控件焦点改变至 - org.bxwbb.spigotplugincreatertool.BxWinLab.ImageTextButtonBox@15128cf8
2026-01-27 19:55:49.891 [JavaFX Application Thread] INFO  o.b.s.HelloApplication - 执行停止...
2026-01-27 19:55:59.621 [JavaFX-Launcher] INFO  o.b.s.HelloApplication - 执行初始化...
2026-01-27 19:55:59.626 [JavaFX Application Thread] INFO  o.b.s.HelloApplication - 工具开始启动并加载...
2026-01-27 19:55:59.668 [JavaFX Application Thread] INFO  o.b.s.Utils.FileUtil - 成功加载文件/org/bxwbb/spigotplugincreatertool/icon/icon.png
2026-01-27 19:55:59.848 [JavaFX Application Thread] INFO  o.b.s.Utils.FileUtil - 成功加载文件/org/bxwbb/spigotplugincreatertool/icon/Universal/OpenFolder.png
2026-01-27 19:55:59.854 [JavaFX Application Thread] INFO  o.b.s.Utils.FileUtil - 成功加载文件/org/bxwbb/spigotplugincreatertool/icon/Universal/NewProject.png
2026-01-27 19:55:59.857 [JavaFX Application Thread] INFO  o.b.s.Utils.FileUtil - 成功加载文件/org/bxwbb/spigotplugincreatertool/icon/Universal/Setting.png
2026-01-27 19:55:59.859 [JavaFX Application Thread] INFO  o.b.s.Utils.FileUtil - 成功加载文件/org/bxwbb/spigotplugincreatertool/icon/Universal/Learn.png
2026-01-27 19:55:59.861 [JavaFX Application Thread] INFO  o.b.s.Utils.FileUtil - 成功加载文件/org/bxwbb/spigotplugincreatertool/icon/Universal/Quit.png
2026-01-27 19:56:03.880 [JavaFX Application Thread] INFO  o.b.s.HelloApplication - 执行停止...
2026-01-27 19:56:15.153 [JavaFX-Launcher] INFO  o.b.s.HelloApplication - 执行初始化...
2026-01-27 19:56:15.158 [JavaFX Application Thread] INFO  o.b.s.HelloApplication - 工具开始启动并加载...
2026-01-27 19:56:15.201 [JavaFX Application Thread] INFO  o.b.s.Utils.FileUtil - 成功加载文件/org/bxwbb/spigotplugincreatertool/icon/icon.png
2026-01-27 19:56:15.381 [JavaFX Application Thread] INFO  o.b.s.Utils.FileUtil - 成功加载文件/org/bxwbb/spigotplugincreatertool/icon/Universal/OpenFolder.png
2026-01-27 19:56:15.386 [JavaFX Application Thread] INFO  o.b.s.Utils.FileUtil - 成功加载文件/org/bxwbb/spigotplugincreatertool/icon/Universal/NewProject.png
2026-01-27 19:56:15.389 [JavaFX Application Thread] INFO  o.b.s.Utils.FileUtil - 成功加载文件/org/bxwbb/spigotplugincreatertool/icon/Universal/Setting.png
2026-01-27 19:56:15.391 [JavaFX Application Thread] INFO  o.b.s.Utils.FileUtil - 成功加载文件/org/bxwbb/spigotplugincreatertool/icon/Universal/Learn.png
2026-01-27 19:56:15.393 [JavaFX Application Thread] INFO  o.b.s.Utils.FileUtil - 成功加载文件/org/bxwbb/spigotplugincreatertool/icon/Universal/Quit.png
2026-01-27 19:56:20.014 [JavaFX Application Thread] INFO  o.b.s.HelloApplication - 执行停止...
2026-01-27 19:56:39.118 [JavaFX-Launcher] INFO  o.b.s.HelloApplication - 执行初始化...
2026-01-27 19:56:39.124 [JavaFX Application Thread] INFO  o.b.s.HelloApplication - 工具开始启动并加载...
2026-01-27 19:56:39.166 [JavaFX Application Thread] INFO  o.b.s.Utils.FileUtil - 成功加载文件/org/bxwbb/spigotplugincreatertool/icon/icon.png
2026-01-27 19:56:39.337 [JavaFX Application Thread] INFO  o.b.s.Utils.FileUtil - 成功加载文件/org/bxwbb/spigotplugincreatertool/icon/Universal/OpenFolder.png
2026-01-27 19:56:39.342 [JavaFX Application Thread] INFO  o.b.s.Utils.FileUtil - 成功加载文件/org/bxwbb/spigotplugincreatertool/icon/Universal/NewProject.png
2026-01-27 19:56:39.345 [JavaFX Application Thread] INFO  o.b.s.Utils.FileUtil - 成功加载文件/org/bxwbb/spigotplugincreatertool/icon/Universal/Setting.png
2026-01-27 19:56:39.347 [JavaFX Application Thread] INFO  o.b.s.Utils.FileUtil - 成功加载文件/org/bxwbb/spigotplugincreatertool/icon/Universal/Learn.png
2026-01-27 19:56:39.349 [JavaFX Application Thread] INFO  o.b.s.Utils.FileUtil - 成功加载文件/org/bxwbb/spigotplugincreatertool/icon/Universal/Quit.png
2026-01-27 19:56:43.331 [JavaFX Application Thread] INFO  o.b.s.HelloApplication - 执行停止...
2026-01-27 19:56:55.309 [JavaFX-Launcher] INFO  o.b.s.HelloApplication - 执行初始化...
2026-01-27 19:56:55.315 [JavaFX Application Thread] INFO  o.b.s.HelloApplication - 工具开始启动并加载...
2026-01-27 19:56:55.357 [JavaFX Application Thread] INFO  o.b.s.Utils.FileUtil - 成功加载文件/org/bxwbb/spigotplugincreatertool/icon/icon.png
2026-01-27 19:56:55.538 [JavaFX Application Thread] INFO  o.b.s.Utils.FileUtil - 成功加载文件/org/bxwbb/spigotplugincreatertool/icon/Universal/OpenFolder.png
2026-01-27 19:56:55.543 [JavaFX Application Thread] INFO  o.b.s.Utils.FileUtil - 成功加载文件/org/bxwbb/spigotplugincreatertool/icon/Universal/NewProject.png
2026-01-27 19:56:55.546 [JavaFX Application Thread] INFO  o.b.s.Utils.FileUtil - 成功加载文件/org/bxwbb/spigotplugincreatertool/icon/Universal/Setting.png
2026-01-27 19:56:55.549 [JavaFX Application Thread] INFO  o.b.s.Utils.FileUtil - 成功加载文件/org/bxwbb/spigotplugincreatertool/icon/Universal/Learn.png
2026-01-27 19:56:55.551 [JavaFX Application Thread] INFO  o.b.s.Utils.FileUtil - 成功加载文件/org/bxwbb/spigotplugincreatertool/icon/Universal/Quit.png
2026-01-27 19:56:57.197 [JavaFX Application Thread] INFO  o.b.s.BxWinLab.Base.BaseLabel - 控件焦点改变至 - org.bxwbb.spigotplugincreatertool.BxWinLab.HideMenu@37778681
2026-01-27 19:57:00.120 [JavaFX Application Thread] INFO  o.b.s.HelloApplication - 执行停止...
2026-01-27 19:58:25.251 [JavaFX-Launcher] INFO  o.b.s.HelloApplication - 执行初始化...
2026-01-27 19:58:25.257 [JavaFX Application Thread] INFO  o.b.s.HelloApplication - 工具开始启动并加载...
2026-01-27 19:58:25.300 [JavaFX Application Thread] INFO  o.b.s.Utils.FileUtil - 成功加载文件/org/bxwbb/spigotplugincreatertool/icon/icon.png
2026-01-27 19:58:25.473 [JavaFX Application Thread] INFO  o.b.s.Utils.FileUtil - 成功加载文件/org/bxwbb/spigotplugincreatertool/icon/Universal/OpenFolder.png
2026-01-27 19:58:25.478 [JavaFX Application Thread] INFO  o.b.s.Utils.FileUtil - 成功加载文件/org/bxwbb/spigotplugincreatertool/icon/Universal/NewProject.png
2026-01-27 19:58:25.481 [JavaFX Application Thread] INFO  o.b.s.Utils.FileUtil - 成功加载文件/org/bxwbb/spigotplugincreatertool/icon/Universal/Setting.png
2026-01-27 19:58:25.483 [JavaFX Application Thread] INFO  o.b.s.Utils.FileUtil - 成功加载文件/org/bxwbb/spigotplugincreatertool/icon/Universal/Learn.png
2026-01-27 19:58:25.485 [JavaFX Application Thread] INFO  o.b.s.Utils.FileUtil - 成功加载文件/org/bxwbb/spigotplugincreatertool/icon/Universal/Quit.png
2026-01-27 19:58:26.330 [JavaFX Application Thread] INFO  o.b.s.BxWinLab.Base.BaseLabel - 控件焦点改变至 - org.bxwbb.spigotplugincreatertool.BxWinLab.HideMenu@3768e8da
2026-01-27 19:58:29.025 [JavaFX Application Thread] INFO  o.b.s.HelloApplication - 执行停止...
2026-01-27 19:58:38.644 [JavaFX-Launcher] INFO  o.b.s.HelloApplication - 执行初始化...
2026-01-27 19:58:38.649 [JavaFX Application Thread] INFO  o.b.s.HelloApplication - 工具开始启动并加载...
2026-01-27 19:58:38.692 [JavaFX Application Thread] INFO  o.b.s.Utils.FileUtil - 成功加载文件/org/bxwbb/spigotplugincreatertool/icon/icon.png
2026-01-27 19:58:38.872 [JavaFX Application Thread] INFO  o.b.s.Utils.FileUtil - 成功加载文件/org/bxwbb/spigotplugincreatertool/icon/Universal/OpenFolder.png
2026-01-27 19:58:38.877 [JavaFX Application Thread] INFO  o.b.s.Utils.FileUtil - 成功加载文件/org/bxwbb/spigotplugincreatertool/icon/Universal/NewProject.png
2026-01-27 19:58:38.880 [JavaFX Application Thread] INFO  o.b.s.Utils.FileUtil - 成功加载文件/org/bxwbb/spigotplugincreatertool/icon/Universal/Setting.png
2026-01-27 19:58:38.882 [JavaFX Application Thread] INFO  o.b.s.Utils.FileUtil - 成功加载文件/org/bxwbb/spigotplugincreatertool/icon/Universal/Learn.png
2026-01-27 19:58:38.884 [JavaFX Application Thread] INFO  o.b.s.Utils.FileUtil - 成功加载文件/org/bxwbb/spigotplugincreatertool/icon/Universal/Quit.png
2026-01-27 19:58:39.804 [JavaFX Application Thread] INFO  o.b.s.BxWinLab.Base.BaseLabel - 控件焦点改变至 - org.bxwbb.spigotplugincreatertool.BxWinLab.HideMenu@66affeb1
2026-01-27 19:58:40.518 [JavaFX Application Thread] INFO  o.b.s.BxWinLab.Base.BaseLabel - 控件焦点改变至 - org.bxwbb.spigotplugincreatertool.BxWinLab.Stage@163def39
2026-01-27 19:59:23.693 [JavaFX Application Thread] INFO  o.b.s.HelloApplication - 执行停止...
2026-01-27 20:01:02.992 [JavaFX-Launcher] INFO  o.b.s.HelloApplication - 执行初始化...
2026-01-27 20:01:02.998 [JavaFX Application Thread] INFO  o.b.s.HelloApplication - 工具开始启动并加载...
2026-01-27 20:01:03.041 [JavaFX Application Thread] INFO  o.b.s.Utils.FileUtil - 成功加载文件/org/bxwbb/spigotplugincreatertool/icon/icon.png
2026-01-27 20:01:03.214 [JavaFX Application Thread] INFO  o.b.s.Utils.FileUtil - 成功加载文件/org/bxwbb/spigotplugincreatertool/icon/Universal/OpenFolder.png
2026-01-27 20:01:03.219 [JavaFX Application Thread] INFO  o.b.s.Utils.FileUtil - 成功加载文件/org/bxwbb/spigotplugincreatertool/icon/Universal/NewProject.png
2026-01-27 20:01:03.222 [JavaFX Application Thread] INFO  o.b.s.Utils.FileUtil - 成功加载文件/org/bxwbb/spigotplugincreatertool/icon/Universal/Setting.png
2026-01-27 20:01:03.224 [JavaFX Application Thread] INFO  o.b.s.Utils.FileUtil - 成功加载文件/org/bxwbb/spigotplugincreatertool/icon/Universal/Learn.png
2026-01-27 20:01:03.226 [JavaFX Application Thread] INFO  o.b.s.Utils.FileUtil - 成功加载文件/org/bxwbb/spigotplugincreatertool/icon/Universal/Quit.png
2026-01-27 20:01:04.996 [JavaFX Application Thread] INFO  o.b.s.BxWinLab.Base.BaseLabel - 控件焦点改变至 - org.bxwbb.spigotplugincreatertool.BxWinLab.HideMenu@636d6cdd
2026-01-27 20:01:07.592 [JavaFX Application Thread] INFO  o.b.s.BxWinLab.Base.BaseLabel - 控件焦点改变至 - org.bxwbb.spigotplugincreatertool.BxWinLab.Stage@607c6e55
2026-01-27 20:01:13.159 [JavaFX Application Thread] INFO  o.b.s.HelloApplication - 执行停止...
2026-01-27 20:01:25.855 [JavaFX-Launcher] INFO  o.b.s.HelloApplication - 执行初始化...
2026-01-27 20:01:25.861 [JavaFX Application Thread] INFO  o.b.s.HelloApplication - 工具开始启动并加载...
2026-01-27 20:01:25.902 [JavaFX Application Thread] INFO  o.b.s.Utils.FileUtil - 成功加载文件/org/bxwbb/spigotplugincreatertool/icon/icon.png
2026-01-27 20:01:26.084 [JavaFX Application Thread] INFO  o.b.s.Utils.FileUtil - 成功加载文件/org/bxwbb/spigotplugincreatertool/icon/Universal/OpenFolder.png
2026-01-27 20:01:26.090 [JavaFX Application Thread] INFO  o.b.s.Utils.FileUtil - 成功加载文件/org/bxwbb/spigotplugincreatertool/icon/Universal/NewProject.png
2026-01-27 20:01:26.092 [JavaFX Application Thread] INFO  o.b.s.Utils.FileUtil - 成功加载文件/org/bxwbb/spigotplugincreatertool/icon/Universal/Setting.png
2026-01-27 20:01:26.095 [JavaFX Application Thread] INFO  o.b.s.Utils.FileUtil - 成功加载文件/org/bxwbb/spigotplugincreatertool/icon/Universal/Learn.png
2026-01-27 20:01:26.097 [JavaFX Application Thread] INFO  o.b.s.Utils.FileUtil - 成功加载文件/org/bxwbb/spigotplugincreatertool/icon/Universal/Quit.png
2026-01-27 20:01:26.753 [JavaFX Application Thread] INFO  o.b.s.BxWinLab.Base.BaseLabel - 控件焦点改变至 - org.bxwbb.spigotplugincreatertool.BxWinLab.HideMenu@636d6cdd
2026-01-27 20:01:27.504 [JavaFX Application Thread] INFO  o.b.s.BxWinLab.Base.BaseLabel - 控件焦点改变至 - org.bxwbb.spigotplugincreatertool.BxWinLab.Stage@a1e0aa9
2026-01-27 20:01:28.029 [JavaFX Application Thread] INFO  o.b.s.BxWinLab.Base.BaseLabel - 控件焦点改变至 - org.bxwbb.spigotplugincreatertool.BxWinLab.HideMenu@636d6cdd
2026-01-27 20:01:28.813 [JavaFX Application Thread] INFO  o.b.s.BxWinLab.Base.BaseLabel - 控件焦点改变至 - org.bxwbb.spigotplugincreatertool.BxWinLab.Stage@a1e0aa9
2026-01-27 20:01:29.907 [JavaFX Application Thread] INFO  o.b.s.HelloApplication - 执行停止...
2026-01-27 20:01:56.523 [JavaFX-Launcher] INFO  o.b.s.HelloApplication - 执行初始化...
2026-01-27 20:01:56.529 [JavaFX Application Thread] INFO  o.b.s.HelloApplication - 工具开始启动并加载...
2026-01-27 20:01:56.571 [JavaFX Application Thread] INFO  o.b.s.Utils.FileUtil - 成功加载文件/org/bxwbb/spigotplugincreatertool/icon/icon.png
2026-01-27 20:01:56.749 [JavaFX Application Thread] INFO  o.b.s.Utils.FileUtil - 成功加载文件/org/bxwbb/spigotplugincreatertool/icon/Universal/OpenFolder.png
2026-01-27 20:01:56.754 [JavaFX Application Thread] INFO  o.b.s.Utils.FileUtil - 成功加载文件/org/bxwbb/spigotplugincreatertool/icon/Universal/NewProject.png
2026-01-27 20:01:56.757 [JavaFX Application Thread] INFO  o.b.s.Utils.FileUtil - 成功加载文件/org/bxwbb/spigotplugincreatertool/icon/Universal/Setting.png
2026-01-27 20:01:56.759 [JavaFX Application Thread] INFO  o.b.s.Utils.FileUtil - 成功加载文件/org/bxwbb/spigotplugincreatertool/icon/Universal/Learn.png
2026-01-27 20:01:56.761 [JavaFX Application Thread] INFO  o.b.s.Utils.FileUtil - 成功加载文件/org/bxwbb/spigotplugincreatertool/icon/Universal/Quit.png
2026-01-27 20:01:57.639 [JavaFX Application Thread] INFO  o.b.s.BxWinLab.Base.BaseLabel - 控件焦点改变至 - org.bxwbb.spigotplugincreatertool.BxWinLab.HideMenu@636d6cdd
2026-01-27 20:01:59.756 [JavaFX Application Thread] INFO  o.b.s.BxWinLab.Base.BaseLabel - 控件焦点改变至 - org.bxwbb.spigotplugincreatertool.BxWinLab.Stage@380351bc
2026-01-27 20:02:04.786 [JavaFX Application Thread] INFO  o.b.s.HelloApplication - 执行停止...
2026-01-27 20:02:23.190 [JavaFX-Launcher] INFO  o.b.s.HelloApplication - 执行初始化...
2026-01-27 20:02:23.196 [JavaFX Application Thread] INFO  o.b.s.HelloApplication - 工具开始启动并加载...
2026-01-27 20:02:23.247 [JavaFX Application Thread] INFO  o.b.s.Utils.FileUtil - 成功加载文件/org/bxwbb/spigotplugincreatertool/icon/icon.png
2026-01-27 20:02:23.444 [JavaFX Application Thread] INFO  o.b.s.Utils.FileUtil - 成功加载文件/org/bxwbb/spigotplugincreatertool/icon/Universal/OpenFolder.png
2026-01-27 20:02:23.449 [JavaFX Application Thread] INFO  o.b.s.Utils.FileUtil - 成功加载文件/org/bxwbb/spigotplugincreatertool/icon/Universal/NewProject.png
2026-01-27 20:02:23.453 [JavaFX Application Thread] INFO  o.b.s.Utils.FileUtil - 成功加载文件/org/bxwbb/spigotplugincreatertool/icon/Universal/Setting.png
2026-01-27 20:02:23.457 [JavaFX Application Thread] INFO  o.b.s.Utils.FileUtil - 成功加载文件/org/bxwbb/spigotplugincreatertool/icon/Universal/Learn.png
2026-01-27 20:02:23.461 [JavaFX Application Thread] INFO  o.b.s.Utils.FileUtil - 成功加载文件/org/bxwbb/spigotplugincreatertool/icon/Universal/Quit.png
2026-01-27 20:02:24.325 [JavaFX Application Thread] INFO  o.b.s.BxWinLab.Base.BaseLabel - 控件焦点改变至 - org.bxwbb.spigotplugincreatertool.BxWinLab.HideMenu@636d6cdd
2026-01-27 20:02:25.520 [JavaFX Application Thread] INFO  o.b.s.BxWinLab.Base.BaseLabel - 控件焦点改变至 - org.bxwbb.spigotplugincreatertool.BxWinLab.Stage@a1e0aa9
2026-01-27 20:02:27.012 [JavaFX Application Thread] INFO  o.b.s.BxWinLab.Base.BaseLabel - 控件焦点改变至 - org.bxwbb.spigotplugincreatertool.BxWinLab.HideMenu@636d6cdd
2026-01-27 20:02:27.594 [JavaFX Application Thread] INFO  o.b.s.BxWinLab.Base.BaseLabel - 控件焦点改变至 - org.bxwbb.spigotplugincreatertool.BxWinLab.Stage@a1e0aa9
2026-01-27 20:02:29.692 [JavaFX Application Thread] INFO  o.b.s.HelloApplication - 执行停止...
2026-01-27 20:02:40.665 [JavaFX-Launcher] INFO  o.b.s.HelloApplication - 执行初始化...
2026-01-27 20:02:40.671 [JavaFX Application Thread] INFO  o.b.s.HelloApplication - 工具开始启动并加载...
2026-01-27 20:02:40.723 [JavaFX Application Thread] INFO  o.b.s.Utils.FileUtil - 成功加载文件/org/bxwbb/spigotplugincreatertool/icon/icon.png
2026-01-27 20:02:40.921 [JavaFX Application Thread] INFO  o.b.s.Utils.FileUtil - 成功加载文件/org/bxwbb/spigotplugincreatertool/icon/Universal/OpenFolder.png
2026-01-27 20:02:40.926 [JavaFX Application Thread] INFO  o.b.s.Utils.FileUtil - 成功加载文件/org/bxwbb/spigotplugincreatertool/icon/Universal/NewProject.png
2026-01-27 20:02:40.929 [JavaFX Application Thread] INFO  o.b.s.Utils.FileUtil - 成功加载文件/org/bxwbb/spigotplugincreatertool/icon/Universal/Setting.png
2026-01-27 20:02:40.931 [JavaFX Application Thread] INFO  o.b.s.Utils.FileUtil - 成功加载文件/org/bxwbb/spigotplugincreatertool/icon/Universal/Learn.png
2026-01-27 20:02:40.933 [JavaFX Application Thread] INFO  o.b.s.Utils.FileUtil - 成功加载文件/org/bxwbb/spigotplugincreatertool/icon/Universal/Quit.png
2026-01-27 20:02:42.145 [JavaFX Application Thread] INFO  o.b.s.BxWinLab.Base.BaseLabel - 控件焦点改变至 - org.bxwbb.spigotplugincreatertool.BxWinLab.HideMenu@636d6cdd
2026-01-27 20:02:42.759 [JavaFX Application Thread] INFO  o.b.s.BxWinLab.Base.BaseLabel - 控件焦点改变至 - org.bxwbb.spigotplugincreatertool.BxWinLab.Stage@a1e0aa9
2026-01-27 20:02:43.239 [JavaFX Application Thread] INFO  o.b.s.BxWinLab.Base.BaseLabel - 控件焦点改变至 - org.bxwbb.spigotplugincreatertool.BxWinLab.HideMenu@636d6cdd
2026-01-27 20:02:43.590 [JavaFX Application Thread] INFO  o.b.s.BxWinLab.Base.BaseLabel - 控件焦点改变至 - org.bxwbb.spigotplugincreatertool.BxWinLab.Stage@a1e0aa9
2026-01-27 20:02:44.015 [JavaFX Application Thread] INFO  o.b.s.BxWinLab.Base.BaseLabel - 控件焦点改变至 - org.bxwbb.spigotplugincreatertool.BxWinLab.HideMenu@636d6cdd
2026-01-27 20:02:44.319 [JavaFX Application Thread] INFO  o.b.s.BxWinLab.Base.BaseLabel - 控件焦点改变至 - org.bxwbb.spigotplugincreatertool.BxWinLab.Stage@a1e0aa9
2026-01-27 20:02:45.341 [JavaFX Application Thread] INFO  o.b.s.HelloApplication - 执行停止...
2026-01-27 20:02:50.720 [JavaFX-Launcher] INFO  o.b.s.HelloApplication - 执行初始化...
2026-01-27 20:02:50.725 [JavaFX Application Thread] INFO  o.b.s.HelloApplication - 工具开始启动并加载...
2026-01-27 20:02:50.768 [JavaFX Application Thread] INFO  o.b.s.Utils.FileUtil - 成功加载文件/org/bxwbb/spigotplugincreatertool/icon/icon.png
2026-01-27 20:02:50.961 [JavaFX Application Thread] INFO  o.b.s.Utils.FileUtil - 成功加载文件/org/bxwbb/spigotplugincreatertool/icon/Universal/OpenFolder.png
2026-01-27 20:02:50.966 [JavaFX Application Thread] INFO  o.b.s.Utils.FileUtil - 成功加载文件/org/bxwbb/spigotplugincreatertool/icon/Universal/NewProject.png
2026-01-27 20:02:50.969 [JavaFX Application Thread] INFO  o.b.s.Utils.FileUtil - 成功加载文件/org/bxwbb/spigotplugincreatertool/icon/Universal/Setting.png
2026-01-27 20:02:50.972 [JavaFX Application Thread] INFO  o.b.s.Utils.FileUtil - 成功加载文件/org/bxwbb/spigotplugincreatertool/icon/Universal/Learn.png
2026-01-27 20:02:50.974 [JavaFX Application Thread] INFO  o.b.s.Utils.FileUtil - 成功加载文件/org/bxwbb/spigotplugincreatertool/icon/Universal/Quit.png
2026-01-27 20:02:52.153 [JavaFX Application Thread] INFO  o.b.s.BxWinLab.Base.BaseLabel - 控件焦点改变至 - org.bxwbb.spigotplugincreatertool.BxWinLab.HideMenu@55985dda
2026-01-27 20:02:52.430 [JavaFX Application Thread] INFO  o.b.s.BxWinLab.Base.BaseLabel - 控件焦点改变至 - org.bxwbb.spigotplugincreatertool.BxWinLab.Stage@6cb3d2ce
2026-01-27 20:02:52.739 [JavaFX Application Thread] INFO  o.b.s.BxWinLab.Base.BaseLabel - 控件焦点改变至 - org.bxwbb.spigotplugincreatertool.BxWinLab.HideMenu@55985dda
2026-01-27 20:02:52.948 [JavaFX Application Thread] INFO  o.b.s.BxWinLab.Base.BaseLabel - 控件焦点改变至 - org.bxwbb.spigotplugincreatertool.BxWinLab.Stage@6cb3d2ce
2026-01-27 20:02:54.442 [JavaFX Application Thread] INFO  o.b.s.HelloApplication - 执行停止...
2026-01-27 20:03:20.546 [JavaFX-Launcher] INFO  o.b.s.HelloApplication - 执行初始化...
2026-01-27 20:03:20.552 [JavaFX Application Thread] INFO  o.b.s.HelloApplication - 工具开始启动并加载...
2026-01-27 20:03:20.605 [JavaFX Application Thread] INFO  o.b.s.Utils.FileUtil - 成功加载文件/org/bxwbb/spigotplugincreatertool/icon/icon.png
2026-01-27 20:03:20.808 [JavaFX Application Thread] INFO  o.b.s.Utils.FileUtil - 成功加载文件/org/bxwbb/spigotplugincreatertool/icon/Universal/OpenFolder.png
2026-01-27 20:03:20.813 [JavaFX Application Thread] INFO  o.b.s.Utils.FileUtil - 成功加载文件/org/bxwbb/spigotplugincreatertool/icon/Universal/NewProject.png
2026-01-27 20:03:20.816 [JavaFX Application Thread] INFO  o.b.s.Utils.FileUtil - 成功加载文件/org/bxwbb/spigotplugincreatertool/icon/Universal/Setting.png
2026-01-27 20:03:20.819 [JavaFX Application Thread] INFO  o.b.s.Utils.FileUtil - 成功加载文件/org/bxwbb/spigotplugincreatertool/icon/Universal/Learn.png
2026-01-27 20:03:20.821 [JavaFX Application Thread] INFO  o.b.s.Utils.FileUtil - 成功加载文件/org/bxwbb/spigotplugincreatertool/icon/Universal/Quit.png
2026-01-27 20:03:21.477 [JavaFX Application Thread] INFO  o.b.s.BxWinLab.Base.BaseLabel - 控件焦点改变至 - org.bxwbb.spigotplugincreatertool.BxWinLab.HideMenu@1f9b46d5
2026-01-27 20:03:21.731 [JavaFX Application Thread] INFO  o.b.s.BxWinLab.Base.BaseLabel - 控件焦点改变至 - org.bxwbb.spigotplugincreatertool.BxWinLab.Stage@2a25d3fe
2026-01-27 20:03:22.617 [JavaFX Application Thread] INFO  o.b.s.BxWinLab.Base.BaseLabel - 控件焦点改变至 - org.bxwbb.spigotplugincreatertool.BxWinLab.HideMenu@1f9b46d5
2026-01-27 20:03:25.823 [JavaFX Application Thread] INFO  o.b.s.HelloApplication - 执行停止...
2026-01-27 20:05:49.958 [JavaFX-Launcher] INFO  o.b.s.HelloApplication - 执行初始化...
2026-01-27 20:05:49.964 [JavaFX Application Thread] INFO  o.b.s.HelloApplication - 工具开始启动并加载...
2026-01-27 20:05:50.007 [JavaFX Application Thread] INFO  o.b.s.Utils.FileUtil - 成功加载文件/org/bxwbb/spigotplugincreatertool/icon/icon.png
2026-01-27 20:05:50.211 [JavaFX Application Thread] INFO  o.b.s.Utils.FileUtil - 成功加载文件/org/bxwbb/spigotplugincreatertool/icon/Universal/OpenFolder.png
2026-01-27 20:05:50.216 [JavaFX Application Thread] INFO  o.b.s.Utils.FileUtil - 成功加载文件/org/bxwbb/spigotplugincreatertool/icon/Universal/NewProject.png
2026-01-27 20:05:50.220 [JavaFX Application Thread] INFO  o.b.s.Utils.FileUtil - 成功加载文件/org/bxwbb/spigotplugincreatertool/icon/Universal/Setting.png
2026-01-27 20:05:50.222 [JavaFX Application Thread] INFO  o.b.s.Utils.FileUtil - 成功加载文件/org/bxwbb/spigotplugincreatertool/icon/Universal/Learn.png
2026-01-27 20:05:50.224 [JavaFX Application Thread] INFO  o.b.s.Utils.FileUtil - 成功加载文件/org/bxwbb/spigotplugincreatertool/icon/Universal/Quit.png
2026-01-27 20:06:17.031 [JavaFX Application Thread] INFO  o.b.s.HelloApplication - 执行停止...
2026-01-27 20:40:18.666 [JavaFX-Launcher] INFO  o.b.s.HelloApplication - 执行初始化...
2026-01-27 20:40:18.671 [JavaFX Application Thread] INFO  o.b.s.HelloApplication - 工具开始启动并加载...
2026-01-27 20:40:18.713 [JavaFX Application Thread] INFO  o.b.s.Utils.FileUtil - 成功加载文件/org/bxwbb/spigotplugincreatertool/icon/icon.png
2026-01-27 20:40:18.886 [JavaFX Application Thread] INFO  o.b.s.Utils.FileUtil - 成功加载文件/org/bxwbb/spigotplugincreatertool/icon/Universal/OpenFolder.png
2026-01-27 20:40:18.891 [JavaFX Application Thread] INFO  o.b.s.Utils.FileUtil - 成功加载文件/org/bxwbb/spigotplugincreatertool/icon/Universal/NewProject.png
2026-01-27 20:40:18.895 [JavaFX Application Thread] INFO  o.b.s.Utils.FileUtil - 成功加载文件/org/bxwbb/spigotplugincreatertool/icon/Universal/Setting.png
2026-01-27 20:40:18.897 [JavaFX Application Thread] INFO  o.b.s.Utils.FileUtil - 成功加载文件/org/bxwbb/spigotplugincreatertool/icon/Universal/Learn.png
2026-01-27 20:40:18.899 [JavaFX Application Thread] INFO  o.b.s.Utils.FileUtil - 成功加载文件/org/bxwbb/spigotplugincreatertool/icon/Universal/Quit.png
2026-01-27 20:40:20.534 [JavaFX Application Thread] INFO  o.b.s.BxWinLab.Base.BaseLabel - 控件焦点改变至 - org.bxwbb.spigotplugincreatertool.BxWinLab.ImageTextButtonBox@68a5adbf
2026-01-27 20:40:21.601 [JavaFX Application Thread] INFO  o.b.s.HelloApplication - 执行停止...
2026-01-27 20:40:38.359 [JavaFX-Launcher] INFO  o.b.s.HelloApplication - 执行初始化...
2026-01-27 20:40:38.365 [JavaFX Application Thread] INFO  o.b.s.HelloApplication - 工具开始启动并加载...
2026-01-27 20:40:38.399 [JavaFX Application Thread] INFO  o.b.s.BxWinLab.Base.BaseLabel - 控件库Debug模式已开启
2026-01-27 20:40:38.404 [JavaFX Application Thread] INFO  o.b.s.BxWinLab.Base.BaseLabel - 控件库Debug模式已开启
2026-01-27 20:40:38.407 [JavaFX Application Thread] INFO  o.b.s.BxWinLab.Base.BaseLabel - 控件库Debug模式已开启
2026-01-27 20:40:38.408 [JavaFX Application Thread] INFO  o.b.s.Utils.FileUtil - 成功加载文件/org/bxwbb/spigotplugincreatertool/icon/icon.png
2026-01-27 20:40:38.544 [JavaFX Application Thread] INFO  o.b.s.BxWinLab.Base.BaseLabel - 控件库Debug模式已开启
2026-01-27 20:40:38.546 [JavaFX Application Thread] INFO  o.b.s.BxWinLab.Base.BaseLabel - 控件库Debug模式已开启
2026-01-27 20:40:38.546 [JavaFX Application Thread] INFO  o.b.s.BxWinLab.Base.BaseLabel - 控件库Debug模式已开启
2026-01-27 20:40:38.546 [JavaFX Application Thread] INFO  o.b.s.BxWinLab.Base.BaseLabel - 控件库Debug模式已开启
2026-01-27 20:40:38.546 [JavaFX Application Thread] INFO  o.b.s.BxWinLab.Base.BaseLabel - 控件库Debug模式已开启
2026-01-27 20:40:38.566 [JavaFX Application Thread] INFO  o.b.s.BxWinLab.Base.BaseLabel - 控件库Debug模式已开启
2026-01-27 20:40:38.580 [JavaFX Application Thread] INFO  o.b.s.BxWinLab.Base.BaseLabel - 控件库Debug模式已开启
2026-01-27 20:40:38.580 [JavaFX Application Thread] INFO  o.b.s.BxWinLab.Base.BaseLabel - 控件库Debug模式已开启
2026-01-27 20:40:38.581 [JavaFX Application Thread] INFO  o.b.s.BxWinLab.Base.BaseLabel - 控件库Debug模式已开启
2026-01-27 20:40:38.581 [JavaFX Application Thread] INFO  o.b.s.BxWinLab.Base.BaseLabel - 控件库Debug模式已开启
2026-01-27 20:40:38.581 [JavaFX Application Thread] INFO  o.b.s.Utils.FileUtil - 成功加载文件/org/bxwbb/spigotplugincreatertool/icon/Universal/OpenFolder.png
2026-01-27 20:40:38.583 [JavaFX Application Thread] INFO  o.b.s.BxWinLab.Base.BaseLabel - 控件库Debug模式已开启
2026-01-27 20:40:38.583 [JavaFX Application Thread] INFO  o.b.s.BxWinLab.Base.BaseLabel - 控件库Debug模式已开启
2026-01-27 20:40:38.584 [JavaFX Application Thread] INFO  o.b.s.BxWinLab.Base.BaseLabel - 控件库Debug模式已开启
2026-01-27 20:40:38.585 [JavaFX Application Thread] INFO  o.b.s.BxWinLab.Base.BaseLabel - 控件库Debug模式已开启
2026-01-27 20:40:38.586 [JavaFX Application Thread] INFO  o.b.s.BxWinLab.Base.BaseLabel - 控件库Debug模式已开启
2026-01-27 20:40:38.587 [JavaFX Application Thread] INFO  o.b.s.Utils.FileUtil - 成功加载文件/org/bxwbb/spigotplugincreatertool/icon/Universal/NewProject.png
2026-01-27 20:40:38.588 [JavaFX Application Thread] INFO  o.b.s.BxWinLab.Base.BaseLabel - 控件库Debug模式已开启
2026-01-27 20:40:38.588 [JavaFX Application Thread] INFO  o.b.s.BxWinLab.Base.BaseLabel - 控件库Debug模式已开启
2026-01-27 20:40:38.589 [JavaFX Application Thread] INFO  o.b.s.BxWinLab.Base.BaseLabel - 控件库Debug模式已开启
2026-01-27 20:40:38.589 [JavaFX Application Thread] INFO  o.b.s.BxWinLab.Base.BaseLabel - 控件库Debug模式已开启
2026-01-27 20:40:38.589 [JavaFX Application Thread] INFO  o.b.s.BxWinLab.Base.BaseLabel - 控件库Debug模式已开启
2026-01-27 20:40:38.590 [JavaFX Application Thread] INFO  o.b.s.Utils.FileUtil - 成功加载文件/org/bxwbb/spigotplugincreatertool/icon/Universal/Setting.png
2026-01-27 20:40:38.591 [JavaFX Application Thread] INFO  o.b.s.BxWinLab.Base.BaseLabel - 控件库Debug模式已开启
2026-01-27 20:40:38.591 [JavaFX Application Thread] INFO  o.b.s.BxWinLab.Base.BaseLabel - 控件库Debug模式已开启
2026-01-27 20:40:38.592 [JavaFX Application Thread] INFO  o.b.s.BxWinLab.Base.BaseLabel - 控件库Debug模式已开启
2026-01-27 20:40:38.592 [JavaFX Application Thread] INFO  o.b.s.BxWinLab.Base.BaseLabel - 控件库Debug模式已开启
2026-01-27 20:40:38.592 [JavaFX Application Thread] INFO  o.b.s.BxWinLab.Base.BaseLabel - 控件库Debug模式已开启
2026-01-27 20:40:38.593 [JavaFX Application Thread] INFO  o.b.s.Utils.FileUtil - 成功加载文件/org/bxwbb/spigotplugincreatertool/icon/Universal/Learn.png
2026-01-27 20:40:38.594 [JavaFX Application Thread] INFO  o.b.s.BxWinLab.Base.BaseLabel - 控件库Debug模式已开启
2026-01-27 20:40:38.594 [JavaFX Application Thread] INFO  o.b.s.BxWinLab.Base.BaseLabel - 控件库Debug模式已开启
2026-01-27 20:40:38.594 [JavaFX Application Thread] INFO  o.b.s.BxWinLab.Base.BaseLabel - 控件库Debug模式已开启
2026-01-27 20:40:38.594 [JavaFX Application Thread] INFO  o.b.s.BxWinLab.Base.BaseLabel - 控件库Debug模式已开启
2026-01-27 20:40:38.594 [JavaFX Application Thread] INFO  o.b.s.BxWinLab.Base.BaseLabel - 控件库Debug模式已开启
2026-01-27 20:40:38.595 [JavaFX Application Thread] INFO  o.b.s.Utils.FileUtil - 成功加载文件/org/bxwbb/spigotplugincreatertool/icon/Universal/Quit.png
2026-01-27 20:40:38.596 [JavaFX Application Thread] INFO  o.b.s.BxWinLab.Base.BaseLabel - 控件库Debug模式已开启
2026-01-27 20:40:38.596 [JavaFX Application Thread] INFO  o.b.s.BxWinLab.Base.BaseLabel - 控件库Debug模式已开启
2026-01-27 20:40:38.596 [JavaFX Application Thread] INFO  o.b.s.BxWinLab.Base.BaseLabel - 控件库Debug模式已开启
2026-01-27 20:40:38.597 [JavaFX Application Thread] INFO  o.b.s.BxWinLab.Base.BaseLabel - 控件库Debug模式已开启
2026-01-27 20:40:38.597 [JavaFX Application Thread] INFO  o.b.s.BxWinLab.Base.BaseLabel - 控件库Debug模式已开启
2026-01-27 20:40:38.597 [JavaFX Application Thread] INFO  o.b.s.BxWinLab.Base.BaseLabel - 控件库Debug模式已开启
2026-01-27 20:40:38.598 [JavaFX Application Thread] INFO  o.b.s.BxWinLab.Base.BaseLabel - 控件库Debug模式已开启
2026-01-27 20:40:38.599 [JavaFX Application Thread] INFO  o.b.s.BxWinLab.Base.BaseLabel - 控件库Debug模式已开启
2026-01-27 20:40:38.599 [JavaFX Application Thread] INFO  o.b.s.BxWinLab.Base.BaseLabel - 控件库Debug模式已开启
2026-01-27 20:40:38.599 [JavaFX Application Thread] INFO  o.b.s.BxWinLab.Base.BaseLabel - 控件库Debug模式已开启
2026-01-27 20:40:38.604 [JavaFX Application Thread] INFO  o.b.s.BxWinLab.Base.BaseLabel - 控件库Debug模式已开启
2026-01-27 20:40:38.604 [JavaFX Application Thread] INFO  o.b.s.BxWinLab.Base.BaseLabel - 控件库Debug模式已开启
2026-01-27 20:40:41.795 [JavaFX Application Thread] INFO  o.b.s.BxWinLab.Base.BaseLabel - 控件焦点改变至 - org.bxwbb.spigotplugincreatertool.BxWinLab.HideMenu@5f9f2db9
2026-01-27 20:40:55.205 [JavaFX Application Thread] INFO  o.b.s.BxWinLab.Base.BaseLabel - 控件焦点改变至 - org.bxwbb.spigotplugincreatertool.BxWinLab.Stage@4f4a964b
2026-01-27 20:40:55.588 [JavaFX Application Thread] INFO  o.b.s.BxWinLab.Base.BaseLabel - 控件焦点改变至 - org.bxwbb.spigotplugincreatertool.BxWinLab.HideMenu@5f9f2db9
2026-01-27 20:40:55.811 [JavaFX Application Thread] INFO  o.b.s.BxWinLab.Base.BaseLabel - 控件焦点改变至 - org.bxwbb.spigotplugincreatertool.BxWinLab.Stage@4f4a964b
2026-01-27 20:40:59.753 [JavaFX Application Thread] INFO  o.b.s.HelloApplication - 执行停止...
2026-01-27 20:46:28.249 [JavaFX-Launcher] INFO  o.b.s.HelloApplication - 执行初始化...
2026-01-27 20:46:28.254 [JavaFX Application Thread] INFO  o.b.s.HelloApplication - 工具开始启动并加载...
2026-01-27 20:46:28.287 [JavaFX Application Thread] INFO  o.b.s.BxWinLab.Base.BaseLabel - 控件库Debug模式已开启
2026-01-27 20:46:28.292 [JavaFX Application Thread] INFO  o.b.s.BxWinLab.Base.BaseLabel - 控件库Debug模式已开启
2026-01-27 20:46:28.295 [JavaFX Application Thread] INFO  o.b.s.BxWinLab.Base.BaseLabel - 控件库Debug模式已开启
2026-01-27 20:46:28.296 [JavaFX Application Thread] INFO  o.b.s.Utils.FileUtil - 成功加载文件/org/bxwbb/spigotplugincreatertool/icon/icon.png
2026-01-27 20:46:28.438 [JavaFX Application Thread] INFO  o.b.s.BxWinLab.Base.BaseLabel - 控件库Debug模式已开启
2026-01-27 20:46:28.439 [JavaFX Application Thread] INFO  o.b.s.BxWinLab.Base.BaseLabel - 控件库Debug模式已开启
2026-01-27 20:46:28.439 [JavaFX Application Thread] INFO  o.b.s.BxWinLab.Base.BaseLabel - 控件库Debug模式已开启
2026-01-27 20:46:28.439 [JavaFX Application Thread] INFO  o.b.s.BxWinLab.Base.BaseLabel - 控件库Debug模式已开启
2026-01-27 20:46:28.439 [JavaFX Application Thread] INFO  o.b.s.BxWinLab.Base.BaseLabel - 控件库Debug模式已开启
2026-01-27 20:46:28.460 [JavaFX Application Thread] INFO  o.b.s.BxWinLab.Base.BaseLabel - 控件库Debug模式已开启
2026-01-27 20:46:28.474 [JavaFX Application Thread] INFO  o.b.s.BxWinLab.Base.BaseLabel - 控件库Debug模式已开启
2026-01-27 20:46:28.475 [JavaFX Application Thread] INFO  o.b.s.BxWinLab.Base.BaseLabel - 控件库Debug模式已开启
2026-01-27 20:46:28.475 [JavaFX Application Thread] INFO  o.b.s.BxWinLab.Base.BaseLabel - 控件库Debug模式已开启
2026-01-27 20:46:28.476 [JavaFX Application Thread] INFO  o.b.s.BxWinLab.Base.BaseLabel - 控件库Debug模式已开启
2026-01-27 20:46:28.476 [JavaFX Application Thread] INFO  o.b.s.Utils.FileUtil - 成功加载文件/org/bxwbb/spigotplugincreatertool/icon/Universal/OpenFolder.png
2026-01-27 20:46:28.478 [JavaFX Application Thread] INFO  o.b.s.BxWinLab.Base.BaseLabel - 控件库Debug模式已开启
2026-01-27 20:46:28.478 [JavaFX Application Thread] INFO  o.b.s.BxWinLab.Base.BaseLabel - 控件库Debug模式已开启
2026-01-27 20:46:28.479 [JavaFX Application Thread] INFO  o.b.s.BxWinLab.Base.BaseLabel - 控件库Debug模式已开启
2026-01-27 20:46:28.480 [JavaFX Application Thread] INFO  o.b.s.BxWinLab.Base.BaseLabel - 控件库Debug模式已开启
2026-01-27 20:46:28.480 [JavaFX Application Thread] INFO  o.b.s.BxWinLab.Base.BaseLabel - 控件库Debug模式已开启
2026-01-27 20:46:28.481 [JavaFX Application Thread] INFO  o.b.s.Utils.FileUtil - 成功加载文件/org/bxwbb/spigotplugincreatertool/icon/Universal/NewProject.png
2026-01-27 20:46:28.483 [JavaFX Application Thread] INFO  o.b.s.BxWinLab.Base.BaseLabel - 控件库Debug模式已开启
2026-01-27 20:46:28.483 [JavaFX Application Thread] INFO  o.b.s.BxWinLab.Base.BaseLabel - 控件库Debug模式已开启
2026-01-27 20:46:28.483 [JavaFX Application Thread] INFO  o.b.s.BxWinLab.Base.BaseLabel - 控件库Debug模式已开启
2026-01-27 20:46:28.484 [JavaFX Application Thread] INFO  o.b.s.BxWinLab.Base.BaseLabel - 控件库Debug模式已开启
2026-01-27 20:46:28.484 [JavaFX Application Thread] INFO  o.b.s.BxWinLab.Base.BaseLabel - 控件库Debug模式已开启
2026-01-27 20:46:28.485 [JavaFX Application Thread] INFO  o.b.s.Utils.FileUtil - 成功加载文件/org/bxwbb/spigotplugincreatertool/icon/Universal/Setting.png
2026-01-27 20:46:28.486 [JavaFX Application Thread] INFO  o.b.s.BxWinLab.Base.BaseLabel - 控件库Debug模式已开启
2026-01-27 20:46:28.486 [JavaFX Application Thread] INFO  o.b.s.BxWinLab.Base.BaseLabel - 控件库Debug模式已开启
2026-01-27 20:46:28.486 [JavaFX Application Thread] INFO  o.b.s.BxWinLab.Base.BaseLabel - 控件库Debug模式已开启
2026-01-27 20:46:28.486 [JavaFX Application Thread] INFO  o.b.s.BxWinLab.Base.BaseLabel - 控件库Debug模式已开启
2026-01-27 20:46:28.487 [JavaFX Application Thread] INFO  o.b.s.BxWinLab.Base.BaseLabel - 控件库Debug模式已开启
2026-01-27 20:46:28.488 [JavaFX Application Thread] INFO  o.b.s.Utils.FileUtil - 成功加载文件/org/bxwbb/spigotplugincreatertool/icon/Universal/Learn.png
2026-01-27 20:46:28.488 [JavaFX Application Thread] INFO  o.b.s.BxWinLab.Base.BaseLabel - 控件库Debug模式已开启
2026-01-27 20:46:28.488 [JavaFX Application Thread] INFO  o.b.s.BxWinLab.Base.BaseLabel - 控件库Debug模式已开启
2026-01-27 20:46:28.489 [JavaFX Application Thread] INFO  o.b.s.BxWinLab.Base.BaseLabel - 控件库Debug模式已开启
2026-01-27 20:46:28.489 [JavaFX Application Thread] INFO  o.b.s.BxWinLab.Base.BaseLabel - 控件库Debug模式已开启
2026-01-27 20:46:28.489 [JavaFX Application Thread] INFO  o.b.s.BxWinLab.Base.BaseLabel - 控件库Debug模式已开启
2026-01-27 20:46:28.490 [JavaFX Application Thread] INFO  o.b.s.Utils.FileUtil - 成功加载文件/org/bxwbb/spigotplugincreatertool/icon/Universal/Quit.png
2026-01-27 20:46:28.491 [JavaFX Application Thread] INFO  o.b.s.BxWinLab.Base.BaseLabel - 控件库Debug模式已开启
2026-01-27 20:46:28.491 [JavaFX Application Thread] INFO  o.b.s.BxWinLab.Base.BaseLabel - 控件库Debug模式已开启
2026-01-27 20:46:28.491 [JavaFX Application Thread] INFO  o.b.s.BxWinLab.Base.BaseLabel - 控件库Debug模式已开启
2026-01-27 20:46:28.492 [JavaFX Application Thread] INFO  o.b.s.BxWinLab.Base.BaseLabel - 控件库Debug模式已开启
2026-01-27 20:46:28.492 [JavaFX Application Thread] INFO  o.b.s.BxWinLab.Base.BaseLabel - 控件库Debug模式已开启
2026-01-27 20:46:28.492 [JavaFX Application Thread] INFO  o.b.s.BxWinLab.Base.BaseLabel - 控件库Debug模式已开启
2026-01-27 20:46:28.492 [JavaFX Application Thread] INFO  o.b.s.BxWinLab.Base.BaseLabel - 控件库Debug模式已开启
2026-01-27 20:46:28.493 [JavaFX Application Thread] INFO  o.b.s.BxWinLab.Base.BaseLabel - 控件库Debug模式已开启
2026-01-27 20:46:28.494 [JavaFX Application Thread] INFO  o.b.s.BxWinLab.Base.BaseLabel - 控件库Debug模式已开启
2026-01-27 20:46:28.494 [JavaFX Application Thread] INFO  o.b.s.BxWinLab.Base.BaseLabel - 控件库Debug模式已开启
2026-01-27 20:46:28.498 [JavaFX Application Thread] INFO  o.b.s.BxWinLab.Base.BaseLabel - 控件库Debug模式已开启
2026-01-27 20:46:28.498 [JavaFX Application Thread] INFO  o.b.s.BxWinLab.Base.BaseLabel - 控件库Debug模式已开启
2026-01-27 20:46:58.457 [JavaFX Application Thread] INFO  o.b.s.HelloApplication - 执行停止...
2026-01-27 20:47:51.288 [JavaFX-Launcher] INFO  o.b.s.HelloApplication - 执行初始化...
2026-01-27 20:47:51.295 [JavaFX Application Thread] INFO  o.b.s.HelloApplication - 工具开始启动并加载...
2026-01-27 20:47:51.328 [JavaFX Application Thread] INFO  o.b.s.BxWinLab.Base.BaseLabel - 控件库Debug模式已开启
2026-01-27 20:47:51.333 [JavaFX Application Thread] INFO  o.b.s.BxWinLab.Base.BaseLabel - 控件库Debug模式已开启
2026-01-27 20:47:51.336 [JavaFX Application Thread] INFO  o.b.s.BxWinLab.Base.BaseLabel - 控件库Debug模式已开启
2026-01-27 20:47:51.338 [JavaFX Application Thread] INFO  o.b.s.Utils.FileUtil - 成功加载文件/org/bxwbb/spigotplugincreatertool/icon/icon.png
2026-01-27 20:47:51.473 [JavaFX Application Thread] INFO  o.b.s.BxWinLab.Base.BaseLabel - 控件库Debug模式已开启
2026-01-27 20:47:51.474 [JavaFX Application Thread] INFO  o.b.s.BxWinLab.Base.BaseLabel - 控件库Debug模式已开启
2026-01-27 20:47:51.475 [JavaFX Application Thread] INFO  o.b.s.BxWinLab.Base.BaseLabel - 控件库Debug模式已开启
2026-01-27 20:47:51.475 [JavaFX Application Thread] INFO  o.b.s.BxWinLab.Base.BaseLabel - 控件库Debug模式已开启
2026-01-27 20:47:51.475 [JavaFX Application Thread] INFO  o.b.s.BxWinLab.Base.BaseLabel - 控件库Debug模式已开启
2026-01-27 20:47:51.496 [JavaFX Application Thread] INFO  o.b.s.BxWinLab.Base.BaseLabel - 控件库Debug模式已开启
2026-01-27 20:47:51.510 [JavaFX Application Thread] INFO  o.b.s.BxWinLab.Base.BaseLabel - 控件库Debug模式已开启
2026-01-27 20:47:51.510 [JavaFX Application Thread] INFO  o.b.s.BxWinLab.Base.BaseLabel - 控件库Debug模式已开启
2026-01-27 20:47:51.511 [JavaFX Application Thread] INFO  o.b.s.BxWinLab.Base.BaseLabel - 控件库Debug模式已开启
2026-01-27 20:47:51.511 [JavaFX Application Thread] INFO  o.b.s.BxWinLab.Base.BaseLabel - 控件库Debug模式已开启
2026-01-27 20:47:51.512 [JavaFX Application Thread] INFO  o.b.s.Utils.FileUtil - 成功加载文件/org/bxwbb/spigotplugincreatertool/icon/Universal/OpenFolder.png
2026-01-27 20:47:51.513 [JavaFX Application Thread] INFO  o.b.s.BxWinLab.Base.BaseLabel - 控件库Debug模式已开启
2026-01-27 20:47:51.514 [JavaFX Application Thread] INFO  o.b.s.BxWinLab.Base.BaseLabel - 控件库Debug模式已开启
2026-01-27 20:47:51.514 [JavaFX Application Thread] INFO  o.b.s.BxWinLab.Base.BaseLabel - 控件库Debug模式已开启
2026-01-27 20:47:51.515 [JavaFX Application Thread] INFO  o.b.s.BxWinLab.Base.BaseLabel - 控件库Debug模式已开启
2026-01-27 20:47:51.516 [JavaFX Application Thread] INFO  o.b.s.BxWinLab.Base.BaseLabel - 控件库Debug模式已开启
2026-01-27 20:47:51.517 [JavaFX Application Thread] INFO  o.b.s.Utils.FileUtil - 成功加载文件/org/bxwbb/spigotplugincreatertool/icon/Universal/NewProject.png
2026-01-27 20:47:51.518 [JavaFX Application Thread] INFO  o.b.s.BxWinLab.Base.BaseLabel - 控件库Debug模式已开启
2026-01-27 20:47:51.518 [JavaFX Application Thread] INFO  o.b.s.BxWinLab.Base.BaseLabel - 控件库Debug模式已开启
2026-01-27 20:47:51.518 [JavaFX Application Thread] INFO  o.b.s.BxWinLab.Base.BaseLabel - 控件库Debug模式已开启
2026-01-27 20:47:51.519 [JavaFX Application Thread] INFO  o.b.s.BxWinLab.Base.BaseLabel - 控件库Debug模式已开启
2026-01-27 20:47:51.519 [JavaFX Application Thread] INFO  o.b.s.BxWinLab.Base.BaseLabel - 控件库Debug模式已开启
2026-01-27 20:47:51.520 [JavaFX Application Thread] INFO  o.b.s.Utils.FileUtil - 成功加载文件/org/bxwbb/spigotplugincreatertool/icon/Universal/Setting.png
2026-01-27 20:47:51.520 [JavaFX Application Thread] INFO  o.b.s.BxWinLab.Base.BaseLabel - 控件库Debug模式已开启
2026-01-27 20:47:51.521 [JavaFX Application Thread] INFO  o.b.s.BxWinLab.Base.BaseLabel - 控件库Debug模式已开启
2026-01-27 20:47:51.521 [JavaFX Application Thread] INFO  o.b.s.BxWinLab.Base.BaseLabel - 控件库Debug模式已开启
2026-01-27 20:47:51.521 [JavaFX Application Thread] INFO  o.b.s.BxWinLab.Base.BaseLabel - 控件库Debug模式已开启
2026-01-27 20:47:51.521 [JavaFX Application Thread] INFO  o.b.s.BxWinLab.Base.BaseLabel - 控件库Debug模式已开启
2026-01-27 20:47:51.522 [JavaFX Application Thread] INFO  o.b.s.Utils.FileUtil - 成功加载文件/org/bxwbb/spigotplugincreatertool/icon/Universal/Learn.png
2026-01-27 20:47:51.522 [JavaFX Application Thread] INFO  o.b.s.BxWinLab.Base.BaseLabel - 控件库Debug模式已开启
2026-01-27 20:47:51.522 [JavaFX Application Thread] INFO  o.b.s.BxWinLab.Base.BaseLabel - 控件库Debug模式已开启
2026-01-27 20:47:51.522 [JavaFX Application Thread] INFO  o.b.s.BxWinLab.Base.BaseLabel - 控件库Debug模式已开启
2026-01-27 20:47:51.523 [JavaFX Application Thread] INFO  o.b.s.BxWinLab.Base.BaseLabel - 控件库Debug模式已开启
2026-01-27 20:47:51.523 [JavaFX Application Thread] INFO  o.b.s.BxWinLab.Base.BaseLabel - 控件库Debug模式已开启
2026-01-27 20:47:51.524 [JavaFX Application Thread] INFO  o.b.s.Utils.FileUtil - 成功加载文件/org/bxwbb/spigotplugincreatertool/icon/Universal/Quit.png
2026-01-27 20:47:51.524 [JavaFX Application Thread] INFO  o.b.s.BxWinLab.Base.BaseLabel - 控件库Debug模式已开启
2026-01-27 20:47:51.525 [JavaFX Application Thread] INFO  o.b.s.BxWinLab.Base.BaseLabel - 控件库Debug模式已开启
2026-01-27 20:47:51.525 [JavaFX Application Thread] INFO  o.b.s.BxWinLab.Base.BaseLabel - 控件库Debug模式已开启
2026-01-27 20:47:51.525 [JavaFX Application Thread] INFO  o.b.s.BxWinLab.Base.BaseLabel - 控件库Debug模式已开启
2026-01-27 20:47:51.525 [JavaFX Application Thread] INFO  o.b.s.BxWinLab.Base.BaseLabel - 控件库Debug模式已开启
2026-01-27 20:47:51.526 [JavaFX Application Thread] INFO  o.b.s.BxWinLab.Base.BaseLabel - 控件库Debug模式已开启
2026-01-27 20:47:51.526 [JavaFX Application Thread] INFO  o.b.s.BxWinLab.Base.BaseLabel - 控件库Debug模式已开启
2026-01-27 20:47:51.527 [JavaFX Application Thread] INFO  o.b.s.BxWinLab.Base.BaseLabel - 控件库Debug模式已开启
2026-01-27 20:47:51.528 [JavaFX Application Thread] INFO  o.b.s.BxWinLab.Base.BaseLabel - 控件库Debug模式已开启
2026-01-27 20:47:51.528 [JavaFX Application Thread] INFO  o.b.s.BxWinLab.Base.BaseLabel - 控件库Debug模式已开启
2026-01-27 20:47:51.532 [JavaFX Application Thread] INFO  o.b.s.BxWinLab.Base.BaseLabel - 控件库Debug模式已开启
2026-01-27 20:47:51.532 [JavaFX Application Thread] INFO  o.b.s.BxWinLab.Base.BaseLabel - 控件库Debug模式已开启
2026-01-27 20:48:04.724 [JavaFX Application Thread] INFO  o.b.s.HelloApplication - 执行停止...
2026-01-27 20:51:24.966 [JavaFX-Launcher] INFO  o.b.s.HelloApplication - 执行初始化...
2026-01-27 20:51:24.973 [JavaFX Application Thread] INFO  o.b.s.HelloApplication - 工具开始启动并加载...
2026-01-27 20:51:25.018 [JavaFX Application Thread] INFO  o.b.s.BxWinLab.Base.BaseLabel - 控件库Debug模式已开启
2026-01-27 20:51:25.024 [JavaFX Application Thread] INFO  o.b.s.BxWinLab.Base.BaseLabel - 控件库Debug模式已开启
2026-01-27 20:51:25.028 [JavaFX Application Thread] INFO  o.b.s.BxWinLab.Base.BaseLabel - 控件库Debug模式已开启
2026-01-27 20:51:25.030 [JavaFX Application Thread] INFO  o.b.s.Utils.FileUtil - 成功加载文件/org/bxwbb/spigotplugincreatertool/icon/icon.png
2026-01-27 20:51:25.178 [JavaFX Application Thread] INFO  o.b.s.BxWinLab.Base.BaseLabel - 控件库Debug模式已开启
2026-01-27 20:51:25.179 [JavaFX Application Thread] INFO  o.b.s.BxWinLab.Base.BaseLabel - 控件库Debug模式已开启
2026-01-27 20:51:25.180 [JavaFX Application Thread] INFO  o.b.s.BxWinLab.Base.BaseLabel - 控件库Debug模式已开启
2026-01-27 20:51:25.180 [JavaFX Application Thread] INFO  o.b.s.BxWinLab.Base.BaseLabel - 控件库Debug模式已开启
2026-01-27 20:51:25.180 [JavaFX Application Thread] INFO  o.b.s.BxWinLab.Base.BaseLabel - 控件库Debug模式已开启
2026-01-27 20:51:25.200 [JavaFX Application Thread] INFO  o.b.s.BxWinLab.Base.BaseLabel - 控件库Debug模式已开启
2026-01-27 20:51:25.223 [JavaFX Application Thread] INFO  o.b.s.BxWinLab.Base.BaseLabel - 控件库Debug模式已开启
2026-01-27 20:51:25.223 [JavaFX Application Thread] INFO  o.b.s.BxWinLab.Base.BaseLabel - 控件库Debug模式已开启
2026-01-27 20:51:25.223 [JavaFX Application Thread] INFO  o.b.s.BxWinLab.Base.BaseLabel - 控件库Debug模式已开启
2026-01-27 20:51:25.224 [JavaFX Application Thread] INFO  o.b.s.BxWinLab.Base.BaseLabel - 控件库Debug模式已开启
2026-01-27 20:51:25.225 [JavaFX Application Thread] INFO  o.b.s.BxWinLab.Base.BaseLabel - 控件库Debug模式已开启
2026-01-27 20:51:25.225 [JavaFX Application Thread] INFO  o.b.s.BxWinLab.Base.BaseLabel - 控件库Debug模式已开启
2026-01-27 20:51:25.225 [JavaFX Application Thread] INFO  o.b.s.Utils.FileUtil - 成功加载文件/org/bxwbb/spigotplugincreatertool/icon/Universal/OpenFolder.png
2026-01-27 20:51:25.227 [JavaFX Application Thread] INFO  o.b.s.BxWinLab.Base.BaseLabel - 控件库Debug模式已开启
2026-01-27 20:51:25.228 [JavaFX Application Thread] INFO  o.b.s.BxWinLab.Base.BaseLabel - 控件库Debug模式已开启
2026-01-27 20:51:25.228 [JavaFX Application Thread] INFO  o.b.s.BxWinLab.Base.BaseLabel - 控件库Debug模式已开启
2026-01-27 20:51:25.229 [JavaFX Application Thread] INFO  o.b.s.BxWinLab.Base.BaseLabel - 控件库Debug模式已开启
2026-01-27 20:51:25.230 [JavaFX Application Thread] INFO  o.b.s.BxWinLab.Base.BaseLabel - 控件库Debug模式已开启
2026-01-27 20:51:25.231 [JavaFX Application Thread] INFO  o.b.s.Utils.FileUtil - 成功加载文件/org/bxwbb/spigotplugincreatertool/icon/Universal/NewProject.png
2026-01-27 20:51:25.232 [JavaFX Application Thread] INFO  o.b.s.BxWinLab.Base.BaseLabel - 控件库Debug模式已开启
2026-01-27 20:51:25.232 [JavaFX Application Thread] INFO  o.b.s.BxWinLab.Base.BaseLabel - 控件库Debug模式已开启
2026-01-27 20:51:25.232 [JavaFX Application Thread] INFO  o.b.s.BxWinLab.Base.BaseLabel - 控件库Debug模式已开启
2026-01-27 20:51:25.233 [JavaFX Application Thread] INFO  o.b.s.BxWinLab.Base.BaseLabel - 控件库Debug模式已开启
2026-01-27 20:51:25.233 [JavaFX Application Thread] INFO  o.b.s.BxWinLab.Base.BaseLabel - 控件库Debug模式已开启
2026-01-27 20:51:25.234 [JavaFX Application Thread] INFO  o.b.s.Utils.FileUtil - 成功加载文件/org/bxwbb/spigotplugincreatertool/icon/Universal/Setting.png
2026-01-27 20:51:25.235 [JavaFX Application Thread] INFO  o.b.s.BxWinLab.Base.BaseLabel - 控件库Debug模式已开启
2026-01-27 20:51:25.235 [JavaFX Application Thread] INFO  o.b.s.BxWinLab.Base.BaseLabel - 控件库Debug模式已开启
2026-01-27 20:51:25.235 [JavaFX Application Thread] INFO  o.b.s.BxWinLab.Base.BaseLabel - 控件库Debug模式已开启
2026-01-27 20:51:25.236 [JavaFX Application Thread] INFO  o.b.s.BxWinLab.Base.BaseLabel - 控件库Debug模式已开启
2026-01-27 20:51:25.236 [JavaFX Application Thread] INFO  o.b.s.BxWinLab.Base.BaseLabel - 控件库Debug模式已开启
2026-01-27 20:51:25.237 [JavaFX Application Thread] INFO  o.b.s.Utils.FileUtil - 成功加载文件/org/bxwbb/spigotplugincreatertool/icon/Universal/Learn.png
2026-01-27 20:51:25.238 [JavaFX Application Thread] INFO  o.b.s.BxWinLab.Base.BaseLabel - 控件库Debug模式已开启
2026-01-27 20:51:25.238 [JavaFX Application Thread] INFO  o.b.s.BxWinLab.Base.BaseLabel - 控件库Debug模式已开启
2026-01-27 20:51:25.238 [JavaFX Application Thread] INFO  o.b.s.BxWinLab.Base.BaseLabel - 控件库Debug模式已开启
2026-01-27 20:51:25.238 [JavaFX Application Thread] INFO  o.b.s.BxWinLab.Base.BaseLabel - 控件库Debug模式已开启
2026-01-27 20:51:25.238 [JavaFX Application Thread] INFO  o.b.s.BxWinLab.Base.BaseLabel - 控件库Debug模式已开启
2026-01-27 20:51:25.239 [JavaFX Application Thread] INFO  o.b.s.Utils.FileUtil - 成功加载文件/org/bxwbb/spigotplugincreatertool/icon/Universal/Quit.png
2026-01-27 20:51:25.240 [JavaFX Application Thread] INFO  o.b.s.BxWinLab.Base.BaseLabel - 控件库Debug模式已开启
2026-01-27 20:51:25.240 [JavaFX Application Thread] INFO  o.b.s.BxWinLab.Base.BaseLabel - 控件库Debug模式已开启
2026-01-27 20:51:25.240 [JavaFX Application Thread] INFO  o.b.s.BxWinLab.Base.BaseLabel - 控件库Debug模式已开启
2026-01-27 20:51:25.240 [JavaFX Application Thread] INFO  o.b.s.BxWinLab.Base.BaseLabel - 控件库Debug模式已开启
2026-01-27 20:51:25.240 [JavaFX Application Thread] INFO  o.b.s.BxWinLab.Base.BaseLabel - 控件库Debug模式已开启
2026-01-27 20:51:25.241 [JavaFX Application Thread] INFO  o.b.s.BxWinLab.Base.BaseLabel - 控件库Debug模式已开启
2026-01-27 20:51:25.242 [JavaFX Application Thread] INFO  o.b.s.BxWinLab.Base.BaseLabel - 控件库Debug模式已开启
2026-01-27 20:51:25.243 [JavaFX Application Thread] INFO  o.b.s.BxWinLab.Base.BaseLabel - 控件库Debug模式已开启
2026-01-27 20:51:25.244 [JavaFX Application Thread] INFO  o.b.s.BxWinLab.Base.BaseLabel - 控件库Debug模式已开启
2026-01-27 20:51:25.244 [JavaFX Application Thread] INFO  o.b.s.BxWinLab.Base.BaseLabel - 控件库Debug模式已开启
2026-01-27 20:51:25.248 [JavaFX Application Thread] INFO  o.b.s.BxWinLab.Base.BaseLabel - 控件库Debug模式已开启
2026-01-27 20:51:25.248 [JavaFX Application Thread] INFO  o.b.s.BxWinLab.Base.BaseLabel - 控件库Debug模式已开启
2026-01-27 20:51:31.275 [JavaFX Application Thread] INFO  o.b.s.BxWinLab.Base.BaseLabel - 控件焦点改变至 - org.bxwbb.spigotplugincreatertool.BxWinLab.HideMenu@74b49e13
2026-01-27 20:51:38.646 [JavaFX Application Thread] INFO  o.b.s.BxWinLab.Base.BaseLabel - 控件焦点改变至 - org.bxwbb.spigotplugincreatertool.BxWinLab.Stage@2f17a845
2026-01-27 20:51:39.264 [JavaFX Application Thread] INFO  o.b.s.BxWinLab.Base.BaseLabel - 控件焦点改变至 - org.bxwbb.spigotplugincreatertool.BxWinLab.HideMenu@74b49e13
2026-01-27 20:51:39.766 [JavaFX Application Thread] INFO  o.b.s.BxWinLab.Base.BaseLabel - 控件焦点改变至 - org.bxwbb.spigotplugincreatertool.BxWinLab.Stage@3a7ef040
2026-01-27 20:51:41.807 [JavaFX Application Thread] INFO  o.b.s.BxWinLab.Base.BaseLabel - 控件焦点改变至 - org.bxwbb.spigotplugincreatertool.BxWinLab.ImageTextButtonBox@59f540f9
2026-01-27 20:52:44.475 [JavaFX Application Thread] INFO  o.b.s.HelloApplication - 执行停止...
2026-01-27 20:55:44.575 [JavaFX-Launcher] INFO  o.b.s.HelloApplication - 执行初始化...
2026-01-27 20:55:44.580 [JavaFX Application Thread] INFO  o.b.s.HelloApplication - 工具开始启动并加载...
2026-01-27 20:55:44.620 [JavaFX Application Thread] INFO  o.b.s.BxWinLab.Base.BaseLabel - 控件库Debug模式已开启
2026-01-27 20:55:44.627 [JavaFX Application Thread] INFO  o.b.s.BxWinLab.Base.BaseLabel - 控件库Debug模式已开启
2026-01-27 20:55:44.630 [JavaFX Application Thread] INFO  o.b.s.BxWinLab.Base.BaseLabel - 控件库Debug模式已开启
2026-01-27 20:55:44.631 [JavaFX Application Thread] INFO  o.b.s.Utils.FileUtil - 成功加载文件/org/bxwbb/spigotplugincreatertool/icon/icon.png
2026-01-27 20:55:44.791 [JavaFX Application Thread] INFO  o.b.s.BxWinLab.Base.BaseLabel - 控件库Debug模式已开启
2026-01-27 20:55:44.792 [JavaFX Application Thread] INFO  o.b.s.BxWinLab.Base.BaseLabel - 控件库Debug模式已开启
2026-01-27 20:55:44.792 [JavaFX Application Thread] INFO  o.b.s.BxWinLab.Base.BaseLabel - 控件库Debug模式已开启
2026-01-27 20:55:44.792 [JavaFX Application Thread] INFO  o.b.s.BxWinLab.Base.BaseLabel - 控件库Debug模式已开启
2026-01-27 20:55:44.792 [JavaFX Application Thread] INFO  o.b.s.BxWinLab.Base.BaseLabel - 控件库Debug模式已开启
2026-01-27 20:55:44.821 [JavaFX Application Thread] INFO  o.b.s.BxWinLab.Base.BaseLabel - 控件库Debug模式已开启
2026-01-27 20:55:44.836 [JavaFX Application Thread] INFO  o.b.s.BxWinLab.Base.BaseLabel - 控件库Debug模式已开启
2026-01-27 20:55:44.837 [JavaFX Application Thread] INFO  o.b.s.BxWinLab.Base.BaseLabel - 控件库Debug模式已开启
2026-01-27 20:55:44.837 [JavaFX Application Thread] INFO  o.b.s.BxWinLab.Base.BaseLabel - 控件库Debug模式已开启
2026-01-27 20:55:44.837 [JavaFX Application Thread] INFO  o.b.s.BxWinLab.Base.BaseLabel - 控件库Debug模式已开启
2026-01-27 20:55:44.838 [JavaFX Application Thread] INFO  o.b.s.BxWinLab.Base.BaseLabel - 控件库Debug模式已开启
2026-01-27 20:55:44.839 [JavaFX Application Thread] INFO  o.b.s.BxWinLab.Base.BaseLabel - 控件库Debug模式已开启
2026-01-27 20:55:44.839 [JavaFX Application Thread] INFO  o.b.s.Utils.FileUtil - 成功加载文件/org/bxwbb/spigotplugincreatertool/icon/Universal/OpenFolder.png
2026-01-27 20:55:44.841 [JavaFX Application Thread] INFO  o.b.s.BxWinLab.Base.BaseLabel - 控件库Debug模式已开启
2026-01-27 20:55:44.841 [JavaFX Application Thread] INFO  o.b.s.BxWinLab.Base.BaseLabel - 控件库Debug模式已开启
2026-01-27 20:55:44.841 [JavaFX Application Thread] INFO  o.b.s.BxWinLab.Base.BaseLabel - 控件库Debug模式已开启
2026-01-27 20:55:44.843 [JavaFX Application Thread] INFO  o.b.s.BxWinLab.Base.BaseLabel - 控件库Debug模式已开启
2026-01-27 20:55:44.843 [JavaFX Application Thread] INFO  o.b.s.BxWinLab.Base.BaseLabel - 控件库Debug模式已开启
2026-01-27 20:55:44.844 [JavaFX Application Thread] INFO  o.b.s.Utils.FileUtil - 成功加载文件/org/bxwbb/spigotplugincreatertool/icon/Universal/NewProject.png
2026-01-27 20:55:44.845 [JavaFX Application Thread] INFO  o.b.s.BxWinLab.Base.BaseLabel - 控件库Debug模式已开启
2026-01-27 20:55:44.845 [JavaFX Application Thread] INFO  o.b.s.BxWinLab.Base.BaseLabel - 控件库Debug模式已开启
2026-01-27 20:55:44.845 [JavaFX Application Thread] INFO  o.b.s.BxWinLab.Base.BaseLabel - 控件库Debug模式已开启
2026-01-27 20:55:44.846 [JavaFX Application Thread] INFO  o.b.s.BxWinLab.Base.BaseLabel - 控件库Debug模式已开启
2026-01-27 20:55:44.846 [JavaFX Application Thread] INFO  o.b.s.BxWinLab.Base.BaseLabel - 控件库Debug模式已开启
2026-01-27 20:55:44.847 [JavaFX Application Thread] INFO  o.b.s.Utils.FileUtil - 成功加载文件/org/bxwbb/spigotplugincreatertool/icon/Universal/Setting.png
2026-01-27 20:55:44.848 [JavaFX Application Thread] INFO  o.b.s.BxWinLab.Base.BaseLabel - 控件库Debug模式已开启
2026-01-27 20:55:44.848 [JavaFX Application Thread] INFO  o.b.s.BxWinLab.Base.BaseLabel - 控件库Debug模式已开启
2026-01-27 20:55:44.848 [JavaFX Application Thread] INFO  o.b.s.BxWinLab.Base.BaseLabel - 控件库Debug模式已开启
2026-01-27 20:55:44.848 [JavaFX Application Thread] INFO  o.b.s.BxWinLab.Base.BaseLabel - 控件库Debug模式已开启
2026-01-27 20:55:44.848 [JavaFX Application Thread] INFO  o.b.s.BxWinLab.Base.BaseLabel - 控件库Debug模式已开启
2026-01-27 20:55:44.849 [JavaFX Application Thread] INFO  o.b.s.Utils.FileUtil - 成功加载文件/org/bxwbb/spigotplugincreatertool/icon/Universal/Learn.png
2026-01-27 20:55:44.850 [JavaFX Application Thread] INFO  o.b.s.BxWinLab.Base.BaseLabel - 控件库Debug模式已开启
2026-01-27 20:55:44.850 [JavaFX Application Thread] INFO  o.b.s.BxWinLab.Base.BaseLabel - 控件库Debug模式已开启
2026-01-27 20:55:44.851 [JavaFX Application Thread] INFO  o.b.s.BxWinLab.Base.BaseLabel - 控件库Debug模式已开启
2026-01-27 20:55:44.851 [JavaFX Application Thread] INFO  o.b.s.BxWinLab.Base.BaseLabel - 控件库Debug模式已开启
2026-01-27 20:55:44.851 [JavaFX Application Thread] INFO  o.b.s.BxWinLab.Base.BaseLabel - 控件库Debug模式已开启
2026-01-27 20:55:44.852 [JavaFX Application Thread] INFO  o.b.s.Utils.FileUtil - 成功加载文件/org/bxwbb/spigotplugincreatertool/icon/Universal/Quit.png
2026-01-27 20:55:44.852 [JavaFX Application Thread] INFO  o.b.s.BxWinLab.Base.BaseLabel - 控件库Debug模式已开启
2026-01-27 20:55:44.852 [JavaFX Application Thread] INFO  o.b.s.BxWinLab.Base.BaseLabel - 控件库Debug模式已开启
2026-01-27 20:55:44.853 [JavaFX Application Thread] INFO  o.b.s.BxWinLab.Base.BaseLabel - 控件库Debug模式已开启
2026-01-27 20:55:44.853 [JavaFX Application Thread] INFO  o.b.s.BxWinLab.Base.BaseLabel - 控件库Debug模式已开启
2026-01-27 20:55:44.853 [JavaFX Application Thread] INFO  o.b.s.BxWinLab.Base.BaseLabel - 控件库Debug模式已开启
2026-01-27 20:55:44.854 [JavaFX Application Thread] INFO  o.b.s.BxWinLab.Base.BaseLabel - 控件库Debug模式已开启
2026-01-27 20:55:44.855 [JavaFX Application Thread] INFO  o.b.s.BxWinLab.Base.BaseLabel - 控件库Debug模式已开启
2026-01-27 20:55:44.856 [JavaFX Application Thread] INFO  o.b.s.BxWinLab.Base.BaseLabel - 控件库Debug模式已开启
2026-01-27 20:55:44.856 [JavaFX Application Thread] INFO  o.b.s.BxWinLab.Base.BaseLabel - 控件库Debug模式已开启
2026-01-27 20:55:44.856 [JavaFX Application Thread] INFO  o.b.s.BxWinLab.Base.BaseLabel - 控件库Debug模式已开启
2026-01-27 20:55:44.860 [JavaFX Application Thread] INFO  o.b.s.BxWinLab.Base.BaseLabel - 控件库Debug模式已开启
2026-01-27 20:55:44.861 [JavaFX Application Thread] INFO  o.b.s.BxWinLab.Base.BaseLabel - 控件库Debug模式已开启
2026-01-27 20:55:48.940 [JavaFX Application Thread] INFO  o.b.s.HelloApplication - 执行停止...
2026-01-27 20:58:53.658 [JavaFX-Launcher] INFO  o.b.s.HelloApplication - 执行初始化...
2026-01-27 20:58:53.663 [JavaFX Application Thread] INFO  o.b.s.HelloApplication - 工具开始启动并加载...
2026-01-27 20:58:53.697 [JavaFX Application Thread] INFO  o.b.s.BxWinLab.Base.BaseLabel - 控件库Debug模式已开启
2026-01-27 20:58:53.702 [JavaFX Application Thread] INFO  o.b.s.BxWinLab.Base.BaseLabel - 控件库Debug模式已开启
2026-01-27 20:58:53.706 [JavaFX Application Thread] INFO  o.b.s.BxWinLab.Base.BaseLabel - 控件库Debug模式已开启
2026-01-27 20:58:53.707 [JavaFX Application Thread] INFO  o.b.s.Utils.FileUtil - 成功加载文件/org/bxwbb/spigotplugincreatertool/icon/icon.png
2026-01-27 20:58:53.849 [JavaFX Application Thread] INFO  o.b.s.BxWinLab.Base.BaseLabel - 控件库Debug模式已开启
2026-01-27 20:58:53.851 [JavaFX Application Thread] INFO  o.b.s.BxWinLab.Base.BaseLabel - 控件库Debug模式已开启
2026-01-27 20:58:53.851 [JavaFX Application Thread] INFO  o.b.s.BxWinLab.Base.BaseLabel - 控件库Debug模式已开启
2026-01-27 20:58:53.851 [JavaFX Application Thread] INFO  o.b.s.BxWinLab.Base.BaseLabel - 控件库Debug模式已开启
2026-01-27 20:58:53.851 [JavaFX Application Thread] INFO  o.b.s.BxWinLab.Base.BaseLabel - 控件库Debug模式已开启
2026-01-27 20:58:53.873 [JavaFX Application Thread] INFO  o.b.s.BxWinLab.Base.BaseLabel - 控件库Debug模式已开启
2026-01-27 20:58:53.886 [JavaFX Application Thread] INFO  o.b.s.BxWinLab.Base.BaseLabel - 控件库Debug模式已开启
2026-01-27 20:58:53.886 [JavaFX Application Thread] INFO  o.b.s.BxWinLab.Base.BaseLabel - 控件库Debug模式已开启
2026-01-27 20:58:53.886 [JavaFX Application Thread] INFO  o.b.s.BxWinLab.Base.BaseLabel - 控件库Debug模式已开启
2026-01-27 20:58:53.887 [JavaFX Application Thread] INFO  o.b.s.BxWinLab.Base.BaseLabel - 控件库Debug模式已开启
2026-01-27 20:58:53.887 [JavaFX Application Thread] INFO  o.b.s.BxWinLab.Base.BaseLabel - 控件库Debug模式已开启
2026-01-27 20:58:53.888 [JavaFX Application Thread] INFO  o.b.s.BxWinLab.Base.BaseLabel - 控件库Debug模式已开启
2026-01-27 20:58:53.888 [JavaFX Application Thread] INFO  o.b.s.Utils.FileUtil - 成功加载文件/org/bxwbb/spigotplugincreatertool/icon/Universal/OpenFolder.png
2026-01-27 20:58:53.890 [JavaFX Application Thread] INFO  o.b.s.BxWinLab.Base.BaseLabel - 控件库Debug模式已开启
2026-01-27 20:58:53.890 [JavaFX Application Thread] INFO  o.b.s.BxWinLab.Base.BaseLabel - 控件库Debug模式已开启
2026-01-27 20:58:53.891 [JavaFX Application Thread] INFO  o.b.s.BxWinLab.Base.BaseLabel - 控件库Debug模式已开启
2026-01-27 20:58:53.892 [JavaFX Application Thread] INFO  o.b.s.BxWinLab.Base.BaseLabel - 控件库Debug模式已开启
2026-01-27 20:58:53.892 [JavaFX Application Thread] INFO  o.b.s.BxWinLab.Base.BaseLabel - 控件库Debug模式已开启
2026-01-27 20:58:53.893 [JavaFX Application Thread] INFO  o.b.s.Utils.FileUtil - 成功加载文件/org/bxwbb/spigotplugincreatertool/icon/Universal/NewProject.png
2026-01-27 20:58:53.895 [JavaFX Application Thread] INFO  o.b.s.BxWinLab.Base.BaseLabel - 控件库Debug模式已开启
2026-01-27 20:58:53.895 [JavaFX Application Thread] INFO  o.b.s.BxWinLab.Base.BaseLabel - 控件库Debug模式已开启
2026-01-27 20:58:53.895 [JavaFX Application Thread] INFO  o.b.s.BxWinLab.Base.BaseLabel - 控件库Debug模式已开启
2026-01-27 20:58:53.895 [JavaFX Application Thread] INFO  o.b.s.BxWinLab.Base.BaseLabel - 控件库Debug模式已开启
2026-01-27 20:58:53.895 [JavaFX Application Thread] INFO  o.b.s.BxWinLab.Base.BaseLabel - 控件库Debug模式已开启
2026-01-27 20:58:53.896 [JavaFX Application Thread] INFO  o.b.s.Utils.FileUtil - 成功加载文件/org/bxwbb/spigotplugincreatertool/icon/Universal/Setting.png
2026-01-27 20:58:53.897 [JavaFX Application Thread] INFO  o.b.s.BxWinLab.Base.BaseLabel - 控件库Debug模式已开启
2026-01-27 20:58:53.898 [JavaFX Application Thread] INFO  o.b.s.BxWinLab.Base.BaseLabel - 控件库Debug模式已开启
2026-01-27 20:58:53.898 [JavaFX Application Thread] INFO  o.b.s.BxWinLab.Base.BaseLabel - 控件库Debug模式已开启
2026-01-27 20:58:53.898 [JavaFX Application Thread] INFO  o.b.s.BxWinLab.Base.BaseLabel - 控件库Debug模式已开启
2026-01-27 20:58:53.898 [JavaFX Application Thread] INFO  o.b.s.BxWinLab.Base.BaseLabel - 控件库Debug模式已开启
2026-01-27 20:58:53.899 [JavaFX Application Thread] INFO  o.b.s.Utils.FileUtil - 成功加载文件/org/bxwbb/spigotplugincreatertool/icon/Universal/Learn.png
2026-01-27 20:58:53.900 [JavaFX Application Thread] INFO  o.b.s.BxWinLab.Base.BaseLabel - 控件库Debug模式已开启
2026-01-27 20:58:53.900 [JavaFX Application Thread] INFO  o.b.s.BxWinLab.Base.BaseLabel - 控件库Debug模式已开启
2026-01-27 20:58:53.900 [JavaFX Application Thread] INFO  o.b.s.BxWinLab.Base.BaseLabel - 控件库Debug模式已开启
2026-01-27 20:58:53.901 [JavaFX Application Thread] INFO  o.b.s.BxWinLab.Base.BaseLabel - 控件库Debug模式已开启
2026-01-27 20:58:53.901 [JavaFX Application Thread] INFO  o.b.s.BxWinLab.Base.BaseLabel - 控件库Debug模式已开启
2026-01-27 20:58:53.901 [JavaFX Application Thread] INFO  o.b.s.Utils.FileUtil - 成功加载文件/org/bxwbb/spigotplugincreatertool/icon/Universal/Quit.png
2026-01-27 20:58:53.902 [JavaFX Application Thread] INFO  o.b.s.BxWinLab.Base.BaseLabel - 控件库Debug模式已开启
2026-01-27 20:58:53.902 [JavaFX Application Thread] INFO  o.b.s.BxWinLab.Base.BaseLabel - 控件库Debug模式已开启
2026-01-27 20:58:53.903 [JavaFX Application Thread] INFO  o.b.s.BxWinLab.Base.BaseLabel - 控件库Debug模式已开启
2026-01-27 20:58:53.903 [JavaFX Application Thread] INFO  o.b.s.BxWinLab.Base.BaseLabel - 控件库Debug模式已开启
2026-01-27 20:58:53.903 [JavaFX Application Thread] INFO  o.b.s.BxWinLab.Base.BaseLabel - 控件库Debug模式已开启
2026-01-27 20:58:53.904 [JavaFX Application Thread] INFO  o.b.s.BxWinLab.Base.BaseLabel - 控件库Debug模式已开启
2026-01-27 20:58:53.904 [JavaFX Application Thread] INFO  o.b.s.BxWinLab.Base.BaseLabel - 控件库Debug模式已开启
2026-01-27 20:58:53.905 [JavaFX Application Thread] INFO  o.b.s.BxWinLab.Base.BaseLabel - 控件库Debug模式已开启
2026-01-27 20:58:53.906 [JavaFX Application Thread] INFO  o.b.s.BxWinLab.Base.BaseLabel - 控件库Debug模式已开启
2026-01-27 20:58:53.906 [JavaFX Application Thread] INFO  o.b.s.BxWinLab.Base.BaseLabel - 控件库Debug模式已开启
2026-01-27 20:58:53.909 [JavaFX Application Thread] INFO  o.b.s.BxWinLab.Base.BaseLabel - 控件库Debug模式已开启
2026-01-27 20:58:53.910 [JavaFX Application Thread] INFO  o.b.s.BxWinLab.Base.BaseLabel - 控件库Debug模式已开启
2026-01-27 20:58:58.550 [JavaFX Application Thread] INFO  o.b.s.HelloApplication - 执行停止...
2026-01-27 21:00:00.143 [JavaFX-Launcher] INFO  o.b.s.HelloApplication - 执行初始化...
2026-01-27 21:00:00.149 [JavaFX Application Thread] INFO  o.b.s.HelloApplication - 工具开始启动并加载...
2026-01-27 21:00:00.183 [JavaFX Application Thread] INFO  o.b.s.BxWinLab.Base.BaseLabel - 控件库Debug模式已开启
2026-01-27 21:00:00.188 [JavaFX Application Thread] INFO  o.b.s.BxWinLab.Base.BaseLabel - 控件库Debug模式已开启
2026-01-27 21:00:00.192 [JavaFX Application Thread] INFO  o.b.s.BxWinLab.Base.BaseLabel - 控件库Debug模式已开启
2026-01-27 21:00:00.193 [JavaFX Application Thread] INFO  o.b.s.Utils.FileUtil - 成功加载文件/org/bxwbb/spigotplugincreatertool/icon/icon.png
2026-01-27 21:00:00.330 [JavaFX Application Thread] INFO  o.b.s.BxWinLab.Base.BaseLabel - 控件库Debug模式已开启
2026-01-27 21:00:00.331 [JavaFX Application Thread] INFO  o.b.s.BxWinLab.Base.BaseLabel - 控件库Debug模式已开启
2026-01-27 21:00:00.331 [JavaFX Application Thread] INFO  o.b.s.BxWinLab.Base.BaseLabel - 控件库Debug模式已开启
2026-01-27 21:00:00.331 [JavaFX Application Thread] INFO  o.b.s.BxWinLab.Base.BaseLabel - 控件库Debug模式已开启
2026-01-27 21:00:00.331 [JavaFX Application Thread] INFO  o.b.s.BxWinLab.Base.BaseLabel - 控件库Debug模式已开启
2026-01-27 21:00:00.353 [JavaFX Application Thread] INFO  o.b.s.BxWinLab.Base.BaseLabel - 控件库Debug模式已开启
2026-01-27 21:00:00.366 [JavaFX Application Thread] INFO  o.b.s.BxWinLab.Base.BaseLabel - 控件库Debug模式已开启
2026-01-27 21:00:00.366 [JavaFX Application Thread] INFO  o.b.s.BxWinLab.Base.BaseLabel - 控件库Debug模式已开启
2026-01-27 21:00:00.366 [JavaFX Application Thread] INFO  o.b.s.BxWinLab.Base.BaseLabel - 控件库Debug模式已开启
2026-01-27 21:00:00.366 [JavaFX Application Thread] INFO  o.b.s.BxWinLab.Base.BaseLabel - 控件库Debug模式已开启
2026-01-27 21:00:00.367 [JavaFX Application Thread] INFO  o.b.s.BxWinLab.Base.BaseLabel - 控件库Debug模式已开启
2026-01-27 21:00:00.367 [JavaFX Application Thread] INFO  o.b.s.BxWinLab.Base.BaseLabel - 控件库Debug模式已开启
2026-01-27 21:00:00.367 [JavaFX Application Thread] INFO  o.b.s.Utils.FileUtil - 成功加载文件/org/bxwbb/spigotplugincreatertool/icon/Universal/OpenFolder.png
2026-01-27 21:00:00.369 [JavaFX Application Thread] INFO  o.b.s.BxWinLab.Base.BaseLabel - 控件库Debug模式已开启
2026-01-27 21:00:00.370 [JavaFX Application Thread] INFO  o.b.s.BxWinLab.Base.BaseLabel - 控件库Debug模式已开启
2026-01-27 21:00:00.370 [JavaFX Application Thread] INFO  o.b.s.BxWinLab.Base.BaseLabel - 控件库Debug模式已开启
2026-01-27 21:00:00.373 [JavaFX Application Thread] INFO  o.b.s.HelloApplication - 执行停止...
2026-01-27 21:01:27.853 [JavaFX-Launcher] INFO  o.b.s.HelloApplication - 执行初始化...
2026-01-27 21:01:27.859 [JavaFX Application Thread] INFO  o.b.s.HelloApplication - 工具开始启动并加载...
2026-01-27 21:01:27.893 [JavaFX Application Thread] INFO  o.b.s.BxWinLab.Base.BaseLabel - 控件库Debug模式已开启
2026-01-27 21:01:27.898 [JavaFX Application Thread] INFO  o.b.s.BxWinLab.Base.BaseLabel - 控件库Debug模式已开启
2026-01-27 21:01:27.902 [JavaFX Application Thread] INFO  o.b.s.BxWinLab.Base.BaseLabel - 控件库Debug模式已开启
2026-01-27 21:01:27.902 [JavaFX Application Thread] INFO  o.b.s.Utils.FileUtil - 成功加载文件/org/bxwbb/spigotplugincreatertool/icon/icon.png
2026-01-27 21:01:28.040 [JavaFX Application Thread] INFO  o.b.s.BxWinLab.Base.BaseLabel - 控件库Debug模式已开启
2026-01-27 21:01:28.041 [JavaFX Application Thread] INFO  o.b.s.BxWinLab.Base.BaseLabel - 控件库Debug模式已开启
2026-01-27 21:01:28.041 [JavaFX Application Thread] INFO  o.b.s.BxWinLab.Base.BaseLabel - 控件库Debug模式已开启
2026-01-27 21:01:28.041 [JavaFX Application Thread] INFO  o.b.s.BxWinLab.Base.BaseLabel - 控件库Debug模式已开启
2026-01-27 21:01:28.041 [JavaFX Application Thread] INFO  o.b.s.BxWinLab.Base.BaseLabel - 控件库Debug模式已开启
2026-01-27 21:01:28.059 [JavaFX Application Thread] INFO  o.b.s.BxWinLab.Base.BaseLabel - 控件库Debug模式已开启
2026-01-27 21:01:28.075 [JavaFX Application Thread] INFO  o.b.s.BxWinLab.Base.BaseLabel - 控件库Debug模式已开启
2026-01-27 21:01:28.076 [JavaFX Application Thread] INFO  o.b.s.BxWinLab.Base.BaseLabel - 控件库Debug模式已开启
2026-01-27 21:01:28.076 [JavaFX Application Thread] INFO  o.b.s.BxWinLab.Base.BaseLabel - 控件库Debug模式已开启
2026-01-27 21:01:28.076 [JavaFX Application Thread] INFO  o.b.s.BxWinLab.Base.BaseLabel - 控件库Debug模式已开启
2026-01-27 21:01:28.077 [JavaFX Application Thread] INFO  o.b.s.BxWinLab.Base.BaseLabel - 控件库Debug模式已开启
2026-01-27 21:01:28.078 [JavaFX Application Thread] INFO  o.b.s.BxWinLab.Base.BaseLabel - 控件库Debug模式已开启
2026-01-27 21:01:28.078 [JavaFX Application Thread] INFO  o.b.s.Utils.FileUtil - 成功加载文件/org/bxwbb/spigotplugincreatertool/icon/Universal/OpenFolder.png
2026-01-27 21:01:28.080 [JavaFX Application Thread] INFO  o.b.s.BxWinLab.Base.BaseLabel - 控件库Debug模式已开启
2026-01-27 21:01:28.080 [JavaFX Application Thread] INFO  o.b.s.BxWinLab.Base.BaseLabel - 控件库Debug模式已开启
2026-01-27 21:01:28.081 [JavaFX Application Thread] INFO  o.b.s.BxWinLab.Base.BaseLabel - 控件库Debug模式已开启
2026-01-27 21:01:28.083 [JavaFX Application Thread] INFO  o.b.s.BxWinLab.Base.BaseLabel - 控件库Debug模式已开启
2026-01-27 21:01:28.083 [JavaFX Application Thread] INFO  o.b.s.BxWinLab.Base.BaseLabel - 控件库Debug模式已开启
2026-01-27 21:01:28.083 [JavaFX Application Thread] INFO  o.b.s.BxWinLab.Base.BaseLabel - 控件库Debug模式已开启
2026-01-27 21:01:28.083 [JavaFX Application Thread] INFO  o.b.s.BxWinLab.Base.BaseLabel - 控件库Debug模式已开启
2026-01-27 21:01:28.083 [JavaFX Application Thread] INFO  o.b.s.BxWinLab.Base.BaseLabel - 控件库Debug模式已开启
2026-01-27 21:01:28.083 [JavaFX Application Thread] INFO  o.b.s.BxWinLab.Base.BaseLabel - 控件库Debug模式已开启
2026-01-27 21:01:28.084 [JavaFX Application Thread] INFO  o.b.s.BxWinLab.Base.BaseLabel - 控件库Debug模式已开启
2026-01-27 21:01:28.087 [JavaFX Application Thread] INFO  o.b.s.Utils.FileUtil - 成功加载文件/org/bxwbb/spigotplugincreatertool/icon/Universal/NewProject.png
2026-01-27 21:01:28.088 [JavaFX Application Thread] INFO  o.b.s.BxWinLab.Base.BaseLabel - 控件库Debug模式已开启
2026-01-27 21:01:28.088 [JavaFX Application Thread] INFO  o.b.s.BxWinLab.Base.BaseLabel - 控件库Debug模式已开启
2026-01-27 21:01:28.088 [JavaFX Application Thread] INFO  o.b.s.BxWinLab.Base.BaseLabel - 控件库Debug模式已开启
2026-01-27 21:01:28.089 [JavaFX Application Thread] INFO  o.b.s.BxWinLab.Base.BaseLabel - 控件库Debug模式已开启
2026-01-27 21:01:28.089 [JavaFX Application Thread] INFO  o.b.s.BxWinLab.Base.BaseLabel - 控件库Debug模式已开启
2026-01-27 21:01:28.089 [JavaFX Application Thread] INFO  o.b.s.BxWinLab.Base.BaseLabel - 控件库Debug模式已开启
2026-01-27 21:01:28.089 [JavaFX Application Thread] INFO  o.b.s.BxWinLab.Base.BaseLabel - 控件库Debug模式已开启
2026-01-27 21:01:28.089 [JavaFX Application Thread] INFO  o.b.s.BxWinLab.Base.BaseLabel - 控件库Debug模式已开启
2026-01-27 21:01:28.089 [JavaFX Application Thread] INFO  o.b.s.BxWinLab.Base.BaseLabel - 控件库Debug模式已开启
2026-01-27 21:01:28.090 [JavaFX Application Thread] INFO  o.b.s.BxWinLab.Base.BaseLabel - 控件库Debug模式已开启
2026-01-27 21:01:28.092 [JavaFX Application Thread] INFO  o.b.s.Utils.FileUtil - 成功加载文件/org/bxwbb/spigotplugincreatertool/icon/Universal/Setting.png
2026-01-27 21:01:28.093 [JavaFX Application Thread] INFO  o.b.s.BxWinLab.Base.BaseLabel - 控件库Debug模式已开启
2026-01-27 21:01:28.093 [JavaFX Application Thread] INFO  o.b.s.BxWinLab.Base.BaseLabel - 控件库Debug模式已开启
2026-01-27 21:01:28.093 [JavaFX Application Thread] INFO  o.b.s.BxWinLab.Base.BaseLabel - 控件库Debug模式已开启
2026-01-27 21:01:28.093 [JavaFX Application Thread] INFO  o.b.s.BxWinLab.Base.BaseLabel - 控件库Debug模式已开启
2026-01-27 21:01:28.093 [JavaFX Application Thread] INFO  o.b.s.BxWinLab.Base.BaseLabel - 控件库Debug模式已开启
2026-01-27 21:01:28.093 [JavaFX Application Thread] INFO  o.b.s.BxWinLab.Base.BaseLabel - 控件库Debug模式已开启
2026-01-27 21:01:28.094 [JavaFX Application Thread] INFO  o.b.s.BxWinLab.Base.BaseLabel - 控件库Debug模式已开启
2026-01-27 21:01:28.094 [JavaFX Application Thread] INFO  o.b.s.BxWinLab.Base.BaseLabel - 控件库Debug模式已开启
2026-01-27 21:01:28.094 [JavaFX Application Thread] INFO  o.b.s.BxWinLab.Base.BaseLabel - 控件库Debug模式已开启
2026-01-27 21:01:28.094 [JavaFX Application Thread] INFO  o.b.s.BxWinLab.Base.BaseLabel - 控件库Debug模式已开启
2026-01-27 21:01:28.096 [JavaFX Application Thread] INFO  o.b.s.Utils.FileUtil - 成功加载文件/org/bxwbb/spigotplugincreatertool/icon/Universal/Learn.png
2026-01-27 21:01:28.097 [JavaFX Application Thread] INFO  o.b.s.BxWinLab.Base.BaseLabel - 控件库Debug模式已开启
2026-01-27 21:01:28.097 [JavaFX Application Thread] INFO  o.b.s.BxWinLab.Base.BaseLabel - 控件库Debug模式已开启
2026-01-27 21:01:28.098 [JavaFX Application Thread] INFO  o.b.s.BxWinLab.Base.BaseLabel - 控件库Debug模式已开启
2026-01-27 21:01:28.098 [JavaFX Application Thread] INFO  o.b.s.BxWinLab.Base.BaseLabel - 控件库Debug模式已开启
2026-01-27 21:01:28.098 [JavaFX Application Thread] INFO  o.b.s.BxWinLab.Base.BaseLabel - 控件库Debug模式已开启
2026-01-27 21:01:28.098 [JavaFX Application Thread] INFO  o.b.s.BxWinLab.Base.BaseLabel - 控件库Debug模式已开启
2026-01-27 21:01:28.098 [JavaFX Application Thread] INFO  o.b.s.BxWinLab.Base.BaseLabel - 控件库Debug模式已开启
2026-01-27 21:01:28.098 [JavaFX Application Thread] INFO  o.b.s.BxWinLab.Base.BaseLabel - 控件库Debug模式已开启
2026-01-27 21:01:28.098 [JavaFX Application Thread] INFO  o.b.s.BxWinLab.Base.BaseLabel - 控件库Debug模式已开启
2026-01-27 21:01:28.098 [JavaFX Application Thread] INFO  o.b.s.BxWinLab.Base.BaseLabel - 控件库Debug模式已开启
2026-01-27 21:01:28.100 [JavaFX Application Thread] INFO  o.b.s.Utils.FileUtil - 成功加载文件/org/bxwbb/spigotplugincreatertool/icon/Universal/Quit.png
2026-01-27 21:01:28.101 [JavaFX Application Thread] INFO  o.b.s.BxWinLab.Base.BaseLabel - 控件库Debug模式已开启
2026-01-27 21:01:28.101 [JavaFX Application Thread] INFO  o.b.s.BxWinLab.Base.BaseLabel - 控件库Debug模式已开启
2026-01-27 21:01:28.101 [JavaFX Application Thread] INFO  o.b.s.BxWinLab.Base.BaseLabel - 控件库Debug模式已开启
2026-01-27 21:01:28.101 [JavaFX Application Thread] INFO  o.b.s.BxWinLab.Base.BaseLabel - 控件库Debug模式已开启
2026-01-27 21:01:28.101 [JavaFX Application Thread] INFO  o.b.s.BxWinLab.Base.BaseLabel - 控件库Debug模式已开启
2026-01-27 21:01:28.101 [JavaFX Application Thread] INFO  o.b.s.BxWinLab.Base.BaseLabel - 控件库Debug模式已开启
2026-01-27 21:01:28.101 [JavaFX Application Thread] INFO  o.b.s.BxWinLab.Base.BaseLabel - 控件库Debug模式已开启
2026-01-27 21:01:28.101 [JavaFX Application Thread] INFO  o.b.s.BxWinLab.Base.BaseLabel - 控件库Debug模式已开启
2026-01-27 21:01:28.101 [JavaFX Application Thread] INFO  o.b.s.BxWinLab.Base.BaseLabel - 控件库Debug模式已开启
2026-01-27 21:01:28.102 [JavaFX Application Thread] INFO  o.b.s.BxWinLab.Base.BaseLabel - 控件库Debug模式已开启
2026-01-27 21:01:28.102 [JavaFX Application Thread] INFO  o.b.s.BxWinLab.Base.BaseLabel - 控件库Debug模式已开启
2026-01-27 21:01:28.104 [JavaFX Application Thread] INFO  o.b.s.BxWinLab.Base.BaseLabel - 控件库Debug模式已开启
2026-01-27 21:01:28.105 [JavaFX Application Thread] INFO  o.b.s.BxWinLab.Base.BaseLabel - 控件库Debug模式已开启
2026-01-27 21:01:28.105 [JavaFX Application Thread] INFO  o.b.s.BxWinLab.Base.BaseLabel - 控件库Debug模式已开启
2026-01-27 21:01:28.105 [JavaFX Application Thread] INFO  o.b.s.BxWinLab.Base.BaseLabel - 控件库Debug模式已开启
2026-01-27 21:01:28.118 [JavaFX Application Thread] INFO  o.b.s.BxWinLab.Base.BaseLabel - 控件库Debug模式已开启
2026-01-27 21:01:28.118 [JavaFX Application Thread] INFO  o.b.s.BxWinLab.Base.BaseLabel - 控件库Debug模式已开启
2026-01-27 21:03:45.865 [JavaFX-Launcher] INFO  o.b.s.HelloApplication - 执行初始化...
2026-01-27 21:03:45.871 [JavaFX Application Thread] INFO  o.b.s.HelloApplication - 工具开始启动并加载...
2026-01-27 21:03:45.906 [JavaFX Application Thread] INFO  o.b.s.BxWinLab.Base.BaseLabel - 控件库Debug模式已开启
2026-01-27 21:03:45.911 [JavaFX Application Thread] INFO  o.b.s.BxWinLab.Base.BaseLabel - 控件库Debug模式已开启
2026-01-27 21:03:45.915 [JavaFX Application Thread] INFO  o.b.s.BxWinLab.Base.BaseLabel - 控件库Debug模式已开启
2026-01-27 21:03:45.916 [JavaFX Application Thread] INFO  o.b.s.Utils.FileUtil - 成功加载文件/org/bxwbb/spigotplugincreatertool/icon/icon.png
2026-01-27 21:03:46.056 [JavaFX Application Thread] INFO  o.b.s.BxWinLab.Base.BaseLabel - 控件库Debug模式已开启
2026-01-27 21:03:46.057 [JavaFX Application Thread] INFO  o.b.s.BxWinLab.Base.BaseLabel - 控件库Debug模式已开启
2026-01-27 21:03:46.057 [JavaFX Application Thread] INFO  o.b.s.BxWinLab.Base.BaseLabel - 控件库Debug模式已开启
2026-01-27 21:03:46.057 [JavaFX Application Thread] INFO  o.b.s.BxWinLab.Base.BaseLabel - 控件库Debug模式已开启
2026-01-27 21:03:46.057 [JavaFX Application Thread] INFO  o.b.s.BxWinLab.Base.BaseLabel - 控件库Debug模式已开启
2026-01-27 21:03:46.181 [JavaFX Application Thread] INFO  o.b.s.BxWinLab.Base.BaseLabel - 控件库Debug模式已开启
2026-01-27 21:03:46.194 [JavaFX Application Thread] INFO  o.b.s.BxWinLab.Base.BaseLabel - 控件库Debug模式已开启
2026-01-27 21:03:46.194 [JavaFX Application Thread] INFO  o.b.s.BxWinLab.Base.BaseLabel - 控件库Debug模式已开启
2026-01-27 21:03:46.194 [JavaFX Application Thread] INFO  o.b.s.BxWinLab.Base.BaseLabel - 控件库Debug模式已开启
2026-01-27 21:03:46.194 [JavaFX Application Thread] INFO  o.b.s.BxWinLab.Base.BaseLabel - 控件库Debug模式已开启
2026-01-27 21:03:46.195 [JavaFX Application Thread] INFO  o.b.s.BxWinLab.Base.BaseLabel - 控件库Debug模式已开启
2026-01-27 21:03:46.196 [JavaFX Application Thread] INFO  o.b.s.BxWinLab.Base.BaseLabel - 控件库Debug模式已开启
2026-01-27 21:03:46.197 [JavaFX Application Thread] INFO  o.b.s.Utils.FileUtil - 成功加载文件/org/bxwbb/spigotplugincreatertool/icon/Universal/OpenFolder.png
2026-01-27 21:03:46.198 [JavaFX Application Thread] INFO  o.b.s.BxWinLab.Base.BaseLabel - 控件库Debug模式已开启
2026-01-27 21:03:46.199 [JavaFX Application Thread] INFO  o.b.s.BxWinLab.Base.BaseLabel - 控件库Debug模式已开启
2026-01-27 21:03:46.199 [JavaFX Application Thread] INFO  o.b.s.BxWinLab.Base.BaseLabel - 控件库Debug模式已开启
2026-01-27 21:03:46.201 [JavaFX Application Thread] INFO  o.b.s.BxWinLab.Base.BaseLabel - 控件库Debug模式已开启
2026-01-27 21:03:46.201 [JavaFX Application Thread] INFO  o.b.s.BxWinLab.Base.BaseLabel - 控件库Debug模式已开启
2026-01-27 21:03:46.201 [JavaFX Application Thread] INFO  o.b.s.BxWinLab.Base.BaseLabel - 控件库Debug模式已开启
2026-01-27 21:03:46.201 [JavaFX Application Thread] INFO  o.b.s.BxWinLab.Base.BaseLabel - 控件库Debug模式已开启
2026-01-27 21:03:46.201 [JavaFX Application Thread] INFO  o.b.s.BxWinLab.Base.BaseLabel - 控件库Debug模式已开启
2026-01-27 21:03:46.201 [JavaFX Application Thread] INFO  o.b.s.BxWinLab.Base.BaseLabel - 控件库Debug模式已开启
2026-01-27 21:03:46.202 [JavaFX Application Thread] INFO  o.b.s.BxWinLab.Base.BaseLabel - 控件库Debug模式已开启
2026-01-27 21:03:46.205 [JavaFX Application Thread] INFO  o.b.s.Utils.FileUtil - 成功加载文件/org/bxwbb/spigotplugincreatertool/icon/Universal/NewProject.png
2026-01-27 21:03:46.206 [JavaFX Application Thread] INFO  o.b.s.BxWinLab.Base.BaseLabel - 控件库Debug模式已开启
2026-01-27 21:03:46.206 [JavaFX Application Thread] INFO  o.b.s.BxWinLab.Base.BaseLabel - 控件库Debug模式已开启
2026-01-27 21:03:46.206 [JavaFX Application Thread] INFO  o.b.s.BxWinLab.Base.BaseLabel - 控件库Debug模式已开启
2026-01-27 21:03:46.206 [JavaFX Application Thread] INFO  o.b.s.BxWinLab.Base.BaseLabel - 控件库Debug模式已开启
2026-01-27 21:03:46.206 [JavaFX Application Thread] INFO  o.b.s.BxWinLab.Base.BaseLabel - 控件库Debug模式已开启
2026-01-27 21:03:46.207 [JavaFX Application Thread] INFO  o.b.s.BxWinLab.Base.BaseLabel - 控件库Debug模式已开启
2026-01-27 21:03:46.207 [JavaFX Application Thread] INFO  o.b.s.BxWinLab.Base.BaseLabel - 控件库Debug模式已开启
2026-01-27 21:03:46.207 [JavaFX Application Thread] INFO  o.b.s.BxWinLab.Base.BaseLabel - 控件库Debug模式已开启
2026-01-27 21:03:46.207 [JavaFX Application Thread] INFO  o.b.s.BxWinLab.Base.BaseLabel - 控件库Debug模式已开启
2026-01-27 21:03:46.207 [JavaFX Application Thread] INFO  o.b.s.BxWinLab.Base.BaseLabel - 控件库Debug模式已开启
2026-01-27 21:03:46.209 [JavaFX Application Thread] INFO  o.b.s.Utils.FileUtil - 成功加载文件/org/bxwbb/spigotplugincreatertool/icon/Universal/Setting.png
2026-01-27 21:03:46.210 [JavaFX Application Thread] INFO  o.b.s.BxWinLab.Base.BaseLabel - 控件库Debug模式已开启
2026-01-27 21:03:46.211 [JavaFX Application Thread] INFO  o.b.s.BxWinLab.Base.BaseLabel - 控件库Debug模式已开启
2026-01-27 21:03:46.211 [JavaFX Application Thread] INFO  o.b.s.BxWinLab.Base.BaseLabel - 控件库Debug模式已开启
2026-01-27 21:03:46.211 [JavaFX Application Thread] INFO  o.b.s.BxWinLab.Base.BaseLabel - 控件库Debug模式已开启
2026-01-27 21:03:46.211 [JavaFX Application Thread] INFO  o.b.s.BxWinLab.Base.BaseLabel - 控件库Debug模式已开启
2026-01-27 21:03:46.212 [JavaFX Application Thread] INFO  o.b.s.BxWinLab.Base.BaseLabel - 控件库Debug模式已开启
2026-01-27 21:03:46.212 [JavaFX Application Thread] INFO  o.b.s.BxWinLab.Base.BaseLabel - 控件库Debug模式已开启
2026-01-27 21:03:46.212 [JavaFX Application Thread] INFO  o.b.s.BxWinLab.Base.BaseLabel - 控件库Debug模式已开启
2026-01-27 21:03:46.212 [JavaFX Application Thread] INFO  o.b.s.BxWinLab.Base.BaseLabel - 控件库Debug模式已开启
2026-01-27 21:03:46.212 [JavaFX Application Thread] INFO  o.b.s.BxWinLab.Base.BaseLabel - 控件库Debug模式已开启
2026-01-27 21:03:46.214 [JavaFX Application Thread] INFO  o.b.s.Utils.FileUtil - 成功加载文件/org/bxwbb/spigotplugincreatertool/icon/Universal/Learn.png
2026-01-27 21:03:46.215 [JavaFX Application Thread] INFO  o.b.s.BxWinLab.Base.BaseLabel - 控件库Debug模式已开启
2026-01-27 21:03:46.215 [JavaFX Application Thread] INFO  o.b.s.BxWinLab.Base.BaseLabel - 控件库Debug模式已开启
2026-01-27 21:03:46.215 [JavaFX Application Thread] INFO  o.b.s.BxWinLab.Base.BaseLabel - 控件库Debug模式已开启
2026-01-27 21:03:46.215 [JavaFX Application Thread] INFO  o.b.s.BxWinLab.Base.BaseLabel - 控件库Debug模式已开启
2026-01-27 21:03:46.215 [JavaFX Application Thread] INFO  o.b.s.BxWinLab.Base.BaseLabel - 控件库Debug模式已开启
2026-01-27 21:03:46.216 [JavaFX Application Thread] INFO  o.b.s.BxWinLab.Base.BaseLabel - 控件库Debug模式已开启
2026-01-27 21:03:46.216 [JavaFX Application Thread] INFO  o.b.s.BxWinLab.Base.BaseLabel - 控件库Debug模式已开启
2026-01-27 21:03:46.216 [JavaFX Application Thread] INFO  o.b.s.BxWinLab.Base.BaseLabel - 控件库Debug模式已开启
2026-01-27 21:03:46.216 [JavaFX Application Thread] INFO  o.b.s.BxWinLab.Base.BaseLabel - 控件库Debug模式已开启
2026-01-27 21:03:46.216 [JavaFX Application Thread] INFO  o.b.s.BxWinLab.Base.BaseLabel - 控件库Debug模式已开启
2026-01-27 21:03:46.218 [JavaFX Application Thread] INFO  o.b.s.Utils.FileUtil - 成功加载文件/org/bxwbb/spigotplugincreatertool/icon/Universal/Quit.png
2026-01-27 21:03:46.218 [JavaFX Application Thread] INFO  o.b.s.BxWinLab.Base.BaseLabel - 控件库Debug模式已开启
2026-01-27 21:03:46.219 [JavaFX Application Thread] INFO  o.b.s.BxWinLab.Base.BaseLabel - 控件库Debug模式已开启
2026-01-27 21:03:46.219 [JavaFX Application Thread] INFO  o.b.s.BxWinLab.Base.BaseLabel - 控件库Debug模式已开启
2026-01-27 21:03:46.219 [JavaFX Application Thread] INFO  o.b.s.BxWinLab.Base.BaseLabel - 控件库Debug模式已开启
2026-01-27 21:03:46.219 [JavaFX Application Thread] INFO  o.b.s.BxWinLab.Base.BaseLabel - 控件库Debug模式已开启
2026-01-27 21:03:46.219 [JavaFX Application Thread] INFO  o.b.s.BxWinLab.Base.BaseLabel - 控件库Debug模式已开启
2026-01-27 21:03:46.219 [JavaFX Application Thread] INFO  o.b.s.BxWinLab.Base.BaseLabel - 控件库Debug模式已开启
2026-01-27 21:03:46.219 [JavaFX Application Thread] INFO  o.b.s.BxWinLab.Base.BaseLabel - 控件库Debug模式已开启
2026-01-27 21:03:46.219 [JavaFX Application Thread] INFO  o.b.s.BxWinLab.Base.BaseLabel - 控件库Debug模式已开启
2026-01-27 21:03:46.220 [JavaFX Application Thread] INFO  o.b.s.BxWinLab.Base.BaseLabel - 控件库Debug模式已开启
2026-01-27 21:03:46.221 [JavaFX Application Thread] INFO  o.b.s.BxWinLab.Base.BaseLabel - 控件库Debug模式已开启
2026-01-27 21:03:46.221 [JavaFX Application Thread] INFO  o.b.s.BxWinLab.Base.BaseLabel - 控件库Debug模式已开启
2026-01-27 21:03:46.223 [JavaFX Application Thread] INFO  o.b.s.BxWinLab.Base.BaseLabel - 控件库Debug模式已开启
2026-01-27 21:03:46.223 [JavaFX Application Thread] INFO  o.b.s.BxWinLab.Base.BaseLabel - 控件库Debug模式已开启
2026-01-27 21:03:46.223 [JavaFX Application Thread] INFO  o.b.s.BxWinLab.Base.BaseLabel - 控件库Debug模式已开启
2026-01-27 21:03:46.238 [JavaFX Application Thread] INFO  o.b.s.BxWinLab.Base.BaseLabel - 控件库Debug模式已开启
2026-01-27 21:03:46.238 [JavaFX Application Thread] INFO  o.b.s.BxWinLab.Base.BaseLabel - 控件库Debug模式已开启
2026-01-27 21:03:59.756 [JavaFX Application Thread] INFO  o.b.s.HelloApplication - 执行停止...
2026-01-27 21:04:59.099 [JavaFX-Launcher] INFO  o.b.s.HelloApplication - 执行初始化...
2026-01-27 21:04:59.104 [JavaFX Application Thread] INFO  o.b.s.HelloApplication - 工具开始启动并加载...
2026-01-27 21:04:59.148 [JavaFX Application Thread] INFO  o.b.s.Utils.FileUtil - 成功加载文件/org/bxwbb/spigotplugincreatertool/icon/icon.png
2026-01-27 21:04:59.323 [JavaFX Application Thread] INFO  o.b.s.Utils.FileUtil - 成功加载文件/org/bxwbb/spigotplugincreatertool/icon/Universal/OpenFolder.png
2026-01-27 21:04:59.331 [JavaFX Application Thread] INFO  o.b.s.Utils.FileUtil - 成功加载文件/org/bxwbb/spigotplugincreatertool/icon/Universal/NewProject.png
2026-01-27 21:04:59.335 [JavaFX Application Thread] INFO  o.b.s.Utils.FileUtil - 成功加载文件/org/bxwbb/spigotplugincreatertool/icon/Universal/Setting.png
2026-01-27 21:04:59.338 [JavaFX Application Thread] INFO  o.b.s.Utils.FileUtil - 成功加载文件/org/bxwbb/spigotplugincreatertool/icon/Universal/Learn.png
2026-01-27 21:04:59.341 [JavaFX Application Thread] INFO  o.b.s.Utils.FileUtil - 成功加载文件/org/bxwbb/spigotplugincreatertool/icon/Universal/Quit.png
2026-01-27 21:05:27.235 [JavaFX Application Thread] INFO  o.b.s.BxWinLab.Base.BaseLabel - 控件焦点改变至 - org.bxwbb.spigotplugincreatertool.BxWinLab.Stage@a1e0aa9
2026-01-27 21:05:42.957 [JavaFX Application Thread] INFO  o.b.s.HelloApplication - 执行停止...
2026-01-27 21:05:51.212 [JavaFX-Launcher] INFO  o.b.s.HelloApplication - 执行初始化...
2026-01-27 21:05:51.221 [JavaFX Application Thread] INFO  o.b.s.HelloApplication - 工具开始启动并加载...
2026-01-27 21:05:51.272 [JavaFX Application Thread] INFO  o.b.s.Utils.FileUtil - 成功加载文件/org/bxwbb/spigotplugincreatertool/icon/icon.png
2026-01-27 21:05:51.454 [JavaFX Application Thread] INFO  o.b.s.Utils.FileUtil - 成功加载文件/org/bxwbb/spigotplugincreatertool/icon/Universal/OpenFolder.png
2026-01-27 21:05:51.461 [JavaFX Application Thread] INFO  o.b.s.Utils.FileUtil - 成功加载文件/org/bxwbb/spigotplugincreatertool/icon/Universal/NewProject.png
2026-01-27 21:05:51.465 [JavaFX Application Thread] INFO  o.b.s.Utils.FileUtil - 成功加载文件/org/bxwbb/spigotplugincreatertool/icon/Universal/Setting.png
2026-01-27 21:05:51.469 [JavaFX Application Thread] INFO  o.b.s.Utils.FileUtil - 成功加载文件/org/bxwbb/spigotplugincreatertool/icon/Universal/Learn.png
2026-01-27 21:05:51.472 [JavaFX Application Thread] INFO  o.b.s.Utils.FileUtil - 成功加载文件/org/bxwbb/spigotplugincreatertool/icon/Universal/Quit.png
2026-01-27 21:05:51.885 [JavaFX-Launcher] INFO  o.b.s.HelloApplication - 执行初始化...
2026-01-27 21:05:51.890 [JavaFX Application Thread] INFO  o.b.s.HelloApplication - 工具开始启动并加载...
2026-01-27 21:05:51.932 [JavaFX Application Thread] INFO  o.b.s.Utils.FileUtil - 成功加载文件/org/bxwbb/spigotplugincreatertool/icon/icon.png
2026-01-27 21:05:52.108 [JavaFX Application Thread] INFO  o.b.s.Utils.FileUtil - 成功加载文件/org/bxwbb/spigotplugincreatertool/icon/Universal/OpenFolder.png
2026-01-27 21:05:52.115 [JavaFX Application Thread] INFO  o.b.s.Utils.FileUtil - 成功加载文件/org/bxwbb/spigotplugincreatertool/icon/Universal/NewProject.png
2026-01-27 21:05:52.119 [JavaFX Application Thread] INFO  o.b.s.Utils.FileUtil - 成功加载文件/org/bxwbb/spigotplugincreatertool/icon/Universal/Setting.png
2026-01-27 21:05:52.122 [JavaFX Application Thread] INFO  o.b.s.Utils.FileUtil - 成功加载文件/org/bxwbb/spigotplugincreatertool/icon/Universal/Learn.png
2026-01-27 21:05:52.125 [JavaFX Application Thread] INFO  o.b.s.Utils.FileUtil - 成功加载文件/org/bxwbb/spigotplugincreatertool/icon/Universal/Quit.png
2026-01-27 21:05:53.532 [JavaFX Application Thread] INFO  o.b.s.HelloApplication - 执行停止...
2026-01-27 21:05:54.469 [JavaFX Application Thread] INFO  o.b.s.BxWinLab.Base.BaseLabel - 控件焦点改变至 - org.bxwbb.spigotplugincreatertool.BxWinLab.Stage@2d872d05
2026-01-27 21:06:01.344 [JavaFX Application Thread] INFO  o.b.s.HelloApplication - 执行停止...
2026-01-27 21:06:57.294 [JavaFX-Launcher] INFO  o.b.s.HelloApplication - 执行初始化...
2026-01-27 21:06:57.299 [JavaFX Application Thread] INFO  o.b.s.HelloApplication - 工具开始启动并加载...
2026-01-27 21:06:57.341 [JavaFX Application Thread] INFO  o.b.s.Utils.FileUtil - 成功加载文件/org/bxwbb/spigotplugincreatertool/icon/icon.png
2026-01-27 21:06:57.524 [JavaFX Application Thread] INFO  o.b.s.Utils.FileUtil - 成功加载文件/org/bxwbb/spigotplugincreatertool/icon/Universal/OpenFolder.png
2026-01-27 21:06:57.529 [JavaFX Application Thread] INFO  o.b.s.Utils.FileUtil - 成功加载文件/org/bxwbb/spigotplugincreatertool/icon/Universal/NewProject.png
2026-01-27 21:06:57.533 [JavaFX Application Thread] INFO  o.b.s.Utils.FileUtil - 成功加载文件/org/bxwbb/spigotplugincreatertool/icon/Universal/Setting.png
2026-01-27 21:06:57.535 [JavaFX Application Thread] INFO  o.b.s.Utils.FileUtil - 成功加载文件/org/bxwbb/spigotplugincreatertool/icon/Universal/Learn.png
2026-01-27 21:06:57.537 [JavaFX Application Thread] INFO  o.b.s.Utils.FileUtil - 成功加载文件/org/bxwbb/spigotplugincreatertool/icon/Universal/Quit.png
2026-01-27 21:07:08.681 [JavaFX Application Thread] INFO  o.b.s.HelloApplication - 执行停止...
2026-01-27 21:07:26.222 [JavaFX-Launcher] INFO  o.b.s.HelloApplication - 执行初始化...
2026-01-27 21:07:26.228 [JavaFX Application Thread] INFO  o.b.s.HelloApplication - 工具开始启动并加载...
2026-01-27 21:07:26.271 [JavaFX Application Thread] INFO  o.b.s.Utils.FileUtil - 成功加载文件/org/bxwbb/spigotplugincreatertool/icon/icon.png
2026-01-27 21:07:26.442 [JavaFX Application Thread] INFO  o.b.s.Utils.FileUtil - 成功加载文件/org/bxwbb/spigotplugincreatertool/icon/Universal/OpenFolder.png
2026-01-27 21:07:26.448 [JavaFX Application Thread] INFO  o.b.s.Utils.FileUtil - 成功加载文件/org/bxwbb/spigotplugincreatertool/icon/Universal/NewProject.png
2026-01-27 21:07:26.451 [JavaFX Application Thread] INFO  o.b.s.Utils.FileUtil - 成功加载文件/org/bxwbb/spigotplugincreatertool/icon/Universal/Setting.png
2026-01-27 21:07:26.453 [JavaFX Application Thread] INFO  o.b.s.Utils.FileUtil - 成功加载文件/org/bxwbb/spigotplugincreatertool/icon/Universal/Learn.png
2026-01-27 21:07:26.456 [JavaFX Application Thread] INFO  o.b.s.Utils.FileUtil - 成功加载文件/org/bxwbb/spigotplugincreatertool/icon/Universal/Quit.png
2026-01-27 21:07:28.484 [JavaFX Application Thread] INFO  o.b.s.HelloApplication - 执行停止...
2026-01-27 21:07:42.553 [JavaFX-Launcher] INFO  o.b.s.HelloApplication - 执行初始化...
2026-01-27 21:07:42.559 [JavaFX Application Thread] INFO  o.b.s.HelloApplication - 工具开始启动并加载...
2026-01-27 21:07:42.593 [JavaFX Application Thread] INFO  o.b.s.BxWinLab.Base.BaseLabel - 控件库Debug模式已开启
2026-01-27 21:07:42.598 [JavaFX Application Thread] INFO  o.b.s.BxWinLab.Base.BaseLabel - 控件库Debug模式已开启
2026-01-27 21:07:42.601 [JavaFX Application Thread] INFO  o.b.s.BxWinLab.Base.BaseLabel - 控件库Debug模式已开启
2026-01-27 21:07:42.602 [JavaFX Application Thread] INFO  o.b.s.Utils.FileUtil - 成功加载文件/org/bxwbb/spigotplugincreatertool/icon/icon.png
2026-01-27 21:07:42.740 [JavaFX Application Thread] INFO  o.b.s.BxWinLab.Base.BaseLabel - 控件库Debug模式已开启
2026-01-27 21:07:42.741 [JavaFX Application Thread] INFO  o.b.s.BxWinLab.Base.BaseLabel - 控件库Debug模式已开启
2026-01-27 21:07:42.741 [JavaFX Application Thread] INFO  o.b.s.BxWinLab.Base.BaseLabel - 控件库Debug模式已开启
2026-01-27 21:07:42.742 [JavaFX Application Thread] INFO  o.b.s.BxWinLab.Base.BaseLabel - 控件库Debug模式已开启
2026-01-27 21:07:42.742 [JavaFX Application Thread] INFO  o.b.s.BxWinLab.Base.BaseLabel - 控件库Debug模式已开启
2026-01-27 21:07:42.762 [JavaFX Application Thread] INFO  o.b.s.BxWinLab.Base.BaseLabel - 控件库Debug模式已开启
2026-01-27 21:07:42.774 [JavaFX Application Thread] INFO  o.b.s.BxWinLab.Base.BaseLabel - 控件库Debug模式已开启
2026-01-27 21:07:42.775 [JavaFX Application Thread] INFO  o.b.s.BxWinLab.Base.BaseLabel - 控件库Debug模式已开启
2026-01-27 21:07:42.775 [JavaFX Application Thread] INFO  o.b.s.BxWinLab.Base.BaseLabel - 控件库Debug模式已开启
2026-01-27 21:07:42.775 [JavaFX Application Thread] INFO  o.b.s.BxWinLab.Base.BaseLabel - 控件库Debug模式已开启
2026-01-27 21:07:42.776 [JavaFX Application Thread] INFO  o.b.s.BxWinLab.Base.BaseLabel - 控件库Debug模式已开启
2026-01-27 21:07:42.777 [JavaFX Application Thread] INFO  o.b.s.BxWinLab.Base.BaseLabel - 控件库Debug模式已开启
2026-01-27 21:07:42.777 [JavaFX Application Thread] INFO  o.b.s.Utils.FileUtil - 成功加载文件/org/bxwbb/spigotplugincreatertool/icon/Universal/OpenFolder.png
2026-01-27 21:07:42.779 [JavaFX Application Thread] INFO  o.b.s.BxWinLab.Base.BaseLabel - 控件库Debug模式已开启
2026-01-27 21:07:42.779 [JavaFX Application Thread] INFO  o.b.s.BxWinLab.Base.BaseLabel - 控件库Debug模式已开启
2026-01-27 21:07:42.780 [JavaFX Application Thread] INFO  o.b.s.BxWinLab.Base.BaseLabel - 控件库Debug模式已开启
2026-01-27 21:07:42.781 [JavaFX Application Thread] INFO  o.b.s.BxWinLab.Base.BaseLabel - 控件库Debug模式已开启
2026-01-27 21:07:42.781 [JavaFX Application Thread] INFO  o.b.s.BxWinLab.Base.BaseLabel - 控件库Debug模式已开启
2026-01-27 21:07:42.782 [JavaFX Application Thread] INFO  o.b.s.BxWinLab.Base.BaseLabel - 控件库Debug模式已开启
2026-01-27 21:07:42.782 [JavaFX Application Thread] INFO  o.b.s.BxWinLab.Base.BaseLabel - 控件库Debug模式已开启
2026-01-27 21:07:42.783 [JavaFX Application Thread] INFO  o.b.s.Utils.FileUtil - 成功加载文件/org/bxwbb/spigotplugincreatertool/icon/Universal/NewProject.png
2026-01-27 21:07:42.784 [JavaFX Application Thread] INFO  o.b.s.BxWinLab.Base.BaseLabel - 控件库Debug模式已开启
2026-01-27 21:07:42.784 [JavaFX Application Thread] INFO  o.b.s.BxWinLab.Base.BaseLabel - 控件库Debug模式已开启
2026-01-27 21:07:42.784 [JavaFX Application Thread] INFO  o.b.s.BxWinLab.Base.BaseLabel - 控件库Debug模式已开启
2026-01-27 21:07:42.785 [JavaFX Application Thread] INFO  o.b.s.BxWinLab.Base.BaseLabel - 控件库Debug模式已开启
2026-01-27 21:07:42.785 [JavaFX Application Thread] INFO  o.b.s.BxWinLab.Base.BaseLabel - 控件库Debug模式已开启
2026-01-27 21:07:42.785 [JavaFX Application Thread] INFO  o.b.s.BxWinLab.Base.BaseLabel - 控件库Debug模式已开启
2026-01-27 21:07:42.785 [JavaFX Application Thread] INFO  o.b.s.BxWinLab.Base.BaseLabel - 控件库Debug模式已开启
2026-01-27 21:07:42.786 [JavaFX Application Thread] INFO  o.b.s.Utils.FileUtil - 成功加载文件/org/bxwbb/spigotplugincreatertool/icon/Universal/Setting.png
2026-01-27 21:07:42.787 [JavaFX Application Thread] INFO  o.b.s.BxWinLab.Base.BaseLabel - 控件库Debug模式已开启
2026-01-27 21:07:42.787 [JavaFX Application Thread] INFO  o.b.s.BxWinLab.Base.BaseLabel - 控件库Debug模式已开启
2026-01-27 21:07:42.788 [JavaFX Application Thread] INFO  o.b.s.BxWinLab.Base.BaseLabel - 控件库Debug模式已开启
2026-01-27 21:07:42.788 [JavaFX Application Thread] INFO  o.b.s.BxWinLab.Base.BaseLabel - 控件库Debug模式已开启
2026-01-27 21:07:42.788 [JavaFX Application Thread] INFO  o.b.s.BxWinLab.Base.BaseLabel - 控件库Debug模式已开启
2026-01-27 21:07:42.788 [JavaFX Application Thread] INFO  o.b.s.BxWinLab.Base.BaseLabel - 控件库Debug模式已开启
2026-01-27 21:07:42.788 [JavaFX Application Thread] INFO  o.b.s.BxWinLab.Base.BaseLabel - 控件库Debug模式已开启
2026-01-27 21:07:42.789 [JavaFX Application Thread] INFO  o.b.s.Utils.FileUtil - 成功加载文件/org/bxwbb/spigotplugincreatertool/icon/Universal/Learn.png
2026-01-27 21:07:42.790 [JavaFX Application Thread] INFO  o.b.s.BxWinLab.Base.BaseLabel - 控件库Debug模式已开启
2026-01-27 21:07:42.790 [JavaFX Application Thread] INFO  o.b.s.BxWinLab.Base.BaseLabel - 控件库Debug模式已开启
2026-01-27 21:07:42.791 [JavaFX Application Thread] INFO  o.b.s.BxWinLab.Base.BaseLabel - 控件库Debug模式已开启
2026-01-27 21:07:42.791 [JavaFX Application Thread] INFO  o.b.s.BxWinLab.Base.BaseLabel - 控件库Debug模式已开启
2026-01-27 21:07:42.791 [JavaFX Application Thread] INFO  o.b.s.BxWinLab.Base.BaseLabel - 控件库Debug模式已开启
2026-01-27 21:07:42.791 [JavaFX Application Thread] INFO  o.b.s.BxWinLab.Base.BaseLabel - 控件库Debug模式已开启
2026-01-27 21:07:42.791 [JavaFX Application Thread] INFO  o.b.s.BxWinLab.Base.BaseLabel - 控件库Debug模式已开启
2026-01-27 21:07:42.792 [JavaFX Application Thread] INFO  o.b.s.Utils.FileUtil - 成功加载文件/org/bxwbb/spigotplugincreatertool/icon/Universal/Quit.png
2026-01-27 21:07:42.793 [JavaFX Application Thread] INFO  o.b.s.BxWinLab.Base.BaseLabel - 控件库Debug模式已开启
2026-01-27 21:07:42.793 [JavaFX Application Thread] INFO  o.b.s.BxWinLab.Base.BaseLabel - 控件库Debug模式已开启
2026-01-27 21:07:42.793 [JavaFX Application Thread] INFO  o.b.s.BxWinLab.Base.BaseLabel - 控件库Debug模式已开启
2026-01-27 21:07:42.793 [JavaFX Application Thread] INFO  o.b.s.BxWinLab.Base.BaseLabel - 控件库Debug模式已开启
2026-01-27 21:07:42.793 [JavaFX Application Thread] INFO  o.b.s.BxWinLab.Base.BaseLabel - 控件库Debug模式已开启
2026-01-27 21:07:42.793 [JavaFX Application Thread] INFO  o.b.s.BxWinLab.Base.BaseLabel - 控件库Debug模式已开启
2026-01-27 21:07:42.794 [JavaFX Application Thread] INFO  o.b.s.BxWinLab.Base.BaseLabel - 控件库Debug模式已开启
2026-01-27 21:07:42.795 [JavaFX Application Thread] INFO  o.b.s.BxWinLab.Base.BaseLabel - 控件库Debug模式已开启
2026-01-27 21:07:42.795 [JavaFX Application Thread] INFO  o.b.s.BxWinLab.Base.BaseLabel - 控件库Debug模式已开启
2026-01-27 21:07:42.796 [JavaFX Application Thread] INFO  o.b.s.BxWinLab.Base.BaseLabel - 控件库Debug模式已开启
2026-01-27 21:07:42.796 [JavaFX Application Thread] INFO  o.b.s.BxWinLab.Base.BaseLabel - 控件库Debug模式已开启
2026-01-27 21:07:42.796 [JavaFX Application Thread] INFO  o.b.s.BxWinLab.Base.BaseLabel - 控件库Debug模式已开启
2026-01-27 21:07:42.800 [JavaFX Application Thread] INFO  o.b.s.BxWinLab.Base.BaseLabel - 控件库Debug模式已开启
2026-01-27 21:07:42.801 [JavaFX Application Thread] INFO  o.b.s.BxWinLab.Base.BaseLabel - 控件库Debug模式已开启
2026-01-27 21:07:48.911 [JavaFX Application Thread] INFO  o.b.s.HelloApplication - 执行停止...
2026-01-27 21:07:55.764 [JavaFX-Launcher] INFO  o.b.s.HelloApplication - 执行初始化...
2026-01-27 21:07:55.769 [JavaFX Application Thread] INFO  o.b.s.HelloApplication - 工具开始启动并加载...
2026-01-27 21:07:55.804 [JavaFX Application Thread] INFO  o.b.s.BxWinLab.Base.BaseLabel - 控件库Debug模式已开启
2026-01-27 21:07:55.809 [JavaFX Application Thread] INFO  o.b.s.BxWinLab.Base.BaseLabel - 控件库Debug模式已开启
2026-01-27 21:07:55.812 [JavaFX Application Thread] INFO  o.b.s.BxWinLab.Base.BaseLabel - 控件库Debug模式已开启
2026-01-27 21:07:55.813 [JavaFX Application Thread] INFO  o.b.s.Utils.FileUtil - 成功加载文件/org/bxwbb/spigotplugincreatertool/icon/icon.png
2026-01-27 21:07:55.949 [JavaFX Application Thread] INFO  o.b.s.BxWinLab.Base.BaseLabel - 控件库Debug模式已开启
2026-01-27 21:07:55.950 [JavaFX Application Thread] INFO  o.b.s.BxWinLab.Base.BaseLabel - 控件库Debug模式已开启
2026-01-27 21:07:55.951 [JavaFX Application Thread] INFO  o.b.s.BxWinLab.Base.BaseLabel - 控件库Debug模式已开启
2026-01-27 21:07:55.951 [JavaFX Application Thread] INFO  o.b.s.BxWinLab.Base.BaseLabel - 控件库Debug模式已开启
2026-01-27 21:07:55.951 [JavaFX Application Thread] INFO  o.b.s.BxWinLab.Base.BaseLabel - 控件库Debug模式已开启
2026-01-27 21:07:55.973 [JavaFX Application Thread] INFO  o.b.s.BxWinLab.Base.BaseLabel - 控件库Debug模式已开启
2026-01-27 21:07:55.985 [JavaFX Application Thread] INFO  o.b.s.BxWinLab.Base.BaseLabel - 控件库Debug模式已开启
2026-01-27 21:07:55.986 [JavaFX Application Thread] INFO  o.b.s.BxWinLab.Base.BaseLabel - 控件库Debug模式已开启
2026-01-27 21:07:55.986 [JavaFX Application Thread] INFO  o.b.s.BxWinLab.Base.BaseLabel - 控件库Debug模式已开启
2026-01-27 21:07:55.986 [JavaFX Application Thread] INFO  o.b.s.BxWinLab.Base.BaseLabel - 控件库Debug模式已开启
2026-01-27 21:07:55.987 [JavaFX Application Thread] INFO  o.b.s.BxWinLab.Base.BaseLabel - 控件库Debug模式已开启
2026-01-27 21:07:55.989 [JavaFX Application Thread] INFO  o.b.s.BxWinLab.Base.BaseLabel - 控件库Debug模式已开启
2026-01-27 21:07:55.989 [JavaFX Application Thread] INFO  o.b.s.Utils.FileUtil - 成功加载文件/org/bxwbb/spigotplugincreatertool/icon/Universal/OpenFolder.png
2026-01-27 21:07:55.991 [JavaFX Application Thread] INFO  o.b.s.BxWinLab.Base.BaseLabel - 控件库Debug模式已开启
2026-01-27 21:07:55.991 [JavaFX Application Thread] INFO  o.b.s.BxWinLab.Base.BaseLabel - 控件库Debug模式已开启
2026-01-27 21:07:55.991 [JavaFX Application Thread] INFO  o.b.s.BxWinLab.Base.BaseLabel - 控件库Debug模式已开启
2026-01-27 21:07:55.993 [JavaFX Application Thread] INFO  o.b.s.BxWinLab.Base.BaseLabel - 控件库Debug模式已开启
2026-01-27 21:07:55.993 [JavaFX Application Thread] INFO  o.b.s.BxWinLab.Base.BaseLabel - 控件库Debug模式已开启
2026-01-27 21:07:55.993 [JavaFX Application Thread] INFO  o.b.s.BxWinLab.Base.BaseLabel - 控件库Debug模式已开启
2026-01-27 21:07:55.993 [JavaFX Application Thread] INFO  o.b.s.BxWinLab.Base.BaseLabel - 控件库Debug模式已开启
2026-01-27 21:07:55.994 [JavaFX Application Thread] INFO  o.b.s.Utils.FileUtil - 成功加载文件/org/bxwbb/spigotplugincreatertool/icon/Universal/NewProject.png
2026-01-27 21:07:55.995 [JavaFX Application Thread] INFO  o.b.s.BxWinLab.Base.BaseLabel - 控件库Debug模式已开启
2026-01-27 21:07:55.995 [JavaFX Application Thread] INFO  o.b.s.BxWinLab.Base.BaseLabel - 控件库Debug模式已开启
2026-01-27 21:07:55.996 [JavaFX Application Thread] INFO  o.b.s.BxWinLab.Base.BaseLabel - 控件库Debug模式已开启
2026-01-27 21:07:55.996 [JavaFX Application Thread] INFO  o.b.s.BxWinLab.Base.BaseLabel - 控件库Debug模式已开启
2026-01-27 21:07:55.996 [JavaFX Application Thread] INFO  o.b.s.BxWinLab.Base.BaseLabel - 控件库Debug模式已开启
2026-01-27 21:07:55.996 [JavaFX Application Thread] INFO  o.b.s.BxWinLab.Base.BaseLabel - 控件库Debug模式已开启
2026-01-27 21:07:55.996 [JavaFX Application Thread] INFO  o.b.s.BxWinLab.Base.BaseLabel - 控件库Debug模式已开启
2026-01-27 21:07:55.997 [JavaFX Application Thread] INFO  o.b.s.Utils.FileUtil - 成功加载文件/org/bxwbb/spigotplugincreatertool/icon/Universal/Setting.png
2026-01-27 21:07:55.998 [JavaFX Application Thread] INFO  o.b.s.BxWinLab.Base.BaseLabel - 控件库Debug模式已开启
2026-01-27 21:07:55.998 [JavaFX Application Thread] INFO  o.b.s.BxWinLab.Base.BaseLabel - 控件库Debug模式已开启
2026-01-27 21:07:55.999 [JavaFX Application Thread] INFO  o.b.s.BxWinLab.Base.BaseLabel - 控件库Debug模式已开启
2026-01-27 21:07:55.999 [JavaFX Application Thread] INFO  o.b.s.BxWinLab.Base.BaseLabel - 控件库Debug模式已开启
2026-01-27 21:07:55.999 [JavaFX Application Thread] INFO  o.b.s.BxWinLab.Base.BaseLabel - 控件库Debug模式已开启
2026-01-27 21:07:55.999 [JavaFX Application Thread] INFO  o.b.s.BxWinLab.Base.BaseLabel - 控件库Debug模式已开启
2026-01-27 21:07:56.000 [JavaFX Application Thread] INFO  o.b.s.BxWinLab.Base.BaseLabel - 控件库Debug模式已开启
2026-01-27 21:07:56.001 [JavaFX Application Thread] INFO  o.b.s.Utils.FileUtil - 成功加载文件/org/bxwbb/spigotplugincreatertool/icon/Universal/Learn.png
2026-01-27 21:07:56.001 [JavaFX Application Thread] INFO  o.b.s.BxWinLab.Base.BaseLabel - 控件库Debug模式已开启
2026-01-27 21:07:56.001 [JavaFX Application Thread] INFO  o.b.s.BxWinLab.Base.BaseLabel - 控件库Debug模式已开启
2026-01-27 21:07:56.002 [JavaFX Application Thread] INFO  o.b.s.BxWinLab.Base.BaseLabel - 控件库Debug模式已开启
2026-01-27 21:07:56.002 [JavaFX Application Thread] INFO  o.b.s.BxWinLab.Base.BaseLabel - 控件库Debug模式已开启
2026-01-27 21:07:56.002 [JavaFX Application Thread] INFO  o.b.s.BxWinLab.Base.BaseLabel - 控件库Debug模式已开启
2026-01-27 21:07:56.002 [JavaFX Application Thread] INFO  o.b.s.BxWinLab.Base.BaseLabel - 控件库Debug模式已开启
2026-01-27 21:07:56.002 [JavaFX Application Thread] INFO  o.b.s.BxWinLab.Base.BaseLabel - 控件库Debug模式已开启
2026-01-27 21:07:56.003 [JavaFX Application Thread] INFO  o.b.s.Utils.FileUtil - 成功加载文件/org/bxwbb/spigotplugincreatertool/icon/Universal/Quit.png
2026-01-27 21:07:56.004 [JavaFX Application Thread] INFO  o.b.s.BxWinLab.Base.BaseLabel - 控件库Debug模式已开启
2026-01-27 21:07:56.004 [JavaFX Application Thread] INFO  o.b.s.BxWinLab.Base.BaseLabel - 控件库Debug模式已开启
2026-01-27 21:07:56.004 [JavaFX Application Thread] INFO  o.b.s.BxWinLab.Base.BaseLabel - 控件库Debug模式已开启
2026-01-27 21:07:56.004 [JavaFX Application Thread] INFO  o.b.s.BxWinLab.Base.BaseLabel - 控件库Debug模式已开启
2026-01-27 21:07:56.004 [JavaFX Application Thread] INFO  o.b.s.BxWinLab.Base.BaseLabel - 控件库Debug模式已开启
2026-01-27 21:07:56.004 [JavaFX Application Thread] INFO  o.b.s.BxWinLab.Base.BaseLabel - 控件库Debug模式已开启
2026-01-27 21:07:56.005 [JavaFX Application Thread] INFO  o.b.s.BxWinLab.Base.BaseLabel - 控件库Debug模式已开启
2026-01-27 21:07:56.005 [JavaFX Application Thread] INFO  o.b.s.BxWinLab.Base.BaseLabel - 控件库Debug模式已开启
2026-01-27 21:07:56.005 [JavaFX Application Thread] INFO  o.b.s.BxWinLab.Base.BaseLabel - 控件库Debug模式已开启
2026-01-27 21:07:56.007 [JavaFX Application Thread] INFO  o.b.s.BxWinLab.Base.BaseLabel - 控件库Debug模式已开启
2026-01-27 21:07:56.007 [JavaFX Application Thread] INFO  o.b.s.BxWinLab.Base.BaseLabel - 控件库Debug模式已开启
2026-01-27 21:07:56.007 [JavaFX Application Thread] INFO  o.b.s.BxWinLab.Base.BaseLabel - 控件库Debug模式已开启
2026-01-27 21:07:56.011 [JavaFX Application Thread] INFO  o.b.s.BxWinLab.Base.BaseLabel - 控件库Debug模式已开启
2026-01-27 21:07:56.011 [JavaFX Application Thread] INFO  o.b.s.BxWinLab.Base.BaseLabel - 控件库Debug模式已开启
2026-01-27 21:07:58.576 [JavaFX Application Thread] INFO  o.b.s.HelloApplication - 执行停止...
2026-01-27 21:08:07.851 [JavaFX-Launcher] INFO  o.b.s.HelloApplication - 执行初始化...
2026-01-27 21:08:07.857 [JavaFX Application Thread] INFO  o.b.s.HelloApplication - 工具开始启动并加载...
2026-01-27 21:08:07.892 [JavaFX Application Thread] INFO  o.b.s.BxWinLab.Base.BaseLabel - 控件库Debug模式已开启
2026-01-27 21:08:07.897 [JavaFX Application Thread] INFO  o.b.s.BxWinLab.Base.BaseLabel - 控件库Debug模式已开启
2026-01-27 21:08:07.900 [JavaFX Application Thread] INFO  o.b.s.BxWinLab.Base.BaseLabel - 控件库Debug模式已开启
2026-01-27 21:08:07.901 [JavaFX Application Thread] INFO  o.b.s.Utils.FileUtil - 成功加载文件/org/bxwbb/spigotplugincreatertool/icon/icon.png
2026-01-27 21:08:08.042 [JavaFX Application Thread] INFO  o.b.s.BxWinLab.Base.BaseLabel - 控件库Debug模式已开启
2026-01-27 21:08:08.043 [JavaFX Application Thread] INFO  o.b.s.BxWinLab.Base.BaseLabel - 控件库Debug模式已开启
2026-01-27 21:08:08.043 [JavaFX Application Thread] INFO  o.b.s.BxWinLab.Base.BaseLabel - 控件库Debug模式已开启
2026-01-27 21:08:08.043 [JavaFX Application Thread] INFO  o.b.s.BxWinLab.Base.BaseLabel - 控件库Debug模式已开启
2026-01-27 21:08:08.043 [JavaFX Application Thread] INFO  o.b.s.BxWinLab.Base.BaseLabel - 控件库Debug模式已开启
2026-01-27 21:08:08.065 [JavaFX Application Thread] INFO  o.b.s.BxWinLab.Base.BaseLabel - 控件库Debug模式已开启
2026-01-27 21:08:08.078 [JavaFX Application Thread] INFO  o.b.s.BxWinLab.Base.BaseLabel - 控件库Debug模式已开启
2026-01-27 21:08:08.079 [JavaFX Application Thread] INFO  o.b.s.BxWinLab.Base.BaseLabel - 控件库Debug模式已开启
2026-01-27 21:08:08.079 [JavaFX Application Thread] INFO  o.b.s.BxWinLab.Base.BaseLabel - 控件库Debug模式已开启
2026-01-27 21:08:08.079 [JavaFX Application Thread] INFO  o.b.s.BxWinLab.Base.BaseLabel - 控件库Debug模式已开启
2026-01-27 21:08:08.080 [JavaFX Application Thread] INFO  o.b.s.BxWinLab.Base.BaseLabel - 控件库Debug模式已开启
2026-01-27 21:08:08.080 [JavaFX Application Thread] INFO  o.b.s.BxWinLab.Base.BaseLabel - 控件库Debug模式已开启
2026-01-27 21:08:08.081 [JavaFX Application Thread] INFO  o.b.s.Utils.FileUtil - 成功加载文件/org/bxwbb/spigotplugincreatertool/icon/Universal/OpenFolder.png
2026-01-27 21:08:08.083 [JavaFX Application Thread] INFO  o.b.s.BxWinLab.Base.BaseLabel - 控件库Debug模式已开启
2026-01-27 21:08:08.083 [JavaFX Application Thread] INFO  o.b.s.BxWinLab.Base.BaseLabel - 控件库Debug模式已开启
2026-01-27 21:08:08.083 [JavaFX Application Thread] INFO  o.b.s.BxWinLab.Base.BaseLabel - 控件库Debug模式已开启
2026-01-27 21:08:08.085 [JavaFX Application Thread] INFO  o.b.s.BxWinLab.Base.BaseLabel - 控件库Debug模式已开启
2026-01-27 21:08:08.085 [JavaFX Application Thread] INFO  o.b.s.BxWinLab.Base.BaseLabel - 控件库Debug模式已开启
2026-01-27 21:08:08.085 [JavaFX Application Thread] INFO  o.b.s.BxWinLab.Base.BaseLabel - 控件库Debug模式已开启
2026-01-27 21:08:08.085 [JavaFX Application Thread] INFO  o.b.s.BxWinLab.Base.BaseLabel - 控件库Debug模式已开启
2026-01-27 21:08:08.087 [JavaFX Application Thread] INFO  o.b.s.Utils.FileUtil - 成功加载文件/org/bxwbb/spigotplugincreatertool/icon/Universal/NewProject.png
2026-01-27 21:08:08.088 [JavaFX Application Thread] INFO  o.b.s.BxWinLab.Base.BaseLabel - 控件库Debug模式已开启
2026-01-27 21:08:08.088 [JavaFX Application Thread] INFO  o.b.s.BxWinLab.Base.BaseLabel - 控件库Debug模式已开启
2026-01-27 21:08:08.088 [JavaFX Application Thread] INFO  o.b.s.BxWinLab.Base.BaseLabel - 控件库Debug模式已开启
2026-01-27 21:08:08.088 [JavaFX Application Thread] INFO  o.b.s.BxWinLab.Base.BaseLabel - 控件库Debug模式已开启
2026-01-27 21:08:08.088 [JavaFX Application Thread] INFO  o.b.s.BxWinLab.Base.BaseLabel - 控件库Debug模式已开启
2026-01-27 21:08:08.089 [JavaFX Application Thread] INFO  o.b.s.BxWinLab.Base.BaseLabel - 控件库Debug模式已开启
2026-01-27 21:08:08.089 [JavaFX Application Thread] INFO  o.b.s.BxWinLab.Base.BaseLabel - 控件库Debug模式已开启
2026-01-27 21:08:08.090 [JavaFX Application Thread] INFO  o.b.s.Utils.FileUtil - 成功加载文件/org/bxwbb/spigotplugincreatertool/icon/Universal/Setting.png
2026-01-27 21:08:08.091 [JavaFX Application Thread] INFO  o.b.s.BxWinLab.Base.BaseLabel - 控件库Debug模式已开启
2026-01-27 21:08:08.091 [JavaFX Application Thread] INFO  o.b.s.BxWinLab.Base.BaseLabel - 控件库Debug模式已开启
2026-01-27 21:08:08.091 [JavaFX Application Thread] INFO  o.b.s.BxWinLab.Base.BaseLabel - 控件库Debug模式已开启
2026-01-27 21:08:08.092 [JavaFX Application Thread] INFO  o.b.s.BxWinLab.Base.BaseLabel - 控件库Debug模式已开启
2026-01-27 21:08:08.092 [JavaFX Application Thread] INFO  o.b.s.BxWinLab.Base.BaseLabel - 控件库Debug模式已开启
2026-01-27 21:08:08.092 [JavaFX Application Thread] INFO  o.b.s.BxWinLab.Base.BaseLabel - 控件库Debug模式已开启
2026-01-27 21:08:08.092 [JavaFX Application Thread] INFO  o.b.s.BxWinLab.Base.BaseLabel - 控件库Debug模式已开启
2026-01-27 21:08:08.093 [JavaFX Application Thread] INFO  o.b.s.Utils.FileUtil - 成功加载文件/org/bxwbb/spigotplugincreatertool/icon/Universal/Learn.png
2026-01-27 21:08:08.094 [JavaFX Application Thread] INFO  o.b.s.BxWinLab.Base.BaseLabel - 控件库Debug模式已开启
2026-01-27 21:08:08.094 [JavaFX Application Thread] INFO  o.b.s.BxWinLab.Base.BaseLabel - 控件库Debug模式已开启
2026-01-27 21:08:08.094 [JavaFX Application Thread] INFO  o.b.s.BxWinLab.Base.BaseLabel - 控件库Debug模式已开启
2026-01-27 21:08:08.095 [JavaFX Application Thread] INFO  o.b.s.BxWinLab.Base.BaseLabel - 控件库Debug模式已开启
2026-01-27 21:08:08.095 [JavaFX Application Thread] INFO  o.b.s.BxWinLab.Base.BaseLabel - 控件库Debug模式已开启
2026-01-27 21:08:08.095 [JavaFX Application Thread] INFO  o.b.s.BxWinLab.Base.BaseLabel - 控件库Debug模式已开启
2026-01-27 21:08:08.095 [JavaFX Application Thread] INFO  o.b.s.BxWinLab.Base.BaseLabel - 控件库Debug模式已开启
2026-01-27 21:08:08.096 [JavaFX Application Thread] INFO  o.b.s.Utils.FileUtil - 成功加载文件/org/bxwbb/spigotplugincreatertool/icon/Universal/Quit.png
2026-01-27 21:08:08.096 [JavaFX Application Thread] INFO  o.b.s.BxWinLab.Base.BaseLabel - 控件库Debug模式已开启
2026-01-27 21:08:08.096 [JavaFX Application Thread] INFO  o.b.s.BxWinLab.Base.BaseLabel - 控件库Debug模式已开启
2026-01-27 21:08:08.097 [JavaFX Application Thread] INFO  o.b.s.BxWinLab.Base.BaseLabel - 控件库Debug模式已开启
2026-01-27 21:08:08.097 [JavaFX Application Thread] INFO  o.b.s.BxWinLab.Base.BaseLabel - 控件库Debug模式已开启
2026-01-27 21:08:08.097 [JavaFX Application Thread] INFO  o.b.s.BxWinLab.Base.BaseLabel - 控件库Debug模式已开启
2026-01-27 21:08:08.097 [JavaFX Application Thread] INFO  o.b.s.BxWinLab.Base.BaseLabel - 控件库Debug模式已开启
2026-01-27 21:08:08.097 [JavaFX Application Thread] INFO  o.b.s.BxWinLab.Base.BaseLabel - 控件库Debug模式已开启
2026-01-27 21:08:08.098 [JavaFX Application Thread] INFO  o.b.s.BxWinLab.Base.BaseLabel - 控件库Debug模式已开启
2026-01-27 21:08:08.098 [JavaFX Application Thread] INFO  o.b.s.BxWinLab.Base.BaseLabel - 控件库Debug模式已开启
2026-01-27 21:08:08.099 [JavaFX Application Thread] INFO  o.b.s.BxWinLab.Base.BaseLabel - 控件库Debug模式已开启
2026-01-27 21:08:08.099 [JavaFX Application Thread] INFO  o.b.s.BxWinLab.Base.BaseLabel - 控件库Debug模式已开启
2026-01-27 21:08:08.099 [JavaFX Application Thread] INFO  o.b.s.BxWinLab.Base.BaseLabel - 控件库Debug模式已开启
2026-01-27 21:08:08.104 [JavaFX Application Thread] INFO  o.b.s.BxWinLab.Base.BaseLabel - 控件库Debug模式已开启
2026-01-27 21:08:08.104 [JavaFX Application Thread] INFO  o.b.s.BxWinLab.Base.BaseLabel - 控件库Debug模式已开启
2026-01-27 21:08:27.196 [JavaFX Application Thread] INFO  o.b.s.HelloApplication - 执行停止...
2026-01-27 21:13:08.316 [JavaFX-Launcher] INFO  o.b.s.HelloApplication - 执行初始化...
2026-01-27 21:13:08.321 [JavaFX Application Thread] INFO  o.b.s.HelloApplication - 工具开始启动并加载...
2026-01-27 21:13:08.354 [JavaFX Application Thread] INFO  o.b.s.BxWinLab.Base.BaseLabel - 控件库Debug模式已开启
2026-01-27 21:13:08.359 [JavaFX Application Thread] INFO  o.b.s.BxWinLab.Base.BaseLabel - 控件库Debug模式已开启
2026-01-27 21:13:08.362 [JavaFX Application Thread] INFO  o.b.s.BxWinLab.Base.BaseLabel - 控件库Debug模式已开启
2026-01-27 21:13:08.363 [JavaFX Application Thread] INFO  o.b.s.Utils.FileUtil - 成功加载文件/org/bxwbb/spigotplugincreatertool/icon/icon.png
2026-01-27 21:13:08.502 [JavaFX Application Thread] INFO  o.b.s.BxWinLab.Base.BaseLabel - 控件库Debug模式已开启
2026-01-27 21:13:08.503 [JavaFX Application Thread] INFO  o.b.s.BxWinLab.Base.BaseLabel - 控件库Debug模式已开启
2026-01-27 21:13:08.503 [JavaFX Application Thread] INFO  o.b.s.BxWinLab.Base.BaseLabel - 控件库Debug模式已开启
2026-01-27 21:13:08.503 [JavaFX Application Thread] INFO  o.b.s.BxWinLab.Base.BaseLabel - 控件库Debug模式已开启
2026-01-27 21:13:08.504 [JavaFX Application Thread] INFO  o.b.s.BxWinLab.Base.BaseLabel - 控件库Debug模式已开启
2026-01-27 21:13:08.525 [JavaFX Application Thread] INFO  o.b.s.BxWinLab.Base.BaseLabel - 控件库Debug模式已开启
2026-01-27 21:13:08.538 [JavaFX Application Thread] INFO  o.b.s.BxWinLab.Base.BaseLabel - 控件库Debug模式已开启
2026-01-27 21:13:08.538 [JavaFX Application Thread] INFO  o.b.s.BxWinLab.Base.BaseLabel - 控件库Debug模式已开启
2026-01-27 21:13:08.538 [JavaFX Application Thread] INFO  o.b.s.BxWinLab.Base.BaseLabel - 控件库Debug模式已开启
2026-01-27 21:13:08.538 [JavaFX Application Thread] INFO  o.b.s.BxWinLab.Base.BaseLabel - 控件库Debug模式已开启
2026-01-27 21:13:08.539 [JavaFX Application Thread] INFO  o.b.s.BxWinLab.Base.BaseLabel - 控件库Debug模式已开启
2026-01-27 21:13:08.540 [JavaFX Application Thread] INFO  o.b.s.BxWinLab.Base.BaseLabel - 控件库Debug模式已开启
2026-01-27 21:13:08.540 [JavaFX Application Thread] INFO  o.b.s.Utils.FileUtil - 成功加载文件/org/bxwbb/spigotplugincreatertool/icon/Universal/OpenFolder.png
2026-01-27 21:13:08.542 [JavaFX Application Thread] INFO  o.b.s.BxWinLab.Base.BaseLabel - 控件库Debug模式已开启
2026-01-27 21:13:08.542 [JavaFX Application Thread] INFO  o.b.s.BxWinLab.Base.BaseLabel - 控件库Debug模式已开启
2026-01-27 21:13:08.542 [JavaFX Application Thread] INFO  o.b.s.BxWinLab.Base.BaseLabel - 控件库Debug模式已开启
2026-01-27 21:13:08.544 [JavaFX Application Thread] INFO  o.b.s.BxWinLab.Base.BaseLabel - 控件库Debug模式已开启
2026-01-27 21:13:08.544 [JavaFX Application Thread] INFO  o.b.s.BxWinLab.Base.BaseLabel - 控件库Debug模式已开启
2026-01-27 21:13:08.544 [JavaFX Application Thread] INFO  o.b.s.BxWinLab.Base.BaseLabel - 控件库Debug模式已开启
2026-01-27 21:13:08.544 [JavaFX Application Thread] INFO  o.b.s.BxWinLab.Base.BaseLabel - 控件库Debug模式已开启
2026-01-27 21:13:08.545 [JavaFX Application Thread] INFO  o.b.s.Utils.FileUtil - 成功加载文件/org/bxwbb/spigotplugincreatertool/icon/Universal/NewProject.png
2026-01-27 21:13:08.546 [JavaFX Application Thread] INFO  o.b.s.BxWinLab.Base.BaseLabel - 控件库Debug模式已开启
2026-01-27 21:13:08.546 [JavaFX Application Thread] INFO  o.b.s.BxWinLab.Base.BaseLabel - 控件库Debug模式已开启
2026-01-27 21:13:08.547 [JavaFX Application Thread] INFO  o.b.s.BxWinLab.Base.BaseLabel - 控件库Debug模式已开启
2026-01-27 21:13:08.547 [JavaFX Application Thread] INFO  o.b.s.BxWinLab.Base.BaseLabel - 控件库Debug模式已开启
2026-01-27 21:13:08.547 [JavaFX Application Thread] INFO  o.b.s.BxWinLab.Base.BaseLabel - 控件库Debug模式已开启
2026-01-27 21:13:08.547 [JavaFX Application Thread] INFO  o.b.s.BxWinLab.Base.BaseLabel - 控件库Debug模式已开启
2026-01-27 21:13:08.547 [JavaFX Application Thread] INFO  o.b.s.BxWinLab.Base.BaseLabel - 控件库Debug模式已开启
2026-01-27 21:13:08.549 [JavaFX Application Thread] INFO  o.b.s.Utils.FileUtil - 成功加载文件/org/bxwbb/spigotplugincreatertool/icon/Universal/Setting.png
2026-01-27 21:13:08.549 [JavaFX Application Thread] INFO  o.b.s.BxWinLab.Base.BaseLabel - 控件库Debug模式已开启
2026-01-27 21:13:08.550 [JavaFX Application Thread] INFO  o.b.s.BxWinLab.Base.BaseLabel - 控件库Debug模式已开启
2026-01-27 21:13:08.550 [JavaFX Application Thread] INFO  o.b.s.BxWinLab.Base.BaseLabel - 控件库Debug模式已开启
2026-01-27 21:13:08.550 [JavaFX Application Thread] INFO  o.b.s.BxWinLab.Base.BaseLabel - 控件库Debug模式已开启
2026-01-27 21:13:08.550 [JavaFX Application Thread] INFO  o.b.s.BxWinLab.Base.BaseLabel - 控件库Debug模式已开启
2026-01-27 21:13:08.550 [JavaFX Application Thread] INFO  o.b.s.BxWinLab.Base.BaseLabel - 控件库Debug模式已开启
2026-01-27 21:13:08.550 [JavaFX Application Thread] INFO  o.b.s.BxWinLab.Base.BaseLabel - 控件库Debug模式已开启
2026-01-27 21:13:08.551 [JavaFX Application Thread] INFO  o.b.s.Utils.FileUtil - 成功加载文件/org/bxwbb/spigotplugincreatertool/icon/Universal/Learn.png
2026-01-27 21:13:08.552 [JavaFX Application Thread] INFO  o.b.s.BxWinLab.Base.BaseLabel - 控件库Debug模式已开启
2026-01-27 21:13:08.552 [JavaFX Application Thread] INFO  o.b.s.BxWinLab.Base.BaseLabel - 控件库Debug模式已开启
2026-01-27 21:13:08.553 [JavaFX Application Thread] INFO  o.b.s.BxWinLab.Base.BaseLabel - 控件库Debug模式已开启
2026-01-27 21:13:08.553 [JavaFX Application Thread] INFO  o.b.s.BxWinLab.Base.BaseLabel - 控件库Debug模式已开启
2026-01-27 21:13:08.553 [JavaFX Application Thread] INFO  o.b.s.BxWinLab.Base.BaseLabel - 控件库Debug模式已开启
2026-01-27 21:13:08.553 [JavaFX Application Thread] INFO  o.b.s.BxWinLab.Base.BaseLabel - 控件库Debug模式已开启
2026-01-27 21:13:08.553 [JavaFX Application Thread] INFO  o.b.s.BxWinLab.Base.BaseLabel - 控件库Debug模式已开启
2026-01-27 21:13:08.554 [JavaFX Application Thread] INFO  o.b.s.Utils.FileUtil - 成功加载文件/org/bxwbb/spigotplugincreatertool/icon/Universal/Quit.png
2026-01-27 21:13:08.555 [JavaFX Application Thread] INFO  o.b.s.BxWinLab.Base.BaseLabel - 控件库Debug模式已开启
2026-01-27 21:13:08.555 [JavaFX Application Thread] INFO  o.b.s.BxWinLab.Base.BaseLabel - 控件库Debug模式已开启
2026-01-27 21:13:08.555 [JavaFX Application Thread] INFO  o.b.s.BxWinLab.Base.BaseLabel - 控件库Debug模式已开启
2026-01-27 21:13:08.555 [JavaFX Application Thread] INFO  o.b.s.BxWinLab.Base.BaseLabel - 控件库Debug模式已开启
2026-01-27 21:13:08.555 [JavaFX Application Thread] INFO  o.b.s.BxWinLab.Base.BaseLabel - 控件库Debug模式已开启
2026-01-27 21:13:08.555 [JavaFX Application Thread] INFO  o.b.s.BxWinLab.Base.BaseLabel - 控件库Debug模式已开启
2026-01-27 21:13:08.556 [JavaFX Application Thread] INFO  o.b.s.BxWinLab.Base.BaseLabel - 控件库Debug模式已开启
2026-01-27 21:13:08.557 [JavaFX Application Thread] INFO  o.b.s.BxWinLab.Base.BaseLabel - 控件库Debug模式已开启
2026-01-27 21:13:08.557 [JavaFX Application Thread] INFO  o.b.s.BxWinLab.Base.BaseLabel - 控件库Debug模式已开启
2026-01-27 21:13:08.560 [JavaFX Application Thread] INFO  o.b.s.BxWinLab.Base.BaseLabel - 控件库Debug模式已开启
2026-01-27 21:13:08.560 [JavaFX Application Thread] INFO  o.b.s.BxWinLab.Base.BaseLabel - 控件库Debug模式已开启
2026-01-27 21:13:08.560 [JavaFX Application Thread] INFO  o.b.s.BxWinLab.Base.BaseLabel - 控件库Debug模式已开启
2026-01-27 21:13:08.565 [JavaFX Application Thread] INFO  o.b.s.BxWinLab.Base.BaseLabel - 控件库Debug模式已开启
2026-01-27 21:13:08.565 [JavaFX Application Thread] INFO  o.b.s.BxWinLab.Base.BaseLabel - 控件库Debug模式已开启
2026-01-27 21:13:13.212 [JavaFX Application Thread] INFO  o.b.s.BxWinLab.Base.BaseLabel - 控件焦点改变至 - org.bxwbb.spigotplugincreatertool.BxWinLab.HideMenu@5515a5fe
2026-01-27 21:13:17.935 [JavaFX Application Thread] INFO  o.b.s.HelloApplication - 执行停止...
2026-01-27 21:13:33.454 [JavaFX-Launcher] INFO  o.b.s.HelloApplication - 执行初始化...
2026-01-27 21:13:33.460 [JavaFX Application Thread] INFO  o.b.s.HelloApplication - 工具开始启动并加载...
2026-01-27 21:13:33.494 [JavaFX Application Thread] INFO  o.b.s.BxWinLab.Base.BaseLabel - 控件库Debug模式已开启
2026-01-27 21:13:33.499 [JavaFX Application Thread] INFO  o.b.s.BxWinLab.Base.BaseLabel - 控件库Debug模式已开启
2026-01-27 21:13:33.503 [JavaFX Application Thread] INFO  o.b.s.BxWinLab.Base.BaseLabel - 控件库Debug模式已开启
2026-01-27 21:13:33.504 [JavaFX Application Thread] INFO  o.b.s.Utils.FileUtil - 成功加载文件/org/bxwbb/spigotplugincreatertool/icon/icon.png
2026-01-27 21:13:33.640 [JavaFX Application Thread] INFO  o.b.s.BxWinLab.Base.BaseLabel - 控件库Debug模式已开启
2026-01-27 21:13:33.641 [JavaFX Application Thread] INFO  o.b.s.BxWinLab.Base.BaseLabel - 控件库Debug模式已开启
2026-01-27 21:13:33.641 [JavaFX Application Thread] INFO  o.b.s.BxWinLab.Base.BaseLabel - 控件库Debug模式已开启
2026-01-27 21:13:33.642 [JavaFX Application Thread] INFO  o.b.s.BxWinLab.Base.BaseLabel - 控件库Debug模式已开启
2026-01-27 21:13:33.642 [JavaFX Application Thread] INFO  o.b.s.BxWinLab.Base.BaseLabel - 控件库Debug模式已开启
2026-01-27 21:13:33.663 [JavaFX Application Thread] INFO  o.b.s.BxWinLab.Base.BaseLabel - 控件库Debug模式已开启
2026-01-27 21:13:33.675 [JavaFX Application Thread] INFO  o.b.s.BxWinLab.Base.BaseLabel - 控件库Debug模式已开启
2026-01-27 21:13:33.675 [JavaFX Application Thread] INFO  o.b.s.BxWinLab.Base.BaseLabel - 控件库Debug模式已开启
2026-01-27 21:13:33.676 [JavaFX Application Thread] INFO  o.b.s.BxWinLab.Base.BaseLabel - 控件库Debug模式已开启
2026-01-27 21:13:33.676 [JavaFX Application Thread] INFO  o.b.s.BxWinLab.Base.BaseLabel - 控件库Debug模式已开启
2026-01-27 21:13:33.677 [JavaFX Application Thread] INFO  o.b.s.BxWinLab.Base.BaseLabel - 控件库Debug模式已开启
2026-01-27 21:13:33.677 [JavaFX Application Thread] INFO  o.b.s.BxWinLab.Base.BaseLabel - 控件库Debug模式已开启
2026-01-27 21:13:33.677 [JavaFX Application Thread] INFO  o.b.s.Utils.FileUtil - 成功加载文件/org/bxwbb/spigotplugincreatertool/icon/Universal/OpenFolder.png
2026-01-27 21:13:33.679 [JavaFX Application Thread] INFO  o.b.s.BxWinLab.Base.BaseLabel - 控件库Debug模式已开启
2026-01-27 21:13:33.680 [JavaFX Application Thread] INFO  o.b.s.BxWinLab.Base.BaseLabel - 控件库Debug模式已开启
2026-01-27 21:13:33.681 [JavaFX Application Thread] INFO  o.b.s.BxWinLab.Base.BaseLabel - 控件库Debug模式已开启
2026-01-27 21:13:33.682 [JavaFX Application Thread] INFO  o.b.s.BxWinLab.Base.BaseLabel - 控件库Debug模式已开启
2026-01-27 21:13:33.682 [JavaFX Application Thread] INFO  o.b.s.BxWinLab.Base.BaseLabel - 控件库Debug模式已开启
2026-01-27 21:13:33.682 [JavaFX Application Thread] INFO  o.b.s.BxWinLab.Base.BaseLabel - 控件库Debug模式已开启
2026-01-27 21:13:33.682 [JavaFX Application Thread] INFO  o.b.s.BxWinLab.Base.BaseLabel - 控件库Debug模式已开启
2026-01-27 21:13:33.684 [JavaFX Application Thread] INFO  o.b.s.Utils.FileUtil - 成功加载文件/org/bxwbb/spigotplugincreatertool/icon/Universal/NewProject.png
2026-01-27 21:13:33.685 [JavaFX Application Thread] INFO  o.b.s.BxWinLab.Base.BaseLabel - 控件库Debug模式已开启
2026-01-27 21:13:33.685 [JavaFX Application Thread] INFO  o.b.s.BxWinLab.Base.BaseLabel - 控件库Debug模式已开启
2026-01-27 21:13:33.685 [JavaFX Application Thread] INFO  o.b.s.BxWinLab.Base.BaseLabel - 控件库Debug模式已开启
2026-01-27 21:13:33.685 [JavaFX Application Thread] INFO  o.b.s.BxWinLab.Base.BaseLabel - 控件库Debug模式已开启
2026-01-27 21:13:33.686 [JavaFX Application Thread] INFO  o.b.s.BxWinLab.Base.BaseLabel - 控件库Debug模式已开启
2026-01-27 21:13:33.686 [JavaFX Application Thread] INFO  o.b.s.BxWinLab.Base.BaseLabel - 控件库Debug模式已开启
2026-01-27 21:13:33.686 [JavaFX Application Thread] INFO  o.b.s.BxWinLab.Base.BaseLabel - 控件库Debug模式已开启
2026-01-27 21:13:33.687 [JavaFX Application Thread] INFO  o.b.s.Utils.FileUtil - 成功加载文件/org/bxwbb/spigotplugincreatertool/icon/Universal/Setting.png
2026-01-27 21:13:33.688 [JavaFX Application Thread] INFO  o.b.s.BxWinLab.Base.BaseLabel - 控件库Debug模式已开启
2026-01-27 21:13:33.688 [JavaFX Application Thread] INFO  o.b.s.BxWinLab.Base.BaseLabel - 控件库Debug模式已开启
2026-01-27 21:13:33.688 [JavaFX Application Thread] INFO  o.b.s.BxWinLab.Base.BaseLabel - 控件库Debug模式已开启
2026-01-27 21:13:33.689 [JavaFX Application Thread] INFO  o.b.s.BxWinLab.Base.BaseLabel - 控件库Debug模式已开启
2026-01-27 21:13:33.689 [JavaFX Application Thread] INFO  o.b.s.BxWinLab.Base.BaseLabel - 控件库Debug模式已开启
2026-01-27 21:13:33.689 [JavaFX Application Thread] INFO  o.b.s.BxWinLab.Base.BaseLabel - 控件库Debug模式已开启
2026-01-27 21:13:33.689 [JavaFX Application Thread] INFO  o.b.s.BxWinLab.Base.BaseLabel - 控件库Debug模式已开启
2026-01-27 21:13:33.690 [JavaFX Application Thread] INFO  o.b.s.Utils.FileUtil - 成功加载文件/org/bxwbb/spigotplugincreatertool/icon/Universal/Learn.png
2026-01-27 21:13:33.691 [JavaFX Application Thread] INFO  o.b.s.BxWinLab.Base.BaseLabel - 控件库Debug模式已开启
2026-01-27 21:13:33.691 [JavaFX Application Thread] INFO  o.b.s.BxWinLab.Base.BaseLabel - 控件库Debug模式已开启
2026-01-27 21:13:33.691 [JavaFX Application Thread] INFO  o.b.s.BxWinLab.Base.BaseLabel - 控件库Debug模式已开启
2026-01-27 21:13:33.692 [JavaFX Application Thread] INFO  o.b.s.BxWinLab.Base.BaseLabel - 控件库Debug模式已开启
2026-01-27 21:13:33.692 [JavaFX Application Thread] INFO  o.b.s.BxWinLab.Base.BaseLabel - 控件库Debug模式已开启
2026-01-27 21:13:33.692 [JavaFX Application Thread] INFO  o.b.s.BxWinLab.Base.BaseLabel - 控件库Debug模式已开启
2026-01-27 21:13:33.692 [JavaFX Application Thread] INFO  o.b.s.BxWinLab.Base.BaseLabel - 控件库Debug模式已开启
2026-01-27 21:13:33.693 [JavaFX Application Thread] INFO  o.b.s.Utils.FileUtil - 成功加载文件/org/bxwbb/spigotplugincreatertool/icon/Universal/Quit.png
2026-01-27 21:13:33.693 [JavaFX Application Thread] INFO  o.b.s.BxWinLab.Base.BaseLabel - 控件库Debug模式已开启
2026-01-27 21:13:33.693 [JavaFX Application Thread] INFO  o.b.s.BxWinLab.Base.BaseLabel - 控件库Debug模式已开启
2026-01-27 21:13:33.694 [JavaFX Application Thread] INFO  o.b.s.BxWinLab.Base.BaseLabel - 控件库Debug模式已开启
2026-01-27 21:13:33.694 [JavaFX Application Thread] INFO  o.b.s.BxWinLab.Base.BaseLabel - 控件库Debug模式已开启
2026-01-27 21:13:33.694 [JavaFX Application Thread] INFO  o.b.s.BxWinLab.Base.BaseLabel - 控件库Debug模式已开启
2026-01-27 21:13:33.694 [JavaFX Application Thread] INFO  o.b.s.BxWinLab.Base.BaseLabel - 控件库Debug模式已开启
2026-01-27 21:13:33.694 [JavaFX Application Thread] INFO  o.b.s.BxWinLab.Base.BaseLabel - 控件库Debug模式已开启
2026-01-27 21:13:33.695 [JavaFX Application Thread] INFO  o.b.s.BxWinLab.Base.BaseLabel - 控件库Debug模式已开启
2026-01-27 21:13:33.695 [JavaFX Application Thread] INFO  o.b.s.BxWinLab.Base.BaseLabel - 控件库Debug模式已开启
2026-01-27 21:13:33.699 [JavaFX Application Thread] INFO  o.b.s.BxWinLab.Base.BaseLabel - 控件库Debug模式已开启
2026-01-27 21:13:33.699 [JavaFX Application Thread] INFO  o.b.s.BxWinLab.Base.BaseLabel - 控件库Debug模式已开启
2026-01-27 21:13:33.699 [JavaFX Application Thread] INFO  o.b.s.BxWinLab.Base.BaseLabel - 控件库Debug模式已开启
2026-01-27 21:13:33.703 [JavaFX Application Thread] INFO  o.b.s.BxWinLab.Base.BaseLabel - 控件库Debug模式已开启
2026-01-27 21:13:33.703 [JavaFX Application Thread] INFO  o.b.s.BxWinLab.Base.BaseLabel - 控件库Debug模式已开启
2026-01-27 21:13:34.563 [JavaFX Application Thread] INFO  o.b.s.BxWinLab.Base.BaseLabel - 控件焦点改变至 - org.bxwbb.spigotplugincreatertool.BxWinLab.HideMenu@b164a09
2026-01-27 21:13:39.103 [JavaFX Application Thread] INFO  o.b.s.HelloApplication - 执行停止...
2026-01-27 21:13:46.988 [JavaFX-Launcher] INFO  o.b.s.HelloApplication - 执行初始化...
2026-01-27 21:13:46.993 [JavaFX Application Thread] INFO  o.b.s.HelloApplication - 工具开始启动并加载...
2026-01-27 21:13:47.035 [JavaFX Application Thread] INFO  o.b.s.Utils.FileUtil - 成功加载文件/org/bxwbb/spigotplugincreatertool/icon/icon.png
2026-01-27 21:13:47.212 [JavaFX Application Thread] INFO  o.b.s.Utils.FileUtil - 成功加载文件/org/bxwbb/spigotplugincreatertool/icon/Universal/OpenFolder.png
2026-01-27 21:13:47.217 [JavaFX Application Thread] INFO  o.b.s.Utils.FileUtil - 成功加载文件/org/bxwbb/spigotplugincreatertool/icon/Universal/NewProject.png
2026-01-27 21:13:47.220 [JavaFX Application Thread] INFO  o.b.s.Utils.FileUtil - 成功加载文件/org/bxwbb/spigotplugincreatertool/icon/Universal/Setting.png
2026-01-27 21:13:47.222 [JavaFX Application Thread] INFO  o.b.s.Utils.FileUtil - 成功加载文件/org/bxwbb/spigotplugincreatertool/icon/Universal/Learn.png
2026-01-27 21:13:47.224 [JavaFX Application Thread] INFO  o.b.s.Utils.FileUtil - 成功加载文件/org/bxwbb/spigotplugincreatertool/icon/Universal/Quit.png
2026-01-27 21:13:48.294 [JavaFX Application Thread] INFO  o.b.s.BxWinLab.Base.BaseLabel - 控件焦点改变至 - org.bxwbb.spigotplugincreatertool.BxWinLab.HideMenu@6cca642a
2026-01-27 21:14:08.045 [JavaFX Application Thread] INFO  o.b.s.HelloApplication - 执行停止...
2026-01-27 21:14:22.858 [JavaFX-Launcher] INFO  o.b.s.HelloApplication - 执行初始化...
2026-01-27 21:14:22.864 [JavaFX Application Thread] INFO  o.b.s.HelloApplication - 工具开始启动并加载...
2026-01-27 21:14:22.906 [JavaFX Application Thread] INFO  o.b.s.Utils.FileUtil - 成功加载文件/org/bxwbb/spigotplugincreatertool/icon/icon.png
2026-01-27 21:14:23.090 [JavaFX Application Thread] INFO  o.b.s.Utils.FileUtil - 成功加载文件/org/bxwbb/spigotplugincreatertool/icon/Universal/OpenFolder.png
2026-01-27 21:14:23.095 [JavaFX Application Thread] INFO  o.b.s.Utils.FileUtil - 成功加载文件/org/bxwbb/spigotplugincreatertool/icon/Universal/NewProject.png
2026-01-27 21:14:23.098 [JavaFX Application Thread] INFO  o.b.s.Utils.FileUtil - 成功加载文件/org/bxwbb/spigotplugincreatertool/icon/Universal/Setting.png
2026-01-27 21:14:23.100 [JavaFX Application Thread] INFO  o.b.s.Utils.FileUtil - 成功加载文件/org/bxwbb/spigotplugincreatertool/icon/Universal/Learn.png
2026-01-27 21:14:23.102 [JavaFX Application Thread] INFO  o.b.s.Utils.FileUtil - 成功加载文件/org/bxwbb/spigotplugincreatertool/icon/Universal/Quit.png
2026-01-27 21:14:24.153 [JavaFX Application Thread] INFO  o.b.s.BxWinLab.Base.BaseLabel - 控件焦点改变至 - org.bxwbb.spigotplugincreatertool.BxWinLab.HideMenu@1bc3f67a
2026-01-27 21:14:26.824 [JavaFX Application Thread] INFO  o.b.s.HelloApplication - 执行停止...
2026-01-27 21:16:11.309 [JavaFX-Launcher] INFO  o.b.s.HelloApplication - 执行初始化...
2026-01-27 21:16:11.315 [JavaFX Application Thread] INFO  o.b.s.HelloApplication - 工具开始启动并加载...
2026-01-27 21:16:11.357 [JavaFX Application Thread] INFO  o.b.s.Utils.FileUtil - 成功加载文件/org/bxwbb/spigotplugincreatertool/icon/icon.png
2026-01-27 21:16:11.533 [JavaFX Application Thread] INFO  o.b.s.Utils.FileUtil - 成功加载文件/org/bxwbb/spigotplugincreatertool/icon/Universal/OpenFolder.png
2026-01-27 21:16:11.539 [JavaFX Application Thread] INFO  o.b.s.Utils.FileUtil - 成功加载文件/org/bxwbb/spigotplugincreatertool/icon/Universal/NewProject.png
2026-01-27 21:16:11.542 [JavaFX Application Thread] INFO  o.b.s.Utils.FileUtil - 成功加载文件/org/bxwbb/spigotplugincreatertool/icon/Universal/Setting.png
2026-01-27 21:16:11.544 [JavaFX Application Thread] INFO  o.b.s.Utils.FileUtil - 成功加载文件/org/bxwbb/spigotplugincreatertool/icon/Universal/Learn.png
2026-01-27 21:16:11.546 [JavaFX Application Thread] INFO  o.b.s.Utils.FileUtil - 成功加载文件/org/bxwbb/spigotplugincreatertool/icon/Universal/Quit.png
2026-01-27 21:16:12.349 [JavaFX Application Thread] INFO  o.b.s.BxWinLab.Base.BaseLabel - 控件焦点改变至 - org.bxwbb.spigotplugincreatertool.BxWinLab.HideMenu@302d6843
2026-01-27 21:16:15.884 [JavaFX Application Thread] INFO  o.b.s.HelloApplication - 执行停止...
2026-01-27 21:16:48.082 [JavaFX-Launcher] INFO  o.b.s.HelloApplication - 执行初始化...
2026-01-27 21:16:48.088 [JavaFX Application Thread] INFO  o.b.s.HelloApplication - 工具开始启动并加载...
2026-01-27 21:16:48.130 [JavaFX Application Thread] INFO  o.b.s.Utils.FileUtil - 成功加载文件/org/bxwbb/spigotplugincreatertool/icon/icon.png
2026-01-27 21:16:48.302 [JavaFX Application Thread] INFO  o.b.s.Utils.FileUtil - 成功加载文件/org/bxwbb/spigotplugincreatertool/icon/Universal/OpenFolder.png
2026-01-27 21:16:48.308 [JavaFX Application Thread] INFO  o.b.s.Utils.FileUtil - 成功加载文件/org/bxwbb/spigotplugincreatertool/icon/Universal/NewProject.png
2026-01-27 21:16:48.311 [JavaFX Application Thread] INFO  o.b.s.Utils.FileUtil - 成功加载文件/org/bxwbb/spigotplugincreatertool/icon/Universal/Setting.png
2026-01-27 21:16:48.313 [JavaFX Application Thread] INFO  o.b.s.Utils.FileUtil - 成功加载文件/org/bxwbb/spigotplugincreatertool/icon/Universal/Learn.png
2026-01-27 21:16:48.315 [JavaFX Application Thread] INFO  o.b.s.Utils.FileUtil - 成功加载文件/org/bxwbb/spigotplugincreatertool/icon/Universal/Quit.png
2026-01-27 21:16:50.569 [JavaFX Application Thread] INFO  o.b.s.BxWinLab.Base.BaseLabel - 控件焦点改变至 - org.bxwbb.spigotplugincreatertool.BxWinLab.HideMenu@392dce58
2026-01-27 21:16:53.687 [JavaFX Application Thread] INFO  o.b.s.HelloApplication - 执行停止...
2026-01-27 21:17:59.533 [JavaFX-Launcher] INFO  o.b.s.HelloApplication - 执行初始化...
2026-01-27 21:17:59.538 [JavaFX Application Thread] INFO  o.b.s.HelloApplication - 工具开始启动并加载...
2026-01-27 21:17:59.583 [JavaFX Application Thread] INFO  o.b.s.Utils.FileUtil - 成功加载文件/org/bxwbb/spigotplugincreatertool/icon/icon.png
2026-01-27 21:17:59.769 [JavaFX Application Thread] INFO  o.b.s.Utils.FileUtil - 成功加载文件/org/bxwbb/spigotplugincreatertool/icon/Universal/OpenFolder.png
2026-01-27 21:17:59.774 [JavaFX Application Thread] INFO  o.b.s.Utils.FileUtil - 成功加载文件/org/bxwbb/spigotplugincreatertool/icon/Universal/NewProject.png
2026-01-27 21:17:59.777 [JavaFX Application Thread] INFO  o.b.s.Utils.FileUtil - 成功加载文件/org/bxwbb/spigotplugincreatertool/icon/Universal/Setting.png
2026-01-27 21:17:59.780 [JavaFX Application Thread] INFO  o.b.s.Utils.FileUtil - 成功加载文件/org/bxwbb/spigotplugincreatertool/icon/Universal/Learn.png
2026-01-27 21:17:59.782 [JavaFX Application Thread] INFO  o.b.s.Utils.FileUtil - 成功加载文件/org/bxwbb/spigotplugincreatertool/icon/Universal/Quit.png
2026-01-27 21:18:00.696 [JavaFX Application Thread] INFO  o.b.s.BxWinLab.Base.BaseLabel - 控件焦点改变至 - org.bxwbb.spigotplugincreatertool.BxWinLab.HideMenu@302d6843
2026-01-27 21:18:05.670 [JavaFX Application Thread] INFO  o.b.s.HelloApplication - 执行停止...
2026-01-27 21:18:21.750 [JavaFX-Launcher] INFO  o.b.s.HelloApplication - 执行初始化...
2026-01-27 21:18:21.755 [JavaFX Application Thread] INFO  o.b.s.HelloApplication - 工具开始启动并加载...
2026-01-27 21:18:21.798 [JavaFX Application Thread] INFO  o.b.s.Utils.FileUtil - 成功加载文件/org/bxwbb/spigotplugincreatertool/icon/icon.png
2026-01-27 21:18:21.980 [JavaFX Application Thread] INFO  o.b.s.Utils.FileUtil - 成功加载文件/org/bxwbb/spigotplugincreatertool/icon/Universal/OpenFolder.png
2026-01-27 21:18:21.985 [JavaFX Application Thread] INFO  o.b.s.Utils.FileUtil - 成功加载文件/org/bxwbb/spigotplugincreatertool/icon/Universal/NewProject.png
2026-01-27 21:18:21.987 [JavaFX Application Thread] INFO  o.b.s.Utils.FileUtil - 成功加载文件/org/bxwbb/spigotplugincreatertool/icon/Universal/Setting.png
2026-01-27 21:18:21.990 [JavaFX Application Thread] INFO  o.b.s.Utils.FileUtil - 成功加载文件/org/bxwbb/spigotplugincreatertool/icon/Universal/Learn.png
2026-01-27 21:18:21.992 [JavaFX Application Thread] INFO  o.b.s.Utils.FileUtil - 成功加载文件/org/bxwbb/spigotplugincreatertool/icon/Universal/Quit.png
2026-01-27 21:18:24.210 [JavaFX Application Thread] INFO  o.b.s.BxWinLab.Base.BaseLabel - 控件焦点改变至 - org.bxwbb.spigotplugincreatertool.BxWinLab.HideMenu@392dce58
2026-01-27 21:18:28.078 [JavaFX Application Thread] INFO  o.b.s.HelloApplication - 执行停止...
2026-01-27 21:18:53.735 [JavaFX-Launcher] INFO  o.b.s.HelloApplication - 执行初始化...
2026-01-27 21:18:53.742 [JavaFX Application Thread] INFO  o.b.s.HelloApplication - 工具开始启动并加载...
2026-01-27 21:18:53.785 [JavaFX Application Thread] INFO  o.b.s.Utils.FileUtil - 成功加载文件/org/bxwbb/spigotplugincreatertool/icon/icon.png
2026-01-27 21:18:53.969 [JavaFX Application Thread] INFO  o.b.s.Utils.FileUtil - 成功加载文件/org/bxwbb/spigotplugincreatertool/icon/Universal/OpenFolder.png
2026-01-27 21:18:53.974 [JavaFX Application Thread] INFO  o.b.s.Utils.FileUtil - 成功加载文件/org/bxwbb/spigotplugincreatertool/icon/Universal/NewProject.png
2026-01-27 21:18:53.978 [JavaFX Application Thread] INFO  o.b.s.Utils.FileUtil - 成功加载文件/org/bxwbb/spigotplugincreatertool/icon/Universal/Setting.png
2026-01-27 21:18:53.980 [JavaFX Application Thread] INFO  o.b.s.Utils.FileUtil - 成功加载文件/org/bxwbb/spigotplugincreatertool/icon/Universal/Learn.png
2026-01-27 21:18:53.982 [JavaFX Application Thread] INFO  o.b.s.Utils.FileUtil - 成功加载文件/org/bxwbb/spigotplugincreatertool/icon/Universal/Quit.png
2026-01-27 21:18:56.022 [JavaFX Application Thread] INFO  o.b.s.BxWinLab.Base.BaseLabel - 控件焦点改变至 - org.bxwbb.spigotplugincreatertool.BxWinLab.HideMenu@5815e9e8
2026-01-27 21:19:00.845 [JavaFX Application Thread] INFO  o.b.s.HelloApplication - 执行停止...
2026-01-27 21:19:14.889 [JavaFX-Launcher] INFO  o.b.s.HelloApplication - 执行初始化...
2026-01-27 21:19:14.895 [JavaFX Application Thread] INFO  o.b.s.HelloApplication - 工具开始启动并加载...
2026-01-27 21:19:14.939 [JavaFX Application Thread] INFO  o.b.s.Utils.FileUtil - 成功加载文件/org/bxwbb/spigotplugincreatertool/icon/icon.png
2026-01-27 21:19:15.123 [JavaFX Application Thread] INFO  o.b.s.Utils.FileUtil - 成功加载文件/org/bxwbb/spigotplugincreatertool/icon/Universal/OpenFolder.png
2026-01-27 21:19:15.128 [JavaFX Application Thread] INFO  o.b.s.Utils.FileUtil - 成功加载文件/org/bxwbb/spigotplugincreatertool/icon/Universal/NewProject.png
2026-01-27 21:19:15.131 [JavaFX Application Thread] INFO  o.b.s.Utils.FileUtil - 成功加载文件/org/bxwbb/spigotplugincreatertool/icon/Universal/Setting.png
2026-01-27 21:19:15.134 [JavaFX Application Thread] INFO  o.b.s.Utils.FileUtil - 成功加载文件/org/bxwbb/spigotplugincreatertool/icon/Universal/Learn.png
2026-01-27 21:19:15.136 [JavaFX Application Thread] INFO  o.b.s.Utils.FileUtil - 成功加载文件/org/bxwbb/spigotplugincreatertool/icon/Universal/Quit.png
2026-01-27 21:19:17.062 [JavaFX Application Thread] INFO  o.b.s.BxWinLab.Base.BaseLabel - 控件焦点改变至 - org.bxwbb.spigotplugincreatertool.BxWinLab.HideMenu@3a50ee96
2026-01-27 21:19:20.273 [JavaFX Application Thread] INFO  o.b.s.HelloApplication - 执行停止...
2026-01-27 21:22:11.947 [JavaFX-Launcher] INFO  o.b.s.HelloApplication - 执行初始化...
2026-01-27 21:22:11.953 [JavaFX Application Thread] INFO  o.b.s.HelloApplication - 工具开始启动并加载...
2026-01-27 21:22:11.996 [JavaFX Application Thread] INFO  o.b.s.Utils.FileUtil - 成功加载文件/org/bxwbb/spigotplugincreatertool/icon/icon.png
2026-01-27 21:22:12.185 [JavaFX Application Thread] INFO  o.b.s.Utils.FileUtil - 成功加载文件/org/bxwbb/spigotplugincreatertool/icon/Universal/OpenFolder.png
2026-01-27 21:22:12.191 [JavaFX Application Thread] INFO  o.b.s.Utils.FileUtil - 成功加载文件/org/bxwbb/spigotplugincreatertool/icon/Universal/NewProject.png
2026-01-27 21:22:12.194 [JavaFX Application Thread] INFO  o.b.s.Utils.FileUtil - 成功加载文件/org/bxwbb/spigotplugincreatertool/icon/Universal/Setting.png
2026-01-27 21:22:12.200 [JavaFX Application Thread] INFO  o.b.s.Utils.FileUtil - 成功加载文件/org/bxwbb/spigotplugincreatertool/icon/Universal/Learn.png
2026-01-27 21:22:12.202 [JavaFX Application Thread] INFO  o.b.s.Utils.FileUtil - 成功加载文件/org/bxwbb/spigotplugincreatertool/icon/Universal/Quit.png
2026-01-27 21:22:12.943 [JavaFX Application Thread] INFO  o.b.s.BxWinLab.Base.BaseLabel - 控件焦点改变至 - org.bxwbb.spigotplugincreatertool.BxWinLab.HideMenu@4d7cdc06
2026-01-27 21:22:20.112 [JavaFX Application Thread] INFO  o.b.s.HelloApplication - 执行停止...
2026-01-27 21:22:26.661 [JavaFX-Launcher] INFO  o.b.s.HelloApplication - 执行初始化...
2026-01-27 21:22:26.667 [JavaFX Application Thread] INFO  o.b.s.HelloApplication - 工具开始启动并加载...
2026-01-27 21:22:26.712 [JavaFX Application Thread] INFO  o.b.s.Utils.FileUtil - 成功加载文件/org/bxwbb/spigotplugincreatertool/icon/icon.png
2026-01-27 21:22:26.902 [JavaFX Application Thread] INFO  o.b.s.Utils.FileUtil - 成功加载文件/org/bxwbb/spigotplugincreatertool/icon/Universal/OpenFolder.png
2026-01-27 21:22:26.908 [JavaFX Application Thread] INFO  o.b.s.Utils.FileUtil - 成功加载文件/org/bxwbb/spigotplugincreatertool/icon/Universal/NewProject.png
2026-01-27 21:22:26.911 [JavaFX Application Thread] INFO  o.b.s.Utils.FileUtil - 成功加载文件/org/bxwbb/spigotplugincreatertool/icon/Universal/Setting.png
2026-01-27 21:22:26.914 [JavaFX Application Thread] INFO  o.b.s.Utils.FileUtil - 成功加载文件/org/bxwbb/spigotplugincreatertool/icon/Universal/Learn.png
2026-01-27 21:22:26.916 [JavaFX Application Thread] INFO  o.b.s.Utils.FileUtil - 成功加载文件/org/bxwbb/spigotplugincreatertool/icon/Universal/Quit.png
2026-01-27 21:22:27.684 [JavaFX Application Thread] INFO  o.b.s.BxWinLab.Base.BaseLabel - 控件焦点改变至 - org.bxwbb.spigotplugincreatertool.BxWinLab.HideMenu@4893728c
2026-01-27 21:22:41.769 [JavaFX Application Thread] INFO  o.b.s.HelloApplication - 执行停止...
2026-01-27 21:22:48.406 [JavaFX-Launcher] INFO  o.b.s.HelloApplication - 执行初始化...
2026-01-27 21:22:48.412 [JavaFX Application Thread] INFO  o.b.s.HelloApplication - 工具开始启动并加载...
2026-01-27 21:22:48.456 [JavaFX Application Thread] INFO  o.b.s.Utils.FileUtil - 成功加载文件/org/bxwbb/spigotplugincreatertool/icon/icon.png
2026-01-27 21:22:48.653 [JavaFX Application Thread] INFO  o.b.s.Utils.FileUtil - 成功加载文件/org/bxwbb/spigotplugincreatertool/icon/Universal/OpenFolder.png
2026-01-27 21:22:48.659 [JavaFX Application Thread] INFO  o.b.s.Utils.FileUtil - 成功加载文件/org/bxwbb/spigotplugincreatertool/icon/Universal/NewProject.png
2026-01-27 21:22:48.662 [JavaFX Application Thread] INFO  o.b.s.Utils.FileUtil - 成功加载文件/org/bxwbb/spigotplugincreatertool/icon/Universal/Setting.png
2026-01-27 21:22:48.665 [JavaFX Application Thread] INFO  o.b.s.Utils.FileUtil - 成功加载文件/org/bxwbb/spigotplugincreatertool/icon/Universal/Learn.png
2026-01-27 21:22:48.667 [JavaFX Application Thread] INFO  o.b.s.Utils.FileUtil - 成功加载文件/org/bxwbb/spigotplugincreatertool/icon/Universal/Quit.png
2026-01-27 21:22:49.351 [JavaFX Application Thread] INFO  o.b.s.BxWinLab.Base.BaseLabel - 控件焦点改变至 - org.bxwbb.spigotplugincreatertool.BxWinLab.HideMenu@4893728c
2026-01-27 21:22:56.325 [JavaFX Application Thread] INFO  o.b.s.HelloApplication - 执行停止...
2026-01-27 21:23:06.358 [JavaFX-Launcher] INFO  o.b.s.HelloApplication - 执行初始化...
2026-01-27 21:23:06.364 [JavaFX Application Thread] INFO  o.b.s.HelloApplication - 工具开始启动并加载...
2026-01-27 21:23:06.406 [JavaFX Application Thread] INFO  o.b.s.Utils.FileUtil - 成功加载文件/org/bxwbb/spigotplugincreatertool/icon/icon.png
2026-01-27 21:23:06.592 [JavaFX Application Thread] INFO  o.b.s.Utils.FileUtil - 成功加载文件/org/bxwbb/spigotplugincreatertool/icon/Universal/OpenFolder.png
2026-01-27 21:23:06.597 [JavaFX Application Thread] INFO  o.b.s.Utils.FileUtil - 成功加载文件/org/bxwbb/spigotplugincreatertool/icon/Universal/NewProject.png
2026-01-27 21:23:06.600 [JavaFX Application Thread] INFO  o.b.s.Utils.FileUtil - 成功加载文件/org/bxwbb/spigotplugincreatertool/icon/Universal/Setting.png
2026-01-27 21:23:06.602 [JavaFX Application Thread] INFO  o.b.s.Utils.FileUtil - 成功加载文件/org/bxwbb/spigotplugincreatertool/icon/Universal/Learn.png
2026-01-27 21:23:06.604 [JavaFX Application Thread] INFO  o.b.s.Utils.FileUtil - 成功加载文件/org/bxwbb/spigotplugincreatertool/icon/Universal/Quit.png
2026-01-27 21:23:07.492 [JavaFX Application Thread] INFO  o.b.s.BxWinLab.Base.BaseLabel - 控件焦点改变至 - org.bxwbb.spigotplugincreatertool.BxWinLab.HideMenu@5a5fd1ec
2026-01-27 21:23:11.489 [JavaFX Application Thread] INFO  o.b.s.HelloApplication - 执行停止...
2026-01-27 21:23:21.980 [JavaFX-Launcher] INFO  o.b.s.HelloApplication - 执行初始化...
2026-01-27 21:23:21.985 [JavaFX Application Thread] INFO  o.b.s.HelloApplication - 工具开始启动并加载...
2026-01-27 21:23:22.027 [JavaFX Application Thread] INFO  o.b.s.Utils.FileUtil - 成功加载文件/org/bxwbb/spigotplugincreatertool/icon/icon.png
2026-01-27 21:23:22.208 [JavaFX Application Thread] INFO  o.b.s.Utils.FileUtil - 成功加载文件/org/bxwbb/spigotplugincreatertool/icon/Universal/OpenFolder.png
2026-01-27 21:23:22.213 [JavaFX Application Thread] INFO  o.b.s.Utils.FileUtil - 成功加载文件/org/bxwbb/spigotplugincreatertool/icon/Universal/NewProject.png
2026-01-27 21:23:22.216 [JavaFX Application Thread] INFO  o.b.s.Utils.FileUtil - 成功加载文件/org/bxwbb/spigotplugincreatertool/icon/Universal/Setting.png
2026-01-27 21:23:22.218 [JavaFX Application Thread] INFO  o.b.s.Utils.FileUtil - 成功加载文件/org/bxwbb/spigotplugincreatertool/icon/Universal/Learn.png
2026-01-27 21:23:22.220 [JavaFX Application Thread] INFO  o.b.s.Utils.FileUtil - 成功加载文件/org/bxwbb/spigotplugincreatertool/icon/Universal/Quit.png
2026-01-27 21:23:23.119 [JavaFX Application Thread] INFO  o.b.s.BxWinLab.Base.BaseLabel - 控件焦点改变至 - org.bxwbb.spigotplugincreatertool.BxWinLab.HideMenu@7db95159
2026-01-27 21:23:26.414 [JavaFX Application Thread] INFO  o.b.s.HelloApplication - 执行停止...
2026-01-27 21:26:47.049 [JavaFX-Launcher] INFO  o.b.s.HelloApplication - 执行初始化...
2026-01-27 21:26:47.055 [JavaFX Application Thread] INFO  o.b.s.HelloApplication - 工具开始启动并加载...
2026-01-27 21:26:47.097 [JavaFX Application Thread] INFO  o.b.s.Utils.FileUtil - 成功加载文件/org/bxwbb/spigotplugincreatertool/icon/icon.png
2026-01-27 21:26:47.271 [JavaFX Application Thread] INFO  o.b.s.Utils.FileUtil - 成功加载文件/org/bxwbb/spigotplugincreatertool/icon/Universal/OpenFolder.png
2026-01-27 21:26:47.277 [JavaFX Application Thread] INFO  o.b.s.Utils.FileUtil - 成功加载文件/org/bxwbb/spigotplugincreatertool/icon/Universal/NewProject.png
2026-01-27 21:26:47.280 [JavaFX Application Thread] INFO  o.b.s.Utils.FileUtil - 成功加载文件/org/bxwbb/spigotplugincreatertool/icon/Universal/Setting.png
2026-01-27 21:26:47.287 [JavaFX Application Thread] INFO  o.b.s.Utils.FileUtil - 成功加载文件/org/bxwbb/spigotplugincreatertool/icon/Universal/Learn.png
2026-01-27 21:26:47.289 [JavaFX Application Thread] INFO  o.b.s.Utils.FileUtil - 成功加载文件/org/bxwbb/spigotplugincreatertool/icon/Universal/Quit.png
2026-01-27 21:26:48.434 [JavaFX Application Thread] INFO  o.b.s.BxWinLab.Base.BaseLabel - 控件焦点改变至 - org.bxwbb.spigotplugincreatertool.BxWinLab.HideMenu@377f56fd
2026-01-27 21:26:51.940 [JavaFX Application Thread] INFO  o.b.s.HelloApplication - 执行停止...
2026-01-27 21:27:11.064 [JavaFX-Launcher] INFO  o.b.s.HelloApplication - 执行初始化...
2026-01-27 21:27:11.070 [JavaFX Application Thread] INFO  o.b.s.HelloApplication - 工具开始启动并加载...
2026-01-27 21:27:11.112 [JavaFX Application Thread] INFO  o.b.s.Utils.FileUtil - 成功加载文件/org/bxwbb/spigotplugincreatertool/icon/icon.png
2026-01-27 21:27:11.293 [JavaFX Application Thread] INFO  o.b.s.Utils.FileUtil - 成功加载文件/org/bxwbb/spigotplugincreatertool/icon/Universal/OpenFolder.png
2026-01-27 21:27:11.299 [JavaFX Application Thread] INFO  o.b.s.Utils.FileUtil - 成功加载文件/org/bxwbb/spigotplugincreatertool/icon/Universal/NewProject.png
2026-01-27 21:27:11.302 [JavaFX Application Thread] INFO  o.b.s.Utils.FileUtil - 成功加载文件/org/bxwbb/spigotplugincreatertool/icon/Universal/Setting.png
2026-01-27 21:27:11.304 [JavaFX Application Thread] INFO  o.b.s.Utils.FileUtil - 成功加载文件/org/bxwbb/spigotplugincreatertool/icon/Universal/Learn.png
2026-01-27 21:27:11.306 [JavaFX Application Thread] INFO  o.b.s.Utils.FileUtil - 成功加载文件/org/bxwbb/spigotplugincreatertool/icon/Universal/Quit.png
2026-01-27 21:27:12.561 [JavaFX Application Thread] INFO  o.b.s.BxWinLab.Base.BaseLabel - 控件焦点改变至 - org.bxwbb.spigotplugincreatertool.BxWinLab.HideMenu@3b872ddc
2026-01-27 21:27:17.183 [JavaFX Application Thread] INFO  o.b.s.HelloApplication - 执行停止...
2026-01-27 21:27:23.221 [JavaFX-Launcher] INFO  o.b.s.HelloApplication - 执行初始化...
2026-01-27 21:27:23.226 [JavaFX Application Thread] INFO  o.b.s.HelloApplication - 工具开始启动并加载...
2026-01-27 21:27:23.267 [JavaFX Application Thread] INFO  o.b.s.Utils.FileUtil - 成功加载文件/org/bxwbb/spigotplugincreatertool/icon/icon.png
2026-01-27 21:27:23.443 [JavaFX Application Thread] INFO  o.b.s.Utils.FileUtil - 成功加载文件/org/bxwbb/spigotplugincreatertool/icon/Universal/OpenFolder.png
2026-01-27 21:27:23.448 [JavaFX Application Thread] INFO  o.b.s.Utils.FileUtil - 成功加载文件/org/bxwbb/spigotplugincreatertool/icon/Universal/NewProject.png
2026-01-27 21:27:23.452 [JavaFX Application Thread] INFO  o.b.s.Utils.FileUtil - 成功加载文件/org/bxwbb/spigotplugincreatertool/icon/Universal/Setting.png
2026-01-27 21:27:23.454 [JavaFX Application Thread] INFO  o.b.s.Utils.FileUtil - 成功加载文件/org/bxwbb/spigotplugincreatertool/icon/Universal/Learn.png
2026-01-27 21:27:23.456 [JavaFX Application Thread] INFO  o.b.s.Utils.FileUtil - 成功加载文件/org/bxwbb/spigotplugincreatertool/icon/Universal/Quit.png
2026-01-27 21:27:24.140 [JavaFX Application Thread] INFO  o.b.s.BxWinLab.Base.BaseLabel - 控件焦点改变至 - org.bxwbb.spigotplugincreatertool.BxWinLab.HideMenu@3b872ddc
2026-01-27 21:27:33.131 [JavaFX Application Thread] INFO  o.b.s.HelloApplication - 执行停止...
2026-01-27 21:27:54.403 [JavaFX-Launcher] INFO  o.b.s.HelloApplication - 执行初始化...
2026-01-27 21:27:54.409 [JavaFX Application Thread] INFO  o.b.s.HelloApplication - 工具开始启动并加载...
2026-01-27 21:27:54.452 [JavaFX Application Thread] INFO  o.b.s.Utils.FileUtil - 成功加载文件/org/bxwbb/spigotplugincreatertool/icon/icon.png
2026-01-27 21:27:54.633 [JavaFX Application Thread] INFO  o.b.s.Utils.FileUtil - 成功加载文件/org/bxwbb/spigotplugincreatertool/icon/Universal/OpenFolder.png
2026-01-27 21:27:54.638 [JavaFX Application Thread] INFO  o.b.s.Utils.FileUtil - 成功加载文件/org/bxwbb/spigotplugincreatertool/icon/Universal/NewProject.png
2026-01-27 21:27:54.641 [JavaFX Application Thread] INFO  o.b.s.Utils.FileUtil - 成功加载文件/org/bxwbb/spigotplugincreatertool/icon/Universal/Setting.png
2026-01-27 21:27:54.643 [JavaFX Application Thread] INFO  o.b.s.Utils.FileUtil - 成功加载文件/org/bxwbb/spigotplugincreatertool/icon/Universal/Learn.png
2026-01-27 21:27:54.645 [JavaFX Application Thread] INFO  o.b.s.Utils.FileUtil - 成功加载文件/org/bxwbb/spigotplugincreatertool/icon/Universal/Quit.png
2026-01-27 21:27:57.590 [JavaFX Application Thread] INFO  o.b.s.BxWinLab.Base.BaseLabel - 控件焦点改变至 - org.bxwbb.spigotplugincreatertool.BxWinLab.HideMenu@3b872ddc
2026-01-27 21:28:00.898 [JavaFX Application Thread] INFO  o.b.s.HelloApplication - 执行停止...
2026-01-27 21:28:20.975 [JavaFX-Launcher] INFO  o.b.s.HelloApplication - 执行初始化...
2026-01-27 21:28:20.981 [JavaFX Application Thread] INFO  o.b.s.HelloApplication - 工具开始启动并加载...
2026-01-27 21:28:21.024 [JavaFX Application Thread] INFO  o.b.s.Utils.FileUtil - 成功加载文件/org/bxwbb/spigotplugincreatertool/icon/icon.png
2026-01-27 21:28:21.197 [JavaFX Application Thread] INFO  o.b.s.Utils.FileUtil - 成功加载文件/org/bxwbb/spigotplugincreatertool/icon/Universal/OpenFolder.png
2026-01-27 21:28:21.203 [JavaFX Application Thread] INFO  o.b.s.Utils.FileUtil - 成功加载文件/org/bxwbb/spigotplugincreatertool/icon/Universal/NewProject.png
2026-01-27 21:28:21.205 [JavaFX Application Thread] INFO  o.b.s.Utils.FileUtil - 成功加载文件/org/bxwbb/spigotplugincreatertool/icon/Universal/Setting.png
2026-01-27 21:28:21.208 [JavaFX Application Thread] INFO  o.b.s.Utils.FileUtil - 成功加载文件/org/bxwbb/spigotplugincreatertool/icon/Universal/Learn.png
2026-01-27 21:28:21.210 [JavaFX Application Thread] INFO  o.b.s.Utils.FileUtil - 成功加载文件/org/bxwbb/spigotplugincreatertool/icon/Universal/Quit.png
2026-01-27 21:28:21.812 [JavaFX Application Thread] INFO  o.b.s.BxWinLab.Base.BaseLabel - 控件焦点改变至 - org.bxwbb.spigotplugincreatertool.BxWinLab.HideMenu@264cce98
2026-01-27 21:28:30.868 [JavaFX Application Thread] INFO  o.b.s.HelloApplication - 执行停止...
2026-01-27 21:29:23.509 [JavaFX-Launcher] INFO  o.b.s.HelloApplication - 执行初始化...
2026-01-27 21:29:23.515 [JavaFX Application Thread] INFO  o.b.s.HelloApplication - 工具开始启动并加载...
2026-01-27 21:29:23.557 [JavaFX Application Thread] INFO  o.b.s.Utils.FileUtil - 成功加载文件/org/bxwbb/spigotplugincreatertool/icon/icon.png
2026-01-27 21:29:23.736 [JavaFX Application Thread] INFO  o.b.s.Utils.FileUtil - 成功加载文件/org/bxwbb/spigotplugincreatertool/icon/Universal/OpenFolder.png
2026-01-27 21:29:23.741 [JavaFX Application Thread] INFO  o.b.s.Utils.FileUtil - 成功加载文件/org/bxwbb/spigotplugincreatertool/icon/Universal/NewProject.png
2026-01-27 21:29:23.744 [JavaFX Application Thread] INFO  o.b.s.Utils.FileUtil - 成功加载文件/org/bxwbb/spigotplugincreatertool/icon/Universal/Setting.png
2026-01-27 21:29:23.746 [JavaFX Application Thread] INFO  o.b.s.Utils.FileUtil - 成功加载文件/org/bxwbb/spigotplugincreatertool/icon/Universal/Learn.png
2026-01-27 21:29:23.748 [JavaFX Application Thread] INFO  o.b.s.Utils.FileUtil - 成功加载文件/org/bxwbb/spigotplugincreatertool/icon/Universal/Quit.png
2026-01-27 21:29:40.837 [JavaFX Application Thread] INFO  o.b.s.BxWinLab.Base.BaseLabel - 控件焦点改变至 - org.bxwbb.spigotplugincreatertool.BxWinLab.HideMenu@264cce98
2026-01-27 21:29:44.710 [JavaFX Application Thread] INFO  o.b.s.HelloApplication - 执行停止...
2026-01-27 21:30:19.021 [JavaFX-Launcher] INFO  o.b.s.HelloApplication - 执行初始化...
2026-01-27 21:30:19.027 [JavaFX Application Thread] INFO  o.b.s.HelloApplication - 工具开始启动并加载...
2026-01-27 21:30:19.069 [JavaFX Application Thread] INFO  o.b.s.Utils.FileUtil - 成功加载文件/org/bxwbb/spigotplugincreatertool/icon/icon.png
2026-01-27 21:30:19.246 [JavaFX Application Thread] INFO  o.b.s.Utils.FileUtil - 成功加载文件/org/bxwbb/spigotplugincreatertool/icon/Universal/OpenFolder.png
2026-01-27 21:30:19.255 [JavaFX Application Thread] INFO  o.b.s.Utils.FileUtil - 成功加载文件/org/bxwbb/spigotplugincreatertool/icon/Universal/NewProject.png
2026-01-27 21:30:19.258 [JavaFX Application Thread] INFO  o.b.s.Utils.FileUtil - 成功加载文件/org/bxwbb/spigotplugincreatertool/icon/Universal/Setting.png
2026-01-27 21:30:19.260 [JavaFX Application Thread] INFO  o.b.s.Utils.FileUtil - 成功加载文件/org/bxwbb/spigotplugincreatertool/icon/Universal/Learn.png
2026-01-27 21:30:19.262 [JavaFX Application Thread] INFO  o.b.s.Utils.FileUtil - 成功加载文件/org/bxwbb/spigotplugincreatertool/icon/Universal/Quit.png
2026-01-27 21:30:20.314 [JavaFX Application Thread] INFO  o.b.s.BxWinLab.Base.BaseLabel - 控件焦点改变至 - org.bxwbb.spigotplugincreatertool.BxWinLab.HideMenu@2fecbc17
2026-01-27 21:30:25.721 [JavaFX Application Thread] INFO  o.b.s.HelloApplication - 执行停止...
